timestamp,collection_timestamp,raw_timestamp,session_id,attack_id,waveform_kind,waveform_frequency_hz,waveform_amplitude_frac,waveform_duty_cycle,gpu_id,sample_hz,power_w,util_gpu_pct,mem_copy_util_pct,sm_clock_mhz,temp_c,fb_used_mb,requested_interval_ms,actual_interval_ms,value_changed,pid,process_name,id_user,job_type,gres_req,label
0.0,2026-01-01 00:00:00+00:00,,syn-attack-crypto-202,cryptojacking-steady-primary,steady,,0.58,0.5,0,10.0,285.4375906557331,96.7694199030209,60.47006236192275,2520.0,54.2959480125233,4745.921726973106,100.0,100.0,True,,synthetic_cryptojacking,sim_user,unregistered_hash_benchmark,gpu:1,cryptojacking
0.1,2026-01-01 00:00:00.100000+00:00,,syn-attack-crypto-202,cryptojacking-steady-primary,steady,,0.58,0.5,0,10.0,284.771840976383,96.05087723512945,49.91176824208136,2520.0,53.96107385511833,3803.8437353745467,100.0,100.0,True,,synthetic_cryptojacking,sim_user,unregistered_hash_benchmark,gpu:1,cryptojacking
0.2,2026-01-01 00:00:00.200000+00:00,,syn-attack-crypto-202,cryptojacking-steady-primary,steady,,0.58,0.5,0,10.0,285.243813186641,97.75798914409715,49.42438808438607,2520.0,54.87000303903566,3810.4196853691883,100.0,100.0,True,,synthetic_cryptojacking,sim_user,unregistered_hash_benchmark,gpu:1,cryptojacking
0.3,2026-01-01 00:00:00.300000+00:00,,syn-attack-crypto-202,cryptojacking-steady-primary,steady,,0.58,0.5,0,10.0,285.34840601248186,96.97773226500453,51.7301085297049,2520.0,54.70338347933705,3947.7225959510693,100.0,100.0,True,,synthetic_cryptojacking,sim_user,unregistered_hash_benchmark,gpu:1,cryptojacking
0.4,2026-01-01 00:00:00.400000+00:00,,syn-attack-crypto-202,cryptojacking-steady-primary,steady,,0.58,0.5,0,10.0,285.77466005469824,95.00256433070179,47.64104070087453,2520.0,54.05916376240962,3772.610952253632,100.0,100.0,True,,synthetic_cryptojacking,sim_user,unregistered_hash_benchmark,gpu:1,cryptojacking
0.5,2026-01-01 00:00:00.500000+00:00,,syn-attack-crypto-202,cryptojacking-steady-primary,steady,,0.58,0.5,0,10.0,286.9676907167379,96.07811263464882,58.87586034087413,2520.0,54.509428476845535,4750.288087656285,100.0,100.0,True,,synthetic_cryptojacking,sim_user,unregistered_hash_benchmark,gpu:1,cryptojacking
0.6,2026-01-01 00:00:00.600000+00:00,,syn-attack-crypto-202,cryptojacking-steady-primary,steady,,0.58,0.5,0,10.0,286.0397189085034,97.84005699893979,57.331632849990186,2520.0,55.16881846248049,4441.4226039591995,100.0,100.0,True,,synthetic_cryptojacking,sim_user,unregistered_hash_benchmark,gpu:1,cryptojacking
0.7,2026-01-01 00:00:00.700000+00:00,,syn-attack-crypto-202,cryptojacking-steady-primary,steady,,0.58,0.5,0,10.0,285.72825549560633,96.16738471551201,55.44259403688792,2520.0,54.788254985647775,4334.261947138122,100.0,100.0,True,,synthetic_cryptojacking,sim_user,unregistered_hash_benchmark,gpu:1,cryptojacking
0.8,2026-01-01 00:00:00.800000+00:00,,syn-attack-crypto-202,cryptojacking-steady-primary,steady,,0.58,0.5,0,10.0,285.5948965104078,96.33843947674545,58.625626499879736,2520.0,54.82736535946958,4604.864947354075,100.0,100.0,True,,synthetic_cryptojacking,sim_user,unregistered_hash_benchmark,gpu:1,cryptojacking
0.9,2026-01-01 00:00:00.900000+00:00,,syn-attack-crypto-202,cryptojacking-steady-primary,steady,,0.58,0.5,0,10.0,285.17487263456303,97.83781336731617,51.40544877802068,2520.0,55.25347071294569,3978.12729280923,100.0,100.0,True,,synthetic_cryptojacking,sim_user,unregistered_hash_benchmark,gpu:1,cryptojacking
1.0,2026-01-01 00:00:01+00:00,,syn-attack-crypto-202,cryptojacking-steady-primary,steady,,0.58,0.5,0,10.0,285.9131643478234,94.47760537376065,46.706164840511306,2520.0,54.40261996156281,3608.1307126005668,100.0,100.0,True,,synthetic_cryptojacking,sim_user,unregistered_hash_benchmark,gpu:1,cryptojacking
1.1,2026-01-01 00:00:01.100000+00:00,,syn-attack-crypto-202,cryptojacking-steady-primary,steady,,0.58,0.5,0,10.0,286.77798745087057,94.78154880599115,53.518136080275426,2520.0,54.43798745857948,4146.129864917544,100.0,100.0,True,,synthetic_cryptojacking,sim_user,unregistered_hash_benchmark,gpu:1,cryptojacking
1.2,2026-01-01 00:00:01.200000+00:00,,syn-attack-crypto-202,cryptojacking-steady-primary,steady,,0.58,0.5,0,10.0,287.25643682852484,96.63023172486538,54.38376866170624,2520.0,54.80906322992059,4215.1162135532,100.0,100.0,True,,synthetic_cryptojacking,sim_user,unregistered_hash_benchmark,gpu:1,cryptojacking
1.3,2026-01-01 00:00:01.300000+00:00,,syn-attack-crypto-202,cryptojacking-steady-primary,steady,,0.58,0.5,0,10.0,286.7475522858434,96.0488036799368,49.404752946497524,2520.0,54.35924456283679,3967.4327825265304,100.0,100.0,True,,synthetic_cryptojacking,sim_user,unregistered_hash_benchmark,gpu:1,cryptojacking
1.4,2026-01-01 00:00:01.400000+00:00,,syn-attack-crypto-202,cryptojacking-steady-primary,steady,,0.58,0.5,0,10.0,286.9218277698236,97.64810142299808,55.84984713810577,2520.0,54.59746977914245,4481.262838081302,100.0,100.0,True,,synthetic_cryptojacking,sim_user,unregistered_hash_benchmark,gpu:1,cryptojacking
1.5,2026-01-01 00:00:01.500000+00:00,,syn-attack-crypto-202,cryptojacking-steady-primary,steady,,0.58,0.5,0,10.0,287.050858988813,94.79538175005851,58.025760107469374,2520.0,53.95691116023919,4549.321478840279,100.0,100.0,True,,synthetic_cryptojacking,sim_user,unregistered_hash_benchmark,gpu:1,cryptojacking
1.6,2026-01-01 00:00:01.600000+00:00,,syn-attack-crypto-202,cryptojacking-steady-primary,steady,,0.58,0.5,0,10.0,286.1806292128597,94.74385865174736,49.97586873781483,2520.0,53.9954940051741,4017.352816399843,100.0,100.0,True,,synthetic_cryptojacking,sim_user,unregistered_hash_benchmark,gpu:1,cryptojacking
1.7,2026-01-01 00:00:01.700000+00:00,,syn-attack-crypto-202,cryptojacking-steady-primary,steady,,0.58,0.5,0,10.0,286.1685619032874,94.10240671082722,52.53504715803432,2520.0,53.973020265668005,4210.610119130449,100.0,100.0,True,,synthetic_cryptojacking,sim_user,unregistered_hash_benchmark,gpu:1,cryptojacking
1.8,2026-01-01 00:00:01.800000+00:00,,syn-attack-crypto-202,cryptojacking-steady-primary,steady,,0.58,0.5,0,10.0,286.05939294042173,96.72393711359034,54.575138786083905,2520.0,54.688566645388136,4248.855746455896,100.0,100.0,True,,synthetic_cryptojacking,sim_user,unregistered_hash_benchmark,gpu:1,cryptojacking
1.9,2026-01-01 00:00:01.900000+00:00,,syn-attack-crypto-202,cryptojacking-steady-primary,steady,,0.58,0.5,0,10.0,286.06303227253704,99.3407056839599,56.580662806413635,2520.0,55.281715778937716,4510.565874045061,100.0,100.0,True,,synthetic_cryptojacking,sim_user,unregistered_hash_benchmark,gpu:1,cryptojacking
2.0,2026-01-01 00:00:02+00:00,,syn-attack-crypto-202,cryptojacking-steady-primary,steady,,0.58,0.5,0,10.0,285.61598874826996,96.88961950865622,57.38090923244917,2520.0,54.27881584562426,4323.8050431745605,100.0,100.0,True,,synthetic_cryptojacking,sim_user,unregistered_hash_benchmark,gpu:1,cryptojacking
2.1,2026-01-01 00:00:02.100000+00:00,,syn-attack-crypto-202,cryptojacking-steady-primary,steady,,0.58,0.5,0,10.0,285.42064841248106,98.5074931756189,56.533046438348116,2520.0,54.75585201933962,4561.527210498058,100.0,100.0,True,,synthetic_cryptojacking,sim_user,unregistered_hash_benchmark,gpu:1,cryptojacking
2.2,2026-01-01 00:00:02.200000+00:00,,syn-attack-crypto-202,cryptojacking-steady-primary,steady,,0.58,0.5,0,10.0,285.7838725104781,95.74994922751792,58.26111083547302,2520.0,54.50064361183426,4443.014318820101,100.0,100.0,True,,synthetic_cryptojacking,sim_user,unregistered_hash_benchmark,gpu:1,cryptojacking
2.3,2026-01-01 00:00:02.300000+00:00,,syn-attack-crypto-202,cryptojacking-steady-primary,steady,,0.58,0.5,0,10.0,284.3365294860192,94.87792309142091,48.941814937715044,2520.0,54.32670593135792,3721.739763248051,100.0,100.0,True,,synthetic_cryptojacking,sim_user,unregistered_hash_benchmark,gpu:1,cryptojacking
2.4,2026-01-01 00:00:02.400000+00:00,,syn-attack-crypto-202,cryptojacking-steady-primary,steady,,0.58,0.5,0,10.0,283.6653988586999,98.496918168982,52.28484017449805,2520.0,55.3091444131054,4163.396599100578,100.0,100.0,True,,synthetic_cryptojacking,sim_user,unregistered_hash_benchmark,gpu:1,cryptojacking
2.5,2026-01-01 00:00:02.500000+00:00,,syn-attack-crypto-202,cryptojacking-steady-primary,steady,,0.58,0.5,0,10.0,284.2222483151647,96.21801263485898,56.19877303173581,2520.0,54.88120819492532,4479.767933365577,100.0,100.0,True,,synthetic_cryptojacking,sim_user,unregistered_hash_benchmark,gpu:1,cryptojacking
2.6,2026-01-01 00:00:02.600000+00:00,,syn-attack-crypto-202,cryptojacking-steady-primary,steady,,0.58,0.5,0,10.0,283.48768285425865,96.23448300371132,51.15924376858936,2520.0,54.816417407720905,4009.3264745973584,100.0,100.0,True,,synthetic_cryptojacking,sim_user,unregistered_hash_benchmark,gpu:1,cryptojacking
2.7,2026-01-01 00:00:02.700000+00:00,,syn-attack-crypto-202,cryptojacking-steady-primary,steady,,0.58,0.5,0,10.0,284.35075975584095,96.85935124383326,51.03319733922631,2520.0,55.0503329670746,4080.1904893397455,100.0,100.0,True,,synthetic_cryptojacking,sim_user,unregistered_hash_benchmark,gpu:1,cryptojacking
2.8,2026-01-01 00:00:02.800000+00:00,,syn-attack-crypto-202,cryptojacking-steady-primary,steady,,0.58,0.5,0,10.0,285.9095238838204,97.03573873824429,53.187692899895644,2520.0,55.280283465622325,4083.815824184509,100.0,100.0,True,,synthetic_cryptojacking,sim_user,unregistered_hash_benchmark,gpu:1,cryptojacking
2.9,2026-01-01 00:00:02.900000+00:00,,syn-attack-crypto-202,cryptojacking-steady-primary,steady,,0.58,0.5,0,10.0,285.8657671558022,96.04730124928624,54.23501518333145,2520.0,55.08127239832476,4348.569519944489,100.0,100.0,True,,synthetic_cryptojacking,sim_user,unregistered_hash_benchmark,gpu:1,cryptojacking
3.0,2026-01-01 00:00:03+00:00,,syn-attack-crypto-202,cryptojacking-steady-primary,steady,,0.58,0.5,0,10.0,285.5312865307455,96.74790989559544,51.22064210926264,2520.0,55.46130962765748,4026.25259865693,100.0,100.0,True,,synthetic_cryptojacking,sim_user,unregistered_hash_benchmark,gpu:1,cryptojacking
3.1,2026-01-01 00:00:03.100000+00:00,,syn-attack-crypto-202,cryptojacking-steady-primary,steady,,0.58,0.5,0,10.0,285.75434171796945,95.68194190580178,54.99769159593688,2520.0,55.09142713614486,4345.459329684318,100.0,100.0,True,,synthetic_cryptojacking,sim_user,unregistered_hash_benchmark,gpu:1,cryptojacking
3.2,2026-01-01 00:00:03.200000+00:00,,syn-attack-crypto-202,cryptojacking-steady-primary,steady,,0.58,0.5,0,10.0,285.61270874927357,94.56090799538836,57.55879665159537,2520.0,54.66047271801047,4500.004500183841,100.0,100.0,True,,synthetic_cryptojacking,sim_user,unregistered_hash_benchmark,gpu:1,cryptojacking
3.3,2026-01-01 00:00:03.300000+00:00,,syn-attack-crypto-202,cryptojacking-steady-primary,steady,,0.58,0.5,0,10.0,284.96136682298686,96.59693327974796,45.99033344896091,2520.0,55.2854674895556,3948.4929670848487,100.0,100.0,True,,synthetic_cryptojacking,sim_user,unregistered_hash_benchmark,gpu:1,cryptojacking
3.4,2026-01-01 00:00:03.400000+00:00,,syn-attack-crypto-202,cryptojacking-steady-primary,steady,,0.58,0.5,0,10.0,285.36168553833846,95.17300170694858,43.19815865584588,2520.0,54.84862509346283,3535.838180580446,100.0,100.0,True,,synthetic_cryptojacking,sim_user,unregistered_hash_benchmark,gpu:1,cryptojacking
3.5,2026-01-01 00:00:03.500000+00:00,,syn-attack-crypto-202,cryptojacking-steady-primary,steady,,0.58,0.5,0,10.0,286.58942086278677,96.62987091446959,56.15823940140637,2520.0,55.49198222717098,4308.723015452798,100.0,100.0,True,,synthetic_cryptojacking,sim_user,unregistered_hash_benchmark,gpu:1,cryptojacking
3.6,2026-01-01 00:00:03.600000+00:00,,syn-attack-crypto-202,cryptojacking-steady-primary,steady,,0.58,0.5,0,10.0,285.3293859737454,94.41395857240423,48.74236724141251,2520.0,54.83323029153984,3765.9868210940913,100.0,100.0,True,,synthetic_cryptojacking,sim_user,unregistered_hash_benchmark,gpu:1,cryptojacking
3.7,2026-01-01 00:00:03.700000+00:00,,syn-attack-crypto-202,cryptojacking-steady-primary,steady,,0.58,0.5,0,10.0,285.87014359077006,94.93426699097307,58.03920169550744,2520.0,54.95384621730783,4731.745318279095,100.0,100.0,True,,synthetic_cryptojacking,sim_user,unregistered_hash_benchmark,gpu:1,cryptojacking
3.8,2026-01-01 00:00:03.800000+00:00,,syn-attack-crypto-202,cryptojacking-steady-primary,steady,,0.58,0.5,0,10.0,285.2538499698173,94.59765401679594,63.50638819057467,2520.0,54.98946579465845,4859.543889980666,100.0,100.0,True,,synthetic_cryptojacking,sim_user,unregistered_hash_benchmark,gpu:1,cryptojacking
3.9,2026-01-01 00:00:03.900000+00:00,,syn-attack-crypto-202,cryptojacking-steady-primary,steady,,0.58,0.5,0,10.0,284.5442235465391,97.02649132066371,52.79754761366619,2520.0,55.774954313264246,4299.764093575709,100.0,100.0,True,,synthetic_cryptojacking,sim_user,unregistered_hash_benchmark,gpu:1,cryptojacking
4.0,2026-01-01 00:00:04+00:00,,syn-attack-crypto-202,cryptojacking-steady-primary,steady,,0.58,0.5,0,10.0,284.6829077066256,96.54445133053099,51.565018227517115,2520.0,55.49472538464246,4184.0342825841035,100.0,100.0,True,,synthetic_cryptojacking,sim_user,unregistered_hash_benchmark,gpu:1,cryptojacking
4.1,2026-01-01 00:00:04.100000+00:00,,syn-attack-crypto-202,cryptojacking-steady-primary,steady,,0.58,0.5,0,10.0,285.07789575133626,95.08494578858183,52.26889749797611,2520.0,55.257880641569066,4127.700023101508,100.0,100.0,True,,synthetic_cryptojacking,sim_user,unregistered_hash_benchmark,gpu:1,cryptojacking
4.2,2026-01-01 00:00:04.200000+00:00,,syn-attack-crypto-202,cryptojacking-steady-primary,steady,,0.58,0.5,0,10.0,284.65089878092846,95.82883608300617,53.83211326887554,2520.0,55.40123926513119,4148.1909839894915,100.0,100.0,True,,synthetic_cryptojacking,sim_user,unregistered_hash_benchmark,gpu:1,cryptojacking
4.3,2026-01-01 00:00:04.300000+00:00,,syn-attack-crypto-202,cryptojacking-steady-primary,steady,,0.58,0.5,0,10.0,284.6022229599035,95.9816413248208,52.608391031460066,2520.0,55.37260752219613,4096.666124861878,100.0,100.0,True,,synthetic_cryptojacking,sim_user,unregistered_hash_benchmark,gpu:1,cryptojacking
4.4,2026-01-01 00:00:04.400000+00:00,,syn-attack-crypto-202,cryptojacking-steady-primary,steady,,0.58,0.5,0,10.0,284.9760279372817,98.33314074883263,50.46805225205164,2520.0,55.91764461440684,3932.989296337459,100.0,100.0,True,,synthetic_cryptojacking,sim_user,unregistered_hash_benchmark,gpu:1,cryptojacking
4.5,2026-01-01 00:00:04.500000+00:00,,syn-attack-crypto-202,cryptojacking-steady-primary,steady,,0.58,0.5,0,10.0,285.85094296237764,95.36374388399915,54.107137708369116,2520.0,54.92259628266483,4185.294151546328,100.0,100.0,True,,synthetic_cryptojacking,sim_user,unregistered_hash_benchmark,gpu:1,cryptojacking
4.6,2026-01-01 00:00:04.600000+00:00,,syn-attack-crypto-202,cryptojacking-steady-primary,steady,,0.58,0.5,0,10.0,285.71660242277557,94.59316276388748,43.949742895021714,2520.0,54.574196717595555,3615.5132910359484,100.0,100.0,True,,synthetic_cryptojacking,sim_user,unregistered_hash_benchmark,gpu:1,cryptojacking
4.7,2026-01-01 00:00:04.700000+00:00,,syn-attack-crypto-202,cryptojacking-steady-primary,steady,,0.58,0.5,0,10.0,287.35501991266915,96.53337024052244,54.666710688694565,2520.0,55.11713827794552,4330.039120553714,100.0,100.0,True,,synthetic_cryptojacking,sim_user,unregistered_hash_benchmark,gpu:1,cryptojacking
4.8,2026-01-01 00:00:04.800000+00:00,,syn-attack-crypto-202,cryptojacking-steady-primary,steady,,0.58,0.5,0,10.0,287.7559926307327,93.54591338845535,51.85222334973822,2507.7460768679316,54.07882537281543,4204.9724281799,100.0,100.0,True,,synthetic_cryptojacking,sim_user,unregistered_hash_benchmark,gpu:1,cryptojacking
4.9,2026-01-01 00:00:04.900000+00:00,,syn-attack-crypto-202,cryptojacking-steady-primary,steady,,0.58,0.5,0,10.0,287.41394087893815,96.294049466225,58.19469316291285,2520.0,54.7379447056949,4389.048053238433,100.0,100.0,True,,synthetic_cryptojacking,sim_user,unregistered_hash_benchmark,gpu:1,cryptojacking
5.0,2026-01-01 00:00:05+00:00,,syn-attack-crypto-202,cryptojacking-steady-primary,steady,,0.58,0.5,0,10.0,285.6976095285933,95.83496526270093,53.362628890547825,2520.0,54.44962704895348,4290.040566699086,100.0,100.0,True,,synthetic_cryptojacking,sim_user,unregistered_hash_benchmark,gpu:1,cryptojacking
5.1,2026-01-01 00:00:05.100000+00:00,,syn-attack-crypto-202,cryptojacking-steady-primary,steady,,0.58,0.5,0,10.0,285.12446842204434,93.32360303164994,53.26944645658628,2516.4009946248852,53.76785758843501,4242.0976929550725,100.0,100.0,True,,synthetic_cryptojacking,sim_user,unregistered_hash_benchmark,gpu:1,cryptojacking
5.2,2026-01-01 00:00:05.200000+00:00,,syn-attack-crypto-202,cryptojacking-steady-primary,steady,,0.58,0.5,0,10.0,284.934914270566,94.46273459859341,48.169108003894145,2520.0,53.893728535203785,3921.4225059381065,100.0,100.0,True,,synthetic_cryptojacking,sim_user,unregistered_hash_benchmark,gpu:1,cryptojacking
5.3,2026-01-01 00:00:05.300000+00:00,,syn-attack-crypto-202,cryptojacking-steady-primary,steady,,0.58,0.5,0,10.0,285.43749138066437,97.17161676273855,54.142295417708524,2520.0,54.58931006163333,4284.127658679197,100.0,100.0,True,,synthetic_cryptojacking,sim_user,unregistered_hash_benchmark,gpu:1,cryptojacking
5.4,2026-01-01 00:00:05.400000+00:00,,syn-attack-crypto-202,cryptojacking-steady-primary,steady,,0.58,0.5,0,10.0,285.2247698110117,97.12156197517022,56.52483119008025,2520.0,54.93487460593249,4309.357912668297,100.0,100.0,True,,synthetic_cryptojacking,sim_user,unregistered_hash_benchmark,gpu:1,cryptojacking
5.5,2026-01-01 00:00:05.500000+00:00,,syn-attack-crypto-202,cryptojacking-steady-primary,steady,,0.58,0.5,0,10.0,284.6806427687327,96.91711936229623,57.38849271030102,2520.0,55.0196675656247,4476.537014724586,100.0,100.0,True,,synthetic_cryptojacking,sim_user,unregistered_hash_benchmark,gpu:1,cryptojacking
5.6,2026-01-01 00:00:05.600000+00:00,,syn-attack-crypto-202,cryptojacking-steady-primary,steady,,0.58,0.5,0,10.0,284.5116418672536,94.7324710172239,52.5777408831444,2520.0,54.25233755262108,4200.768050050161,100.0,100.0,True,,synthetic_cryptojacking,sim_user,unregistered_hash_benchmark,gpu:1,cryptojacking
5.7,2026-01-01 00:00:05.700000+00:00,,syn-attack-crypto-202,cryptojacking-steady-primary,steady,,0.58,0.5,0,10.0,284.1903081411262,95.81919472038258,59.04213438215774,2520.0,54.760221612939404,4574.458100060327,100.0,100.0,True,,synthetic_cryptojacking,sim_user,unregistered_hash_benchmark,gpu:1,cryptojacking
5.8,2026-01-01 00:00:05.800000+00:00,,syn-attack-crypto-202,cryptojacking-steady-primary,steady,,0.58,0.5,0,10.0,282.50269301042425,94.3333954242167,56.985284458685534,2496.7573594353653,54.53258215970666,4548.522494192757,100.0,100.0,True,,synthetic_cryptojacking,sim_user,unregistered_hash_benchmark,gpu:1,cryptojacking
5.9,2026-01-01 00:00:05.900000+00:00,,syn-attack-crypto-202,cryptojacking-steady-primary,steady,,0.58,0.5,0,10.0,281.78186362729963,97.12000763785208,50.80791977111453,2520.0,55.263813053811205,3831.0801112331296,100.0,100.0,True,,synthetic_cryptojacking,sim_user,unregistered_hash_benchmark,gpu:1,cryptojacking
6.0,2026-01-01 00:00:06+00:00,,syn-attack-crypto-202,cryptojacking-steady-primary,steady,,0.58,0.5,0,10.0,282.54098852851877,94.38436462377543,42.04065061653111,2520.0,54.376286758235906,3359.554679407412,100.0,100.0,True,,synthetic_cryptojacking,sim_user,unregistered_hash_benchmark,gpu:1,cryptojacking
6.1,2026-01-01 00:00:06.100000+00:00,,syn-attack-crypto-202,cryptojacking-steady-primary,steady,,0.58,0.5,0,10.0,283.2759121510248,96.11008357312916,48.47030222365216,2520.0,54.889061283824724,3680.0385359741367,100.0,100.0,True,,synthetic_cryptojacking,sim_user,unregistered_hash_benchmark,gpu:1,cryptojacking
6.2,2026-01-01 00:00:06.200000+00:00,,syn-attack-crypto-202,cryptojacking-steady-primary,steady,,0.58,0.5,0,10.0,284.06555974236846,96.82980136708031,53.529779008063926,2520.0,55.049198047235386,4025.1834530317287,100.0,100.0,True,,synthetic_cryptojacking,sim_user,unregistered_hash_benchmark,gpu:1,cryptojacking
6.3,2026-01-01 00:00:06.300000+00:00,,syn-attack-crypto-202,cryptojacking-steady-primary,steady,,0.58,0.5,0,10.0,284.29596932427944,97.59334851172177,54.313624224980195,2520.0,54.84670436219956,4260.713498002647,100.0,100.0,True,,synthetic_cryptojacking,sim_user,unregistered_hash_benchmark,gpu:1,cryptojacking
6.4,2026-01-01 00:00:06.400000+00:00,,syn-attack-crypto-202,cryptojacking-steady-primary,steady,,0.58,0.5,0,10.0,284.21614785416585,96.45640908125692,51.87698137994994,2520.0,54.464324446938456,4121.468740131031,100.0,100.0,True,,synthetic_cryptojacking,sim_user,unregistered_hash_benchmark,gpu:1,cryptojacking
6.5,2026-01-01 00:00:06.500000+00:00,,syn-attack-crypto-202,cryptojacking-steady-primary,steady,,0.58,0.5,0,10.0,284.5353854663598,97.34436646098177,51.859055685221506,2520.0,54.916183083952006,4081.8057917966617,100.0,100.0,True,,synthetic_cryptojacking,sim_user,unregistered_hash_benchmark,gpu:1,cryptojacking
6.6,2026-01-01 00:00:06.600000+00:00,,syn-attack-crypto-202,cryptojacking-steady-primary,steady,,0.58,0.5,0,10.0,284.30927678019685,97.16224188034482,56.03610216221172,2520.0,54.510605227668165,4456.398544089796,100.0,100.0,True,,synthetic_cryptojacking,sim_user,unregistered_hash_benchmark,gpu:1,cryptojacking
6.7,2026-01-01 00:00:06.700000+00:00,,syn-attack-crypto-202,cryptojacking-steady-primary,steady,,0.58,0.5,0,10.0,284.04158321303413,95.32062436203526,50.07348843286962,2520.0,53.86954325773049,4065.161442577837,100.0,100.0,True,,synthetic_cryptojacking,sim_user,unregistered_hash_benchmark,gpu:1,cryptojacking
6.8,2026-01-01 00:00:06.800000+00:00,,syn-attack-crypto-202,cryptojacking-steady-primary,steady,,0.58,0.5,0,10.0,284.99088347186944,94.67426818628569,43.56141163822698,2520.0,53.699584005423866,3505.510800765212,100.0,100.0,True,,synthetic_cryptojacking,sim_user,unregistered_hash_benchmark,gpu:1,cryptojacking
6.9,2026-01-01 00:00:06.900000+00:00,,syn-attack-crypto-202,cryptojacking-steady-primary,steady,,0.58,0.5,0,10.0,285.92327358659105,94.71906189539023,50.85410244633472,2520.0,53.68436334170602,4011.7443701706934,100.0,100.0,True,,synthetic_cryptojacking,sim_user,unregistered_hash_benchmark,gpu:1,cryptojacking
7.0,2026-01-01 00:00:07+00:00,,syn-attack-crypto-202,cryptojacking-steady-primary,steady,,0.58,0.5,0,10.0,285.5632778661956,96.15138760481805,56.95547788367379,2520.0,54.105123659871175,4247.2125460139305,100.0,100.0,True,,synthetic_cryptojacking,sim_user,unregistered_hash_benchmark,gpu:1,cryptojacking
7.1,2026-01-01 00:00:07.100000+00:00,,syn-attack-crypto-202,cryptojacking-steady-primary,steady,,0.58,0.5,0,10.0,285.765875913717,93.02759150378591,47.76175327859006,2520.0,53.28694456765455,3762.2202572261263,100.0,100.0,True,,synthetic_cryptojacking,sim_user,unregistered_hash_benchmark,gpu:1,cryptojacking
7.2,2026-01-01 00:00:07.200000+00:00,,syn-attack-crypto-202,cryptojacking-steady-primary,steady,,0.58,0.5,0,10.0,285.5338000078458,99.21685162507065,57.127923456044385,2520.0,55.38023173628633,4413.992452724197,100.0,100.0,True,,synthetic_cryptojacking,sim_user,unregistered_hash_benchmark,gpu:1,cryptojacking
7.3,2026-01-01 00:00:07.300000+00:00,,syn-attack-crypto-202,cryptojacking-steady-primary,steady,,0.58,0.5,0,10.0,285.994008132732,96.78925530614099,55.535082995363666,2520.0,54.711922920730395,4324.118469050091,100.0,100.0,True,,synthetic_cryptojacking,sim_user,unregistered_hash_benchmark,gpu:1,cryptojacking
7.4,2026-01-01 00:00:07.400000+00:00,,syn-attack-crypto-202,cryptojacking-steady-primary,steady,,0.58,0.5,0,10.0,285.7757977665789,96.57076069168187,53.04877198695913,2520.0,54.78535294255338,4260.650801493303,100.0,100.0,True,,synthetic_cryptojacking,sim_user,unregistered_hash_benchmark,gpu:1,cryptojacking
7.5,2026-01-01 00:00:07.500000+00:00,,syn-attack-crypto-202,cryptojacking-steady-primary,steady,,0.58,0.5,0,10.0,286.064140175163,95.69298187683938,54.26638740482685,2520.0,54.867785424232785,4293.476314295278,100.0,100.0,True,,synthetic_cryptojacking,sim_user,unregistered_hash_benchmark,gpu:1,cryptojacking
7.6,2026-01-01 00:00:07.600000+00:00,,syn-attack-crypto-202,cryptojacking-steady-primary,steady,,0.58,0.5,0,10.0,286.03916262364356,96.16254433290699,49.219297076546404,2520.0,54.937926865580906,3722.351028673941,100.0,100.0,True,,synthetic_cryptojacking,sim_user,unregistered_hash_benchmark,gpu:1,cryptojacking
7.7,2026-01-01 00:00:07.700000+00:00,,syn-attack-crypto-202,cryptojacking-steady-primary,steady,,0.58,0.5,0,10.0,286.46547759753275,97.10078735547381,53.64659878250046,2520.0,55.29533049531131,4221.141237034395,100.0,100.0,True,,synthetic_cryptojacking,sim_user,unregistered_hash_benchmark,gpu:1,cryptojacking
7.8,2026-01-01 00:00:07.800000+00:00,,syn-attack-crypto-202,cryptojacking-steady-primary,steady,,0.58,0.5,0,10.0,286.92826775330815,95.85301081214664,58.72014325818194,2520.0,55.16454981030666,4438.343744766931,100.0,100.0,True,,synthetic_cryptojacking,sim_user,unregistered_hash_benchmark,gpu:1,cryptojacking
7.9,2026-01-01 00:00:07.900000+00:00,,syn-attack-crypto-202,cryptojacking-steady-primary,steady,,0.58,0.5,0,10.0,286.21129666566895,94.89492517392229,51.88780599097726,2520.0,55.05618772811815,4283.271144642552,100.0,100.0,True,,synthetic_cryptojacking,sim_user,unregistered_hash_benchmark,gpu:1,cryptojacking
8.0,2026-01-01 00:00:08+00:00,,syn-attack-crypto-202,cryptojacking-steady-primary,steady,,0.58,0.5,0,10.0,285.8743417395678,97.73131642190796,49.34288009643973,2520.0,55.72401606630202,3940.326927725836,100.0,100.0,True,,synthetic_cryptojacking,sim_user,unregistered_hash_benchmark,gpu:1,cryptojacking
8.1,2026-01-01 00:00:08.100000+00:00,,syn-attack-crypto-202,cryptojacking-steady-primary,steady,,0.58,0.5,0,10.0,286.39578485488096,95.491554131743,58.37543229167056,2510.5936054873305,55.077659141911326,4504.658116212317,100.0,100.0,True,,synthetic_cryptojacking,sim_user,unregistered_hash_benchmark,gpu:1,cryptojacking
8.2,2026-01-01 00:00:08.200000+00:00,,syn-attack-crypto-202,cryptojacking-steady-primary,steady,,0.58,0.5,0,10.0,284.93733064496365,96.84518173881908,47.81915993619154,2520.0,55.675664895221196,3699.6738023845405,100.0,100.0,True,,synthetic_cryptojacking,sim_user,unregistered_hash_benchmark,gpu:1,cryptojacking
8.3,2026-01-01 00:00:08.300000+00:00,,syn-attack-crypto-202,cryptojacking-steady-primary,steady,,0.58,0.5,0,10.0,285.49109273743295,96.03211560683471,59.426150145013565,2520.0,55.3839891127291,4764.687053731662,100.0,100.0,True,,synthetic_cryptojacking,sim_user,unregistered_hash_benchmark,gpu:1,cryptojacking
8.4,2026-01-01 00:00:08.400000+00:00,,syn-attack-crypto-202,cryptojacking-steady-primary,steady,,0.58,0.5,0,10.0,283.93482802906533,95.28564711086293,52.787847265813014,2520.0,55.10332352702254,4065.7710038278674,100.0,100.0,True,,synthetic_cryptojacking,sim_user,unregistered_hash_benchmark,gpu:1,cryptojacking
8.5,2026-01-01 00:00:08.500000+00:00,,syn-attack-crypto-202,cryptojacking-steady-primary,steady,,0.58,0.5,0,10.0,283.90258499386,93.10123960852668,53.67794858676383,2520.0,54.4947291910436,4244.615189521504,100.0,100.0,True,,synthetic_cryptojacking,sim_user,unregistered_hash_benchmark,gpu:1,cryptojacking
8.6,2026-01-01 00:00:08.600000+00:00,,syn-attack-crypto-202,cryptojacking-steady-primary,steady,,0.58,0.5,0,10.0,283.9532195063781,97.48175828670783,55.03041197688366,2520.0,55.70625590270107,4398.1006509246745,100.0,100.0,True,,synthetic_cryptojacking,sim_user,unregistered_hash_benchmark,gpu:1,cryptojacking
8.7,2026-01-01 00:00:08.700000+00:00,,syn-attack-crypto-202,cryptojacking-steady-primary,steady,,0.58,0.5,0,10.0,284.08618152894024,94.62814136481906,52.12694721432276,2520.0,54.85109479776807,4126.6369753092995,100.0,100.0,True,,synthetic_cryptojacking,sim_user,unregistered_hash_benchmark,gpu:1,cryptojacking
8.8,2026-01-01 00:00:08.800000+00:00,,syn-attack-crypto-202,cryptojacking-steady-primary,steady,,0.58,0.5,0,10.0,284.01469693039877,96.49405905534161,57.38545158825127,2520.0,55.11012137416716,4530.016290386901,100.0,100.0,True,,synthetic_cryptojacking,sim_user,unregistered_hash_benchmark,gpu:1,cryptojacking
8.9,2026-01-01 00:00:08.900000+00:00,,syn-attack-crypto-202,cryptojacking-steady-primary,steady,,0.58,0.5,0,10.0,282.3000886664956,95.18364736243214,52.04264778961438,2520.0,54.81778521718269,4238.041880744083,100.0,100.0,True,,synthetic_cryptojacking,sim_user,unregistered_hash_benchmark,gpu:1,cryptojacking
9.0,2026-01-01 00:00:09+00:00,,syn-attack-crypto-202,cryptojacking-steady-primary,steady,,0.58,0.5,0,10.0,282.1218783607858,97.29967232355497,50.245213573584664,2520.0,55.3822601968882,3985.00942766231,100.0,100.0,True,,synthetic_cryptojacking,sim_user,unregistered_hash_benchmark,gpu:1,cryptojacking
9.1,2026-01-01 00:00:09.100000+00:00,,syn-attack-crypto-202,cryptojacking-steady-primary,steady,,0.58,0.5,0,10.0,283.0772848206881,96.34638646757381,53.169868036311996,2520.0,54.63952358126068,4214.832999708527,100.0,100.0,True,,synthetic_cryptojacking,sim_user,unregistered_hash_benchmark,gpu:1,cryptojacking
9.2,2026-01-01 00:00:09.200000+00:00,,syn-attack-crypto-202,cryptojacking-steady-primary,steady,,0.58,0.5,0,10.0,282.7790745691695,94.43224673889621,44.9584161783324,2520.0,53.99725385407588,3740.11261447672,100.0,100.0,True,,synthetic_cryptojacking,sim_user,unregistered_hash_benchmark,gpu:1,cryptojacking
9.3,2026-01-01 00:00:09.300000+00:00,,syn-attack-crypto-202,cryptojacking-steady-primary,steady,,0.58,0.5,0,10.0,283.8241965463305,95.67286414806621,52.04749167500723,2520.0,54.47956340739126,3977.3603925877005,100.0,100.0,True,,synthetic_cryptojacking,sim_user,unregistered_hash_benchmark,gpu:1,cryptojacking
9.4,2026-01-01 00:00:09.400000+00:00,,syn-attack-crypto-202,cryptojacking-steady-primary,steady,,0.58,0.5,0,10.0,283.5945100402293,98.17579068278759,46.91004200315258,2520.0,55.32263973051554,3769.0907421616043,100.0,100.0,True,,synthetic_cryptojacking,sim_user,unregistered_hash_benchmark,gpu:1,cryptojacking
9.5,2026-01-01 00:00:09.500000+00:00,,syn-attack-crypto-202,cryptojacking-steady-primary,steady,,0.58,0.5,0,10.0,285.1257744350125,96.57455270225424,53.213006631271405,2520.0,54.85411314757641,4090.8774682252947,100.0,100.0,True,,synthetic_cryptojacking,sim_user,unregistered_hash_benchmark,gpu:1,cryptojacking
9.6,2026-01-01 00:00:09.600000+00:00,,syn-attack-crypto-202,cryptojacking-steady-primary,steady,,0.58,0.5,0,10.0,284.16623716245374,97.8530227558431,56.737013027947455,2520.0,55.05758571515578,4396.539420274006,100.0,100.0,True,,synthetic_cryptojacking,sim_user,unregistered_hash_benchmark,gpu:1,cryptojacking
9.7,2026-01-01 00:00:09.700000+00:00,,syn-attack-crypto-202,cryptojacking-steady-primary,steady,,0.58,0.5,0,10.0,283.6071624841272,96.40883324870988,55.610369004531556,2520.0,54.81200195056337,4553.337782481171,100.0,100.0,True,,synthetic_cryptojacking,sim_user,unregistered_hash_benchmark,gpu:1,cryptojacking
9.8,2026-01-01 00:00:09.800000+00:00,,syn-attack-crypto-202,cryptojacking-steady-primary,steady,,0.58,0.5,0,10.0,283.1480698477586,98.22648007221274,53.47696903622418,2520.0,55.12899557537915,4314.904748841475,100.0,100.0,True,,synthetic_cryptojacking,sim_user,unregistered_hash_benchmark,gpu:1,cryptojacking
9.9,2026-01-01 00:00:09.900000+00:00,,syn-attack-crypto-202,cryptojacking-steady-primary,steady,,0.58,0.5,0,10.0,283.4495872219217,94.86267960940995,41.39964017064098,2520.0,54.50552495221157,3350.420144252577,100.0,100.0,True,,synthetic_cryptojacking,sim_user,unregistered_hash_benchmark,gpu:1,cryptojacking
10.0,2026-01-01 00:00:10+00:00,,syn-attack-crypto-202,cryptojacking-steady-primary,steady,,0.58,0.5,0,10.0,284.6951285056638,97.05157255097001,51.50175595306398,2520.0,55.32771927240708,4194.1638831148875,100.0,100.0,True,,synthetic_cryptojacking,sim_user,unregistered_hash_benchmark,gpu:1,cryptojacking
10.1,2026-01-01 00:00:10.100000+00:00,,syn-attack-crypto-202,cryptojacking-steady-primary,steady,,0.58,0.5,0,10.0,284.9872572738332,96.2138408702981,58.05558312143313,2520.0,55.153880666532665,4628.828523603429,100.0,100.0,True,,synthetic_cryptojacking,sim_user,unregistered_hash_benchmark,gpu:1,cryptojacking
10.2,2026-01-01 00:00:10.200000+00:00,,syn-attack-crypto-202,cryptojacking-steady-primary,steady,,0.58,0.5,0,10.0,283.36921036415345,95.82103493377204,50.25667447935774,2520.0,54.82693346962262,3885.5043002576344,100.0,100.0,True,,synthetic_cryptojacking,sim_user,unregistered_hash_benchmark,gpu:1,cryptojacking
10.3,2026-01-01 00:00:10.300000+00:00,,syn-attack-crypto-202,cryptojacking-steady-primary,steady,,0.58,0.5,0,10.0,284.5546851946234,94.67071773447253,54.28664862491593,2520.0,54.360227938148796,4459.744834504519,100.0,100.0,True,,synthetic_cryptojacking,sim_user,unregistered_hash_benchmark,gpu:1,cryptojacking
10.4,2026-01-01 00:00:10.400000+00:00,,syn-attack-crypto-202,cryptojacking-steady-primary,steady,,0.58,0.5,0,10.0,284.39701671027143,93.50247763789334,48.83253784072178,2520.0,54.06168990112555,3756.6150880277974,100.0,100.0,True,,synthetic_cryptojacking,sim_user,unregistered_hash_benchmark,gpu:1,cryptojacking
10.5,2026-01-01 00:00:10.500000+00:00,,syn-attack-crypto-202,cryptojacking-steady-primary,steady,,0.58,0.5,0,10.0,284.4072828801371,96.4363272256735,59.42846377583193,2520.0,54.92510394511743,4730.800215536962,100.0,100.0,True,,synthetic_cryptojacking,sim_user,unregistered_hash_benchmark,gpu:1,cryptojacking
10.6,2026-01-01 00:00:10.600000+00:00,,syn-attack-crypto-202,cryptojacking-steady-primary,steady,,0.58,0.5,0,10.0,284.3147052751877,96.3639171518578,44.65322908003636,2520.0,54.86267332465396,3541.979197284581,100.0,100.0,True,,synthetic_cryptojacking,sim_user,unregistered_hash_benchmark,gpu:1,cryptojacking
10.7,2026-01-01 00:00:10.700000+00:00,,syn-attack-crypto-202,cryptojacking-steady-primary,steady,,0.58,0.5,0,10.0,284.75906977350286,94.20339636598982,49.80986134425456,2520.0,54.21246523876052,3859.8539522769897,100.0,100.0,True,,synthetic_cryptojacking,sim_user,unregistered_hash_benchmark,gpu:1,cryptojacking
10.8,2026-01-01 00:00:10.800000+00:00,,syn-attack-crypto-202,cryptojacking-steady-primary,steady,,0.58,0.5,0,10.0,285.14868392724486,95.45355514033781,51.04495084488367,2520.0,54.07805883372207,4068.094949255645,100.0,100.0,True,,synthetic_cryptojacking,sim_user,unregistered_hash_benchmark,gpu:1,cryptojacking
10.9,2026-01-01 00:00:10.900000+00:00,,syn-attack-crypto-202,cryptojacking-steady-primary,steady,,0.58,0.5,0,10.0,285.77340726458766,96.0330737280473,54.92394843956843,2520.0,54.20666583898613,4432.748215047345,100.0,100.0,True,,synthetic_cryptojacking,sim_user,unregistered_hash_benchmark,gpu:1,cryptojacking
11.0,2026-01-01 00:00:11+00:00,,syn-attack-crypto-202,cryptojacking-steady-primary,steady,,0.58,0.5,0,10.0,285.8908122955951,96.52475031173762,53.2745423538513,2520.0,54.5036550910392,4062.035845458566,100.0,100.0,True,,synthetic_cryptojacking,sim_user,unregistered_hash_benchmark,gpu:1,cryptojacking
11.1,2026-01-01 00:00:11.100000+00:00,,syn-attack-crypto-202,cryptojacking-steady-primary,steady,,0.58,0.5,0,10.0,285.98708710683,95.29532067105917,53.10655057900406,2520.0,54.23786783204968,3882.315269084475,100.0,100.0,True,,synthetic_cryptojacking,sim_user,unregistered_hash_benchmark,gpu:1,cryptojacking
11.2,2026-01-01 00:00:11.200000+00:00,,syn-attack-crypto-202,cryptojacking-steady-primary,steady,,0.58,0.5,0,10.0,285.8745342376243,95.4549675913947,43.39939001285422,2520.0,54.285261472130415,3326.85481407674,100.0,100.0,True,,synthetic_cryptojacking,sim_user,unregistered_hash_benchmark,gpu:1,cryptojacking
11.3,2026-01-01 00:00:11.300000+00:00,,syn-attack-crypto-202,cryptojacking-steady-primary,steady,,0.58,0.5,0,10.0,286.45773960735005,96.37727377220153,60.99478434862935,2520.0,54.6440263405404,4635.950754835509,100.0,100.0,True,,synthetic_cryptojacking,sim_user,unregistered_hash_benchmark,gpu:1,cryptojacking
11.4,2026-01-01 00:00:11.400000+00:00,,syn-attack-crypto-202,cryptojacking-steady-primary,steady,,0.58,0.5,0,10.0,285.71021509947724,96.01084882420264,53.63623806197057,2520.0,54.56884127948387,4201.313512097259,100.0,100.0,True,,synthetic_cryptojacking,sim_user,unregistered_hash_benchmark,gpu:1,cryptojacking
11.5,2026-01-01 00:00:11.500000+00:00,,syn-attack-crypto-202,cryptojacking-steady-primary,steady,,0.58,0.5,0,10.0,285.0402670320573,94.51126254830378,49.47771183626492,2520.0,53.96335363501045,3776.52731898557,100.0,100.0,True,,synthetic_cryptojacking,sim_user,unregistered_hash_benchmark,gpu:1,cryptojacking
11.6,2026-01-01 00:00:11.600000+00:00,,syn-attack-crypto-202,cryptojacking-steady-primary,steady,,0.58,0.5,0,10.0,285.8151979951317,96.72527954845042,58.77270462980482,2520.0,54.839775047396515,4449.189138241082,100.0,100.0,True,,synthetic_cryptojacking,sim_user,unregistered_hash_benchmark,gpu:1,cryptojacking
11.7,2026-01-01 00:00:11.700000+00:00,,syn-attack-crypto-202,cryptojacking-steady-primary,steady,,0.58,0.5,0,10.0,285.5826972349101,95.4311689293957,48.05062514285556,2520.0,54.817601030446966,3740.8455211824357,100.0,100.0,True,,synthetic_cryptojacking,sim_user,unregistered_hash_benchmark,gpu:1,cryptojacking
11.8,2026-01-01 00:00:11.800000+00:00,,syn-attack-crypto-202,cryptojacking-steady-primary,steady,,0.58,0.5,0,10.0,286.1039512592748,96.4511139515313,54.47471056923222,2520.0,55.067591740830665,4078.3548722999303,100.0,100.0,True,,synthetic_cryptojacking,sim_user,unregistered_hash_benchmark,gpu:1,cryptojacking
11.9,2026-01-01 00:00:11.900000+00:00,,syn-attack-crypto-202,cryptojacking-steady-primary,steady,,0.58,0.5,0,10.0,285.0811075897583,96.50405876758771,57.12029320848735,2520.0,54.979126512612844,4503.980489034274,100.0,100.0,True,,synthetic_cryptojacking,sim_user,unregistered_hash_benchmark,gpu:1,cryptojacking
12.0,2026-01-01 00:00:12+00:00,,syn-attack-crypto-202,cryptojacking-steady-primary,steady,,0.58,0.5,0,10.0,284.92698242538177,96.7440388663197,56.34814353848391,2520.0,55.15149019204052,4230.843980064528,100.0,100.0,True,,synthetic_cryptojacking,sim_user,unregistered_hash_benchmark,gpu:1,cryptojacking
12.1,2026-01-01 00:00:12.100000+00:00,,syn-attack-crypto-202,cryptojacking-steady-primary,steady,,0.58,0.5,0,10.0,284.8726645349853,95.15408760948313,53.36789620647868,2520.0,54.76684567449468,4163.089233611103,100.0,100.0,True,,synthetic_cryptojacking,sim_user,unregistered_hash_benchmark,gpu:1,cryptojacking
12.2,2026-01-01 00:00:12.200000+00:00,,syn-attack-crypto-202,cryptojacking-steady-primary,steady,,0.58,0.5,0,10.0,284.2754149321516,95.8353429926803,52.41309760688512,2520.0,54.93486099953828,4154.013131453298,100.0,100.0,True,,synthetic_cryptojacking,sim_user,unregistered_hash_benchmark,gpu:1,cryptojacking
12.3,2026-01-01 00:00:12.300000+00:00,,syn-attack-crypto-202,cryptojacking-steady-primary,steady,,0.58,0.5,0,10.0,284.1335967592219,97.09606784747105,49.43420240728293,2520.0,55.329086775727596,3760.4876288202763,100.0,100.0,True,,synthetic_cryptojacking,sim_user,unregistered_hash_benchmark,gpu:1,cryptojacking
12.4,2026-01-01 00:00:12.400000+00:00,,syn-attack-crypto-202,cryptojacking-steady-primary,steady,,0.58,0.5,0,10.0,284.66523697993375,92.63505668241399,52.35834927996542,2520.0,54.287815165418586,4213.407822849404,100.0,100.0,True,,synthetic_cryptojacking,sim_user,unregistered_hash_benchmark,gpu:1,cryptojacking
12.5,2026-01-01 00:00:12.500000+00:00,,syn-attack-crypto-202,cryptojacking-steady-primary,steady,,0.58,0.5,0,10.0,284.83839429565955,95.14244993664278,47.26307568051713,2520.0,54.75353819583213,3597.753639618417,100.0,100.0,True,,synthetic_cryptojacking,sim_user,unregistered_hash_benchmark,gpu:1,cryptojacking
12.6,2026-01-01 00:00:12.600000+00:00,,syn-attack-crypto-202,cryptojacking-steady-primary,steady,,0.58,0.5,0,10.0,285.25908618677977,93.60919852466027,55.80096909831586,2520.0,54.08583401583958,4386.395227380252,100.0,100.0,True,,synthetic_cryptojacking,sim_user,unregistered_hash_benchmark,gpu:1,cryptojacking
12.7,2026-01-01 00:00:12.700000+00:00,,syn-attack-crypto-202,cryptojacking-steady-primary,steady,,0.58,0.5,0,10.0,284.4058890473939,95.65127529447895,56.13599560017025,2520.0,54.72875953173902,4205.775002152781,100.0,100.0,True,,synthetic_cryptojacking,sim_user,unregistered_hash_benchmark,gpu:1,cryptojacking
12.8,2026-01-01 00:00:12.800000+00:00,,syn-attack-crypto-202,cryptojacking-steady-primary,steady,,0.58,0.5,0,10.0,283.7833232303832,95.68159006400519,52.77539218130036,2520.0,54.709926333435654,4210.342684022568,100.0,100.0,True,,synthetic_cryptojacking,sim_user,unregistered_hash_benchmark,gpu:1,cryptojacking
12.9,2026-01-01 00:00:12.900000+00:00,,syn-attack-crypto-202,cryptojacking-steady-primary,steady,,0.58,0.5,0,10.0,283.3357558626603,96.71961945968344,45.62136430697055,2520.0,54.87618293402401,3642.5930552790683,100.0,100.0,True,,synthetic_cryptojacking,sim_user,unregistered_hash_benchmark,gpu:1,cryptojacking
13.0,2026-01-01 00:00:13+00:00,,syn-attack-crypto-202,cryptojacking-steady-primary,steady,,0.58,0.5,0,10.0,285.0111731398826,97.56313133580498,56.34648167449321,2520.0,55.23354189183917,4304.7340714739075,100.0,100.0,True,,synthetic_cryptojacking,sim_user,unregistered_hash_benchmark,gpu:1,cryptojacking
13.1,2026-01-01 00:00:13.100000+00:00,,syn-attack-crypto-202,cryptojacking-steady-primary,steady,,0.58,0.5,0,10.0,285.54873776467866,95.64187269755074,55.263954710172335,2520.0,54.56858104065963,4465.8583131730475,100.0,100.0,True,,synthetic_cryptojacking,sim_user,unregistered_hash_benchmark,gpu:1,cryptojacking
13.2,2026-01-01 00:00:13.200000+00:00,,syn-attack-crypto-202,cryptojacking-steady-primary,steady,,0.58,0.5,0,10.0,284.32799051475445,97.7110287703684,49.51841734002896,2520.0,55.24707747243201,3872.661922541273,100.0,100.0,True,,synthetic_cryptojacking,sim_user,unregistered_hash_benchmark,gpu:1,cryptojacking
13.3,2026-01-01 00:00:13.300000+00:00,,syn-attack-crypto-202,cryptojacking-steady-primary,steady,,0.58,0.5,0,10.0,284.63788406741077,94.73653848204478,50.56075520425442,2520.0,54.40523993890678,3998.364997608548,100.0,100.0,True,,synthetic_cryptojacking,sim_user,unregistered_hash_benchmark,gpu:1,cryptojacking
13.4,2026-01-01 00:00:13.400000+00:00,,syn-attack-crypto-202,cryptojacking-steady-primary,steady,,0.58,0.5,0,10.0,285.5300043624063,96.50587182246805,53.7880285357956,2520.0,55.063945677813,4325.527385655792,100.0,100.0,True,,synthetic_cryptojacking,sim_user,unregistered_hash_benchmark,gpu:1,cryptojacking
13.5,2026-01-01 00:00:13.500000+00:00,,syn-attack-crypto-202,cryptojacking-steady-primary,steady,,0.58,0.5,0,10.0,286.09253013065927,96.9235387822812,56.240798813279255,2520.0,55.159514488945675,4319.646110424793,100.0,100.0,True,,synthetic_cryptojacking,sim_user,unregistered_hash_benchmark,gpu:1,cryptojacking
13.6,2026-01-01 00:00:13.600000+00:00,,syn-attack-crypto-202,cryptojacking-steady-primary,steady,,0.58,0.5,0,10.0,286.658279171909,97.40316912215395,52.208559874406205,2520.0,55.14748784941926,4050.1175739980295,100.0,100.0,True,,synthetic_cryptojacking,sim_user,unregistered_hash_benchmark,gpu:1,cryptojacking
13.7,2026-01-01 00:00:13.700000+00:00,,syn-attack-crypto-202,cryptojacking-steady-primary,steady,,0.58,0.5,0,10.0,287.3906505017903,93.24537885440076,48.09273345307743,2520.0,53.88751629678485,3887.186961378741,100.0,100.0,True,,synthetic_cryptojacking,sim_user,unregistered_hash_benchmark,gpu:1,cryptojacking
13.8,2026-01-01 00:00:13.800000+00:00,,syn-attack-crypto-202,cryptojacking-steady-primary,steady,,0.58,0.5,0,10.0,287.9706765515589,97.7209845081294,51.79575647798388,2520.0,55.30153864007565,4034.706458028141,100.0,100.0,True,,synthetic_cryptojacking,sim_user,unregistered_hash_benchmark,gpu:1,cryptojacking
13.9,2026-01-01 00:00:13.900000+00:00,,syn-attack-crypto-202,cryptojacking-steady-primary,steady,,0.58,0.5,0,10.0,288.33837301293534,97.24121812784159,49.69459478044858,2520.0,55.243292823430565,3978.862732972415,100.0,100.0,True,,synthetic_cryptojacking,sim_user,unregistered_hash_benchmark,gpu:1,cryptojacking
14.0,2026-01-01 00:00:14+00:00,,syn-attack-crypto-202,cryptojacking-steady-primary,steady,,0.58,0.5,0,10.0,289.4085121713237,95.01136192719432,59.42549470365805,2520.0,54.6701274909896,4709.238256220724,100.0,100.0,True,,synthetic_cryptojacking,sim_user,unregistered_hash_benchmark,gpu:1,cryptojacking
14.1,2026-01-01 00:00:14.100000+00:00,,syn-attack-crypto-202,cryptojacking-steady-primary,steady,,0.58,0.5,0,10.0,288.80502034671986,95.29420792714991,59.829142497938236,2520.0,54.64153056100245,4659.643394309652,100.0,100.0,True,,synthetic_cryptojacking,sim_user,unregistered_hash_benchmark,gpu:1,cryptojacking
14.2,2026-01-01 00:00:14.200000+00:00,,syn-attack-crypto-202,cryptojacking-steady-primary,steady,,0.58,0.5,0,10.0,287.22339455504124,94.71044243521301,44.0090922665537,2520.0,54.33764788335707,3580.280842625272,100.0,100.0,True,,synthetic_cryptojacking,sim_user,unregistered_hash_benchmark,gpu:1,cryptojacking
14.3,2026-01-01 00:00:14.300000+00:00,,syn-attack-crypto-202,cryptojacking-steady-primary,steady,,0.58,0.5,0,10.0,288.217680139176,94.60577195387029,50.53758935433019,2520.0,54.28075174147262,4003.915678017279,100.0,100.0,True,,synthetic_cryptojacking,sim_user,unregistered_hash_benchmark,gpu:1,cryptojacking
14.4,2026-01-01 00:00:14.400000+00:00,,syn-attack-crypto-202,cryptojacking-steady-primary,steady,,0.58,0.5,0,10.0,287.5881282280311,97.24912719418288,59.79333759189159,2520.0,55.12280129011163,4523.800664684335,100.0,100.0,True,,synthetic_cryptojacking,sim_user,unregistered_hash_benchmark,gpu:1,cryptojacking
14.5,2026-01-01 00:00:14.500000+00:00,,syn-attack-crypto-202,cryptojacking-steady-primary,steady,,0.58,0.5,0,10.0,287.2525507760565,94.68677285742176,57.73775086564612,2520.0,54.81110085618458,4412.903222394672,100.0,100.0,True,,synthetic_cryptojacking,sim_user,unregistered_hash_benchmark,gpu:1,cryptojacking
14.6,2026-01-01 00:00:14.600000+00:00,,syn-attack-crypto-202,cryptojacking-steady-primary,steady,,0.58,0.5,0,10.0,286.7685820095852,94.67000372620448,59.97994609543431,2520.0,54.885663684940894,4557.23652875495,100.0,100.0,True,,synthetic_cryptojacking,sim_user,unregistered_hash_benchmark,gpu:1,cryptojacking
14.7,2026-01-01 00:00:14.700000+00:00,,syn-attack-crypto-202,cryptojacking-steady-primary,steady,,0.58,0.5,0,10.0,285.81455228539045,96.5256328859754,58.17078264746337,2520.0,55.10187907036756,4377.712189174439,100.0,100.0,True,,synthetic_cryptojacking,sim_user,unregistered_hash_benchmark,gpu:1,cryptojacking
14.8,2026-01-01 00:00:14.800000+00:00,,syn-attack-crypto-202,cryptojacking-steady-primary,steady,,0.58,0.5,0,10.0,285.3680036602857,96.01596588346445,54.72078555702607,2520.0,54.54858097056616,4369.969015707728,100.0,100.0,True,,synthetic_cryptojacking,sim_user,unregistered_hash_benchmark,gpu:1,cryptojacking
14.9,2026-01-01 00:00:14.900000+00:00,,syn-attack-crypto-202,cryptojacking-steady-primary,steady,,0.58,0.5,0,10.0,284.37501898563164,97.88483005579738,55.12160038931448,2520.0,55.27695908614863,4199.2175873729575,100.0,100.0,True,,synthetic_cryptojacking,sim_user,unregistered_hash_benchmark,gpu:1,cryptojacking
15.0,2026-01-01 00:00:15+00:00,,syn-attack-crypto-202,cryptojacking-steady-primary,steady,,0.58,0.5,0,10.0,284.0031974246267,95.67503120506791,58.2504165667406,2520.0,54.9240060187908,4463.719948818653,100.0,100.0,True,,synthetic_cryptojacking,sim_user,unregistered_hash_benchmark,gpu:1,cryptojacking
15.1,2026-01-01 00:00:15.100000+00:00,,syn-attack-crypto-202,cryptojacking-steady-primary,steady,,0.58,0.5,0,10.0,283.09851559662997,96.9893864374558,55.20268012778781,2520.0,55.740270646317896,4305.23071174448,100.0,100.0,True,,synthetic_cryptojacking,sim_user,unregistered_hash_benchmark,gpu:1,cryptojacking
15.2,2026-01-01 00:00:15.200000+00:00,,syn-attack-crypto-202,cryptojacking-steady-primary,steady,,0.58,0.5,0,10.0,282.93638654206995,96.0087799210465,46.30385012780978,2520.0,55.431012227764136,3556.991117691565,100.0,100.0,True,,synthetic_cryptojacking,sim_user,unregistered_hash_benchmark,gpu:1,cryptojacking
15.3,2026-01-01 00:00:15.300000+00:00,,syn-attack-crypto-202,cryptojacking-steady-primary,steady,,0.58,0.5,0,10.0,283.5841899411619,97.86119707158154,54.4917204569426,2520.0,55.8302666822985,4138.556268372406,100.0,100.0,True,,synthetic_cryptojacking,sim_user,unregistered_hash_benchmark,gpu:1,cryptojacking
15.4,2026-01-01 00:00:15.400000+00:00,,syn-attack-crypto-202,cryptojacking-steady-primary,steady,,0.58,0.5,0,10.0,283.59342446435306,96.66271921171415,46.12885352806907,2520.0,55.66667001447681,3815.9945927995573,100.0,100.0,True,,synthetic_cryptojacking,sim_user,unregistered_hash_benchmark,gpu:1,cryptojacking
15.5,2026-01-01 00:00:15.500000+00:00,,syn-attack-crypto-202,cryptojacking-steady-primary,steady,,0.58,0.5,0,10.0,284.4993835521054,97.39373727737159,56.91979156026903,2520.0,56.017169067161305,4552.386345938681,100.0,100.0,True,,synthetic_cryptojacking,sim_user,unregistered_hash_benchmark,gpu:1,cryptojacking
15.6,2026-01-01 00:00:15.600000+00:00,,syn-attack-crypto-202,cryptojacking-steady-primary,steady,,0.58,0.5,0,10.0,283.4918398143342,95.89455908300948,54.14310814477139,2520.0,55.645962197463675,4456.946642927513,100.0,100.0,True,,synthetic_cryptojacking,sim_user,unregistered_hash_benchmark,gpu:1,cryptojacking
15.7,2026-01-01 00:00:15.700000+00:00,,syn-attack-crypto-202,cryptojacking-steady-primary,steady,,0.58,0.5,0,10.0,282.7777456705554,95.63600026635561,52.115782619603564,2520.0,55.95340673939095,4176.987450163954,100.0,100.0,True,,synthetic_cryptojacking,sim_user,unregistered_hash_benchmark,gpu:1,cryptojacking
15.8,2026-01-01 00:00:15.800000+00:00,,syn-attack-crypto-202,cryptojacking-steady-primary,steady,,0.58,0.5,0,10.0,283.34744481316187,93.86658112587136,52.77867627848425,2520.0,55.3490739337178,4273.256563069692,100.0,100.0,True,,synthetic_cryptojacking,sim_user,unregistered_hash_benchmark,gpu:1,cryptojacking
15.9,2026-01-01 00:00:15.900000+00:00,,syn-attack-crypto-202,cryptojacking-steady-primary,steady,,0.58,0.5,0,10.0,282.8348138863163,97.08860383166673,46.57247129158189,2520.0,56.197001060151806,3749.557227007404,100.0,100.0,True,,synthetic_cryptojacking,sim_user,unregistered_hash_benchmark,gpu:1,cryptojacking
16.0,2026-01-01 00:00:16+00:00,,syn-attack-crypto-202,cryptojacking-steady-primary,steady,,0.58,0.5,0,10.0,283.53673549275857,95.34606036483542,50.453247322441946,2520.0,55.13106992279402,3798.1714340205144,100.0,100.0,True,,synthetic_cryptojacking,sim_user,unregistered_hash_benchmark,gpu:1,cryptojacking
16.1,2026-01-01 00:00:16.100000+00:00,,syn-attack-crypto-202,cryptojacking-steady-primary,steady,,0.58,0.5,0,10.0,284.12848752248794,95.98369088499179,50.45897930432731,2520.0,55.38910201226024,4095.5269877973346,100.0,100.0,True,,synthetic_cryptojacking,sim_user,unregistered_hash_benchmark,gpu:1,cryptojacking
16.2,2026-01-01 00:00:16.200000+00:00,,syn-attack-crypto-202,cryptojacking-steady-primary,steady,,0.58,0.5,0,10.0,284.2447150174523,97.63108713796535,54.12887983293984,2520.0,55.76601727226837,4259.527936755872,100.0,100.0,True,,synthetic_cryptojacking,sim_user,unregistered_hash_benchmark,gpu:1,cryptojacking
16.3,2026-01-01 00:00:16.300000+00:00,,syn-attack-crypto-202,cryptojacking-steady-primary,steady,,0.58,0.5,0,10.0,285.1830361849862,95.54088576514273,51.74717825407231,2520.0,55.079072649819416,4123.344556105871,100.0,100.0,True,,synthetic_cryptojacking,sim_user,unregistered_hash_benchmark,gpu:1,cryptojacking
16.4,2026-01-01 00:00:16.400000+00:00,,syn-attack-crypto-202,cryptojacking-steady-primary,steady,,0.58,0.5,0,10.0,284.85902420521,95.31796783440923,53.174208180579775,2520.0,54.72999882802805,4111.2805466461095,100.0,100.0,True,,synthetic_cryptojacking,sim_user,unregistered_hash_benchmark,gpu:1,cryptojacking
16.5,2026-01-01 00:00:16.500000+00:00,,syn-attack-crypto-202,cryptojacking-steady-primary,steady,,0.58,0.5,0,10.0,284.4980577535186,94.77170675524737,53.061236649233194,2520.0,54.606839031302066,4235.659689604089,100.0,100.0,True,,synthetic_cryptojacking,sim_user,unregistered_hash_benchmark,gpu:1,cryptojacking
16.6,2026-01-01 00:00:16.600000+00:00,,syn-attack-crypto-202,cryptojacking-steady-primary,steady,,0.58,0.5,0,10.0,283.47531844661984,97.530479686348,48.12861499281929,2520.0,55.25074620477461,3714.38802338623,100.0,100.0,True,,synthetic_cryptojacking,sim_user,unregistered_hash_benchmark,gpu:1,cryptojacking
16.7,2026-01-01 00:00:16.700000+00:00,,syn-attack-crypto-202,cryptojacking-steady-primary,steady,,0.58,0.5,0,10.0,284.4849866530841,96.50588712926958,48.19531010496097,2520.0,55.04913112957056,3873.1599830335,100.0,100.0,True,,synthetic_cryptojacking,sim_user,unregistered_hash_benchmark,gpu:1,cryptojacking
16.8,2026-01-01 00:00:16.800000+00:00,,syn-attack-crypto-202,cryptojacking-steady-primary,steady,,0.58,0.5,0,10.0,284.86448570421953,97.535588171722,58.17390842249203,2520.0,55.19945292599362,4604.3030289193175,100.0,100.0,True,,synthetic_cryptojacking,sim_user,unregistered_hash_benchmark,gpu:1,cryptojacking
16.9,2026-01-01 00:00:16.900000+00:00,,syn-attack-crypto-202,cryptojacking-steady-primary,steady,,0.58,0.5,0,10.0,284.6302000878923,95.62105848139645,49.232486667781686,2520.0,54.924860494252684,3753.9836678116403,100.0,100.0,True,,synthetic_cryptojacking,sim_user,unregistered_hash_benchmark,gpu:1,cryptojacking
17.0,2026-01-01 00:00:17+00:00,,syn-attack-crypto-202,cryptojacking-steady-primary,steady,,0.58,0.5,0,10.0,285.24619985228634,95.15253366997676,51.6845428393444,2520.0,54.66553185812929,4122.697531721178,100.0,100.0,True,,synthetic_cryptojacking,sim_user,unregistered_hash_benchmark,gpu:1,cryptojacking
17.1,2026-01-01 00:00:17.100000+00:00,,syn-attack-crypto-202,cryptojacking-steady-primary,steady,,0.58,0.5,0,10.0,286.4296560838749,97.15912633760486,56.65785146908372,2520.0,55.35330155384464,4483.034502362224,100.0,100.0,True,,synthetic_cryptojacking,sim_user,unregistered_hash_benchmark,gpu:1,cryptojacking
17.2,2026-01-01 00:00:17.200000+00:00,,syn-attack-crypto-202,cryptojacking-steady-primary,steady,,0.58,0.5,0,10.0,286.3162811366193,95.61795266286657,51.28062523784483,2520.0,54.60501521948733,3989.4899946378096,100.0,100.0,True,,synthetic_cryptojacking,sim_user,unregistered_hash_benchmark,gpu:1,cryptojacking
17.3,2026-01-01 00:00:17.300000+00:00,,syn-attack-crypto-202,cryptojacking-steady-primary,steady,,0.58,0.5,0,10.0,286.2793106995781,93.72213247885495,60.236181044727616,2520.0,54.153830563904826,4687.3133374944655,100.0,100.0,True,,synthetic_cryptojacking,sim_user,unregistered_hash_benchmark,gpu:1,cryptojacking
17.4,2026-01-01 00:00:17.400000+00:00,,syn-attack-crypto-202,cryptojacking-steady-primary,steady,,0.58,0.5,0,10.0,285.08636758614045,96.71214119216646,49.540063316904856,2520.0,55.0291544974198,3907.961263060548,100.0,100.0,True,,synthetic_cryptojacking,sim_user,unregistered_hash_benchmark,gpu:1,cryptojacking
17.5,2026-01-01 00:00:17.500000+00:00,,syn-attack-crypto-202,cryptojacking-steady-primary,steady,,0.58,0.5,0,10.0,285.86447930235516,96.00442687591672,50.3752558785245,2520.0,54.53874159709326,4052.6837736913776,100.0,100.0,True,,synthetic_cryptojacking,sim_user,unregistered_hash_benchmark,gpu:1,cryptojacking
17.6,2026-01-01 00:00:17.600000+00:00,,syn-attack-crypto-202,cryptojacking-steady-primary,steady,,0.58,0.5,0,10.0,285.2767381895666,96.35116797209895,44.92983441779231,2520.0,54.50697007083893,3638.2546398908125,100.0,100.0,True,,synthetic_cryptojacking,sim_user,unregistered_hash_benchmark,gpu:1,cryptojacking
17.7,2026-01-01 00:00:17.700000+00:00,,syn-attack-crypto-202,cryptojacking-steady-primary,steady,,0.58,0.5,0,10.0,285.9662934131364,97.84430489639237,57.18629907522921,2520.0,54.87601987529764,4558.423077757726,100.0,100.0,True,,synthetic_cryptojacking,sim_user,unregistered_hash_benchmark,gpu:1,cryptojacking
17.8,2026-01-01 00:00:17.800000+00:00,,syn-attack-crypto-202,cryptojacking-steady-primary,steady,,0.58,0.5,0,10.0,284.88616828772894,96.21054360958465,51.372462819126106,2520.0,54.10416294180813,4053.4683055350115,100.0,100.0,True,,synthetic_cryptojacking,sim_user,unregistered_hash_benchmark,gpu:1,cryptojacking
17.9,2026-01-01 00:00:17.900000+00:00,,syn-attack-crypto-202,cryptojacking-steady-primary,steady,,0.58,0.5,0,10.0,284.6235734574374,94.91058405570804,54.66844273500498,2520.0,53.92663134712289,4543.588155939512,100.0,100.0,True,,synthetic_cryptojacking,sim_user,unregistered_hash_benchmark,gpu:1,cryptojacking
18.0,2026-01-01 00:00:18+00:00,,syn-attack-crypto-202,cryptojacking-steady-primary,steady,,0.58,0.5,0,10.0,284.8885847312927,95.10891980728135,54.37160832368565,2520.0,53.952892363243535,4313.714827339738,100.0,100.0,True,,synthetic_cryptojacking,sim_user,unregistered_hash_benchmark,gpu:1,cryptojacking
18.1,2026-01-01 00:00:18.100000+00:00,,syn-attack-crypto-202,cryptojacking-steady-primary,steady,,0.58,0.5,0,10.0,284.24123340729864,94.95478814574761,61.99019763899739,2520.0,53.99538779623072,5051.914951446639,100.0,100.0,True,,synthetic_cryptojacking,sim_user,unregistered_hash_benchmark,gpu:1,cryptojacking
18.2,2026-01-01 00:00:18.200000+00:00,,syn-attack-crypto-202,cryptojacking-steady-primary,steady,,0.58,0.5,0,10.0,282.9270607033882,96.40032211811285,55.24280961251416,2520.0,54.23490851624089,4467.403873559973,100.0,100.0,True,,synthetic_cryptojacking,sim_user,unregistered_hash_benchmark,gpu:1,cryptojacking
18.3,2026-01-01 00:00:18.300000+00:00,,syn-attack-crypto-202,cryptojacking-steady-primary,steady,,0.58,0.5,0,10.0,283.05585257439304,97.58965215945366,52.039720115005444,2520.0,54.53363216334168,4231.692998481673,100.0,100.0,True,,synthetic_cryptojacking,sim_user,unregistered_hash_benchmark,gpu:1,cryptojacking
18.4,2026-01-01 00:00:18.400000+00:00,,syn-attack-crypto-202,cryptojacking-steady-primary,steady,,0.58,0.5,0,10.0,282.5423458419275,96.56517607742316,51.30195562568844,2520.0,54.699408111915226,4050.4470864398954,100.0,100.0,True,,synthetic_cryptojacking,sim_user,unregistered_hash_benchmark,gpu:1,cryptojacking
18.5,2026-01-01 00:00:18.500000+00:00,,syn-attack-crypto-202,cryptojacking-steady-primary,steady,,0.58,0.5,0,10.0,282.80116813031225,94.24966217876324,55.033082962222544,2520.0,54.0519736969911,4257.606122631758,100.0,100.0,True,,synthetic_cryptojacking,sim_user,unregistered_hash_benchmark,gpu:1,cryptojacking
18.6,2026-01-01 00:00:18.600000+00:00,,syn-attack-crypto-202,cryptojacking-steady-primary,steady,,0.58,0.5,0,10.0,281.8932879835457,95.30570254014876,44.8188357013129,2520.0,54.43900237879126,3499.105571414389,100.0,100.0,True,,synthetic_cryptojacking,sim_user,unregistered_hash_benchmark,gpu:1,cryptojacking
18.7,2026-01-01 00:00:18.700000+00:00,,syn-attack-crypto-202,cryptojacking-steady-primary,steady,,0.58,0.5,0,10.0,282.8476237335783,94.83901734639271,50.16623754106781,2520.0,54.70703723767611,3934.8207893041213,100.0,100.0,True,,synthetic_cryptojacking,sim_user,unregistered_hash_benchmark,gpu:1,cryptojacking
18.8,2026-01-01 00:00:18.800000+00:00,,syn-attack-crypto-202,cryptojacking-steady-primary,steady,,0.58,0.5,0,10.0,282.86980074458575,95.90271085386642,46.61332124825475,2520.0,54.750685577344406,3694.847066647976,100.0,100.0,True,,synthetic_cryptojacking,sim_user,unregistered_hash_benchmark,gpu:1,cryptojacking
18.9,2026-01-01 00:00:18.900000+00:00,,syn-attack-crypto-202,cryptojacking-steady-primary,steady,,0.58,0.5,0,10.0,284.0260929946519,95.29272507560476,48.556828118871195,2520.0,54.368490549941896,3897.113853569764,100.0,100.0,True,,synthetic_cryptojacking,sim_user,unregistered_hash_benchmark,gpu:1,cryptojacking
19.0,2026-01-01 00:00:19+00:00,,syn-attack-crypto-202,cryptojacking-steady-primary,steady,,0.58,0.5,0,10.0,284.4266478373182,95.7921765111146,57.48541779540567,2520.0,54.50229747251221,4476.715921373546,100.0,100.0,True,,synthetic_cryptojacking,sim_user,unregistered_hash_benchmark,gpu:1,cryptojacking
19.1,2026-01-01 00:00:19.100000+00:00,,syn-attack-crypto-202,cryptojacking-steady-primary,steady,,0.58,0.5,0,10.0,284.09525448820017,95.80189178135942,49.05605125828063,2520.0,54.605536355728695,4008.72308101423,100.0,100.0,True,,synthetic_cryptojacking,sim_user,unregistered_hash_benchmark,gpu:1,cryptojacking
19.2,2026-01-01 00:00:19.200000+00:00,,syn-attack-crypto-202,cryptojacking-steady-primary,steady,,0.58,0.5,0,10.0,285.16459444598,95.19300422748049,50.556496689538385,2520.0,54.58538758303752,3886.0343106842115,100.0,100.0,True,,synthetic_cryptojacking,sim_user,unregistered_hash_benchmark,gpu:1,cryptojacking
19.3,2026-01-01 00:00:19.300000+00:00,,syn-attack-crypto-202,cryptojacking-steady-primary,steady,,0.58,0.5,0,10.0,285.3355740487072,93.81374905642426,54.953562893428504,2520.0,53.97870813758045,4300.492462746289,100.0,100.0,True,,synthetic_cryptojacking,sim_user,unregistered_hash_benchmark,gpu:1,cryptojacking
19.4,2026-01-01 00:00:19.400000+00:00,,syn-attack-crypto-202,cryptojacking-steady-primary,steady,,0.58,0.5,0,10.0,285.5641755820593,96.62578642550056,46.99073471563417,2520.0,54.755593463275694,3922.5141333818738,100.0,100.0,True,,synthetic_cryptojacking,sim_user,unregistered_hash_benchmark,gpu:1,cryptojacking
19.5,2026-01-01 00:00:19.500000+00:00,,syn-attack-crypto-202,cryptojacking-steady-primary,steady,,0.58,0.5,0,10.0,286.5909478765518,96.00906448640436,53.27373038841409,2520.0,54.40861236564155,4302.096046145075,100.0,100.0,True,,synthetic_cryptojacking,sim_user,unregistered_hash_benchmark,gpu:1,cryptojacking
19.6,2026-01-01 00:00:19.600000+00:00,,syn-attack-crypto-202,cryptojacking-steady-primary,steady,,0.58,0.5,0,10.0,286.96170124147,97.68177550222929,48.931399998583075,2520.0,54.59028328499724,3818.3903045732245,100.0,100.0,True,,synthetic_cryptojacking,sim_user,unregistered_hash_benchmark,gpu:1,cryptojacking
19.7,2026-01-01 00:00:19.700000+00:00,,syn-attack-crypto-202,cryptojacking-steady-primary,steady,,0.58,0.5,0,10.0,287.182919386123,97.37027096353636,54.35250293446304,2520.0,54.660839100064116,4239.471197152831,100.0,100.0,True,,synthetic_cryptojacking,sim_user,unregistered_hash_benchmark,gpu:1,cryptojacking
19.8,2026-01-01 00:00:19.800000+00:00,,syn-attack-crypto-202,cryptojacking-steady-primary,steady,,0.58,0.5,0,10.0,287.19376834387106,96.05050419178531,51.02771300289931,2520.0,54.591469557227434,4173.850655757515,100.0,100.0,True,,synthetic_cryptojacking,sim_user,unregistered_hash_benchmark,gpu:1,cryptojacking
19.9,2026-01-01 00:00:19.900000+00:00,,syn-attack-crypto-202,cryptojacking-steady-primary,steady,,0.58,0.5,0,10.0,287.4714026445584,94.53091507083535,56.034205368169545,2520.0,54.10485023760531,4506.453881022474,100.0,100.0,True,,synthetic_cryptojacking,sim_user,unregistered_hash_benchmark,gpu:1,cryptojacking
20.0,2026-01-01 00:00:20+00:00,,syn-attack-crypto-202,cryptojacking-steady-primary,steady,,0.58,0.5,0,10.0,287.3556110118852,96.02004513888424,52.4817367691391,2520.0,54.41923042630792,3979.238720956481,100.0,100.0,True,,synthetic_cryptojacking,sim_user,unregistered_hash_benchmark,gpu:1,cryptojacking
20.1,2026-01-01 00:00:20.100000+00:00,,syn-attack-crypto-202,cryptojacking-steady-primary,steady,,0.58,0.5,0,10.0,287.9113194581109,94.99548094498348,54.130973761794614,2520.0,53.91684823392528,4223.24844011871,100.0,100.0,True,,synthetic_cryptojacking,sim_user,unregistered_hash_benchmark,gpu:1,cryptojacking
20.2,2026-01-01 00:00:20.200000+00:00,,syn-attack-crypto-202,cryptojacking-steady-primary,steady,,0.58,0.5,0,10.0,288.1636627403507,95.95734818629528,58.55174390945755,2520.0,54.09856552121737,4501.848571263336,100.0,100.0,True,,synthetic_cryptojacking,sim_user,unregistered_hash_benchmark,gpu:1,cryptojacking
20.3,2026-01-01 00:00:20.300000+00:00,,syn-attack-crypto-202,cryptojacking-steady-primary,steady,,0.58,0.5,0,10.0,287.80085151713234,95.12685807122884,52.02473680759965,2520.0,53.8309308401099,3995.9317985823996,100.0,100.0,True,,synthetic_cryptojacking,sim_user,unregistered_hash_benchmark,gpu:1,cryptojacking
20.4,2026-01-01 00:00:20.400000+00:00,,syn-attack-crypto-202,cryptojacking-steady-primary,steady,,0.58,0.5,0,10.0,287.60122863644824,98.03483183387682,59.28685191452577,2520.0,54.7706708484011,4682.944510011126,100.0,100.0,True,,synthetic_cryptojacking,sim_user,unregistered_hash_benchmark,gpu:1,cryptojacking
20.5,2026-01-01 00:00:20.500000+00:00,,syn-attack-crypto-202,cryptojacking-steady-primary,steady,,0.58,0.5,0,10.0,286.7865312040525,95.58157354174953,55.452013821105275,2520.0,54.36577565172003,4331.178677816451,100.0,100.0,True,,synthetic_cryptojacking,sim_user,unregistered_hash_benchmark,gpu:1,cryptojacking
20.6,2026-01-01 00:00:20.600000+00:00,,syn-attack-crypto-202,cryptojacking-steady-primary,steady,,0.58,0.5,0,10.0,286.6955486348988,96.72682332472928,56.93112736077246,2520.0,54.67662509700699,4389.700173475239,100.0,100.0,True,,synthetic_cryptojacking,sim_user,unregistered_hash_benchmark,gpu:1,cryptojacking
20.7,2026-01-01 00:00:20.700000+00:00,,syn-attack-crypto-202,cryptojacking-steady-primary,steady,,0.58,0.5,0,10.0,285.7596231078756,94.54181283606303,49.15114020513834,2520.0,53.989060459196985,3913.2806534043334,100.0,100.0,True,,synthetic_cryptojacking,sim_user,unregistered_hash_benchmark,gpu:1,cryptojacking
20.8,2026-01-01 00:00:20.800000+00:00,,syn-attack-crypto-202,cryptojacking-steady-primary,steady,,0.58,0.5,0,10.0,285.9395550913202,96.15734823097795,53.78086625973898,2520.0,54.72895547203519,4062.215857679453,100.0,100.0,True,,synthetic_cryptojacking,sim_user,unregistered_hash_benchmark,gpu:1,cryptojacking
20.9,2026-01-01 00:00:20.900000+00:00,,syn-attack-crypto-202,cryptojacking-steady-primary,steady,,0.58,0.5,0,10.0,285.80003855938753,97.656958471059,54.35444470254837,2520.0,55.421077336370416,4155.959271242767,100.0,100.0,True,,synthetic_cryptojacking,sim_user,unregistered_hash_benchmark,gpu:1,cryptojacking
21.0,2026-01-01 00:00:21+00:00,,syn-attack-crypto-202,cryptojacking-steady-primary,steady,,0.58,0.5,0,10.0,285.945420489645,96.24487744184005,55.95791830469735,2520.0,55.12736357720514,4530.59391402512,100.0,100.0,True,,synthetic_cryptojacking,sim_user,unregistered_hash_benchmark,gpu:1,cryptojacking
21.1,2026-01-01 00:00:21.100000+00:00,,syn-attack-crypto-202,cryptojacking-steady-primary,steady,,0.58,0.5,0,10.0,285.8711695039634,95.2334253064332,56.93933018807738,2520.0,54.96244541231233,4373.27365519663,100.0,100.0,True,,synthetic_cryptojacking,sim_user,unregistered_hash_benchmark,gpu:1,cryptojacking
21.2,2026-01-01 00:00:21.200000+00:00,,syn-attack-crypto-202,cryptojacking-steady-primary,steady,,0.58,0.5,0,10.0,284.83521971969145,96.82616756469639,57.35847228634695,2520.0,55.44874311442865,4471.33889590277,100.0,100.0,True,,synthetic_cryptojacking,sim_user,unregistered_hash_benchmark,gpu:1,cryptojacking
21.3,2026-01-01 00:00:21.300000+00:00,,syn-attack-crypto-202,cryptojacking-steady-primary,steady,,0.58,0.5,0,10.0,284.67662459547597,96.25271078727224,55.521454575673495,2520.0,55.559234871421765,4269.615672092683,100.0,100.0,True,,synthetic_cryptojacking,sim_user,unregistered_hash_benchmark,gpu:1,cryptojacking
21.4,2026-01-01 00:00:21.400000+00:00,,syn-attack-crypto-202,cryptojacking-steady-primary,steady,,0.58,0.5,0,10.0,283.52857875618776,97.14260804275239,51.376717941917555,2520.0,55.63299373198662,4262.66276362937,100.0,100.0,True,,synthetic_cryptojacking,sim_user,unregistered_hash_benchmark,gpu:1,cryptojacking
21.5,2026-01-01 00:00:21.500000+00:00,,syn-attack-crypto-202,cryptojacking-steady-primary,steady,,0.58,0.5,0,10.0,283.4781522335952,97.41561422027112,51.776944821960385,2520.0,55.859755880411235,4073.802688816032,100.0,100.0,True,,synthetic_cryptojacking,sim_user,unregistered_hash_benchmark,gpu:1,cryptojacking
21.6,2026-01-01 00:00:21.600000+00:00,,syn-attack-crypto-202,cryptojacking-steady-primary,steady,,0.58,0.5,0,10.0,284.10797256326333,95.68446822749846,54.707959289714076,2520.0,55.34879386641197,4322.7034070616355,100.0,100.0,True,,synthetic_cryptojacking,sim_user,unregistered_hash_benchmark,gpu:1,cryptojacking
21.7,2026-01-01 00:00:21.700000+00:00,,syn-attack-crypto-202,cryptojacking-steady-primary,steady,,0.58,0.5,0,10.0,283.7433088360268,98.3635450948006,49.595179696507984,2520.0,56.15849183652395,3859.5902717401577,100.0,100.0,True,,synthetic_cryptojacking,sim_user,unregistered_hash_benchmark,gpu:1,cryptojacking
21.8,2026-01-01 00:00:21.800000+00:00,,syn-attack-crypto-202,cryptojacking-steady-primary,steady,,0.58,0.5,0,10.0,284.4550954497463,97.76383507507315,52.506653890906286,2520.0,55.946819468281845,4189.383989865113,100.0,100.0,True,,synthetic_cryptojacking,sim_user,unregistered_hash_benchmark,gpu:1,cryptojacking
21.9,2026-01-01 00:00:21.900000+00:00,,syn-attack-crypto-202,cryptojacking-steady-primary,steady,,0.58,0.5,0,10.0,285.740463956215,96.7554874541875,52.882097351496895,2520.0,55.565111675936194,4095.702985570326,100.0,100.0,True,,synthetic_cryptojacking,sim_user,unregistered_hash_benchmark,gpu:1,cryptojacking
22.0,2026-01-01 00:00:22+00:00,,syn-attack-crypto-202,cryptojacking-steady-primary,steady,,0.58,0.5,0,10.0,285.6884802092188,95.00259690773346,54.17390682898509,2520.0,54.9426548668381,4076.927617387132,100.0,100.0,True,,synthetic_cryptojacking,sim_user,unregistered_hash_benchmark,gpu:1,cryptojacking
22.1,2026-01-01 00:00:22.100000+00:00,,syn-attack-crypto-202,cryptojacking-steady-primary,steady,,0.58,0.5,0,10.0,285.3918119281566,97.37420673749843,55.92564074331155,2520.0,55.682966890435964,4378.911330533688,100.0,100.0,True,,synthetic_cryptojacking,sim_user,unregistered_hash_benchmark,gpu:1,cryptojacking
22.2,2026-01-01 00:00:22.200000+00:00,,syn-attack-crypto-202,cryptojacking-steady-primary,steady,,0.58,0.5,0,10.0,284.17876498733796,95.85501320159062,48.164845428820584,2520.0,55.01250523481883,3795.1298423734133,100.0,100.0,True,,synthetic_cryptojacking,sim_user,unregistered_hash_benchmark,gpu:1,cryptojacking
22.3,2026-01-01 00:00:22.300000+00:00,,syn-attack-crypto-202,cryptojacking-steady-primary,steady,,0.58,0.5,0,10.0,284.85409246007544,96.4446835577586,55.75301898943504,2520.0,55.31153544317062,4205.435407078907,100.0,100.0,True,,synthetic_cryptojacking,sim_user,unregistered_hash_benchmark,gpu:1,cryptojacking
22.4,2026-01-01 00:00:22.400000+00:00,,syn-attack-crypto-202,cryptojacking-steady-primary,steady,,0.58,0.5,0,10.0,285.1986231070567,95.88392879630116,45.215821094903056,2520.0,54.997283481475115,3638.269450473655,100.0,100.0,True,,synthetic_cryptojacking,sim_user,unregistered_hash_benchmark,gpu:1,cryptojacking
22.5,2026-01-01 00:00:22.500000+00:00,,syn-attack-crypto-202,cryptojacking-steady-primary,steady,,0.58,0.5,0,10.0,286.15052115695727,93.28618817317887,48.81193361483745,2520.0,54.43621727336954,3820.1016708895004,100.0,100.0,True,,synthetic_cryptojacking,sim_user,unregistered_hash_benchmark,gpu:1,cryptojacking
22.6,2026-01-01 00:00:22.600000+00:00,,syn-attack-crypto-202,cryptojacking-steady-primary,steady,,0.58,0.5,0,10.0,286.47780843005455,96.95927357809222,57.068376369841566,2520.0,55.25300269286876,4574.850480591654,100.0,100.0,True,,synthetic_cryptojacking,sim_user,unregistered_hash_benchmark,gpu:1,cryptojacking
22.7,2026-01-01 00:00:22.700000+00:00,,syn-attack-crypto-202,cryptojacking-steady-primary,steady,,0.58,0.5,0,10.0,287.405000561396,94.56794506189043,50.8848307489483,2520.0,54.720143459982125,4036.9017316126638,100.0,100.0,True,,synthetic_cryptojacking,sim_user,unregistered_hash_benchmark,gpu:1,cryptojacking
22.8,2026-01-01 00:00:22.800000+00:00,,syn-attack-crypto-202,cryptojacking-steady-primary,steady,,0.58,0.5,0,10.0,287.6143875715908,95.6489331605364,54.36586533339418,2520.0,55.17872899708984,4140.660907541131,100.0,100.0,True,,synthetic_cryptojacking,sim_user,unregistered_hash_benchmark,gpu:1,cryptojacking
22.9,2026-01-01 00:00:22.900000+00:00,,syn-attack-crypto-202,cryptojacking-steady-primary,steady,,0.58,0.5,0,10.0,287.49473890542276,95.57157575717717,62.61215412298841,2520.0,55.230295476113064,4882.5117227885985,100.0,100.0,True,,synthetic_cryptojacking,sim_user,unregistered_hash_benchmark,gpu:1,cryptojacking
23.0,2026-01-01 00:00:23+00:00,,syn-attack-crypto-202,cryptojacking-steady-primary,steady,,0.58,0.5,0,10.0,286.40985363545514,96.72017126211136,52.40521647228841,2520.0,55.34858549376712,4145.252503829154,100.0,100.0,True,,synthetic_cryptojacking,sim_user,unregistered_hash_benchmark,gpu:1,cryptojacking
23.1,2026-01-01 00:00:23.100000+00:00,,syn-attack-crypto-202,cryptojacking-steady-primary,steady,,0.58,0.5,0,10.0,286.0462779050466,95.2151969606182,51.68015598472383,2520.0,55.06102283742189,4156.428645364671,100.0,100.0,True,,synthetic_cryptojacking,sim_user,unregistered_hash_benchmark,gpu:1,cryptojacking
23.2,2026-01-01 00:00:23.200000+00:00,,syn-attack-crypto-202,cryptojacking-steady-primary,steady,,0.58,0.5,0,10.0,286.4758625312705,95.64329144985082,44.298824255901465,2520.0,55.25140211596254,3622.1426258208226,100.0,100.0,True,,synthetic_cryptojacking,sim_user,unregistered_hash_benchmark,gpu:1,cryptojacking
23.3,2026-01-01 00:00:23.300000+00:00,,syn-attack-crypto-202,cryptojacking-steady-primary,steady,,0.58,0.5,0,10.0,288.01373563796994,96.86464134026033,54.663022665178715,2520.0,55.627612725687435,4169.626646634028,100.0,100.0,True,,synthetic_cryptojacking,sim_user,unregistered_hash_benchmark,gpu:1,cryptojacking
23.4,2026-01-01 00:00:23.400000+00:00,,syn-attack-crypto-202,cryptojacking-steady-primary,steady,,0.58,0.5,0,10.0,288.36004233593206,95.96842251899746,58.52294511155119,2520.0,55.13656359406762,4618.1987516539875,100.0,100.0,True,,synthetic_cryptojacking,sim_user,unregistered_hash_benchmark,gpu:1,cryptojacking
23.5,2026-01-01 00:00:23.500000+00:00,,syn-attack-crypto-202,cryptojacking-steady-primary,steady,,0.58,0.5,0,10.0,288.09903308078043,94.7887927766884,52.99019912324149,2500.56697446826,54.551740655020325,4145.1621328352585,100.0,100.0,True,,synthetic_cryptojacking,sim_user,unregistered_hash_benchmark,gpu:1,cryptojacking
23.6,2026-01-01 00:00:23.600000+00:00,,syn-attack-crypto-202,cryptojacking-steady-primary,steady,,0.58,0.5,0,10.0,287.67367644070777,94.32950445596843,52.26588557362785,2520.0,54.20411744874936,4158.8467336369185,100.0,100.0,True,,synthetic_cryptojacking,sim_user,unregistered_hash_benchmark,gpu:1,cryptojacking
23.7,2026-01-01 00:00:23.700000+00:00,,syn-attack-crypto-202,cryptojacking-steady-primary,steady,,0.58,0.5,0,10.0,287.4242605241505,95.82621805066994,64.60448658556362,2520.0,54.52541790055566,5037.6502140808825,100.0,100.0,True,,synthetic_cryptojacking,sim_user,unregistered_hash_benchmark,gpu:1,cryptojacking
23.8,2026-01-01 00:00:23.800000+00:00,,syn-attack-crypto-202,cryptojacking-steady-primary,steady,,0.58,0.5,0,10.0,287.36108476551993,96.78469307648857,53.9466478466915,2520.0,54.80920775158806,4366.830628051932,100.0,100.0,True,,synthetic_cryptojacking,sim_user,unregistered_hash_benchmark,gpu:1,cryptojacking
23.9,2026-01-01 00:00:23.900000+00:00,,syn-attack-crypto-202,cryptojacking-steady-primary,steady,,0.58,0.5,0,10.0,286.7262539589162,95.55599898664312,53.26184327547429,2520.0,54.65524659101798,4168.934497840372,100.0,100.0,True,,synthetic_cryptojacking,sim_user,unregistered_hash_benchmark,gpu:1,cryptojacking
24.0,2026-01-01 00:00:24+00:00,,syn-attack-crypto-202,cryptojacking-steady-primary,steady,,0.58,0.5,0,10.0,286.0230155137075,94.76479296872395,52.621433213624066,2520.0,54.072961465997935,4065.1546584459024,100.0,100.0,True,,synthetic_cryptojacking,sim_user,unregistered_hash_benchmark,gpu:1,cryptojacking
24.1,2026-01-01 00:00:24.100000+00:00,,syn-attack-crypto-202,cryptojacking-steady-primary,steady,,0.58,0.5,0,10.0,285.9550584462255,95.18216931015482,48.359848971117515,2520.0,54.054620003301665,3759.989759526547,100.0,100.0,True,,synthetic_cryptojacking,sim_user,unregistered_hash_benchmark,gpu:1,cryptojacking
24.2,2026-01-01 00:00:24.200000+00:00,,syn-attack-crypto-202,cryptojacking-steady-primary,steady,,0.58,0.5,0,10.0,285.7316319921232,97.21280467998189,56.559184941144,2520.0,54.66359068603482,4354.322323666189,100.0,100.0,True,,synthetic_cryptojacking,sim_user,unregistered_hash_benchmark,gpu:1,cryptojacking
24.3,2026-01-01 00:00:24.300000+00:00,,syn-attack-crypto-202,cryptojacking-steady-primary,steady,,0.58,0.5,0,10.0,284.8245962249689,93.66091594154871,56.74180106529047,2520.0,53.816812928684136,4331.170527334907,100.0,100.0,True,,synthetic_cryptojacking,sim_user,unregistered_hash_benchmark,gpu:1,cryptojacking
24.4,2026-01-01 00:00:24.400000+00:00,,syn-attack-crypto-202,cryptojacking-steady-primary,steady,,0.58,0.5,0,10.0,283.5671545727881,94.73839736192988,56.54108741916344,2520.0,54.447404042523075,4252.157089681303,100.0,100.0,True,,synthetic_cryptojacking,sim_user,unregistered_hash_benchmark,gpu:1,cryptojacking
24.5,2026-01-01 00:00:24.500000+00:00,,syn-attack-crypto-202,cryptojacking-steady-primary,steady,,0.58,0.5,0,10.0,282.5328947434006,94.06842941098574,55.18106745681043,2520.0,54.3728007962239,4284.947321571578,100.0,100.0,True,,synthetic_cryptojacking,sim_user,unregistered_hash_benchmark,gpu:1,cryptojacking
24.6,2026-01-01 00:00:24.600000+00:00,,syn-attack-crypto-202,cryptojacking-steady-primary,steady,,0.58,0.5,0,10.0,282.0453663222843,95.31430118186708,49.53609031345049,2520.0,54.69429499627769,3818.1747283290824,100.0,100.0,True,,synthetic_cryptojacking,sim_user,unregistered_hash_benchmark,gpu:1,cryptojacking
24.7,2026-01-01 00:00:24.700000+00:00,,syn-attack-crypto-202,cryptojacking-steady-primary,steady,,0.58,0.5,0,10.0,282.7056358286003,95.98532712844757,50.981727977787294,2520.0,54.99909382883154,3935.974479850847,100.0,100.0,True,,synthetic_cryptojacking,sim_user,unregistered_hash_benchmark,gpu:1,cryptojacking
24.8,2026-01-01 00:00:24.800000+00:00,,syn-attack-crypto-202,cryptojacking-steady-primary,steady,,0.58,0.5,0,10.0,282.97231034970577,95.52976554735129,63.88549103278963,2520.0,54.74275856888315,4958.908742030209,100.0,100.0,True,,synthetic_cryptojacking,sim_user,unregistered_hash_benchmark,gpu:1,cryptojacking
24.9,2026-01-01 00:00:24.900000+00:00,,syn-attack-crypto-202,cryptojacking-steady-primary,steady,,0.58,0.5,0,10.0,282.0319306178661,95.51625797115896,47.66249744064692,2520.0,55.16216434599989,3714.1462652158652,100.0,100.0,True,,synthetic_cryptojacking,sim_user,unregistered_hash_benchmark,gpu:1,cryptojacking
25.0,2026-01-01 00:00:25+00:00,,syn-attack-crypto-202,cryptojacking-steady-primary,steady,,0.58,0.5,0,10.0,282.4025454159961,93.97804042798629,46.20546775037679,2520.0,54.77882331064703,3683.8638460343714,100.0,100.0,True,,synthetic_cryptojacking,sim_user,unregistered_hash_benchmark,gpu:1,cryptojacking
25.1,2026-01-01 00:00:25.100000+00:00,,syn-attack-crypto-202,cryptojacking-steady-primary,steady,,0.58,0.5,0,10.0,281.8086724880304,95.91801039177224,52.65768060245895,2520.0,55.25411720388266,4107.81143022206,100.0,100.0,True,,synthetic_cryptojacking,sim_user,unregistered_hash_benchmark,gpu:1,cryptojacking
25.2,2026-01-01 00:00:25.200000+00:00,,syn-attack-crypto-202,cryptojacking-steady-primary,steady,,0.58,0.5,0,10.0,281.46169568568126,96.78352738609242,47.27444311678314,2520.0,55.42212964547025,3664.309305592741,100.0,100.0,True,,synthetic_cryptojacking,sim_user,unregistered_hash_benchmark,gpu:1,cryptojacking
25.3,2026-01-01 00:00:25.300000+00:00,,syn-attack-crypto-202,cryptojacking-steady-primary,steady,,0.58,0.5,0,10.0,281.34776388006844,94.70593793893553,47.19849348261066,2509.4251634352254,54.49667094540325,3803.39293401835,100.0,100.0,True,,synthetic_cryptojacking,sim_user,unregistered_hash_benchmark,gpu:1,cryptojacking
25.4,2026-01-01 00:00:25.400000+00:00,,syn-attack-crypto-202,cryptojacking-steady-primary,steady,,0.58,0.5,0,10.0,282.0028963184982,98.371420403242,48.267091980030955,2520.0,55.406427202149885,3915.2921453944205,100.0,100.0,True,,synthetic_cryptojacking,sim_user,unregistered_hash_benchmark,gpu:1,cryptojacking
25.5,2026-01-01 00:00:25.500000+00:00,,syn-attack-crypto-202,cryptojacking-steady-primary,steady,,0.58,0.5,0,10.0,282.89553404595085,96.09875358377259,48.187796842566534,2520.0,54.921018463643854,3962.8330851818296,100.0,100.0,True,,synthetic_cryptojacking,sim_user,unregistered_hash_benchmark,gpu:1,cryptojacking
25.6,2026-01-01 00:00:25.600000+00:00,,syn-attack-crypto-202,cryptojacking-steady-primary,steady,,0.58,0.5,0,10.0,283.1422039024932,96.27026576262774,52.101827344389925,2520.0,55.19083822477857,4288.793074257319,100.0,100.0,True,,synthetic_cryptojacking,sim_user,unregistered_hash_benchmark,gpu:1,cryptojacking
25.7,2026-01-01 00:00:25.700000+00:00,,syn-attack-crypto-202,cryptojacking-steady-primary,steady,,0.58,0.5,0,10.0,283.16223661309334,97.04974467470421,56.30095589009194,2520.0,55.3518322310553,4374.975676690533,100.0,100.0,True,,synthetic_cryptojacking,sim_user,unregistered_hash_benchmark,gpu:1,cryptojacking
25.8,2026-01-01 00:00:25.800000+00:00,,syn-attack-crypto-202,cryptojacking-steady-primary,steady,,0.58,0.5,0,10.0,283.0983084606934,92.98149844031725,51.67635798504378,2520.0,53.93475767486289,3943.9236525471447,100.0,100.0,True,,synthetic_cryptojacking,sim_user,unregistered_hash_benchmark,gpu:1,cryptojacking
25.9,2026-01-01 00:00:25.900000+00:00,,syn-attack-crypto-202,cryptojacking-steady-primary,steady,,0.58,0.5,0,10.0,283.5644059374871,96.74600822542475,56.279082865540964,2520.0,55.11963070418755,4288.32469406264,100.0,100.0,True,,synthetic_cryptojacking,sim_user,unregistered_hash_benchmark,gpu:1,cryptojacking
26.0,2026-01-01 00:00:26+00:00,,syn-attack-crypto-202,cryptojacking-steady-primary,steady,,0.58,0.5,0,10.0,282.8668245485478,96.89011283465706,51.67952783911448,2520.0,55.23913727841551,3965.6320484432467,100.0,100.0,True,,synthetic_cryptojacking,sim_user,unregistered_hash_benchmark,gpu:1,cryptojacking
26.1,2026-01-01 00:00:26.100000+00:00,,syn-attack-crypto-202,cryptojacking-steady-primary,steady,,0.58,0.5,0,10.0,283.45945301502286,94.39277242793158,41.20748858424897,2520.0,54.59030369955847,3363.0347452880274,100.0,100.0,True,,synthetic_cryptojacking,sim_user,unregistered_hash_benchmark,gpu:1,cryptojacking
26.2,2026-01-01 00:00:26.200000+00:00,,syn-attack-crypto-202,cryptojacking-steady-primary,steady,,0.58,0.5,0,10.0,284.44027185979684,97.05485870853289,50.22955131600477,2520.0,55.654048902434404,4120.5651074792795,100.0,100.0,True,,synthetic_cryptojacking,sim_user,unregistered_hash_benchmark,gpu:1,cryptojacking
26.3,2026-01-01 00:00:26.300000+00:00,,syn-attack-crypto-202,cryptojacking-steady-primary,steady,,0.58,0.5,0,10.0,285.18411919886944,97.30179085011876,46.55688813260463,2520.0,55.58533977316251,3605.8943827119415,100.0,100.0,True,,synthetic_cryptojacking,sim_user,unregistered_hash_benchmark,gpu:1,cryptojacking
26.4,2026-01-01 00:00:26.400000+00:00,,syn-attack-crypto-202,cryptojacking-steady-primary,steady,,0.58,0.5,0,10.0,284.75406318112806,95.42832939431914,53.36097424125377,2520.0,54.712390015792494,4047.6458654609205,100.0,100.0,True,,synthetic_cryptojacking,sim_user,unregistered_hash_benchmark,gpu:1,cryptojacking
26.5,2026-01-01 00:00:26.500000+00:00,,syn-attack-crypto-202,cryptojacking-steady-primary,steady,,0.58,0.5,0,10.0,284.4495141948639,98.96543739931921,56.44901332945653,2520.0,55.24955652236283,4307.491243206298,100.0,100.0,True,,synthetic_cryptojacking,sim_user,unregistered_hash_benchmark,gpu:1,cryptojacking
26.6,2026-01-01 00:00:26.600000+00:00,,syn-attack-crypto-202,cryptojacking-steady-primary,steady,,0.58,0.5,0,10.0,284.3734727031717,97.40750391030721,51.078304259733414,2520.0,54.90307069755105,3935.5864416031723,100.0,100.0,True,,synthetic_cryptojacking,sim_user,unregistered_hash_benchmark,gpu:1,cryptojacking
26.7,2026-01-01 00:00:26.700000+00:00,,syn-attack-crypto-202,cryptojacking-steady-primary,steady,,0.58,0.5,0,10.0,284.0711036302594,96.6391015850326,52.48097489999362,2520.0,54.50961930498655,4361.7713553885405,100.0,100.0,True,,synthetic_cryptojacking,sim_user,unregistered_hash_benchmark,gpu:1,cryptojacking
26.8,2026-01-01 00:00:26.800000+00:00,,syn-attack-crypto-202,cryptojacking-steady-primary,steady,,0.58,0.5,0,10.0,282.982861748433,95.09716999946048,54.66447207758817,2499.389621162432,53.930608398381715,4354.978764262109,100.0,100.0,True,,synthetic_cryptojacking,sim_user,unregistered_hash_benchmark,gpu:1,cryptojacking
26.9,2026-01-01 00:00:26.900000+00:00,,syn-attack-crypto-202,cryptojacking-steady-primary,steady,,0.58,0.5,0,10.0,282.1479448878249,96.3944268339786,57.6551263973423,2520.0,54.2487313397652,4422.063613763037,100.0,100.0,True,,synthetic_cryptojacking,sim_user,unregistered_hash_benchmark,gpu:1,cryptojacking
27.0,2026-01-01 00:00:27+00:00,,syn-attack-crypto-202,cryptojacking-steady-primary,steady,,0.58,0.5,0,10.0,281.47965867346915,96.6734360982522,50.100451972930664,2520.0,54.43100533066473,4074.1921147164353,100.0,100.0,True,,synthetic_cryptojacking,sim_user,unregistered_hash_benchmark,gpu:1,cryptojacking
27.1,2026-01-01 00:00:27.100000+00:00,,syn-attack-crypto-202,cryptojacking-steady-primary,steady,,0.58,0.5,0,10.0,282.00903391368024,96.52443007926071,56.69353282862648,2520.0,54.37197285070504,4370.271256185782,100.0,100.0,True,,synthetic_cryptojacking,sim_user,unregistered_hash_benchmark,gpu:1,cryptojacking
27.2,2026-01-01 00:00:27.200000+00:00,,syn-attack-crypto-202,cryptojacking-steady-primary,steady,,0.58,0.5,0,10.0,281.8600310008802,94.09313670203483,49.673894769017046,2520.0,53.9011600353522,3967.965222543105,100.0,100.0,True,,synthetic_cryptojacking,sim_user,unregistered_hash_benchmark,gpu:1,cryptojacking
27.3,2026-01-01 00:00:27.300000+00:00,,syn-attack-crypto-202,cryptojacking-steady-primary,steady,,0.58,0.5,0,10.0,282.06909144430426,95.52066846718235,55.93160326710094,2520.0,54.56483020862157,4402.5757568811405,100.0,100.0,True,,synthetic_cryptojacking,sim_user,unregistered_hash_benchmark,gpu:1,cryptojacking
27.4,2026-01-01 00:00:27.400000+00:00,,syn-attack-crypto-202,cryptojacking-steady-primary,steady,,0.58,0.5,0,10.0,280.97367537232935,96.41461800801814,42.28445011332524,2520.0,55.247285239503945,3511.322552623656,100.0,100.0,True,,synthetic_cryptojacking,sim_user,unregistered_hash_benchmark,gpu:1,cryptojacking
27.5,2026-01-01 00:00:27.500000+00:00,,syn-attack-crypto-202,cryptojacking-steady-primary,steady,,0.58,0.5,0,10.0,281.67491688663375,95.24416303662906,50.57965166539944,2520.0,54.897493824975996,4050.9031258189575,100.0,100.0,True,,synthetic_cryptojacking,sim_user,unregistered_hash_benchmark,gpu:1,cryptojacking
27.6,2026-01-01 00:00:27.600000+00:00,,syn-attack-crypto-202,cryptojacking-steady-primary,steady,,0.58,0.5,0,10.0,282.09329842649714,95.73066415918996,54.00072292049379,2520.0,55.18025336534757,4404.130054274262,100.0,100.0,True,,synthetic_cryptojacking,sim_user,unregistered_hash_benchmark,gpu:1,cryptojacking
27.7,2026-01-01 00:00:27.700000+00:00,,syn-attack-crypto-202,cryptojacking-steady-primary,steady,,0.58,0.5,0,10.0,282.34272616222745,96.48166521126882,47.90824513363425,2520.0,55.31560312355649,4019.244361494648,100.0,100.0,True,,synthetic_cryptojacking,sim_user,unregistered_hash_benchmark,gpu:1,cryptojacking
27.8,2026-01-01 00:00:27.800000+00:00,,syn-attack-crypto-202,cryptojacking-steady-primary,steady,,0.58,0.5,0,10.0,282.96363766871013,95.81171301662883,42.44938262729924,2520.0,55.09254862597843,3572.3475654194344,100.0,100.0,True,,synthetic_cryptojacking,sim_user,unregistered_hash_benchmark,gpu:1,cryptojacking
27.9,2026-01-01 00:00:27.900000+00:00,,syn-attack-crypto-202,cryptojacking-steady-primary,steady,,0.58,0.5,0,10.0,284.9945385716996,94.90437385245073,47.21116582338141,2520.0,54.61630891875889,3903.760385670771,100.0,100.0,True,,synthetic_cryptojacking,sim_user,unregistered_hash_benchmark,gpu:1,cryptojacking
28.0,2026-01-01 00:00:28+00:00,,syn-attack-crypto-202,cryptojacking-steady-primary,steady,,0.58,0.5,0,10.0,285.2677553517338,94.18400195779554,50.55847402911127,2520.0,54.38131219207445,3957.1493440854642,100.0,100.0,True,,synthetic_cryptojacking,sim_user,unregistered_hash_benchmark,gpu:1,cryptojacking
28.1,2026-01-01 00:00:28.100000+00:00,,syn-attack-crypto-202,cryptojacking-steady-primary,steady,,0.58,0.5,0,10.0,285.3885596363996,97.92944262474353,55.449757676358594,2520.0,55.542547248908924,4333.346771932175,100.0,100.0,True,,synthetic_cryptojacking,sim_user,unregistered_hash_benchmark,gpu:1,cryptojacking
28.2,2026-01-01 00:00:28.200000+00:00,,syn-attack-crypto-202,cryptojacking-steady-primary,steady,,0.58,0.5,0,10.0,285.28752721075864,96.80719895487718,55.537830077574895,2520.0,55.09089885242398,4363.783044823723,100.0,100.0,True,,synthetic_cryptojacking,sim_user,unregistered_hash_benchmark,gpu:1,cryptojacking
28.3,2026-01-01 00:00:28.300000+00:00,,syn-attack-crypto-202,cryptojacking-steady-primary,steady,,0.58,0.5,0,10.0,284.915280774964,97.0013511336561,53.113144608540736,2520.0,55.126675047153064,4131.75403194683,100.0,100.0,True,,synthetic_cryptojacking,sim_user,unregistered_hash_benchmark,gpu:1,cryptojacking
28.4,2026-01-01 00:00:28.400000+00:00,,syn-attack-crypto-202,cryptojacking-steady-primary,steady,,0.58,0.5,0,10.0,284.3234387508912,96.1915923466733,46.660949967441766,2520.0,55.0784076672155,3861.132170870775,100.0,100.0,True,,synthetic_cryptojacking,sim_user,unregistered_hash_benchmark,gpu:1,cryptojacking
28.5,2026-01-01 00:00:28.500000+00:00,,syn-attack-crypto-202,cryptojacking-steady-primary,steady,,0.58,0.5,0,10.0,284.40249123163915,96.06786148584894,48.26465935201058,2520.0,55.132095385535834,3658.558757074682,100.0,100.0,True,,synthetic_cryptojacking,sim_user,unregistered_hash_benchmark,gpu:1,cryptojacking
28.6,2026-01-01 00:00:28.600000+00:00,,syn-attack-crypto-202,cryptojacking-steady-primary,steady,,0.58,0.5,0,10.0,284.9313195761064,97.26983319260407,55.3755278019838,2520.0,55.13159276927379,4316.089037004567,100.0,100.0,True,,synthetic_cryptojacking,sim_user,unregistered_hash_benchmark,gpu:1,cryptojacking
28.7,2026-01-01 00:00:28.700000+00:00,,syn-attack-crypto-202,cryptojacking-steady-primary,steady,,0.58,0.5,0,10.0,284.9044792466585,97.3043674137063,57.06122378490458,2520.0,55.157070429013444,4518.666100215106,100.0,100.0,True,,synthetic_cryptojacking,sim_user,unregistered_hash_benchmark,gpu:1,cryptojacking
28.8,2026-01-01 00:00:28.800000+00:00,,syn-attack-crypto-202,cryptojacking-steady-primary,steady,,0.58,0.5,0,10.0,285.3174955184567,95.44167862427258,52.80027376783366,2520.0,54.57079984583332,4224.735213926745,100.0,100.0,True,,synthetic_cryptojacking,sim_user,unregistered_hash_benchmark,gpu:1,cryptojacking
28.9,2026-01-01 00:00:28.900000+00:00,,syn-attack-crypto-202,cryptojacking-steady-primary,steady,,0.58,0.5,0,10.0,285.3044446628416,94.9019547950737,59.820943551751405,2520.0,54.19569546785688,4636.857015139795,100.0,100.0,True,,synthetic_cryptojacking,sim_user,unregistered_hash_benchmark,gpu:1,cryptojacking
29.0,2026-01-01 00:00:29+00:00,,syn-attack-crypto-202,cryptojacking-steady-primary,steady,,0.58,0.5,0,10.0,283.1746697278205,97.02558957947838,50.782142137547474,2520.0,54.510441955327586,4065.5649308892794,100.0,100.0,True,,synthetic_cryptojacking,sim_user,unregistered_hash_benchmark,gpu:1,cryptojacking
29.1,2026-01-01 00:00:29.100000+00:00,,syn-attack-crypto-202,cryptojacking-steady-primary,steady,,0.58,0.5,0,10.0,282.81762531192464,93.99990997914573,51.52030114591266,2520.0,53.93641830824525,4030.310730931342,100.0,100.0,True,,synthetic_cryptojacking,sim_user,unregistered_hash_benchmark,gpu:1,cryptojacking
29.2,2026-01-01 00:00:29.200000+00:00,,syn-attack-crypto-202,cryptojacking-steady-primary,steady,,0.58,0.5,0,10.0,282.0762749611516,96.89914359324688,53.99400786339544,2520.0,54.482139605033474,4094.7233136668997,100.0,100.0,True,,synthetic_cryptojacking,sim_user,unregistered_hash_benchmark,gpu:1,cryptojacking
29.3,2026-01-01 00:00:29.300000+00:00,,syn-attack-crypto-202,cryptojacking-steady-primary,steady,,0.58,0.5,0,10.0,281.55959155472,94.87824776593719,51.20113828866493,2520.0,53.899651473989834,4115.325512931456,100.0,100.0,True,,synthetic_cryptojacking,sim_user,unregistered_hash_benchmark,gpu:1,cryptojacking
29.4,2026-01-01 00:00:29.400000+00:00,,syn-attack-crypto-202,cryptojacking-steady-primary,steady,,0.58,0.5,0,10.0,281.8854001057335,94.70147974412923,46.64000553246064,2520.0,53.77428682225781,3645.555570235552,100.0,100.0,True,,synthetic_cryptojacking,sim_user,unregistered_hash_benchmark,gpu:1,cryptojacking
29.5,2026-01-01 00:00:29.500000+00:00,,syn-attack-crypto-202,cryptojacking-steady-primary,steady,,0.58,0.5,0,10.0,282.63728031638044,95.94634775692477,47.22172727366165,2520.0,54.469967668318745,3713.2506514655265,100.0,100.0,True,,synthetic_cryptojacking,sim_user,unregistered_hash_benchmark,gpu:1,cryptojacking
29.6,2026-01-01 00:00:29.600000+00:00,,syn-attack-crypto-202,cryptojacking-steady-primary,steady,,0.58,0.5,0,10.0,283.3995420368905,94.0630228402273,51.815687528230235,2520.0,53.9781492482189,4044.2879406745606,100.0,100.0,True,,synthetic_cryptojacking,sim_user,unregistered_hash_benchmark,gpu:1,cryptojacking
29.7,2026-01-01 00:00:29.700000+00:00,,syn-attack-crypto-202,cryptojacking-steady-primary,steady,,0.58,0.5,0,10.0,282.7339105941686,95.501201683068,54.166585572597796,2520.0,54.569038968026476,4171.926845718046,100.0,100.0,True,,synthetic_cryptojacking,sim_user,unregistered_hash_benchmark,gpu:1,cryptojacking
29.8,2026-01-01 00:00:29.800000+00:00,,syn-attack-crypto-202,cryptojacking-steady-primary,steady,,0.58,0.5,0,10.0,282.37339701384377,95.89356934862762,59.919828040935386,2520.0,54.985686627867196,4628.286520215658,100.0,100.0,True,,synthetic_cryptojacking,sim_user,unregistered_hash_benchmark,gpu:1,cryptojacking
29.9,2026-01-01 00:00:29.900000+00:00,,syn-attack-crypto-202,cryptojacking-steady-primary,steady,,0.58,0.5,0,10.0,281.53649633959054,96.96685470110245,53.52427308067746,2520.0,55.31246785191293,4086.308105314197,100.0,100.0,True,,synthetic_cryptojacking,sim_user,unregistered_hash_benchmark,gpu:1,cryptojacking
30.0,2026-01-01 00:00:30+00:00,,syn-attack-crypto-202,cryptojacking-steady-primary,steady,,0.58,0.5,0,10.0,282.4612640796608,96.28914102456281,41.84187654978445,2520.0,55.170024109696115,3332.35717167213,100.0,100.0,True,,synthetic_cryptojacking,sim_user,unregistered_hash_benchmark,gpu:1,cryptojacking
30.1,2026-01-01 00:00:30.100000+00:00,,syn-attack-crypto-202,cryptojacking-steady-primary,steady,,0.58,0.5,0,10.0,284.32873800690015,94.79712793864074,46.414497375203425,2520.0,54.83298874124142,3648.714311778949,100.0,100.0,True,,synthetic_cryptojacking,sim_user,unregistered_hash_benchmark,gpu:1,cryptojacking
30.2,2026-01-01 00:00:30.200000+00:00,,syn-attack-crypto-202,cryptojacking-steady-primary,steady,,0.58,0.5,0,10.0,284.89245743242566,94.68003484199664,45.37048673367814,2520.0,54.64656554997447,3722.0679048264738,100.0,100.0,True,,synthetic_cryptojacking,sim_user,unregistered_hash_benchmark,gpu:1,cryptojacking
30.3,2026-01-01 00:00:30.300000+00:00,,syn-attack-crypto-202,cryptojacking-steady-primary,steady,,0.58,0.5,0,10.0,286.05246755903875,96.18839180964528,49.056280405816096,2520.0,55.332083224789336,3859.202919620422,100.0,100.0,True,,synthetic_cryptojacking,sim_user,unregistered_hash_benchmark,gpu:1,cryptojacking
30.4,2026-01-01 00:00:30.400000+00:00,,syn-attack-crypto-202,cryptojacking-steady-primary,steady,,0.58,0.5,0,10.0,286.54687179542924,94.79961590042318,54.0250060115506,2520.0,55.15769098489235,4238.2805996887255,100.0,100.0,True,,synthetic_cryptojacking,sim_user,unregistered_hash_benchmark,gpu:1,cryptojacking
30.5,2026-01-01 00:00:30.500000+00:00,,syn-attack-crypto-202,cryptojacking-steady-primary,steady,,0.58,0.5,0,10.0,286.19688642039324,95.15553756866471,53.50628318964841,2520.0,55.21093516649199,4070.010281773747,100.0,100.0,True,,synthetic_cryptojacking,sim_user,unregistered_hash_benchmark,gpu:1,cryptojacking
30.6,2026-01-01 00:00:30.600000+00:00,,syn-attack-crypto-202,cryptojacking-steady-primary,steady,,0.58,0.5,0,10.0,285.90452574257847,96.39494335681353,54.17635799408941,2520.0,55.256819631455684,4397.993930771378,100.0,100.0,True,,synthetic_cryptojacking,sim_user,unregistered_hash_benchmark,gpu:1,cryptojacking
30.7,2026-01-01 00:00:30.700000+00:00,,syn-attack-crypto-202,cryptojacking-steady-primary,steady,,0.58,0.5,0,10.0,284.9664100175716,95.70807605811524,46.86291010211548,2520.0,54.884784940997406,3820.1715323968565,100.0,100.0,True,,synthetic_cryptojacking,sim_user,unregistered_hash_benchmark,gpu:1,cryptojacking
30.8,2026-01-01 00:00:30.800000+00:00,,syn-attack-crypto-202,cryptojacking-steady-primary,steady,,0.58,0.5,0,10.0,286.3342897101755,96.53050870862792,51.56018492979753,2520.0,55.16475418988092,4069.595822703104,100.0,100.0,True,,synthetic_cryptojacking,sim_user,unregistered_hash_benchmark,gpu:1,cryptojacking
30.9,2026-01-01 00:00:30.900000+00:00,,syn-attack-crypto-202,cryptojacking-steady-primary,steady,,0.58,0.5,0,10.0,286.56691065281854,93.4145899780212,51.19166345367353,2520.0,53.88721265800514,3991.6369821482394,100.0,100.0,True,,synthetic_cryptojacking,sim_user,unregistered_hash_benchmark,gpu:1,cryptojacking
31.0,2026-01-01 00:00:31+00:00,,syn-attack-crypto-202,cryptojacking-steady-primary,steady,,0.58,0.5,0,10.0,286.0470341744378,94.56017191473391,60.338553660792556,2520.0,53.972119544512175,4638.912143607228,100.0,100.0,True,,synthetic_cryptojacking,sim_user,unregistered_hash_benchmark,gpu:1,cryptojacking
31.1,2026-01-01 00:00:31.100000+00:00,,syn-attack-crypto-202,cryptojacking-steady-primary,steady,,0.58,0.5,0,10.0,284.89149869015614,96.16821391809829,58.209137200935466,2520.0,54.611961128986756,4597.713589190321,100.0,100.0,True,,synthetic_cryptojacking,sim_user,unregistered_hash_benchmark,gpu:1,cryptojacking
31.2,2026-01-01 00:00:31.200000+00:00,,syn-attack-crypto-202,cryptojacking-steady-primary,steady,,0.58,0.5,0,10.0,284.0198361190907,96.06267659820885,52.07128008259046,2520.0,54.341694129799556,4053.6279520774556,100.0,100.0,True,,synthetic_cryptojacking,sim_user,unregistered_hash_benchmark,gpu:1,cryptojacking
31.3,2026-01-01 00:00:31.300000+00:00,,syn-attack-crypto-202,cryptojacking-steady-primary,steady,,0.58,0.5,0,10.0,284.0247422706169,93.68362085002721,55.030548152290265,2520.0,53.45689597041006,4167.3484382961815,100.0,100.0,True,,synthetic_cryptojacking,sim_user,unregistered_hash_benchmark,gpu:1,cryptojacking
31.4,2026-01-01 00:00:31.400000+00:00,,syn-attack-crypto-202,cryptojacking-steady-primary,steady,,0.58,0.5,0,10.0,283.40012174919934,96.25861265514942,53.445659151079695,2520.0,54.47373564734489,4083.8913467673233,100.0,100.0,True,,synthetic_cryptojacking,sim_user,unregistered_hash_benchmark,gpu:1,cryptojacking
31.5,2026-01-01 00:00:31.500000+00:00,,syn-attack-crypto-202,cryptojacking-steady-primary,steady,,0.58,0.5,0,10.0,284.0825466261171,94.01818012502021,50.515345034761935,2520.0,54.11947930112984,4067.0865205930095,100.0,100.0,True,,synthetic_cryptojacking,sim_user,unregistered_hash_benchmark,gpu:1,cryptojacking
31.6,2026-01-01 00:00:31.600000+00:00,,syn-attack-crypto-202,cryptojacking-steady-primary,steady,,0.58,0.5,0,10.0,283.44172923411077,93.87081752656563,50.22691320172386,2520.0,54.173696361450965,3742.767781150109,100.0,100.0,True,,synthetic_cryptojacking,sim_user,unregistered_hash_benchmark,gpu:1,cryptojacking
31.7,2026-01-01 00:00:31.700000+00:00,,syn-attack-crypto-202,cryptojacking-steady-primary,steady,,0.58,0.5,0,10.0,284.07610510572727,96.85508559025394,46.17401784242133,2520.0,55.25034432323127,3684.0133748015783,100.0,100.0,True,,synthetic_cryptojacking,sim_user,unregistered_hash_benchmark,gpu:1,cryptojacking
31.8,2026-01-01 00:00:31.800000+00:00,,syn-attack-crypto-202,cryptojacking-steady-primary,steady,,0.58,0.5,0,10.0,284.8196517114645,95.04933549938156,58.53794408972618,2520.0,55.04245997266643,4598.129788438996,100.0,100.0,True,,synthetic_cryptojacking,sim_user,unregistered_hash_benchmark,gpu:1,cryptojacking
31.9,2026-01-01 00:00:31.900000+00:00,,syn-attack-crypto-202,cryptojacking-steady-primary,steady,,0.58,0.5,0,10.0,284.5463715475506,96.7307572474206,53.71738592139253,2520.0,55.87189171459574,4024.052323720677,100.0,100.0,True,,synthetic_cryptojacking,sim_user,unregistered_hash_benchmark,gpu:1,cryptojacking
32.0,2026-01-01 00:00:32+00:00,,syn-attack-crypto-202,cryptojacking-steady-primary,steady,,0.58,0.5,0,10.0,284.2459596003212,95.56382385176045,47.79882907447912,2520.0,55.21382395675913,3552.456032684517,100.0,100.0,True,,synthetic_cryptojacking,sim_user,unregistered_hash_benchmark,gpu:1,cryptojacking
32.1,2026-01-01 00:00:32.100000+00:00,,syn-attack-crypto-202,cryptojacking-steady-primary,steady,,0.58,0.5,0,10.0,284.33755747529705,98.74182762365244,52.46975203901925,2520.0,56.234079816293495,4225.833113247906,100.0,100.0,True,,synthetic_cryptojacking,sim_user,unregistered_hash_benchmark,gpu:1,cryptojacking
32.2,2026-01-01 00:00:32.200000+00:00,,syn-attack-crypto-202,cryptojacking-steady-primary,steady,,0.58,0.5,0,10.0,284.63442440945033,96.90406053186456,50.943222213131364,2520.0,55.778228380563796,4017.9995679863373,100.0,100.0,True,,synthetic_cryptojacking,sim_user,unregistered_hash_benchmark,gpu:1,cryptojacking
32.3,2026-01-01 00:00:32.300000+00:00,,syn-attack-crypto-202,cryptojacking-steady-primary,steady,,0.58,0.5,0,10.0,285.8694292802256,95.08430492467181,51.57634979557575,2519.5465645759223,54.85712927176571,4124.966967866503,100.0,100.0,True,,synthetic_cryptojacking,sim_user,unregistered_hash_benchmark,gpu:1,cryptojacking
32.4,2026-01-01 00:00:32.400000+00:00,,syn-attack-crypto-202,cryptojacking-steady-primary,steady,,0.58,0.5,0,10.0,285.39409410277773,96.46762598028147,51.06509038545549,2520.0,55.209108579264395,3998.252354152817,100.0,100.0,True,,synthetic_cryptojacking,sim_user,unregistered_hash_benchmark,gpu:1,cryptojacking
32.5,2026-01-01 00:00:32.500000+00:00,,syn-attack-crypto-202,cryptojacking-steady-primary,steady,,0.58,0.5,0,10.0,285.9560863319657,94.11137134167045,58.27001534554235,2504.9812038548507,54.53537039914147,4672.69815045951,100.0,100.0,True,,synthetic_cryptojacking,sim_user,unregistered_hash_benchmark,gpu:1,cryptojacking
32.6,2026-01-01 00:00:32.600000+00:00,,syn-attack-crypto-202,cryptojacking-steady-primary,steady,,0.58,0.5,0,10.0,285.8713906519211,96.88638688401949,46.45366570255605,2520.0,55.07488241313276,3724.415285958609,100.0,100.0,True,,synthetic_cryptojacking,sim_user,unregistered_hash_benchmark,gpu:1,cryptojacking
32.7,2026-01-01 00:00:32.700000+00:00,,syn-attack-crypto-202,cryptojacking-steady-primary,steady,,0.58,0.5,0,10.0,286.87823032894727,94.61312702707691,56.2176910972299,2520.0,54.260936047470274,4587.6121300906425,100.0,100.0,True,,synthetic_cryptojacking,sim_user,unregistered_hash_benchmark,gpu:1,cryptojacking
32.8,2026-01-01 00:00:32.800000+00:00,,syn-attack-crypto-202,cryptojacking-steady-primary,steady,,0.58,0.5,0,10.0,286.35703546177973,95.39079201903485,51.91186650873824,2520.0,54.35010835082014,4001.585133997961,100.0,100.0,True,,synthetic_cryptojacking,sim_user,unregistered_hash_benchmark,gpu:1,cryptojacking
32.9,2026-01-01 00:00:32.900000+00:00,,syn-attack-crypto-202,cryptojacking-steady-primary,steady,,0.58,0.5,0,10.0,287.357401346454,97.60316261480024,57.53768356076497,2520.0,55.17060941500384,4461.933945038705,100.0,100.0,True,,synthetic_cryptojacking,sim_user,unregistered_hash_benchmark,gpu:1,cryptojacking
33.0,2026-01-01 00:00:33+00:00,,syn-attack-crypto-202,cryptojacking-steady-primary,steady,,0.58,0.5,0,10.0,286.9525560693758,96.68585738030436,51.04906585885961,2520.0,54.89164482340244,4013.3393230658853,100.0,100.0,True,,synthetic_cryptojacking,sim_user,unregistered_hash_benchmark,gpu:1,cryptojacking
33.1,2026-01-01 00:00:33.100000+00:00,,syn-attack-crypto-202,cryptojacking-steady-primary,steady,,0.58,0.5,0,10.0,287.5747169027797,94.36215699838017,47.94397360490751,2520.0,54.25849744676402,3954.1840082590006,100.0,100.0,True,,synthetic_cryptojacking,sim_user,unregistered_hash_benchmark,gpu:1,cryptojacking
33.2,2026-01-01 00:00:33.200000+00:00,,syn-attack-crypto-202,cryptojacking-steady-primary,steady,,0.58,0.5,0,10.0,288.1429698280271,97.33276098590385,54.30719440880602,2520.0,55.23532055297475,4176.263712775932,100.0,100.0,True,,synthetic_cryptojacking,sim_user,unregistered_hash_benchmark,gpu:1,cryptojacking
33.3,2026-01-01 00:00:33.300000+00:00,,syn-attack-crypto-202,cryptojacking-steady-primary,steady,,0.58,0.5,0,10.0,288.3165643595451,93.13819918372678,59.740041334477766,2511.7472065627644,54.19519098366996,4628.166538453586,100.0,100.0,True,,synthetic_cryptojacking,sim_user,unregistered_hash_benchmark,gpu:1,cryptojacking
33.4,2026-01-01 00:00:33.400000+00:00,,syn-attack-crypto-202,cryptojacking-steady-primary,steady,,0.58,0.5,0,10.0,287.1324171490933,96.8830298409774,48.38269893800302,2520.0,55.05433574294066,3803.8160490415726,100.0,100.0,True,,synthetic_cryptojacking,sim_user,unregistered_hash_benchmark,gpu:1,cryptojacking
33.5,2026-01-01 00:00:33.500000+00:00,,syn-attack-crypto-202,cryptojacking-steady-primary,steady,,0.58,0.5,0,10.0,287.36074089166516,97.58752846674739,56.62656836986581,2520.0,55.368497515838826,4473.402024923563,100.0,100.0,True,,synthetic_cryptojacking,sim_user,unregistered_hash_benchmark,gpu:1,cryptojacking
33.6,2026-01-01 00:00:33.600000+00:00,,syn-attack-crypto-202,cryptojacking-steady-primary,steady,,0.58,0.5,0,10.0,287.604050713997,96.35232082366527,58.75721557624721,2520.0,55.131165189477535,4601.3133865126865,100.0,100.0,True,,synthetic_cryptojacking,sim_user,unregistered_hash_benchmark,gpu:1,cryptojacking
33.7,2026-01-01 00:00:33.700000+00:00,,syn-attack-crypto-202,cryptojacking-steady-primary,steady,,0.58,0.5,0,10.0,286.9860618955529,95.75529205071366,54.6917527020681,2520.0,55.12141326415283,4286.96652603269,100.0,100.0,True,,synthetic_cryptojacking,sim_user,unregistered_hash_benchmark,gpu:1,cryptojacking
33.8,2026-01-01 00:00:33.800000+00:00,,syn-attack-crypto-202,cryptojacking-steady-primary,steady,,0.58,0.5,0,10.0,287.03122786009595,98.09455451179534,53.54596138275047,2520.0,55.58830182498109,4241.723818973932,100.0,100.0,True,,synthetic_cryptojacking,sim_user,unregistered_hash_benchmark,gpu:1,cryptojacking
33.9,2026-01-01 00:00:33.900000+00:00,,syn-attack-crypto-202,cryptojacking-steady-primary,steady,,0.58,0.5,0,10.0,286.5724316891973,96.67469571541712,61.42123332688253,2520.0,54.99191892984405,4917.37415170599,100.0,100.0,True,,synthetic_cryptojacking,sim_user,unregistered_hash_benchmark,gpu:1,cryptojacking
34.0,2026-01-01 00:00:34+00:00,,syn-attack-crypto-202,cryptojacking-steady-primary,steady,,0.58,0.5,0,10.0,286.07925582807496,96.80838771008337,53.53791892488223,2520.0,55.05100773998264,4260.083621496932,100.0,100.0,True,,synthetic_cryptojacking,sim_user,unregistered_hash_benchmark,gpu:1,cryptojacking
34.1,2026-01-01 00:00:34.100000+00:00,,syn-attack-crypto-202,cryptojacking-steady-primary,steady,,0.58,0.5,0,10.0,286.66807517309377,94.74562234759443,55.45695192482313,2520.0,54.274576104663396,4404.828840463738,100.0,100.0,True,,synthetic_cryptojacking,sim_user,unregistered_hash_benchmark,gpu:1,cryptojacking
34.2,2026-01-01 00:00:34.200000+00:00,,syn-attack-crypto-202,cryptojacking-steady-primary,steady,,0.58,0.5,0,10.0,286.37773288057184,94.42538415725394,52.9793742844655,2520.0,54.04827919347712,4137.081541851454,100.0,100.0,True,,synthetic_cryptojacking,sim_user,unregistered_hash_benchmark,gpu:1,cryptojacking
34.3,2026-01-01 00:00:34.300000+00:00,,syn-attack-crypto-202,cryptojacking-steady-primary,steady,,0.58,0.5,0,10.0,285.54240013545115,95.54051503416895,54.84909101271046,2515.043685379588,54.35443075307711,4241.656011903139,100.0,100.0,True,,synthetic_cryptojacking,sim_user,unregistered_hash_benchmark,gpu:1,cryptojacking
34.4,2026-01-01 00:00:34.400000+00:00,,syn-attack-crypto-202,cryptojacking-steady-primary,steady,,0.58,0.5,0,10.0,285.64565902749564,95.10100380190975,50.39908842250246,2520.0,54.304683369336914,4001.9743512600526,100.0,100.0,True,,synthetic_cryptojacking,sim_user,unregistered_hash_benchmark,gpu:1,cryptojacking
34.5,2026-01-01 00:00:34.500000+00:00,,syn-attack-crypto-202,cryptojacking-steady-primary,steady,,0.58,0.5,0,10.0,285.12260459145017,95.99445713726328,49.903232885592544,2520.0,54.68428775730223,3874.622374159868,100.0,100.0,True,,synthetic_cryptojacking,sim_user,unregistered_hash_benchmark,gpu:1,cryptojacking
34.6,2026-01-01 00:00:34.600000+00:00,,syn-attack-crypto-202,cryptojacking-steady-primary,steady,,0.58,0.5,0,10.0,285.72360301129305,95.35715321773907,57.54098841943142,2520.0,54.387390251795075,4480.020258887525,100.0,100.0,True,,synthetic_cryptojacking,sim_user,unregistered_hash_benchmark,gpu:1,cryptojacking
34.7,2026-01-01 00:00:34.700000+00:00,,syn-attack-crypto-202,cryptojacking-steady-primary,steady,,0.58,0.5,0,10.0,285.53692844322165,96.97610578581086,53.66199570311905,2520.0,55.01863768524105,4270.224343216662,100.0,100.0,True,,synthetic_cryptojacking,sim_user,unregistered_hash_benchmark,gpu:1,cryptojacking
34.8,2026-01-01 00:00:34.800000+00:00,,syn-attack-crypto-202,cryptojacking-steady-primary,steady,,0.58,0.5,0,10.0,284.9225848928694,98.04928530958333,56.3509094824255,2520.0,55.38580743934139,4417.719647442506,100.0,100.0,True,,synthetic_cryptojacking,sim_user,unregistered_hash_benchmark,gpu:1,cryptojacking
34.9,2026-01-01 00:00:34.900000+00:00,,syn-attack-crypto-202,cryptojacking-steady-primary,steady,,0.58,0.5,0,10.0,284.3329889437068,95.97804759540486,48.34447627482723,2520.0,54.80990504703683,3761.458449986599,100.0,100.0,True,,synthetic_cryptojacking,sim_user,unregistered_hash_benchmark,gpu:1,cryptojacking
35.0,2026-01-01 00:00:35+00:00,,syn-attack-crypto-202,cryptojacking-steady-primary,steady,,0.58,0.5,0,10.0,284.20416527246283,94.6069921036038,55.94404876250877,2520.0,54.76640093617013,4469.236144087483,100.0,100.0,True,,synthetic_cryptojacking,sim_user,unregistered_hash_benchmark,gpu:1,cryptojacking
35.1,2026-01-01 00:00:35.100000+00:00,,syn-attack-crypto-202,cryptojacking-steady-primary,steady,,0.58,0.5,0,10.0,283.35964111890235,97.02671652653629,58.83961001009702,2520.0,55.09892058290706,4493.9659907018195,100.0,100.0,True,,synthetic_cryptojacking,sim_user,unregistered_hash_benchmark,gpu:1,cryptojacking
35.2,2026-01-01 00:00:35.200000+00:00,,syn-attack-crypto-202,cryptojacking-steady-primary,steady,,0.58,0.5,0,10.0,282.081689294862,97.79157516084179,54.57721379791607,2520.0,55.53045975376992,4310.018159207246,100.0,100.0,True,,synthetic_cryptojacking,sim_user,unregistered_hash_benchmark,gpu:1,cryptojacking
35.3,2026-01-01 00:00:35.300000+00:00,,syn-attack-crypto-202,cryptojacking-steady-primary,steady,,0.58,0.5,0,10.0,281.2149827900021,95.9049979294014,46.44223370208426,2520.0,54.83748779621913,3721.2898802788077,100.0,100.0,True,,synthetic_cryptojacking,sim_user,unregistered_hash_benchmark,gpu:1,cryptojacking
35.4,2026-01-01 00:00:35.400000+00:00,,syn-attack-crypto-202,cryptojacking-steady-primary,steady,,0.58,0.5,0,10.0,281.12900219383374,95.30671613577606,55.629179868586235,2520.0,54.783524449399984,4197.094417977592,100.0,100.0,True,,synthetic_cryptojacking,sim_user,unregistered_hash_benchmark,gpu:1,cryptojacking
35.5,2026-01-01 00:00:35.500000+00:00,,syn-attack-crypto-202,cryptojacking-steady-primary,steady,,0.58,0.5,0,10.0,281.06294861938954,95.10823965602489,45.80018910506541,2520.0,54.58888572659901,3778.871976253606,100.0,100.0,True,,synthetic_cryptojacking,sim_user,unregistered_hash_benchmark,gpu:1,cryptojacking
35.6,2026-01-01 00:00:35.600000+00:00,,syn-attack-crypto-202,cryptojacking-steady-primary,steady,,0.58,0.5,0,10.0,281.88455585356974,94.2731235722759,54.24528551946689,2520.0,54.161453488839236,4191.2084659116545,100.0,100.0,True,,synthetic_cryptojacking,sim_user,unregistered_hash_benchmark,gpu:1,cryptojacking
35.7,2026-01-01 00:00:35.700000+00:00,,syn-attack-crypto-202,cryptojacking-steady-primary,steady,,0.58,0.5,0,10.0,282.1099259097704,96.00354595531334,56.253768226069226,2520.0,54.72129971180952,4385.907885341787,100.0,100.0,True,,synthetic_cryptojacking,sim_user,unregistered_hash_benchmark,gpu:1,cryptojacking
35.8,2026-01-01 00:00:35.800000+00:00,,syn-attack-crypto-202,cryptojacking-steady-primary,steady,,0.58,0.5,0,10.0,281.5590338019825,97.42340349948611,48.501786202540266,2520.0,55.03069621575855,3833.4749261377433,100.0,100.0,True,,synthetic_cryptojacking,sim_user,unregistered_hash_benchmark,gpu:1,cryptojacking
35.9,2026-01-01 00:00:35.900000+00:00,,syn-attack-crypto-202,cryptojacking-steady-primary,steady,,0.58,0.5,0,10.0,282.75920203699997,96.01244714118543,50.04220413717606,2520.0,54.594269837440315,3778.0009778283948,100.0,100.0,True,,synthetic_cryptojacking,sim_user,unregistered_hash_benchmark,gpu:1,cryptojacking
36.0,2026-01-01 00:00:36+00:00,,syn-attack-crypto-202,cryptojacking-steady-primary,steady,,0.58,0.5,0,10.0,282.48569528963515,95.04358736006054,46.69687483844068,2520.0,54.80908450538395,3696.7576075745437,100.0,100.0,True,,synthetic_cryptojacking,sim_user,unregistered_hash_benchmark,gpu:1,cryptojacking
36.1,2026-01-01 00:00:36.100000+00:00,,syn-attack-crypto-202,cryptojacking-steady-primary,steady,,0.58,0.5,0,10.0,283.0712119110296,95.28892138602639,48.88729731650892,2520.0,54.88703754582507,3877.5433000249823,100.0,100.0,True,,synthetic_cryptojacking,sim_user,unregistered_hash_benchmark,gpu:1,cryptojacking
36.2,2026-01-01 00:00:36.200000+00:00,,syn-attack-crypto-202,cryptojacking-steady-primary,steady,,0.58,0.5,0,10.0,283.33882680413376,96.32552384480222,47.207977983587966,2520.0,55.50783164085064,3556.386266329746,100.0,100.0,True,,synthetic_cryptojacking,sim_user,unregistered_hash_benchmark,gpu:1,cryptojacking
36.3,2026-01-01 00:00:36.300000+00:00,,syn-attack-crypto-202,cryptojacking-steady-primary,steady,,0.58,0.5,0,10.0,283.45370868286324,96.05104236045499,45.992903514936636,2520.0,55.15386672218362,3715.0119323043464,100.0,100.0,True,,synthetic_cryptojacking,sim_user,unregistered_hash_benchmark,gpu:1,cryptojacking
36.4,2026-01-01 00:00:36.400000+00:00,,syn-attack-crypto-202,cryptojacking-steady-primary,steady,,0.58,0.5,0,10.0,283.80549933914006,95.92212498608757,45.69502433698026,2520.0,55.20966371021731,3598.3636748722324,100.0,100.0,True,,synthetic_cryptojacking,sim_user,unregistered_hash_benchmark,gpu:1,cryptojacking
36.5,2026-01-01 00:00:36.500000+00:00,,syn-attack-crypto-202,cryptojacking-steady-primary,steady,,0.58,0.5,0,10.0,283.9980521549439,94.89586703756741,54.82194140946247,2520.0,55.100181456307865,4230.825303981119,100.0,100.0,True,,synthetic_cryptojacking,sim_user,unregistered_hash_benchmark,gpu:1,cryptojacking
36.6,2026-01-01 00:00:36.600000+00:00,,syn-attack-crypto-202,cryptojacking-steady-primary,steady,,0.58,0.5,0,10.0,283.69762089662447,95.57165752524863,53.2852125939243,2520.0,55.17737989031579,4119.066983355926,100.0,100.0,True,,synthetic_cryptojacking,sim_user,unregistered_hash_benchmark,gpu:1,cryptojacking
36.7,2026-01-01 00:00:36.700000+00:00,,syn-attack-crypto-202,cryptojacking-steady-primary,steady,,0.58,0.5,0,10.0,283.256499895689,95.23113807967945,56.75544999310476,2520.0,55.25629350438925,4565.30943636067,100.0,100.0,True,,synthetic_cryptojacking,sim_user,unregistered_hash_benchmark,gpu:1,cryptojacking
36.8,2026-01-01 00:00:36.800000+00:00,,syn-attack-crypto-202,cryptojacking-steady-primary,steady,,0.58,0.5,0,10.0,282.9199821723824,94.5984253512174,50.633101345282235,2520.0,55.228828642785686,4047.2454038649385,100.0,100.0,True,,synthetic_cryptojacking,sim_user,unregistered_hash_benchmark,gpu:1,cryptojacking
36.9,2026-01-01 00:00:36.900000+00:00,,syn-attack-crypto-202,cryptojacking-steady-primary,steady,,0.58,0.5,0,10.0,283.20410527369506,96.55911783187057,58.587909553506016,2520.0,55.510042393808625,4556.10573910745,100.0,100.0,True,,synthetic_cryptojacking,sim_user,unregistered_hash_benchmark,gpu:1,cryptojacking
37.0,2026-01-01 00:00:37+00:00,,syn-attack-crypto-202,cryptojacking-steady-primary,steady,,0.58,0.5,0,10.0,282.4704631085215,95.78018726152342,47.507601826551415,2520.0,55.191691286082886,3800.734435244216,100.0,100.0,True,,synthetic_cryptojacking,sim_user,unregistered_hash_benchmark,gpu:1,cryptojacking
37.1,2026-01-01 00:00:37.100000+00:00,,syn-attack-crypto-202,cryptojacking-steady-primary,steady,,0.58,0.5,0,10.0,282.70667098778375,96.04018454644448,52.39754955922307,2520.0,55.180029547531205,4162.486042320887,100.0,100.0,True,,synthetic_cryptojacking,sim_user,unregistered_hash_benchmark,gpu:1,cryptojacking
37.2,2026-01-01 00:00:37.200000+00:00,,syn-attack-crypto-202,cryptojacking-steady-primary,steady,,0.58,0.5,0,10.0,282.58054748472165,95.52522555385104,51.37227566812887,2520.0,55.02355698077123,4053.075981327067,100.0,100.0,True,,synthetic_cryptojacking,sim_user,unregistered_hash_benchmark,gpu:1,cryptojacking
37.3,2026-01-01 00:00:37.300000+00:00,,syn-attack-crypto-202,cryptojacking-steady-primary,steady,,0.58,0.5,0,10.0,283.05383126686036,97.83161632303258,49.047289379434034,2520.0,55.60332243719445,3952.473742405593,100.0,100.0,True,,synthetic_cryptojacking,sim_user,unregistered_hash_benchmark,gpu:1,cryptojacking
37.4,2026-01-01 00:00:37.400000+00:00,,syn-attack-crypto-202,cryptojacking-steady-primary,steady,,0.58,0.5,0,10.0,283.6679376494039,94.56100439043409,48.26914040666138,2520.0,55.02608157363493,3898.909650045089,100.0,100.0,True,,synthetic_cryptojacking,sim_user,unregistered_hash_benchmark,gpu:1,cryptojacking
37.5,2026-01-01 00:00:37.500000+00:00,,syn-attack-crypto-202,cryptojacking-steady-primary,steady,,0.58,0.5,0,10.0,283.90616096986287,97.14898244543026,48.06426071869224,2520.0,55.64111961380199,3724.372478762461,100.0,100.0,True,,synthetic_cryptojacking,sim_user,unregistered_hash_benchmark,gpu:1,cryptojacking
37.6,2026-01-01 00:00:37.600000+00:00,,syn-attack-crypto-202,cryptojacking-steady-primary,steady,,0.58,0.5,0,10.0,284.3724041294883,96.16459469323158,52.87594654686711,2520.0,55.34625708810498,4064.9427362311735,100.0,100.0,True,,synthetic_cryptojacking,sim_user,unregistered_hash_benchmark,gpu:1,cryptojacking
37.7,2026-01-01 00:00:37.700000+00:00,,syn-attack-crypto-202,cryptojacking-steady-primary,steady,,0.58,0.5,0,10.0,285.1772855361163,94.65971186927656,48.90177767490747,2520.0,54.86498139978225,3837.86926327892,100.0,100.0,True,,synthetic_cryptojacking,sim_user,unregistered_hash_benchmark,gpu:1,cryptojacking
37.8,2026-01-01 00:00:37.800000+00:00,,syn-attack-crypto-202,cryptojacking-steady-primary,steady,,0.58,0.5,0,10.0,285.3504993493195,96.90839608093239,54.7165859286954,2520.0,55.45859550019622,4299.9536080637145,100.0,100.0,True,,synthetic_cryptojacking,sim_user,unregistered_hash_benchmark,gpu:1,cryptojacking
37.9,2026-01-01 00:00:37.900000+00:00,,syn-attack-crypto-202,cryptojacking-steady-primary,steady,,0.58,0.5,0,10.0,285.06805141205615,96.7186276360831,54.29949589351008,2520.0,55.44221060119946,4332.207685039928,100.0,100.0,True,,synthetic_cryptojacking,sim_user,unregistered_hash_benchmark,gpu:1,cryptojacking
38.0,2026-01-01 00:00:38+00:00,,syn-attack-crypto-202,cryptojacking-steady-primary,steady,,0.58,0.5,0,10.0,285.2357561368224,96.79968228274011,52.26416894795703,2520.0,55.52954847004334,4179.2754522078085,100.0,100.0,True,,synthetic_cryptojacking,sim_user,unregistered_hash_benchmark,gpu:1,cryptojacking
38.1,2026-01-01 00:00:38.100000+00:00,,syn-attack-crypto-202,cryptojacking-steady-primary,steady,,0.58,0.5,0,10.0,285.1372582372121,95.9333091503963,49.67044820293945,2520.0,55.49083914447844,3987.5089917524747,100.0,100.0,True,,synthetic_cryptojacking,sim_user,unregistered_hash_benchmark,gpu:1,cryptojacking
38.2,2026-01-01 00:00:38.200000+00:00,,syn-attack-crypto-202,cryptojacking-steady-primary,steady,,0.58,0.5,0,10.0,284.84339248803263,97.50385806985008,52.09268317014946,2520.0,55.853979908762206,4049.9200586988227,100.0,100.0,True,,synthetic_cryptojacking,sim_user,unregistered_hash_benchmark,gpu:1,cryptojacking
38.3,2026-01-01 00:00:38.300000+00:00,,syn-attack-crypto-202,cryptojacking-steady-primary,steady,,0.58,0.5,0,10.0,284.64869537035077,97.3790647149837,56.55678448957255,2520.0,55.50951337566794,4459.650172379918,100.0,100.0,True,,synthetic_cryptojacking,sim_user,unregistered_hash_benchmark,gpu:1,cryptojacking
38.4,2026-01-01 00:00:38.400000+00:00,,syn-attack-crypto-202,cryptojacking-steady-primary,steady,,0.58,0.5,0,10.0,284.11877194463017,96.73346022646531,53.84743969270483,2520.0,55.628153728704895,4177.177122586145,100.0,100.0,True,,synthetic_cryptojacking,sim_user,unregistered_hash_benchmark,gpu:1,cryptojacking
38.5,2026-01-01 00:00:38.500000+00:00,,syn-attack-crypto-202,cryptojacking-steady-primary,steady,,0.58,0.5,0,10.0,284.01013780971,94.50293675627742,50.33356842791424,2520.0,54.92758695924807,3910.4808709831477,100.0,100.0,True,,synthetic_cryptojacking,sim_user,unregistered_hash_benchmark,gpu:1,cryptojacking
38.6,2026-01-01 00:00:38.600000+00:00,,syn-attack-crypto-202,cryptojacking-steady-primary,steady,,0.58,0.5,0,10.0,284.08074537825144,95.0692314389511,51.02333746983258,2520.0,54.856054302614666,4100.085733804128,100.0,100.0,True,,synthetic_cryptojacking,sim_user,unregistered_hash_benchmark,gpu:1,cryptojacking
38.7,2026-01-01 00:00:38.700000+00:00,,syn-attack-crypto-202,cryptojacking-steady-primary,steady,,0.58,0.5,0,10.0,283.7760151508102,92.79561895654385,58.105966270015415,2490.7987367674955,54.667992115642576,4617.780942729108,100.0,100.0,True,,synthetic_cryptojacking,sim_user,unregistered_hash_benchmark,gpu:1,cryptojacking
38.8,2026-01-01 00:00:38.800000+00:00,,syn-attack-crypto-202,cryptojacking-steady-primary,steady,,0.58,0.5,0,10.0,283.0020934015728,97.82475894936816,52.16683512514576,2520.0,56.077765625969384,4015.109293425042,100.0,100.0,True,,synthetic_cryptojacking,sim_user,unregistered_hash_benchmark,gpu:1,cryptojacking
38.9,2026-01-01 00:00:38.900000+00:00,,syn-attack-crypto-202,cryptojacking-steady-primary,steady,,0.58,0.5,0,10.0,283.49137461986817,96.2283717420633,51.85703069440021,2520.0,55.592957141400085,4069.949136506946,100.0,100.0,True,,synthetic_cryptojacking,sim_user,unregistered_hash_benchmark,gpu:1,cryptojacking
39.0,2026-01-01 00:00:39+00:00,,syn-attack-crypto-202,cryptojacking-steady-primary,steady,,0.58,0.5,0,10.0,283.0264433270157,96.635770810599,55.72972621743633,2520.0,55.6663175323142,4225.719184227231,100.0,100.0,True,,synthetic_cryptojacking,sim_user,unregistered_hash_benchmark,gpu:1,cryptojacking
39.1,2026-01-01 00:00:39.100000+00:00,,syn-attack-crypto-202,cryptojacking-steady-primary,steady,,0.58,0.5,0,10.0,283.69758510723847,97.96900231122869,52.040513447055645,2520.0,56.15696908007219,4168.824702620881,100.0,100.0,True,,synthetic_cryptojacking,sim_user,unregistered_hash_benchmark,gpu:1,cryptojacking
39.2,2026-01-01 00:00:39.200000+00:00,,syn-attack-crypto-202,cryptojacking-steady-primary,steady,,0.58,0.5,0,10.0,283.4162025099149,94.3016827267608,46.187035077160395,2520.0,55.087153184236804,3733.0179889565543,100.0,100.0,True,,synthetic_cryptojacking,sim_user,unregistered_hash_benchmark,gpu:1,cryptojacking
39.3,2026-01-01 00:00:39.300000+00:00,,syn-attack-crypto-202,cryptojacking-steady-primary,steady,,0.58,0.5,0,10.0,284.77821071264253,95.95952471868023,49.52996519140563,2520.0,55.475945351252115,4090.2023046211743,100.0,100.0,True,,synthetic_cryptojacking,sim_user,unregistered_hash_benchmark,gpu:1,cryptojacking
39.4,2026-01-01 00:00:39.400000+00:00,,syn-attack-crypto-202,cryptojacking-steady-primary,steady,,0.58,0.5,0,10.0,285.78212859101467,96.2522794446387,51.27372644454175,2520.0,55.666960387118806,4066.5536000043267,100.0,100.0,True,,synthetic_cryptojacking,sim_user,unregistered_hash_benchmark,gpu:1,cryptojacking
39.5,2026-01-01 00:00:39.500000+00:00,,syn-attack-crypto-202,cryptojacking-steady-primary,steady,,0.58,0.5,0,10.0,286.5377213702584,95.42072183457356,52.169453189866594,2520.0,55.33183593250464,4172.6755102873385,100.0,100.0,True,,synthetic_cryptojacking,sim_user,unregistered_hash_benchmark,gpu:1,cryptojacking
39.6,2026-01-01 00:00:39.600000+00:00,,syn-attack-crypto-202,cryptojacking-steady-primary,steady,,0.58,0.5,0,10.0,287.0162706975954,96.80714544682407,52.22222981087983,2520.0,55.6101561501306,4199.09998987515,100.0,100.0,True,,synthetic_cryptojacking,sim_user,unregistered_hash_benchmark,gpu:1,cryptojacking
39.7,2026-01-01 00:00:39.700000+00:00,,syn-attack-crypto-202,cryptojacking-steady-primary,steady,,0.58,0.5,0,10.0,286.6204610255777,94.55170787884082,48.05707351028887,2480.331583203549,54.98342155317712,3878.7669353171705,100.0,100.0,True,,synthetic_cryptojacking,sim_user,unregistered_hash_benchmark,gpu:1,cryptojacking
39.8,2026-01-01 00:00:39.800000+00:00,,syn-attack-crypto-202,cryptojacking-steady-primary,steady,,0.58,0.5,0,10.0,286.7762700326851,96.12627761617892,53.12731713952525,2520.0,55.13424188570773,4190.631072305778,100.0,100.0,True,,synthetic_cryptojacking,sim_user,unregistered_hash_benchmark,gpu:1,cryptojacking
39.9,2026-01-01 00:00:39.900000+00:00,,syn-attack-crypto-202,cryptojacking-steady-primary,steady,,0.58,0.5,0,10.0,287.03894433321886,95.70686050329869,55.30766570080695,2520.0,54.827035368440946,4349.554963622906,100.0,100.0,True,,synthetic_cryptojacking,sim_user,unregistered_hash_benchmark,gpu:1,cryptojacking
40.0,2026-01-01 00:00:40+00:00,,syn-attack-crypto-202,cryptojacking-steady-primary,steady,,0.58,0.5,0,10.0,286.32176879394467,96.53099937949479,47.932080517886384,2520.0,54.98239452677476,3913.0602729232724,100.0,100.0,True,,synthetic_cryptojacking,sim_user,unregistered_hash_benchmark,gpu:1,cryptojacking
40.1,2026-01-01 00:00:40.100000+00:00,,syn-attack-crypto-202,cryptojacking-steady-primary,steady,,0.58,0.5,0,10.0,287.2611528552682,94.5585406878063,60.493297315860076,2520.0,54.59139064906876,4722.01736808414,100.0,100.0,True,,synthetic_cryptojacking,sim_user,unregistered_hash_benchmark,gpu:1,cryptojacking
40.2,2026-01-01 00:00:40.200000+00:00,,syn-attack-crypto-202,cryptojacking-steady-primary,steady,,0.58,0.5,0,10.0,285.81467774602595,95.62170521928527,48.2733331900399,2520.0,54.71299653864775,3774.0030633053407,100.0,100.0,True,,synthetic_cryptojacking,sim_user,unregistered_hash_benchmark,gpu:1,cryptojacking
40.3,2026-01-01 00:00:40.300000+00:00,,syn-attack-crypto-202,cryptojacking-steady-primary,steady,,0.58,0.5,0,10.0,285.7528066872109,95.69858125107646,58.941001449537126,2520.0,54.737177177711935,4578.0936504038855,100.0,100.0,True,,synthetic_cryptojacking,sim_user,unregistered_hash_benchmark,gpu:1,cryptojacking
40.4,2026-01-01 00:00:40.400000+00:00,,syn-attack-crypto-202,cryptojacking-steady-primary,steady,,0.58,0.5,0,10.0,285.0855468653075,96.56978656385706,58.700086535927234,2520.0,55.062946357683366,4513.528280619574,100.0,100.0,True,,synthetic_cryptojacking,sim_user,unregistered_hash_benchmark,gpu:1,cryptojacking
40.5,2026-01-01 00:00:40.500000+00:00,,syn-attack-crypto-202,cryptojacking-steady-primary,steady,,0.58,0.5,0,10.0,284.2283963188283,95.20797550996521,57.34857573781627,2520.0,54.66987291902726,4570.687067177621,100.0,100.0,True,,synthetic_cryptojacking,sim_user,unregistered_hash_benchmark,gpu:1,cryptojacking
40.6,2026-01-01 00:00:40.600000+00:00,,syn-attack-crypto-202,cryptojacking-steady-primary,steady,,0.58,0.5,0,10.0,283.8338054950039,95.69698194842071,56.532630333048175,2520.0,54.56888211589038,4333.315222916423,100.0,100.0,True,,synthetic_cryptojacking,sim_user,unregistered_hash_benchmark,gpu:1,cryptojacking
40.7,2026-01-01 00:00:40.700000+00:00,,syn-attack-crypto-202,cryptojacking-steady-primary,steady,,0.58,0.5,0,10.0,283.1310798900529,96.53536797201511,48.58962708597933,2520.0,54.93580156019491,3868.3725986625336,100.0,100.0,True,,synthetic_cryptojacking,sim_user,unregistered_hash_benchmark,gpu:1,cryptojacking
40.8,2026-01-01 00:00:40.800000+00:00,,syn-attack-crypto-202,cryptojacking-steady-primary,steady,,0.58,0.5,0,10.0,282.9284842428572,96.61378318926495,50.56233419356683,2520.0,54.98908506229443,4072.7554955718315,100.0,100.0,True,,synthetic_cryptojacking,sim_user,unregistered_hash_benchmark,gpu:1,cryptojacking
40.9,2026-01-01 00:00:40.900000+00:00,,syn-attack-crypto-202,cryptojacking-steady-primary,steady,,0.58,0.5,0,10.0,283.4342350871103,93.78728902328257,54.15240725812958,2520.0,54.324708494007496,4214.214395098222,100.0,100.0,True,,synthetic_cryptojacking,sim_user,unregistered_hash_benchmark,gpu:1,cryptojacking
41.0,2026-01-01 00:00:41+00:00,,syn-attack-crypto-202,cryptojacking-steady-primary,steady,,0.58,0.5,0,10.0,282.5802422150108,96.47258716007217,49.41767061641973,2520.0,54.78710265199023,3791.994168804675,100.0,100.0,True,,synthetic_cryptojacking,sim_user,unregistered_hash_benchmark,gpu:1,cryptojacking
41.1,2026-01-01 00:00:41.100000+00:00,,syn-attack-crypto-202,cryptojacking-steady-primary,steady,,0.58,0.5,0,10.0,282.8254972529722,95.47876480036331,55.619931239011024,2520.0,54.58579802466046,4420.213281453371,100.0,100.0,True,,synthetic_cryptojacking,sim_user,unregistered_hash_benchmark,gpu:1,cryptojacking
41.2,2026-01-01 00:00:41.200000+00:00,,syn-attack-crypto-202,cryptojacking-steady-primary,steady,,0.58,0.5,0,10.0,283.02909934448746,95.54843903420135,48.30876044504531,2520.0,54.54296907260141,3737.446061292039,100.0,100.0,True,,synthetic_cryptojacking,sim_user,unregistered_hash_benchmark,gpu:1,cryptojacking
41.3,2026-01-01 00:00:41.300000+00:00,,syn-attack-crypto-202,cryptojacking-steady-primary,steady,,0.58,0.5,0,10.0,284.1944826242513,95.52432946776483,47.67531120913174,2520.0,54.45525164947269,3856.172167234824,100.0,100.0,True,,synthetic_cryptojacking,sim_user,unregistered_hash_benchmark,gpu:1,cryptojacking
41.4,2026-01-01 00:00:41.400000+00:00,,syn-attack-crypto-202,cryptojacking-steady-primary,steady,,0.58,0.5,0,10.0,284.5139102513676,94.36325840724149,52.334687452677585,2520.0,53.97589572748446,4052.4558854746297,100.0,100.0,True,,synthetic_cryptojacking,sim_user,unregistered_hash_benchmark,gpu:1,cryptojacking
41.5,2026-01-01 00:00:41.500000+00:00,,syn-attack-crypto-202,cryptojacking-steady-primary,steady,,0.58,0.5,0,10.0,284.3192184402883,96.00356022344177,50.84573723968191,2520.0,54.752280554566276,4040.8138221100453,100.0,100.0,True,,synthetic_cryptojacking,sim_user,unregistered_hash_benchmark,gpu:1,cryptojacking
41.6,2026-01-01 00:00:41.600000+00:00,,syn-attack-crypto-202,cryptojacking-steady-primary,steady,,0.58,0.5,0,10.0,284.56109215277627,97.06116617276581,54.895431352701735,2520.0,54.82677907776228,4360.962628473525,100.0,100.0,True,,synthetic_cryptojacking,sim_user,unregistered_hash_benchmark,gpu:1,cryptojacking
41.7,2026-01-01 00:00:41.700000+00:00,,syn-attack-crypto-202,cryptojacking-steady-primary,steady,,0.58,0.5,0,10.0,284.80287231530656,95.24062327261524,50.09764773778668,2520.0,54.23974244524395,4078.14782156949,100.0,100.0,True,,synthetic_cryptojacking,sim_user,unregistered_hash_benchmark,gpu:1,cryptojacking
41.8,2026-01-01 00:00:41.800000+00:00,,syn-attack-crypto-202,cryptojacking-steady-primary,steady,,0.58,0.5,0,10.0,285.68487237101886,94.23700953267806,45.542688249021936,2520.0,54.031755863037354,3506.992195248709,100.0,100.0,True,,synthetic_cryptojacking,sim_user,unregistered_hash_benchmark,gpu:1,cryptojacking
41.9,2026-01-01 00:00:41.900000+00:00,,syn-attack-crypto-202,cryptojacking-steady-primary,steady,,0.58,0.5,0,10.0,286.277565482486,97.43425992299471,55.464203826545585,2520.0,55.049760974805814,4173.78688813434,100.0,100.0,True,,synthetic_cryptojacking,sim_user,unregistered_hash_benchmark,gpu:1,cryptojacking
42.0,2026-01-01 00:00:42+00:00,,syn-attack-crypto-202,cryptojacking-steady-primary,steady,,0.58,0.5,0,10.0,285.8195322952809,95.89903721050365,47.79873148662528,2520.0,54.639848311904224,3702.1643201822685,100.0,100.0,True,,synthetic_cryptojacking,sim_user,unregistered_hash_benchmark,gpu:1,cryptojacking
42.1,2026-01-01 00:00:42.100000+00:00,,syn-attack-crypto-202,cryptojacking-steady-primary,steady,,0.58,0.5,0,10.0,286.03095935518616,95.89821483085818,51.260010169411885,2520.0,54.421616852873626,4031.2417398016805,100.0,100.0,True,,synthetic_cryptojacking,sim_user,unregistered_hash_benchmark,gpu:1,cryptojacking
42.2,2026-01-01 00:00:42.200000+00:00,,syn-attack-crypto-202,cryptojacking-steady-primary,steady,,0.58,0.5,0,10.0,285.9861395385014,95.50514832910763,57.42614058515516,2520.0,54.55725332407731,4587.443475381755,100.0,100.0,True,,synthetic_cryptojacking,sim_user,unregistered_hash_benchmark,gpu:1,cryptojacking
42.3,2026-01-01 00:00:42.300000+00:00,,syn-attack-crypto-202,cryptojacking-steady-primary,steady,,0.58,0.5,0,10.0,285.8542212272515,96.65304937076665,59.171668992077684,2520.0,54.82928072815744,4735.525882665978,100.0,100.0,True,,synthetic_cryptojacking,sim_user,unregistered_hash_benchmark,gpu:1,cryptojacking
42.4,2026-01-01 00:00:42.400000+00:00,,syn-attack-crypto-202,cryptojacking-steady-primary,steady,,0.58,0.5,0,10.0,284.379849069325,95.62142064033952,50.53967447267122,2520.0,54.535454837808835,4123.527445339129,100.0,100.0,True,,synthetic_cryptojacking,sim_user,unregistered_hash_benchmark,gpu:1,cryptojacking
42.5,2026-01-01 00:00:42.500000+00:00,,syn-attack-crypto-202,cryptojacking-steady-primary,steady,,0.58,0.5,0,10.0,283.9316558423568,95.7977057579683,51.410345558079655,2520.0,54.57921665438299,3973.1918311120307,100.0,100.0,True,,synthetic_cryptojacking,sim_user,unregistered_hash_benchmark,gpu:1,cryptojacking
42.6,2026-01-01 00:00:42.600000+00:00,,syn-attack-crypto-202,cryptojacking-steady-primary,steady,,0.58,0.5,0,10.0,283.07398448133495,96.18032968699653,53.07144911453114,2520.0,54.59150649701523,4148.79938101117,100.0,100.0,True,,synthetic_cryptojacking,sim_user,unregistered_hash_benchmark,gpu:1,cryptojacking
42.7,2026-01-01 00:00:42.700000+00:00,,syn-attack-crypto-202,cryptojacking-steady-primary,steady,,0.58,0.5,0,10.0,282.9935042111207,100.0,58.6394553879474,2520.0,55.570976659714944,4580.2194524646575,100.0,100.0,True,,synthetic_cryptojacking,sim_user,unregistered_hash_benchmark,gpu:1,cryptojacking
42.8,2026-01-01 00:00:42.800000+00:00,,syn-attack-crypto-202,cryptojacking-steady-primary,steady,,0.58,0.5,0,10.0,282.9278076333481,95.09284862198535,57.777972170208486,2520.0,54.29419853531987,4434.704508838263,100.0,100.0,True,,synthetic_cryptojacking,sim_user,unregistered_hash_benchmark,gpu:1,cryptojacking
42.9,2026-01-01 00:00:42.900000+00:00,,syn-attack-crypto-202,cryptojacking-steady-primary,steady,,0.58,0.5,0,10.0,282.1449444462554,94.66880207690244,50.9958735292562,2520.0,54.10872054665779,4113.014063172635,100.0,100.0,True,,synthetic_cryptojacking,sim_user,unregistered_hash_benchmark,gpu:1,cryptojacking
43.0,2026-01-01 00:00:43+00:00,,syn-attack-crypto-202,cryptojacking-steady-primary,steady,,0.58,0.5,0,10.0,281.7336129017969,96.56576873089963,50.95584162348819,2520.0,54.71178577778332,4262.241255426005,100.0,100.0,True,,synthetic_cryptojacking,sim_user,unregistered_hash_benchmark,gpu:1,cryptojacking
43.1,2026-01-01 00:00:43.100000+00:00,,syn-attack-crypto-202,cryptojacking-steady-primary,steady,,0.58,0.5,0,10.0,281.9143135719865,95.71457932714337,49.55783777794316,2520.0,54.149597751885636,4008.938031293347,100.0,100.0,True,,synthetic_cryptojacking,sim_user,unregistered_hash_benchmark,gpu:1,cryptojacking
43.2,2026-01-01 00:00:43.200000+00:00,,syn-attack-crypto-202,cryptojacking-steady-primary,steady,,0.58,0.5,0,10.0,282.2696857399981,95.91466825561916,50.87464516620487,2520.0,54.14591333319599,4092.841282909856,100.0,100.0,True,,synthetic_cryptojacking,sim_user,unregistered_hash_benchmark,gpu:1,cryptojacking
43.3,2026-01-01 00:00:43.300000+00:00,,syn-attack-crypto-202,cryptojacking-steady-primary,steady,,0.58,0.5,0,10.0,282.78002954929883,96.1982472517737,56.646463853622585,2520.0,54.107291357508366,4418.166494701818,100.0,100.0,True,,synthetic_cryptojacking,sim_user,unregistered_hash_benchmark,gpu:1,cryptojacking
43.4,2026-01-01 00:00:43.400000+00:00,,syn-attack-crypto-202,cryptojacking-steady-primary,steady,,0.58,0.5,0,10.0,282.3651307020168,95.83571489352997,45.747660039844014,2520.0,54.131891901714596,3726.8820049501824,100.0,100.0,True,,synthetic_cryptojacking,sim_user,unregistered_hash_benchmark,gpu:1,cryptojacking
43.5,2026-01-01 00:00:43.500000+00:00,,syn-attack-crypto-202,cryptojacking-steady-primary,steady,,0.58,0.5,0,10.0,282.6865519510702,97.69448511397499,47.7357595358508,2520.0,54.95007821003285,3801.2962509317804,100.0,100.0,True,,synthetic_cryptojacking,sim_user,unregistered_hash_benchmark,gpu:1,cryptojacking
43.6,2026-01-01 00:00:43.600000+00:00,,syn-attack-crypto-202,cryptojacking-steady-primary,steady,,0.58,0.5,0,10.0,283.44359351277814,93.98446531740694,42.865555338778506,2520.0,53.89094960492858,3521.9410801588338,100.0,100.0,True,,synthetic_cryptojacking,sim_user,unregistered_hash_benchmark,gpu:1,cryptojacking
43.7,2026-01-01 00:00:43.700000+00:00,,syn-attack-crypto-202,cryptojacking-steady-primary,steady,,0.58,0.5,0,10.0,285.11475398083707,95.52635267008235,52.00353537734298,2520.0,54.2248648375283,4092.6696315109634,100.0,100.0,True,,synthetic_cryptojacking,sim_user,unregistered_hash_benchmark,gpu:1,cryptojacking
43.8,2026-01-01 00:00:43.800000+00:00,,syn-attack-crypto-202,cryptojacking-steady-primary,steady,,0.58,0.5,0,10.0,284.78225772319007,94.50042355795388,55.036558460422846,2520.0,54.024660985082086,4263.078428107146,100.0,100.0,True,,synthetic_cryptojacking,sim_user,unregistered_hash_benchmark,gpu:1,cryptojacking
43.9,2026-01-01 00:00:43.900000+00:00,,syn-attack-crypto-202,cryptojacking-steady-primary,steady,,0.58,0.5,0,10.0,284.5156745038347,95.93825653508813,51.353750475999696,2520.0,54.297374370252605,4229.845752007087,100.0,100.0,True,,synthetic_cryptojacking,sim_user,unregistered_hash_benchmark,gpu:1,cryptojacking
44.0,2026-01-01 00:00:44+00:00,,syn-attack-crypto-202,cryptojacking-steady-primary,steady,,0.58,0.5,0,10.0,284.6994372622045,96.08015937132882,48.15240244995555,2520.0,54.48953295276082,3897.7377159412513,100.0,100.0,True,,synthetic_cryptojacking,sim_user,unregistered_hash_benchmark,gpu:1,cryptojacking
44.1,2026-01-01 00:00:44.100000+00:00,,syn-attack-crypto-202,cryptojacking-steady-primary,steady,,0.58,0.5,0,10.0,285.2058368750688,95.65993816110408,52.047800707769,2520.0,54.3690554108194,3941.5934085124773,100.0,100.0,True,,synthetic_cryptojacking,sim_user,unregistered_hash_benchmark,gpu:1,cryptojacking
44.2,2026-01-01 00:00:44.200000+00:00,,syn-attack-crypto-202,cryptojacking-steady-primary,steady,,0.58,0.5,0,10.0,284.1036685302136,95.99126031931195,52.83728740213848,2520.0,54.61736991951253,4282.4224375670665,100.0,100.0,True,,synthetic_cryptojacking,sim_user,unregistered_hash_benchmark,gpu:1,cryptojacking
44.3,2026-01-01 00:00:44.300000+00:00,,syn-attack-crypto-202,cryptojacking-steady-primary,steady,,0.58,0.5,0,10.0,284.51727993095716,94.04545337742228,54.33760250504279,2520.0,54.20369338522711,4153.890991511699,100.0,100.0,True,,synthetic_cryptojacking,sim_user,unregistered_hash_benchmark,gpu:1,cryptojacking
44.4,2026-01-01 00:00:44.400000+00:00,,syn-attack-crypto-202,cryptojacking-steady-primary,steady,,0.58,0.5,0,10.0,283.79811209679076,95.78059868872893,52.765647287866045,2520.0,54.707002568041915,4113.390424217689,100.0,100.0,True,,synthetic_cryptojacking,sim_user,unregistered_hash_benchmark,gpu:1,cryptojacking
44.5,2026-01-01 00:00:44.500000+00:00,,syn-attack-crypto-202,cryptojacking-steady-primary,steady,,0.58,0.5,0,10.0,283.6661798337344,96.21790396164776,48.786371018978784,2520.0,54.83524364790131,3969.2705408795596,100.0,100.0,True,,synthetic_cryptojacking,sim_user,unregistered_hash_benchmark,gpu:1,cryptojacking
44.6,2026-01-01 00:00:44.600000+00:00,,syn-attack-crypto-202,cryptojacking-steady-primary,steady,,0.58,0.5,0,10.0,283.1828648307319,96.17838342878211,53.563869352024355,2520.0,55.0805684040976,4242.381672081091,100.0,100.0,True,,synthetic_cryptojacking,sim_user,unregistered_hash_benchmark,gpu:1,cryptojacking
44.7,2026-01-01 00:00:44.700000+00:00,,syn-attack-crypto-202,cryptojacking-steady-primary,steady,,0.58,0.5,0,10.0,282.5748933702204,97.73637690643534,59.63531883166281,2520.0,55.6238624231916,4461.839348140728,100.0,100.0,True,,synthetic_cryptojacking,sim_user,unregistered_hash_benchmark,gpu:1,cryptojacking
44.8,2026-01-01 00:00:44.800000+00:00,,syn-attack-crypto-202,cryptojacking-steady-primary,steady,,0.58,0.5,0,10.0,281.12599300936836,98.53418044578734,50.731873586687044,2520.0,55.96448146797748,3974.0624157911507,100.0,100.0,True,,synthetic_cryptojacking,sim_user,unregistered_hash_benchmark,gpu:1,cryptojacking
44.9,2026-01-01 00:00:44.900000+00:00,,syn-attack-crypto-202,cryptojacking-steady-primary,steady,,0.58,0.5,0,10.0,281.38526957733836,96.75397894396984,53.9300815924046,2520.0,55.35512037423342,4209.352693683112,100.0,100.0,True,,synthetic_cryptojacking,sim_user,unregistered_hash_benchmark,gpu:1,cryptojacking
45.0,2026-01-01 00:00:45+00:00,,syn-attack-crypto-202,cryptojacking-steady-primary,steady,,0.58,0.5,0,10.0,281.5358304588287,95.5607837617604,52.76325272432365,2520.0,54.94626330458462,4225.856930888991,100.0,100.0,True,,synthetic_cryptojacking,sim_user,unregistered_hash_benchmark,gpu:1,cryptojacking
45.1,2026-01-01 00:00:45.100000+00:00,,syn-attack-crypto-202,cryptojacking-steady-primary,steady,,0.58,0.5,0,10.0,281.52557964620814,96.04868148550763,52.591406205959686,2520.0,54.975428970818946,4384.2494423042335,100.0,100.0,True,,synthetic_cryptojacking,sim_user,unregistered_hash_benchmark,gpu:1,cryptojacking
45.2,2026-01-01 00:00:45.200000+00:00,,syn-attack-crypto-202,cryptojacking-steady-primary,steady,,0.58,0.5,0,10.0,281.60889183883876,95.98779930074313,42.52904289984478,2520.0,54.659184734413465,3454.9832565352194,100.0,100.0,True,,synthetic_cryptojacking,sim_user,unregistered_hash_benchmark,gpu:1,cryptojacking
45.3,2026-01-01 00:00:45.300000+00:00,,syn-attack-crypto-202,cryptojacking-steady-primary,steady,,0.58,0.5,0,10.0,282.88332959950867,96.62571844168117,56.82601969598477,2520.0,54.71913013309452,4430.25420516056,100.0,100.0,True,,synthetic_cryptojacking,sim_user,unregistered_hash_benchmark,gpu:1,cryptojacking
45.4,2026-01-01 00:00:45.400000+00:00,,syn-attack-crypto-202,cryptojacking-steady-primary,steady,,0.58,0.5,0,10.0,282.8179669183019,97.0549700887136,49.6641597555888,2520.0,54.624506468776495,3942.0463976917713,100.0,100.0,True,,synthetic_cryptojacking,sim_user,unregistered_hash_benchmark,gpu:1,cryptojacking
45.5,2026-01-01 00:00:45.500000+00:00,,syn-attack-crypto-202,cryptojacking-steady-primary,steady,,0.58,0.5,0,10.0,283.3183738758218,94.92715590945255,51.135249844368076,2520.0,53.701086738173665,4128.563097300118,100.0,100.0,True,,synthetic_cryptojacking,sim_user,unregistered_hash_benchmark,gpu:1,cryptojacking
45.6,2026-01-01 00:00:45.600000+00:00,,syn-attack-crypto-202,cryptojacking-steady-primary,steady,,0.58,0.5,0,10.0,283.68466222957943,98.17139205050321,45.607617441427074,2520.0,54.296353185747094,3629.079911538933,100.0,100.0,True,,synthetic_cryptojacking,sim_user,unregistered_hash_benchmark,gpu:1,cryptojacking
45.7,2026-01-01 00:00:45.700000+00:00,,syn-attack-crypto-202,cryptojacking-steady-primary,steady,,0.58,0.5,0,10.0,284.2039724007897,95.0509136755455,47.59361213524334,2520.0,53.45085777602348,3852.1566241157293,100.0,100.0,True,,synthetic_cryptojacking,sim_user,unregistered_hash_benchmark,gpu:1,cryptojacking
45.8,2026-01-01 00:00:45.800000+00:00,,syn-attack-crypto-202,cryptojacking-steady-primary,steady,,0.58,0.5,0,10.0,284.97375380389826,96.71964217740417,46.32579155519757,2520.0,53.89926872868693,3868.6204141780327,100.0,100.0,True,,synthetic_cryptojacking,sim_user,unregistered_hash_benchmark,gpu:1,cryptojacking
45.9,2026-01-01 00:00:45.900000+00:00,,syn-attack-crypto-202,cryptojacking-steady-primary,steady,,0.58,0.5,0,10.0,285.4156288188472,95.08616048611576,51.117096407003785,2520.0,53.62318820181538,4084.0896546725407,100.0,100.0,True,,synthetic_cryptojacking,sim_user,unregistered_hash_benchmark,gpu:1,cryptojacking
46.0,2026-01-01 00:00:46+00:00,,syn-attack-crypto-202,cryptojacking-steady-primary,steady,,0.58,0.5,0,10.0,285.52380452250287,94.98540422631184,54.28230125480717,2520.0,53.32429793322392,4295.104343968481,100.0,100.0,True,,synthetic_cryptojacking,sim_user,unregistered_hash_benchmark,gpu:1,cryptojacking
46.1,2026-01-01 00:00:46.100000+00:00,,syn-attack-crypto-202,cryptojacking-steady-primary,steady,,0.58,0.5,0,10.0,284.1788010113405,95.71600303154653,52.75841617164549,2520.0,53.75375956529011,4206.921959797579,100.0,100.0,True,,synthetic_cryptojacking,sim_user,unregistered_hash_benchmark,gpu:1,cryptojacking
46.2,2026-01-01 00:00:46.200000+00:00,,syn-attack-crypto-202,cryptojacking-steady-primary,steady,,0.58,0.5,0,10.0,283.9261260404023,96.32641008582237,53.47730423128195,2520.0,53.911056357493706,4192.882002953756,100.0,100.0,True,,synthetic_cryptojacking,sim_user,unregistered_hash_benchmark,gpu:1,cryptojacking
46.3,2026-01-01 00:00:46.300000+00:00,,syn-attack-crypto-202,cryptojacking-steady-primary,steady,,0.58,0.5,0,10.0,284.1191156066425,95.48182438201117,53.46580898843757,2520.0,54.09246584499082,4202.499851141305,100.0,100.0,True,,synthetic_cryptojacking,sim_user,unregistered_hash_benchmark,gpu:1,cryptojacking
46.4,2026-01-01 00:00:46.400000+00:00,,syn-attack-crypto-202,cryptojacking-steady-primary,steady,,0.58,0.5,0,10.0,283.9034081512797,94.46519648298668,55.06254102408343,2520.0,54.13037176889996,4259.399313645535,100.0,100.0,True,,synthetic_cryptojacking,sim_user,unregistered_hash_benchmark,gpu:1,cryptojacking
46.5,2026-01-01 00:00:46.500000+00:00,,syn-attack-crypto-202,cryptojacking-steady-primary,steady,,0.58,0.5,0,10.0,283.0115582078712,94.2797365271778,52.5413625229193,2520.0,54.18816076088396,4311.768930534029,100.0,100.0,True,,synthetic_cryptojacking,sim_user,unregistered_hash_benchmark,gpu:1,cryptojacking
46.6,2026-01-01 00:00:46.600000+00:00,,syn-attack-crypto-202,cryptojacking-steady-primary,steady,,0.58,0.5,0,10.0,283.28036881564316,96.96386657137066,55.47877822148976,2520.0,55.112674050310375,4352.403155243619,100.0,100.0,True,,synthetic_cryptojacking,sim_user,unregistered_hash_benchmark,gpu:1,cryptojacking
46.7,2026-01-01 00:00:46.700000+00:00,,syn-attack-crypto-202,cryptojacking-steady-primary,steady,,0.58,0.5,0,10.0,282.39406354605825,95.36954423412512,48.63653064906983,2520.0,54.69593124661801,3920.9876358991814,100.0,100.0,True,,synthetic_cryptojacking,sim_user,unregistered_hash_benchmark,gpu:1,cryptojacking
46.8,2026-01-01 00:00:46.800000+00:00,,syn-attack-crypto-202,cryptojacking-steady-primary,steady,,0.58,0.5,0,10.0,282.69739440948075,94.6753290948372,54.161116963209096,2520.0,54.546072263677786,4310.94480778856,100.0,100.0,True,,synthetic_cryptojacking,sim_user,unregistered_hash_benchmark,gpu:1,cryptojacking
46.9,2026-01-01 00:00:46.900000+00:00,,syn-attack-crypto-202,cryptojacking-steady-primary,steady,,0.58,0.5,0,10.0,282.3728241772418,98.28500676949635,51.07524221239899,2520.0,55.83062169872543,4190.128195413575,100.0,100.0,True,,synthetic_cryptojacking,sim_user,unregistered_hash_benchmark,gpu:1,cryptojacking
47.0,2026-01-01 00:00:47+00:00,,syn-attack-crypto-202,cryptojacking-steady-primary,steady,,0.58,0.5,0,10.0,282.507644112782,96.87386885808505,53.05228220375664,2520.0,55.1575712927371,4035.7679240120447,100.0,100.0,True,,synthetic_cryptojacking,sim_user,unregistered_hash_benchmark,gpu:1,cryptojacking
47.1,2026-01-01 00:00:47.100000+00:00,,syn-attack-crypto-202,cryptojacking-steady-primary,steady,,0.58,0.5,0,10.0,282.98701735335914,99.8453186446105,45.11922328664273,2520.0,56.192683621937505,3772.373957827408,100.0,100.0,True,,synthetic_cryptojacking,sim_user,unregistered_hash_benchmark,gpu:1,cryptojacking
47.2,2026-01-01 00:00:47.200000+00:00,,syn-attack-crypto-202,cryptojacking-steady-primary,steady,,0.58,0.5,0,10.0,283.62485569353004,95.1133395078898,50.20341148937839,2520.0,54.8443767183739,3888.026847421193,100.0,100.0,True,,synthetic_cryptojacking,sim_user,unregistered_hash_benchmark,gpu:1,cryptojacking
47.3,2026-01-01 00:00:47.300000+00:00,,syn-attack-crypto-202,cryptojacking-steady-primary,steady,,0.58,0.5,0,10.0,284.45428182941896,96.3292152599706,55.17715525997683,2520.0,54.94511026202652,4286.986306532281,100.0,100.0,True,,synthetic_cryptojacking,sim_user,unregistered_hash_benchmark,gpu:1,cryptojacking
47.4,2026-01-01 00:00:47.400000+00:00,,syn-attack-crypto-202,cryptojacking-steady-primary,steady,,0.58,0.5,0,10.0,284.7545026178256,95.44584064933052,51.54779232827021,2520.0,54.75427365743679,4055.5803023472026,100.0,100.0,True,,synthetic_cryptojacking,sim_user,unregistered_hash_benchmark,gpu:1,cryptojacking
47.5,2026-01-01 00:00:47.500000+00:00,,syn-attack-crypto-202,cryptojacking-steady-primary,steady,,0.58,0.5,0,10.0,284.9987918077339,95.53850723445426,47.80458243539601,2520.0,54.55241970262843,3869.506312961822,100.0,100.0,True,,synthetic_cryptojacking,sim_user,unregistered_hash_benchmark,gpu:1,cryptojacking
47.6,2026-01-01 00:00:47.600000+00:00,,syn-attack-crypto-202,cryptojacking-steady-primary,steady,,0.58,0.5,0,10.0,285.7367120878235,96.95632948372007,56.37902199741075,2520.0,54.97165454006598,4428.764950915638,100.0,100.0,True,,synthetic_cryptojacking,sim_user,unregistered_hash_benchmark,gpu:1,cryptojacking
47.7,2026-01-01 00:00:47.700000+00:00,,syn-attack-crypto-202,cryptojacking-steady-primary,steady,,0.58,0.5,0,10.0,285.0560028920435,97.99819263487225,48.24817118406873,2520.0,55.17600312197218,3734.1173367292126,100.0,100.0,True,,synthetic_cryptojacking,sim_user,unregistered_hash_benchmark,gpu:1,cryptojacking
47.8,2026-01-01 00:00:47.800000+00:00,,syn-attack-crypto-202,cryptojacking-steady-primary,steady,,0.58,0.5,0,10.0,285.3381590243447,96.27388265028226,51.803228376074344,2520.0,54.561133011446266,4118.7004205579005,100.0,100.0,True,,synthetic_cryptojacking,sim_user,unregistered_hash_benchmark,gpu:1,cryptojacking
47.9,2026-01-01 00:00:47.900000+00:00,,syn-attack-crypto-202,cryptojacking-steady-primary,steady,,0.58,0.5,0,10.0,285.70712671656804,95.75804939404698,51.90039508407171,2520.0,54.53256217145209,4173.403974009934,100.0,100.0,True,,synthetic_cryptojacking,sim_user,unregistered_hash_benchmark,gpu:1,cryptojacking
48.0,2026-01-01 00:00:48+00:00,,syn-attack-crypto-202,cryptojacking-steady-primary,steady,,0.58,0.5,0,10.0,285.9359539112828,94.8754023400996,50.38637520898402,2520.0,53.85784874433191,3930.0779582986947,100.0,100.0,True,,synthetic_cryptojacking,sim_user,unregistered_hash_benchmark,gpu:1,cryptojacking
48.1,2026-01-01 00:00:48.100000+00:00,,syn-attack-crypto-202,cryptojacking-steady-primary,steady,,0.58,0.5,0,10.0,286.671975614182,97.3431968059653,57.5288970921701,2520.0,54.27130951458426,4613.512151204615,100.0,100.0,True,,synthetic_cryptojacking,sim_user,unregistered_hash_benchmark,gpu:1,cryptojacking
48.2,2026-01-01 00:00:48.200000+00:00,,syn-attack-crypto-202,cryptojacking-steady-primary,steady,,0.58,0.5,0,10.0,286.08650208107906,96.6811607618329,48.991913844618736,2520.0,53.97353833353421,3949.964832032698,100.0,100.0,True,,synthetic_cryptojacking,sim_user,unregistered_hash_benchmark,gpu:1,cryptojacking
48.3,2026-01-01 00:00:48.300000+00:00,,syn-attack-crypto-202,cryptojacking-steady-primary,steady,,0.58,0.5,0,10.0,286.858425029623,96.24160951836556,58.12290999096281,2520.0,53.90225880016191,4525.052434529215,100.0,100.0,True,,synthetic_cryptojacking,sim_user,unregistered_hash_benchmark,gpu:1,cryptojacking
48.4,2026-01-01 00:00:48.400000+00:00,,syn-attack-crypto-202,cryptojacking-steady-primary,steady,,0.58,0.5,0,10.0,285.7041996152033,95.7291083160776,57.48903937881419,2520.0,53.92979163712614,4499.7453809450735,100.0,100.0,True,,synthetic_cryptojacking,sim_user,unregistered_hash_benchmark,gpu:1,cryptojacking
48.5,2026-01-01 00:00:48.500000+00:00,,syn-attack-crypto-202,cryptojacking-steady-primary,steady,,0.58,0.5,0,10.0,285.46858413809684,95.98596006988511,53.99460288076796,2520.0,54.06426360975804,4361.259376388812,100.0,100.0,True,,synthetic_cryptojacking,sim_user,unregistered_hash_benchmark,gpu:1,cryptojacking
48.6,2026-01-01 00:00:48.600000+00:00,,syn-attack-crypto-202,cryptojacking-steady-primary,steady,,0.58,0.5,0,10.0,285.6413348529617,94.24658806186011,53.58772535525789,2520.0,53.634022821572394,4175.0042446257075,100.0,100.0,True,,synthetic_cryptojacking,sim_user,unregistered_hash_benchmark,gpu:1,cryptojacking
48.7,2026-01-01 00:00:48.700000+00:00,,syn-attack-crypto-202,cryptojacking-steady-primary,steady,,0.58,0.5,0,10.0,285.8253999340601,94.24815470223005,48.89928494472716,2520.0,53.77159730078176,3670.611186031004,100.0,100.0,True,,synthetic_cryptojacking,sim_user,unregistered_hash_benchmark,gpu:1,cryptojacking
48.8,2026-01-01 00:00:48.800000+00:00,,syn-attack-crypto-202,cryptojacking-steady-primary,steady,,0.58,0.5,0,10.0,285.78795656158576,96.0573925337934,49.663705092725785,2520.0,54.41413304405969,3916.6497722955282,100.0,100.0,True,,synthetic_cryptojacking,sim_user,unregistered_hash_benchmark,gpu:1,cryptojacking
48.9,2026-01-01 00:00:48.900000+00:00,,syn-attack-crypto-202,cryptojacking-steady-primary,steady,,0.58,0.5,0,10.0,285.62294560170477,96.03462178993023,54.918550594446316,2520.0,54.345130638368765,4347.836284120986,100.0,100.0,True,,synthetic_cryptojacking,sim_user,unregistered_hash_benchmark,gpu:1,cryptojacking
49.0,2026-01-01 00:00:49+00:00,,syn-attack-crypto-202,cryptojacking-steady-primary,steady,,0.58,0.5,0,10.0,285.2353518481948,97.50863443553563,54.87689617038019,2520.0,54.770014464088625,4199.535916844986,100.0,100.0,True,,synthetic_cryptojacking,sim_user,unregistered_hash_benchmark,gpu:1,cryptojacking
49.1,2026-01-01 00:00:49.100000+00:00,,syn-attack-crypto-202,cryptojacking-steady-primary,steady,,0.58,0.5,0,10.0,285.12166892474517,96.75934794571869,57.89953627758716,2520.0,54.41255923091088,4364.836118262526,100.0,100.0,True,,synthetic_cryptojacking,sim_user,unregistered_hash_benchmark,gpu:1,cryptojacking
49.2,2026-01-01 00:00:49.200000+00:00,,syn-attack-crypto-202,cryptojacking-steady-primary,steady,,0.58,0.5,0,10.0,285.0800611910496,96.02136345449559,51.649721657556476,2520.0,54.20572275022227,3983.2238885124225,100.0,100.0,True,,synthetic_cryptojacking,sim_user,unregistered_hash_benchmark,gpu:1,cryptojacking
49.3,2026-01-01 00:00:49.300000+00:00,,syn-attack-crypto-202,cryptojacking-steady-primary,steady,,0.58,0.5,0,10.0,285.6258799426241,97.2815366280781,56.11504251824,2520.0,54.57908646597509,4381.652605974931,100.0,100.0,True,,synthetic_cryptojacking,sim_user,unregistered_hash_benchmark,gpu:1,cryptojacking
49.4,2026-01-01 00:00:49.400000+00:00,,syn-attack-crypto-202,cryptojacking-steady-primary,steady,,0.58,0.5,0,10.0,285.39524286598186,97.4415601779805,48.62569920685807,2520.0,54.7972700031278,3780.764800069603,100.0,100.0,True,,synthetic_cryptojacking,sim_user,unregistered_hash_benchmark,gpu:1,cryptojacking
49.5,2026-01-01 00:00:49.500000+00:00,,syn-attack-crypto-202,cryptojacking-steady-primary,steady,,0.58,0.5,0,10.0,284.78237230699096,96.63565236846917,55.91422240909245,2520.0,54.33427740263434,4170.778687343996,100.0,100.0,True,,synthetic_cryptojacking,sim_user,unregistered_hash_benchmark,gpu:1,cryptojacking
49.6,2026-01-01 00:00:49.600000+00:00,,syn-attack-crypto-202,cryptojacking-steady-primary,steady,,0.58,0.5,0,10.0,285.3985960715301,94.76868880851889,54.84530997782697,2520.0,53.903599886254824,4358.252572519243,100.0,100.0,True,,synthetic_cryptojacking,sim_user,unregistered_hash_benchmark,gpu:1,cryptojacking
49.7,2026-01-01 00:00:49.700000+00:00,,syn-attack-crypto-202,cryptojacking-steady-primary,steady,,0.58,0.5,0,10.0,285.79951853241715,96.80577116575118,56.615048776063865,2520.0,54.369217295213545,4408.15016958133,100.0,100.0,True,,synthetic_cryptojacking,sim_user,unregistered_hash_benchmark,gpu:1,cryptojacking
49.8,2026-01-01 00:00:49.800000+00:00,,syn-attack-crypto-202,cryptojacking-steady-primary,steady,,0.58,0.5,0,10.0,285.6785935277386,96.13606082050754,49.60813163200589,2520.0,54.66029675389779,3866.324562019859,100.0,100.0,True,,synthetic_cryptojacking,sim_user,unregistered_hash_benchmark,gpu:1,cryptojacking
49.9,2026-01-01 00:00:49.900000+00:00,,syn-attack-crypto-202,cryptojacking-steady-primary,steady,,0.58,0.5,0,10.0,286.42081600265726,96.11714179855083,48.244470741389684,2520.0,54.79536170068369,3659.207373489001,100.0,100.0,True,,synthetic_cryptojacking,sim_user,unregistered_hash_benchmark,gpu:1,cryptojacking
50.0,2026-01-01 00:00:50+00:00,,syn-attack-crypto-202,cryptojacking-steady-primary,steady,,0.58,0.5,0,10.0,287.0360215161732,94.4476329772957,50.63488171660946,2520.0,54.50187179847892,3911.6044550375645,100.0,100.0,True,,synthetic_cryptojacking,sim_user,unregistered_hash_benchmark,gpu:1,cryptojacking
50.1,2026-01-01 00:00:50.100000+00:00,,syn-attack-crypto-202,cryptojacking-steady-primary,steady,,0.58,0.5,0,10.0,287.27680409118375,95.71038374780363,52.88744856577077,2520.0,54.914502930586664,4037.9683691740033,100.0,100.0,True,,synthetic_cryptojacking,sim_user,unregistered_hash_benchmark,gpu:1,cryptojacking
50.2,2026-01-01 00:00:50.200000+00:00,,syn-attack-crypto-202,cryptojacking-steady-primary,steady,,0.58,0.5,0,10.0,287.27403307215485,97.60582644593798,57.99895139618692,2520.0,55.47100474602475,4508.029051507999,100.0,100.0,True,,synthetic_cryptojacking,sim_user,unregistered_hash_benchmark,gpu:1,cryptojacking
50.3,2026-01-01 00:00:50.300000+00:00,,syn-attack-crypto-202,cryptojacking-steady-primary,steady,,0.58,0.5,0,10.0,286.55500293352713,96.01083506774258,56.44713605869795,2520.0,54.905041347056866,4438.9720163137135,100.0,100.0,True,,synthetic_cryptojacking,sim_user,unregistered_hash_benchmark,gpu:1,cryptojacking
50.4,2026-01-01 00:00:50.400000+00:00,,syn-attack-crypto-202,cryptojacking-steady-primary,steady,,0.58,0.5,0,10.0,287.02196868527767,96.68314558919039,53.75632117240012,2520.0,55.74430666384461,4267.937027291854,100.0,100.0,True,,synthetic_cryptojacking,sim_user,unregistered_hash_benchmark,gpu:1,cryptojacking
50.5,2026-01-01 00:00:50.500000+00:00,,syn-attack-crypto-202,cryptojacking-steady-primary,steady,,0.58,0.5,0,10.0,286.3961080973528,95.50680183899804,42.16832120129787,2520.0,55.41874963553444,3439.4037596578855,100.0,100.0,True,,synthetic_cryptojacking,sim_user,unregistered_hash_benchmark,gpu:1,cryptojacking
50.6,2026-01-01 00:00:50.600000+00:00,,syn-attack-crypto-202,cryptojacking-steady-primary,steady,,0.58,0.5,0,10.0,287.73231320854967,97.02229227446247,61.54964348533302,2520.0,56.094719940866455,4709.713312705333,100.0,100.0,True,,synthetic_cryptojacking,sim_user,unregistered_hash_benchmark,gpu:1,cryptojacking
50.7,2026-01-01 00:00:50.700000+00:00,,syn-attack-crypto-202,cryptojacking-steady-primary,steady,,0.58,0.5,0,10.0,285.9148796094131,96.07369016725407,59.091178380937194,2520.0,55.83396126916641,4503.192541730346,100.0,100.0,True,,synthetic_cryptojacking,sim_user,unregistered_hash_benchmark,gpu:1,cryptojacking
50.8,2026-01-01 00:00:50.800000+00:00,,syn-attack-crypto-202,cryptojacking-steady-primary,steady,,0.58,0.5,0,10.0,285.4588021583787,93.43279304196544,53.69577076681042,2520.0,55.16224459442829,3982.5044540836143,100.0,100.0,True,,synthetic_cryptojacking,sim_user,unregistered_hash_benchmark,gpu:1,cryptojacking
50.9,2026-01-01 00:00:50.900000+00:00,,syn-attack-crypto-202,cryptojacking-steady-primary,steady,,0.58,0.5,0,10.0,285.44449312671185,96.37413183218399,56.27062846771227,2520.0,55.94854939342924,4545.307787480646,100.0,100.0,True,,synthetic_cryptojacking,sim_user,unregistered_hash_benchmark,gpu:1,cryptojacking
51.0,2026-01-01 00:00:51+00:00,,syn-attack-crypto-202,cryptojacking-steady-primary,steady,,0.58,0.5,0,10.0,284.5149812305099,95.71244593303715,53.43569653429733,2520.0,55.91734409545092,4294.603143065576,100.0,100.0,True,,synthetic_cryptojacking,sim_user,unregistered_hash_benchmark,gpu:1,cryptojacking
51.1,2026-01-01 00:00:51.100000+00:00,,syn-attack-crypto-202,cryptojacking-steady-primary,steady,,0.58,0.5,0,10.0,285.21629263505207,96.68351545638535,53.98350374020182,2520.0,56.30764343806481,4150.167002149933,100.0,100.0,True,,synthetic_cryptojacking,sim_user,unregistered_hash_benchmark,gpu:1,cryptojacking
51.2,2026-01-01 00:00:51.200000+00:00,,syn-attack-crypto-202,cryptojacking-steady-primary,steady,,0.58,0.5,0,10.0,285.23862572740694,94.16537977252611,52.01331141191398,2520.0,55.598693825930575,3954.7370571228785,100.0,100.0,True,,synthetic_cryptojacking,sim_user,unregistered_hash_benchmark,gpu:1,cryptojacking
51.3,2026-01-01 00:00:51.300000+00:00,,syn-attack-crypto-202,cryptojacking-steady-primary,steady,,0.58,0.5,0,10.0,285.9347089907002,94.52720013737175,49.978241706551245,2520.0,55.186154578007624,4030.4342027935277,100.0,100.0,True,,synthetic_cryptojacking,sim_user,unregistered_hash_benchmark,gpu:1,cryptojacking
51.4,2026-01-01 00:00:51.400000+00:00,,syn-attack-crypto-202,cryptojacking-steady-primary,steady,,0.58,0.5,0,10.0,286.5316865290438,96.74749524290652,60.96159777044288,2520.0,55.957832885639746,4724.053164703284,100.0,100.0,True,,synthetic_cryptojacking,sim_user,unregistered_hash_benchmark,gpu:1,cryptojacking
51.5,2026-01-01 00:00:51.500000+00:00,,syn-attack-crypto-202,cryptojacking-steady-primary,steady,,0.58,0.5,0,10.0,285.1856859920127,97.90032069356526,48.918194306067484,2520.0,56.19407708899592,3920.352692289927,100.0,100.0,True,,synthetic_cryptojacking,sim_user,unregistered_hash_benchmark,gpu:1,cryptojacking
51.6,2026-01-01 00:00:51.600000+00:00,,syn-attack-crypto-202,cryptojacking-steady-primary,steady,,0.58,0.5,0,10.0,285.4269381056426,94.72925397881957,53.499274856732306,2520.0,55.07285711705503,4095.207122148386,100.0,100.0,True,,synthetic_cryptojacking,sim_user,unregistered_hash_benchmark,gpu:1,cryptojacking
51.7,2026-01-01 00:00:51.700000+00:00,,syn-attack-crypto-202,cryptojacking-steady-primary,steady,,0.58,0.5,0,10.0,285.88131521257174,95.67349645760885,44.81439011366169,2520.0,55.19767585219333,3572.312893295333,100.0,100.0,True,,synthetic_cryptojacking,sim_user,unregistered_hash_benchmark,gpu:1,cryptojacking
51.8,2026-01-01 00:00:51.800000+00:00,,syn-attack-crypto-202,cryptojacking-steady-primary,steady,,0.58,0.5,0,10.0,285.9785127137032,95.16093210463069,54.57567987739171,2514.146433006426,55.07496475619786,4181.599148221587,100.0,100.0,True,,synthetic_cryptojacking,sim_user,unregistered_hash_benchmark,gpu:1,cryptojacking
51.9,2026-01-01 00:00:51.900000+00:00,,syn-attack-crypto-202,cryptojacking-steady-primary,steady,,0.58,0.5,0,10.0,286.66686891378475,97.04092675350803,55.554324829490575,2520.0,55.2416754105767,4571.414619686815,100.0,100.0,True,,synthetic_cryptojacking,sim_user,unregistered_hash_benchmark,gpu:1,cryptojacking
52.0,2026-01-01 00:00:52+00:00,,syn-attack-crypto-202,cryptojacking-steady-primary,steady,,0.58,0.5,0,10.0,286.8809423926216,96.8315015611261,48.34247713205271,2520.0,54.89685689228561,3897.4970409423786,100.0,100.0,True,,synthetic_cryptojacking,sim_user,unregistered_hash_benchmark,gpu:1,cryptojacking
52.1,2026-01-01 00:00:52.100000+00:00,,syn-attack-crypto-202,cryptojacking-steady-primary,steady,,0.58,0.5,0,10.0,287.4301186068661,93.4391861639371,58.35694402126367,2520.0,54.19801304484,4630.503466764837,100.0,100.0,True,,synthetic_cryptojacking,sim_user,unregistered_hash_benchmark,gpu:1,cryptojacking
52.2,2026-01-01 00:00:52.200000+00:00,,syn-attack-crypto-202,cryptojacking-steady-primary,steady,,0.58,0.5,0,10.0,286.4563973393976,95.00015262907652,53.2541853979051,2520.0,54.77049242785151,4133.5800641570895,100.0,100.0,True,,synthetic_cryptojacking,sim_user,unregistered_hash_benchmark,gpu:1,cryptojacking
52.3,2026-01-01 00:00:52.300000+00:00,,syn-attack-crypto-202,cryptojacking-steady-primary,steady,,0.58,0.5,0,10.0,286.92589146859325,96.9085084381048,59.64756489496256,2520.0,54.99084879585147,4570.023818198457,100.0,100.0,True,,synthetic_cryptojacking,sim_user,unregistered_hash_benchmark,gpu:1,cryptojacking
52.4,2026-01-01 00:00:52.400000+00:00,,syn-attack-crypto-202,cryptojacking-steady-primary,steady,,0.58,0.5,0,10.0,285.36020560571313,95.64290532335039,55.84528189626322,2520.0,54.56813156451454,4256.655693670462,100.0,100.0,True,,synthetic_cryptojacking,sim_user,unregistered_hash_benchmark,gpu:1,cryptojacking
52.5,2026-01-01 00:00:52.500000+00:00,,syn-attack-crypto-202,cryptojacking-steady-primary,steady,,0.58,0.5,0,10.0,285.3566211366976,95.99469547255329,48.70275317087479,2520.0,54.839490141762056,3861.0313372133155,100.0,100.0,True,,synthetic_cryptojacking,sim_user,unregistered_hash_benchmark,gpu:1,cryptojacking
52.6,2026-01-01 00:00:52.600000+00:00,,syn-attack-crypto-202,cryptojacking-steady-primary,steady,,0.58,0.5,0,10.0,284.8957960298149,96.98895857495661,50.53996374077634,2520.0,55.020146593615415,3857.81975101156,100.0,100.0,True,,synthetic_cryptojacking,sim_user,unregistered_hash_benchmark,gpu:1,cryptojacking
52.7,2026-01-01 00:00:52.700000+00:00,,syn-attack-crypto-202,cryptojacking-steady-primary,steady,,0.58,0.5,0,10.0,285.58451922531117,95.60907803454764,57.9816966283589,2520.0,54.428219997725385,4435.9370514205,100.0,100.0,True,,synthetic_cryptojacking,sim_user,unregistered_hash_benchmark,gpu:1,cryptojacking
52.8,2026-01-01 00:00:52.800000+00:00,,syn-attack-crypto-202,cryptojacking-steady-primary,steady,,0.58,0.5,0,10.0,285.26452091700725,97.18901098564581,46.50326111403895,2520.0,54.97813804234486,3747.9599966302135,100.0,100.0,True,,synthetic_cryptojacking,sim_user,unregistered_hash_benchmark,gpu:1,cryptojacking
52.9,2026-01-01 00:00:52.900000+00:00,,syn-attack-crypto-202,cryptojacking-steady-primary,steady,,0.58,0.5,0,10.0,285.95272198025,95.65971941488294,60.90754745874824,2520.0,54.67607646331789,4764.416914066841,100.0,100.0,True,,synthetic_cryptojacking,sim_user,unregistered_hash_benchmark,gpu:1,cryptojacking
53.0,2026-01-01 00:00:53+00:00,,syn-attack-crypto-202,cryptojacking-steady-primary,steady,,0.58,0.5,0,10.0,284.6979816573182,96.56297088538359,57.17529571578632,2520.0,54.69120503264395,4440.035838992489,100.0,100.0,True,,synthetic_cryptojacking,sim_user,unregistered_hash_benchmark,gpu:1,cryptojacking
53.1,2026-01-01 00:00:53.100000+00:00,,syn-attack-crypto-202,cryptojacking-steady-primary,steady,,0.58,0.5,0,10.0,283.9937208653861,97.01700290579215,53.277253556970265,2520.0,54.703689657597906,4277.546989229144,100.0,100.0,True,,synthetic_cryptojacking,sim_user,unregistered_hash_benchmark,gpu:1,cryptojacking
53.2,2026-01-01 00:00:53.200000+00:00,,syn-attack-crypto-202,cryptojacking-steady-primary,steady,,0.58,0.5,0,10.0,284.2005780443803,96.71239230264462,51.58846024383022,2520.0,54.735379643843366,3989.1332652848173,100.0,100.0,True,,synthetic_cryptojacking,sim_user,unregistered_hash_benchmark,gpu:1,cryptojacking
53.3,2026-01-01 00:00:53.300000+00:00,,syn-attack-crypto-202,cryptojacking-steady-primary,steady,,0.58,0.5,0,10.0,284.5127062514572,96.07673275516977,57.977852804178156,2520.0,54.422206819462666,4701.01596357635,100.0,100.0,True,,synthetic_cryptojacking,sim_user,unregistered_hash_benchmark,gpu:1,cryptojacking
53.4,2026-01-01 00:00:53.400000+00:00,,syn-attack-crypto-202,cryptojacking-steady-primary,steady,,0.58,0.5,0,10.0,283.70267976142935,96.24876952636491,45.50667290016067,2520.0,54.315438972854004,3716.6722249586032,100.0,100.0,True,,synthetic_cryptojacking,sim_user,unregistered_hash_benchmark,gpu:1,cryptojacking
53.5,2026-01-01 00:00:53.500000+00:00,,syn-attack-crypto-202,cryptojacking-steady-primary,steady,,0.58,0.5,0,10.0,284.64114861887185,95.56342552131456,55.7700246778066,2520.0,54.171799629810934,4114.656369124696,100.0,100.0,True,,synthetic_cryptojacking,sim_user,unregistered_hash_benchmark,gpu:1,cryptojacking
53.6,2026-01-01 00:00:53.600000+00:00,,syn-attack-crypto-202,cryptojacking-steady-primary,steady,,0.58,0.5,0,10.0,284.4057357538827,96.75459362549996,45.06543621442805,2520.0,54.7831376624928,3554.3445647250624,100.0,100.0,True,,synthetic_cryptojacking,sim_user,unregistered_hash_benchmark,gpu:1,cryptojacking
53.7,2026-01-01 00:00:53.700000+00:00,,syn-attack-crypto-202,cryptojacking-steady-primary,steady,,0.58,0.5,0,10.0,285.95322020864927,95.26995912977576,55.65527816629373,2520.0,54.38277072137467,4380.711075858759,100.0,100.0,True,,synthetic_cryptojacking,sim_user,unregistered_hash_benchmark,gpu:1,cryptojacking
53.8,2026-01-01 00:00:53.800000+00:00,,syn-attack-crypto-202,cryptojacking-steady-primary,steady,,0.58,0.5,0,10.0,285.24306947569346,97.66346404700329,56.29562382213496,2520.0,55.054575046423025,4323.196808084809,100.0,100.0,True,,synthetic_cryptojacking,sim_user,unregistered_hash_benchmark,gpu:1,cryptojacking
53.9,2026-01-01 00:00:53.900000+00:00,,syn-attack-crypto-202,cryptojacking-steady-primary,steady,,0.58,0.5,0,10.0,285.0198629463825,94.2384475326782,50.93662057144276,2520.0,53.93899115140054,4239.427764839158,100.0,100.0,True,,synthetic_cryptojacking,sim_user,unregistered_hash_benchmark,gpu:1,cryptojacking
54.0,2026-01-01 00:00:54+00:00,,syn-attack-crypto-202,cryptojacking-steady-primary,steady,,0.58,0.5,0,10.0,284.4210832883226,95.58571308173202,49.82512913371603,2520.0,54.52961381349456,3838.7468184895592,100.0,100.0,True,,synthetic_cryptojacking,sim_user,unregistered_hash_benchmark,gpu:1,cryptojacking
54.1,2026-01-01 00:00:54.100000+00:00,,syn-attack-crypto-202,cryptojacking-steady-primary,steady,,0.58,0.5,0,10.0,285.11742881682545,98.43039341586993,52.00488313855107,2520.0,55.463950890450874,4134.655567930176,100.0,100.0,True,,synthetic_cryptojacking,sim_user,unregistered_hash_benchmark,gpu:1,cryptojacking
54.2,2026-01-01 00:00:54.200000+00:00,,syn-attack-crypto-202,cryptojacking-steady-primary,steady,,0.58,0.5,0,10.0,284.77553940916147,95.62669194131249,54.33292570165528,2520.0,54.94031313691523,4273.37520401722,100.0,100.0,True,,synthetic_cryptojacking,sim_user,unregistered_hash_benchmark,gpu:1,cryptojacking
54.3,2026-01-01 00:00:54.300000+00:00,,syn-attack-crypto-202,cryptojacking-steady-primary,steady,,0.58,0.5,0,10.0,284.48214633585656,97.25529038537128,54.63378241160645,2520.0,55.42180056971024,4100.37594856799,100.0,100.0,True,,synthetic_cryptojacking,sim_user,unregistered_hash_benchmark,gpu:1,cryptojacking
54.4,2026-01-01 00:00:54.400000+00:00,,syn-attack-crypto-202,cryptojacking-steady-primary,steady,,0.58,0.5,0,10.0,284.5925673703802,96.52974996701059,51.09877915844612,2520.0,55.24264138587384,4118.928350109703,100.0,100.0,True,,synthetic_cryptojacking,sim_user,unregistered_hash_benchmark,gpu:1,cryptojacking
54.5,2026-01-01 00:00:54.500000+00:00,,syn-attack-crypto-202,cryptojacking-steady-primary,steady,,0.58,0.5,0,10.0,284.7850351021684,95.10771416601453,53.1376183974617,2520.0,54.848131382436726,4236.086447262822,100.0,100.0,True,,synthetic_cryptojacking,sim_user,unregistered_hash_benchmark,gpu:1,cryptojacking
54.6,2026-01-01 00:00:54.600000+00:00,,syn-attack-crypto-202,cryptojacking-steady-primary,steady,,0.58,0.5,0,10.0,284.2749583614163,95.97247695594226,53.92336975494758,2520.0,54.986476837209196,4199.4736985971,100.0,100.0,True,,synthetic_cryptojacking,sim_user,unregistered_hash_benchmark,gpu:1,cryptojacking
54.7,2026-01-01 00:00:54.700000+00:00,,syn-attack-crypto-202,cryptojacking-steady-primary,steady,,0.58,0.5,0,10.0,283.7036376128243,95.45055575018345,57.966078584949386,2520.0,54.71454676583943,4530.578536955634,100.0,100.0,True,,synthetic_cryptojacking,sim_user,unregistered_hash_benchmark,gpu:1,cryptojacking
54.8,2026-01-01 00:00:54.800000+00:00,,syn-attack-crypto-202,cryptojacking-steady-primary,steady,,0.58,0.5,0,10.0,283.4600600871179,95.43900552222452,49.49892723212967,2520.0,54.9551850492387,3739.573364629274,100.0,100.0,True,,synthetic_cryptojacking,sim_user,unregistered_hash_benchmark,gpu:1,cryptojacking
54.9,2026-01-01 00:00:54.900000+00:00,,syn-attack-crypto-202,cryptojacking-steady-primary,steady,,0.58,0.5,0,10.0,284.1838190435196,95.43801085931645,53.10740711097077,2520.0,54.79198928991382,4048.6086903940745,100.0,100.0,True,,synthetic_cryptojacking,sim_user,unregistered_hash_benchmark,gpu:1,cryptojacking
55.0,2026-01-01 00:00:55+00:00,,syn-attack-crypto-202,cryptojacking-steady-primary,steady,,0.58,0.5,0,10.0,283.7128273670408,95.10654216568375,46.14481162866861,2520.0,54.404335867807774,3632.7105007905707,100.0,100.0,True,,synthetic_cryptojacking,sim_user,unregistered_hash_benchmark,gpu:1,cryptojacking
55.1,2026-01-01 00:00:55.100000+00:00,,syn-attack-crypto-202,cryptojacking-steady-primary,steady,,0.58,0.5,0,10.0,285.3214431537935,97.90130486284592,57.22654526415367,2520.0,54.78008622096977,4398.1101263138235,100.0,100.0,True,,synthetic_cryptojacking,sim_user,unregistered_hash_benchmark,gpu:1,cryptojacking
55.2,2026-01-01 00:00:55.200000+00:00,,syn-attack-crypto-202,cryptojacking-steady-primary,steady,,0.58,0.5,0,10.0,284.64379437378096,94.09104592790959,46.60961523273011,2520.0,53.818451089805535,3866.1109430605184,100.0,100.0,True,,synthetic_cryptojacking,sim_user,unregistered_hash_benchmark,gpu:1,cryptojacking
55.3,2026-01-01 00:00:55.300000+00:00,,syn-attack-crypto-202,cryptojacking-steady-primary,steady,,0.58,0.5,0,10.0,285.1684845218168,96.05669480167528,51.98756822977121,2520.0,54.24098717935342,4132.859395332734,100.0,100.0,True,,synthetic_cryptojacking,sim_user,unregistered_hash_benchmark,gpu:1,cryptojacking
55.4,2026-01-01 00:00:55.400000+00:00,,syn-attack-crypto-202,cryptojacking-steady-primary,steady,,0.58,0.5,0,10.0,285.4846385526009,96.62169390358797,55.25700945043414,2520.0,54.56609301295863,4239.843702719487,100.0,100.0,True,,synthetic_cryptojacking,sim_user,unregistered_hash_benchmark,gpu:1,cryptojacking
55.5,2026-01-01 00:00:55.500000+00:00,,syn-attack-crypto-202,cryptojacking-steady-primary,steady,,0.58,0.5,0,10.0,285.41314770406115,95.49056904610471,52.22094569168406,2520.0,54.71395261735022,3961.557033662675,100.0,100.0,True,,synthetic_cryptojacking,sim_user,unregistered_hash_benchmark,gpu:1,cryptojacking
55.6,2026-01-01 00:00:55.600000+00:00,,syn-attack-crypto-202,cryptojacking-steady-primary,steady,,0.58,0.5,0,10.0,285.5296213630821,95.8232537223589,49.04248983483207,2520.0,54.664180626185455,3881.9551443951436,100.0,100.0,True,,synthetic_cryptojacking,sim_user,unregistered_hash_benchmark,gpu:1,cryptojacking
55.7,2026-01-01 00:00:55.700000+00:00,,syn-attack-crypto-202,cryptojacking-steady-primary,steady,,0.58,0.5,0,10.0,285.5062880153689,96.49117417983634,49.1810306404801,2520.0,54.734592791189165,3770.1541629153357,100.0,100.0,True,,synthetic_cryptojacking,sim_user,unregistered_hash_benchmark,gpu:1,cryptojacking
55.8,2026-01-01 00:00:55.800000+00:00,,syn-attack-crypto-202,cryptojacking-steady-primary,steady,,0.58,0.5,0,10.0,286.18608022920534,98.6628742236056,57.58937151911506,2520.0,55.238756651528334,4663.748815255134,100.0,100.0,True,,synthetic_cryptojacking,sim_user,unregistered_hash_benchmark,gpu:1,cryptojacking
55.9,2026-01-01 00:00:55.900000+00:00,,syn-attack-crypto-202,cryptojacking-steady-primary,steady,,0.58,0.5,0,10.0,285.32688046942604,95.01525646320322,55.634944066002625,2520.0,54.52689150698877,4427.513326600036,100.0,100.0,True,,synthetic_cryptojacking,sim_user,unregistered_hash_benchmark,gpu:1,cryptojacking
56.0,2026-01-01 00:00:56+00:00,,syn-attack-crypto-202,cryptojacking-steady-primary,steady,,0.58,0.5,0,10.0,284.5459808718857,98.2165939153145,50.49090103875661,2520.0,55.76602269453281,4107.13802827866,100.0,100.0,True,,synthetic_cryptojacking,sim_user,unregistered_hash_benchmark,gpu:1,cryptojacking
56.1,2026-01-01 00:00:56.100000+00:00,,syn-attack-crypto-202,cryptojacking-steady-primary,steady,,0.58,0.5,0,10.0,284.3468709564322,94.33145411766118,59.87433212568012,2520.0,54.79154934754421,4514.567730376492,100.0,100.0,True,,synthetic_cryptojacking,sim_user,unregistered_hash_benchmark,gpu:1,cryptojacking
56.2,2026-01-01 00:00:56.200000+00:00,,syn-attack-crypto-202,cryptojacking-steady-primary,steady,,0.58,0.5,0,10.0,283.14787405898426,95.46975294341063,49.925882444354,2520.0,54.92940849576449,4038.376467100944,100.0,100.0,True,,synthetic_cryptojacking,sim_user,unregistered_hash_benchmark,gpu:1,cryptojacking
56.3,2026-01-01 00:00:56.300000+00:00,,syn-attack-crypto-202,cryptojacking-steady-primary,steady,,0.58,0.5,0,10.0,283.37630599829276,96.3351411972794,52.46114093359887,2520.0,55.00012017123519,4014.3867783045166,100.0,100.0,True,,synthetic_cryptojacking,sim_user,unregistered_hash_benchmark,gpu:1,cryptojacking
56.4,2026-01-01 00:00:56.400000+00:00,,syn-attack-crypto-202,cryptojacking-steady-primary,steady,,0.58,0.5,0,10.0,283.4235879491737,94.49437781190588,53.91044935629807,2520.0,53.91547181320741,4217.829715002345,100.0,100.0,True,,synthetic_cryptojacking,sim_user,unregistered_hash_benchmark,gpu:1,cryptojacking
56.5,2026-01-01 00:00:56.500000+00:00,,syn-attack-crypto-202,cryptojacking-steady-primary,steady,,0.58,0.5,0,10.0,282.95806229392133,95.87075234385388,54.2148721254303,2520.0,54.54872582549722,4305.396176102354,100.0,100.0,True,,synthetic_cryptojacking,sim_user,unregistered_hash_benchmark,gpu:1,cryptojacking
56.6,2026-01-01 00:00:56.600000+00:00,,syn-attack-crypto-202,cryptojacking-steady-primary,steady,,0.58,0.5,0,10.0,283.072718155855,94.99069620094754,52.97098382623199,2520.0,54.099296375267926,4158.914068989884,100.0,100.0,True,,synthetic_cryptojacking,sim_user,unregistered_hash_benchmark,gpu:1,cryptojacking
56.7,2026-01-01 00:00:56.700000+00:00,,syn-attack-crypto-202,cryptojacking-steady-primary,steady,,0.58,0.5,0,10.0,283.2033278260794,95.87909100578193,48.86786688083888,2520.0,54.44037389768059,3825.736036635159,100.0,100.0,True,,synthetic_cryptojacking,sim_user,unregistered_hash_benchmark,gpu:1,cryptojacking
56.8,2026-01-01 00:00:56.800000+00:00,,syn-attack-crypto-202,cryptojacking-steady-primary,steady,,0.58,0.5,0,10.0,283.7541485286405,96.29911659575558,55.057570450996245,2520.0,54.45047970094313,4153.720109433239,100.0,100.0,True,,synthetic_cryptojacking,sim_user,unregistered_hash_benchmark,gpu:1,cryptojacking
56.9,2026-01-01 00:00:56.900000+00:00,,syn-attack-crypto-202,cryptojacking-steady-primary,steady,,0.58,0.5,0,10.0,283.4635417275527,96.4512825098374,48.812038190484785,2520.0,54.270176575792895,3978.3506862592963,100.0,100.0,True,,synthetic_cryptojacking,sim_user,unregistered_hash_benchmark,gpu:1,cryptojacking
57.0,2026-01-01 00:00:57+00:00,,syn-attack-crypto-202,cryptojacking-steady-primary,steady,,0.58,0.5,0,10.0,282.851291604363,96.42438661866075,49.53804919314919,2520.0,53.846898238136006,3950.346552846536,100.0,100.0,True,,synthetic_cryptojacking,sim_user,unregistered_hash_benchmark,gpu:1,cryptojacking
57.1,2026-01-01 00:00:57.100000+00:00,,syn-attack-crypto-202,cryptojacking-steady-primary,steady,,0.58,0.5,0,10.0,283.56457751299075,94.67734868294816,46.79214890496429,2520.0,53.78686879100812,3553.0786642029966,100.0,100.0,True,,synthetic_cryptojacking,sim_user,unregistered_hash_benchmark,gpu:1,cryptojacking
57.2,2026-01-01 00:00:57.200000+00:00,,syn-attack-crypto-202,cryptojacking-steady-primary,steady,,0.58,0.5,0,10.0,283.7318919738248,96.35656642535837,50.43697119737146,2520.0,54.276996337561364,4061.3321555689267,100.0,100.0,True,,synthetic_cryptojacking,sim_user,unregistered_hash_benchmark,gpu:1,cryptojacking
57.3,2026-01-01 00:00:57.300000+00:00,,syn-attack-crypto-202,cryptojacking-steady-primary,steady,,0.58,0.5,0,10.0,283.80962132568743,95.57341455899409,51.99309739883984,2520.0,54.39833432207846,4093.4821109323457,100.0,100.0,True,,synthetic_cryptojacking,sim_user,unregistered_hash_benchmark,gpu:1,cryptojacking
57.4,2026-01-01 00:00:57.400000+00:00,,syn-attack-crypto-202,cryptojacking-steady-primary,steady,,0.58,0.5,0,10.0,283.8630349132702,97.86751921861546,53.72003001308565,2520.0,54.872216579946766,4078.076184545766,100.0,100.0,True,,synthetic_cryptojacking,sim_user,unregistered_hash_benchmark,gpu:1,cryptojacking
57.5,2026-01-01 00:00:57.500000+00:00,,syn-attack-crypto-202,cryptojacking-steady-primary,steady,,0.58,0.5,0,10.0,283.98762205679134,97.34677484252055,51.382641956915634,2520.0,54.91398246418949,4085.851261534885,100.0,100.0,True,,synthetic_cryptojacking,sim_user,unregistered_hash_benchmark,gpu:1,cryptojacking
57.6,2026-01-01 00:00:57.600000+00:00,,syn-attack-crypto-202,cryptojacking-steady-primary,steady,,0.58,0.5,0,10.0,284.0954126401974,95.08927263896553,54.79402987275802,2520.0,54.54455493526839,4163.900608943545,100.0,100.0,True,,synthetic_cryptojacking,sim_user,unregistered_hash_benchmark,gpu:1,cryptojacking
57.7,2026-01-01 00:00:57.700000+00:00,,syn-attack-crypto-202,cryptojacking-steady-primary,steady,,0.58,0.5,0,10.0,283.91561038976727,95.31491557807301,54.29866958162561,2520.0,54.19622106443364,4226.4769099435825,100.0,100.0,True,,synthetic_cryptojacking,sim_user,unregistered_hash_benchmark,gpu:1,cryptojacking
57.8,2026-01-01 00:00:57.800000+00:00,,syn-attack-crypto-202,cryptojacking-steady-primary,steady,,0.58,0.5,0,10.0,283.55180796889806,96.10608223466032,53.83993423925954,2520.0,54.59456159653091,4395.048434950941,100.0,100.0,True,,synthetic_cryptojacking,sim_user,unregistered_hash_benchmark,gpu:1,cryptojacking
57.9,2026-01-01 00:00:57.900000+00:00,,syn-attack-crypto-202,cryptojacking-steady-primary,steady,,0.58,0.5,0,10.0,282.80617482667304,96.71182834503107,52.72722206352523,2520.0,55.01410811952857,4065.2244283056384,100.0,100.0,True,,synthetic_cryptojacking,sim_user,unregistered_hash_benchmark,gpu:1,cryptojacking
58.0,2026-01-01 00:00:58+00:00,,syn-attack-crypto-202,cryptojacking-steady-primary,steady,,0.58,0.5,0,10.0,282.5369024375534,95.54171532026656,42.92397515215149,2520.0,54.60362096350726,3447.4847851443806,100.0,100.0,True,,synthetic_cryptojacking,sim_user,unregistered_hash_benchmark,gpu:1,cryptojacking
58.1,2026-01-01 00:00:58.100000+00:00,,syn-attack-crypto-202,cryptojacking-steady-primary,steady,,0.58,0.5,0,10.0,283.1180292623607,95.6916211735681,55.41194419427275,2520.0,54.786613679143834,4195.011590147404,100.0,100.0,True,,synthetic_cryptojacking,sim_user,unregistered_hash_benchmark,gpu:1,cryptojacking
58.2,2026-01-01 00:00:58.200000+00:00,,syn-attack-crypto-202,cryptojacking-steady-primary,steady,,0.58,0.5,0,10.0,281.9439595610989,95.85114427411251,48.910103735444096,2520.0,54.7479603345645,3884.03638154504,100.0,100.0,True,,synthetic_cryptojacking,sim_user,unregistered_hash_benchmark,gpu:1,cryptojacking
58.3,2026-01-01 00:00:58.300000+00:00,,syn-attack-crypto-202,cryptojacking-steady-primary,steady,,0.58,0.5,0,10.0,282.31247492280005,93.99836437753046,49.82397836745749,2520.0,54.19336206663514,3850.932683256349,100.0,100.0,True,,synthetic_cryptojacking,sim_user,unregistered_hash_benchmark,gpu:1,cryptojacking
58.4,2026-01-01 00:00:58.400000+00:00,,syn-attack-crypto-202,cryptojacking-steady-primary,steady,,0.58,0.5,0,10.0,282.7254257697256,95.10615133001842,52.206142193631486,2520.0,54.66791278778246,3989.735980577323,100.0,100.0,True,,synthetic_cryptojacking,sim_user,unregistered_hash_benchmark,gpu:1,cryptojacking
58.5,2026-01-01 00:00:58.500000+00:00,,syn-attack-crypto-202,cryptojacking-steady-primary,steady,,0.58,0.5,0,10.0,282.65688435763224,96.78699273852332,54.22210731202072,2520.0,55.110322775364146,4226.847573144078,100.0,100.0,True,,synthetic_cryptojacking,sim_user,unregistered_hash_benchmark,gpu:1,cryptojacking
58.6,2026-01-01 00:00:58.600000+00:00,,syn-attack-crypto-202,cryptojacking-steady-primary,steady,,0.58,0.5,0,10.0,281.95245340258685,98.10404744708605,52.74769902340044,2520.0,55.85085278598693,3995.4358967475346,100.0,100.0,True,,synthetic_cryptojacking,sim_user,unregistered_hash_benchmark,gpu:1,cryptojacking
58.7,2026-01-01 00:00:58.700000+00:00,,syn-attack-crypto-202,cryptojacking-steady-primary,steady,,0.58,0.5,0,10.0,281.85333332858227,96.70111420525166,54.09828293042983,2520.0,55.545209271828725,4197.397013298644,100.0,100.0,True,,synthetic_cryptojacking,sim_user,unregistered_hash_benchmark,gpu:1,cryptojacking
58.8,2026-01-01 00:00:58.800000+00:00,,syn-attack-crypto-202,cryptojacking-steady-primary,steady,,0.58,0.5,0,10.0,281.920132231126,96.19209487287743,51.57965689011931,2520.0,55.47227767833451,4218.403340487924,100.0,100.0,True,,synthetic_cryptojacking,sim_user,unregistered_hash_benchmark,gpu:1,cryptojacking
58.9,2026-01-01 00:00:58.900000+00:00,,syn-attack-crypto-202,cryptojacking-steady-primary,steady,,0.58,0.5,0,10.0,281.33514020563626,95.24312894074951,46.80373827602836,2520.0,55.237035424434374,3703.512005197714,100.0,100.0,True,,synthetic_cryptojacking,sim_user,unregistered_hash_benchmark,gpu:1,cryptojacking
59.0,2026-01-01 00:00:59+00:00,,syn-attack-crypto-202,cryptojacking-steady-primary,steady,,0.58,0.5,0,10.0,281.514846850468,95.966339902403,49.947606395826675,2520.0,55.453847569135945,3873.0728634293164,100.0,100.0,True,,synthetic_cryptojacking,sim_user,unregistered_hash_benchmark,gpu:1,cryptojacking
59.1,2026-01-01 00:00:59.100000+00:00,,syn-attack-crypto-202,cryptojacking-steady-primary,steady,,0.58,0.5,0,10.0,281.5914827303488,96.64652424658544,48.64553611993151,2520.0,55.611696305209115,3789.6147818330346,100.0,100.0,True,,synthetic_cryptojacking,sim_user,unregistered_hash_benchmark,gpu:1,cryptojacking
59.2,2026-01-01 00:00:59.200000+00:00,,syn-attack-crypto-202,cryptojacking-steady-primary,steady,,0.58,0.5,0,10.0,281.42266381738744,97.42939555761974,46.035906734396896,2520.0,56.06867989139663,3608.327670503146,100.0,100.0,True,,synthetic_cryptojacking,sim_user,unregistered_hash_benchmark,gpu:1,cryptojacking
59.3,2026-01-01 00:00:59.300000+00:00,,syn-attack-crypto-202,cryptojacking-steady-primary,steady,,0.58,0.5,0,10.0,282.01777527999155,96.59402024024908,52.56162069978933,2520.0,55.72088442295289,4093.3684723173023,100.0,100.0,True,,synthetic_cryptojacking,sim_user,unregistered_hash_benchmark,gpu:1,cryptojacking
59.4,2026-01-01 00:00:59.400000+00:00,,syn-attack-crypto-202,cryptojacking-steady-primary,steady,,0.58,0.5,0,10.0,281.1891259126585,96.56053826699785,54.86714145960961,2520.0,55.61688650035827,4306.033362819104,100.0,100.0,True,,synthetic_cryptojacking,sim_user,unregistered_hash_benchmark,gpu:1,cryptojacking
59.5,2026-01-01 00:00:59.500000+00:00,,syn-attack-crypto-202,cryptojacking-steady-primary,steady,,0.58,0.5,0,10.0,280.47217883528197,93.70330623886765,50.83141296707713,2520.0,54.62543903113956,4047.565766543531,100.0,100.0,True,,synthetic_cryptojacking,sim_user,unregistered_hash_benchmark,gpu:1,cryptojacking
59.6,2026-01-01 00:00:59.600000+00:00,,syn-attack-crypto-202,cryptojacking-steady-primary,steady,,0.58,0.5,0,10.0,280.87227661890313,97.92069801398412,48.64665280912484,2520.0,55.57287567002677,3903.298993409006,100.0,100.0,True,,synthetic_cryptojacking,sim_user,unregistered_hash_benchmark,gpu:1,cryptojacking
59.7,2026-01-01 00:00:59.700000+00:00,,syn-attack-crypto-202,cryptojacking-steady-primary,steady,,0.58,0.5,0,10.0,282.8344664265108,95.14301158498715,50.24687264800522,2520.0,54.690909506351154,3958.6569488618475,100.0,100.0,True,,synthetic_cryptojacking,sim_user,unregistered_hash_benchmark,gpu:1,cryptojacking
59.8,2026-01-01 00:00:59.800000+00:00,,syn-attack-crypto-202,cryptojacking-steady-primary,steady,,0.58,0.5,0,10.0,282.8735911029672,94.34392351997714,53.38965839591378,2520.0,54.54368647085457,4176.496681814571,100.0,100.0,True,,synthetic_cryptojacking,sim_user,unregistered_hash_benchmark,gpu:1,cryptojacking
59.9,2026-01-01 00:00:59.900000+00:00,,syn-attack-crypto-202,cryptojacking-steady-primary,steady,,0.58,0.5,0,10.0,283.1100503485881,93.41270003157553,44.90305990309383,2520.0,54.064604726460644,3673.7656153730263,100.0,100.0,True,,synthetic_cryptojacking,sim_user,unregistered_hash_benchmark,gpu:1,cryptojacking
60.0,2026-01-01 00:01:00+00:00,,syn-attack-crypto-202,cryptojacking-steady-primary,steady,,0.58,0.5,0,10.0,283.3181245437674,95.5923694406621,48.577239025499495,2520.0,54.95245164992296,3855.312154149626,100.0,100.0,True,,synthetic_cryptojacking,sim_user,unregistered_hash_benchmark,gpu:1,cryptojacking
60.1,2026-01-01 00:01:00.100000+00:00,,syn-attack-crypto-202,cryptojacking-steady-primary,steady,,0.58,0.5,0,10.0,283.6338363412175,95.99162014026636,50.635906269602465,2520.0,54.96766977738609,4096.961949088709,100.0,100.0,True,,synthetic_cryptojacking,sim_user,unregistered_hash_benchmark,gpu:1,cryptojacking
60.2,2026-01-01 00:01:00.200000+00:00,,syn-attack-crypto-202,cryptojacking-steady-primary,steady,,0.58,0.5,0,10.0,283.82579032039536,94.41759007933341,45.93401589388304,2520.0,54.57896245028986,3662.1839140829397,100.0,100.0,True,,synthetic_cryptojacking,sim_user,unregistered_hash_benchmark,gpu:1,cryptojacking
60.3,2026-01-01 00:01:00.300000+00:00,,syn-attack-crypto-202,cryptojacking-steady-primary,steady,,0.58,0.5,0,10.0,284.2814032285938,97.09399186694078,51.088415575439704,2520.0,55.114146318477964,4284.6843517315965,100.0,100.0,True,,synthetic_cryptojacking,sim_user,unregistered_hash_benchmark,gpu:1,cryptojacking
60.4,2026-01-01 00:01:00.400000+00:00,,syn-attack-crypto-202,cryptojacking-steady-primary,steady,,0.58,0.5,0,10.0,284.8008067700631,95.43084995557413,44.62976261068685,2520.0,54.49147763264023,3595.050609333485,100.0,100.0,True,,synthetic_cryptojacking,sim_user,unregistered_hash_benchmark,gpu:1,cryptojacking
60.5,2026-01-01 00:01:00.500000+00:00,,syn-attack-crypto-202,cryptojacking-steady-primary,steady,,0.58,0.5,0,10.0,285.9963808145426,96.7782053502919,48.67772407450818,2520.0,54.88367478403809,3980.8512918109154,100.0,100.0,True,,synthetic_cryptojacking,sim_user,unregistered_hash_benchmark,gpu:1,cryptojacking
60.6,2026-01-01 00:01:00.600000+00:00,,syn-attack-crypto-202,cryptojacking-steady-primary,steady,,0.58,0.5,0,10.0,286.4817830571023,97.66503169658598,56.53122246468833,2520.0,55.21787447722337,4359.105258025711,100.0,100.0,True,,synthetic_cryptojacking,sim_user,unregistered_hash_benchmark,gpu:1,cryptojacking
60.7,2026-01-01 00:01:00.700000+00:00,,syn-attack-crypto-202,cryptojacking-steady-primary,steady,,0.58,0.5,0,10.0,285.72872015480874,96.25690009624527,64.99883426131593,2520.0,54.516769126542,5195.325174750808,100.0,100.0,True,,synthetic_cryptojacking,sim_user,unregistered_hash_benchmark,gpu:1,cryptojacking
60.8,2026-01-01 00:01:00.800000+00:00,,syn-attack-crypto-202,cryptojacking-steady-primary,steady,,0.58,0.5,0,10.0,284.130785280538,97.03406460328515,51.63124896088581,2520.0,55.07352514706047,4100.083132567751,100.0,100.0,True,,synthetic_cryptojacking,sim_user,unregistered_hash_benchmark,gpu:1,cryptojacking
60.9,2026-01-01 00:01:00.900000+00:00,,syn-attack-crypto-202,cryptojacking-steady-primary,steady,,0.58,0.5,0,10.0,284.2590240356267,98.11271855338285,57.5433370257505,2520.0,55.16675893396978,4503.677067384827,100.0,100.0,True,,synthetic_cryptojacking,sim_user,unregistered_hash_benchmark,gpu:1,cryptojacking
61.0,2026-01-01 00:01:01+00:00,,syn-attack-crypto-202,cryptojacking-steady-primary,steady,,0.58,0.5,0,10.0,283.56454857332267,98.12162316457885,49.324020543823366,2520.0,55.05868211865211,4024.635261936073,100.0,100.0,True,,synthetic_cryptojacking,sim_user,unregistered_hash_benchmark,gpu:1,cryptojacking
61.1,2026-01-01 00:01:01.100000+00:00,,syn-attack-crypto-202,cryptojacking-steady-primary,steady,,0.58,0.5,0,10.0,284.10628761711774,93.6988652816609,50.31407555560986,2520.0,53.79512897804952,4010.471103645037,100.0,100.0,True,,synthetic_cryptojacking,sim_user,unregistered_hash_benchmark,gpu:1,cryptojacking
61.2,2026-01-01 00:01:01.200000+00:00,,syn-attack-crypto-202,cryptojacking-steady-primary,steady,,0.58,0.5,0,10.0,284.21613760211557,94.48356944756169,51.49567340537993,2520.0,54.12064755387442,3996.776716222381,100.0,100.0,True,,synthetic_cryptojacking,sim_user,unregistered_hash_benchmark,gpu:1,cryptojacking
61.3,2026-01-01 00:01:01.300000+00:00,,syn-attack-crypto-202,cryptojacking-steady-primary,steady,,0.58,0.5,0,10.0,284.35717812386474,96.33734444148169,50.99927438521064,2520.0,55.049320645040076,3991.2037374394117,100.0,100.0,True,,synthetic_cryptojacking,sim_user,unregistered_hash_benchmark,gpu:1,cryptojacking
61.4,2026-01-01 00:01:01.400000+00:00,,syn-attack-crypto-202,cryptojacking-steady-primary,steady,,0.58,0.5,0,10.0,284.43297186229205,97.60229947552112,55.938735925089404,2520.0,55.416549887449996,4374.21609509411,100.0,100.0,True,,synthetic_cryptojacking,sim_user,unregistered_hash_benchmark,gpu:1,cryptojacking
61.5,2026-01-01 00:01:01.500000+00:00,,syn-attack-crypto-202,cryptojacking-steady-primary,steady,,0.58,0.5,0,10.0,284.42079455809187,94.78020440306938,54.79295914822863,2520.0,54.61551202954092,4099.140714958318,100.0,100.0,True,,synthetic_cryptojacking,sim_user,unregistered_hash_benchmark,gpu:1,cryptojacking
61.6,2026-01-01 00:01:01.600000+00:00,,syn-attack-crypto-202,cryptojacking-steady-primary,steady,,0.58,0.5,0,10.0,284.7999708349483,95.83794539102813,52.43212083143836,2520.0,55.00993245912805,3852.2905843708404,100.0,100.0,True,,synthetic_cryptojacking,sim_user,unregistered_hash_benchmark,gpu:1,cryptojacking
61.7,2026-01-01 00:01:01.700000+00:00,,syn-attack-crypto-202,cryptojacking-steady-primary,steady,,0.58,0.5,0,10.0,284.5286682986656,97.37288585267103,49.743588710351794,2520.0,54.975827299706104,3977.3471860080163,100.0,100.0,True,,synthetic_cryptojacking,sim_user,unregistered_hash_benchmark,gpu:1,cryptojacking
61.8,2026-01-01 00:01:01.800000+00:00,,syn-attack-crypto-202,cryptojacking-steady-primary,steady,,0.58,0.5,0,10.0,285.3103104540875,96.3504523245686,50.9884610933117,2520.0,54.81666323239037,4183.335101608292,100.0,100.0,True,,synthetic_cryptojacking,sim_user,unregistered_hash_benchmark,gpu:1,cryptojacking
61.9,2026-01-01 00:01:01.900000+00:00,,syn-attack-crypto-202,cryptojacking-steady-primary,steady,,0.58,0.5,0,10.0,285.16723627465655,95.91353153682202,52.14345681911131,2520.0,54.84373366132821,4108.617992812578,100.0,100.0,True,,synthetic_cryptojacking,sim_user,unregistered_hash_benchmark,gpu:1,cryptojacking
62.0,2026-01-01 00:01:02+00:00,,syn-attack-crypto-202,cryptojacking-steady-primary,steady,,0.58,0.5,0,10.0,285.2150860308437,95.53535578593507,50.014403435378576,2520.0,54.542879201065354,3989.9485033586457,100.0,100.0,True,,synthetic_cryptojacking,sim_user,unregistered_hash_benchmark,gpu:1,cryptojacking
62.1,2026-01-01 00:01:02.100000+00:00,,syn-attack-crypto-202,cryptojacking-steady-primary,steady,,0.58,0.5,0,10.0,284.61624200064074,94.60430401214244,52.15679859538007,2507.9911710186707,54.29531080771638,3985.3817631103157,100.0,100.0,True,,synthetic_cryptojacking,sim_user,unregistered_hash_benchmark,gpu:1,cryptojacking
62.2,2026-01-01 00:01:02.200000+00:00,,syn-attack-crypto-202,cryptojacking-steady-primary,steady,,0.58,0.5,0,10.0,284.6434757284856,96.80016721576845,52.98647148735,2520.0,54.87852963564811,4063.5845351825155,100.0,100.0,True,,synthetic_cryptojacking,sim_user,unregistered_hash_benchmark,gpu:1,cryptojacking
62.3,2026-01-01 00:01:02.300000+00:00,,syn-attack-crypto-202,cryptojacking-steady-primary,steady,,0.58,0.5,0,10.0,284.02707487734637,98.67849346841605,55.044038208242675,2520.0,55.60379218428976,4420.132760597565,100.0,100.0,True,,synthetic_cryptojacking,sim_user,unregistered_hash_benchmark,gpu:1,cryptojacking
62.4,2026-01-01 00:01:02.400000+00:00,,syn-attack-crypto-202,cryptojacking-steady-primary,steady,,0.58,0.5,0,10.0,283.1753694659076,95.62456549919966,51.27423086511551,2520.0,54.7347453912512,4169.148300760799,100.0,100.0,True,,synthetic_cryptojacking,sim_user,unregistered_hash_benchmark,gpu:1,cryptojacking
62.5,2026-01-01 00:01:02.500000+00:00,,syn-attack-crypto-202,cryptojacking-steady-primary,steady,,0.58,0.5,0,10.0,283.2094064520625,96.43570285625472,55.18994750753143,2520.0,55.06310975102578,4061.9388067819295,100.0,100.0,True,,synthetic_cryptojacking,sim_user,unregistered_hash_benchmark,gpu:1,cryptojacking
62.6,2026-01-01 00:01:02.600000+00:00,,syn-attack-crypto-202,cryptojacking-steady-primary,steady,,0.58,0.5,0,10.0,283.821638457978,96.94117362577869,59.318243457055374,2520.0,55.3788761661098,4693.939443139809,100.0,100.0,True,,synthetic_cryptojacking,sim_user,unregistered_hash_benchmark,gpu:1,cryptojacking
62.7,2026-01-01 00:01:02.700000+00:00,,syn-attack-crypto-202,cryptojacking-steady-primary,steady,,0.58,0.5,0,10.0,282.79601910398844,96.67973026317985,50.50764019183417,2520.0,55.12032820842716,4264.373277936466,100.0,100.0,True,,synthetic_cryptojacking,sim_user,unregistered_hash_benchmark,gpu:1,cryptojacking
62.8,2026-01-01 00:01:02.800000+00:00,,syn-attack-crypto-202,cryptojacking-steady-primary,steady,,0.58,0.5,0,10.0,282.6211010071061,95.67967965199067,55.69077626769039,2520.0,54.86006010321607,4350.344663398937,100.0,100.0,True,,synthetic_cryptojacking,sim_user,unregistered_hash_benchmark,gpu:1,cryptojacking
62.9,2026-01-01 00:01:02.900000+00:00,,syn-attack-crypto-202,cryptojacking-steady-primary,steady,,0.58,0.5,0,10.0,282.48543364062004,97.23272765630787,50.21465974677566,2520.0,55.548420017761515,3947.4767222653827,100.0,100.0,True,,synthetic_cryptojacking,sim_user,unregistered_hash_benchmark,gpu:1,cryptojacking
63.0,2026-01-01 00:01:03+00:00,,syn-attack-crypto-202,cryptojacking-steady-primary,steady,,0.58,0.5,0,10.0,283.14991894283696,94.18451967550584,51.613578149834005,2520.0,54.74448151615716,4038.5632660490637,100.0,100.0,True,,synthetic_cryptojacking,sim_user,unregistered_hash_benchmark,gpu:1,cryptojacking
63.1,2026-01-01 00:01:03.100000+00:00,,syn-attack-crypto-202,cryptojacking-steady-primary,steady,,0.58,0.5,0,10.0,282.2810522671675,94.33876957803213,44.086453555246464,2520.0,54.62787104452538,3670.5233981175893,100.0,100.0,True,,synthetic_cryptojacking,sim_user,unregistered_hash_benchmark,gpu:1,cryptojacking
63.2,2026-01-01 00:01:03.200000+00:00,,syn-attack-crypto-202,cryptojacking-steady-primary,steady,,0.58,0.5,0,10.0,283.7179584629221,95.2332674358527,52.74238528345526,2520.0,54.75182669253783,3973.603823330545,100.0,100.0,True,,synthetic_cryptojacking,sim_user,unregistered_hash_benchmark,gpu:1,cryptojacking
63.3,2026-01-01 00:01:03.300000+00:00,,syn-attack-crypto-202,cryptojacking-steady-primary,steady,,0.58,0.5,0,10.0,283.2290901126203,95.07116404586837,46.61119225387985,2520.0,54.68555531182858,3611.639136853905,100.0,100.0,True,,synthetic_cryptojacking,sim_user,unregistered_hash_benchmark,gpu:1,cryptojacking
63.4,2026-01-01 00:01:03.400000+00:00,,syn-attack-crypto-202,cryptojacking-steady-primary,steady,,0.58,0.5,0,10.0,282.88778111251963,96.54791309787747,46.377211383785216,2520.0,55.026345940241605,3885.670334795027,100.0,100.0,True,,synthetic_cryptojacking,sim_user,unregistered_hash_benchmark,gpu:1,cryptojacking
63.5,2026-01-01 00:01:03.500000+00:00,,syn-attack-crypto-202,cryptojacking-steady-primary,steady,,0.58,0.5,0,10.0,283.6207996164148,95.4717752194906,51.4897216894387,2520.0,54.67795693669623,4173.086245775369,100.0,100.0,True,,synthetic_cryptojacking,sim_user,unregistered_hash_benchmark,gpu:1,cryptojacking
63.6,2026-01-01 00:01:03.600000+00:00,,syn-attack-crypto-202,cryptojacking-steady-primary,steady,,0.58,0.5,0,10.0,283.9131757056157,93.9355367171889,59.202497783101336,2520.0,54.60400250426816,4696.163221394736,100.0,100.0,True,,synthetic_cryptojacking,sim_user,unregistered_hash_benchmark,gpu:1,cryptojacking
63.7,2026-01-01 00:01:03.700000+00:00,,syn-attack-crypto-202,cryptojacking-steady-primary,steady,,0.58,0.5,0,10.0,282.8364858863409,95.6917417359021,49.6056056025152,2520.0,54.81356963506604,3789.3017744449044,100.0,100.0,True,,synthetic_cryptojacking,sim_user,unregistered_hash_benchmark,gpu:1,cryptojacking
63.8,2026-01-01 00:01:03.800000+00:00,,syn-attack-crypto-202,cryptojacking-steady-primary,steady,,0.58,0.5,0,10.0,283.14106765823897,96.03068409357543,48.611385545987424,2520.0,54.81285177732739,3899.606643053784,100.0,100.0,True,,synthetic_cryptojacking,sim_user,unregistered_hash_benchmark,gpu:1,cryptojacking
63.9,2026-01-01 00:01:03.900000+00:00,,syn-attack-crypto-202,cryptojacking-steady-primary,steady,,0.58,0.5,0,10.0,284.39531587310796,95.31424914384381,54.29591666313221,2520.0,54.70589841211352,4173.113995493074,100.0,100.0,True,,synthetic_cryptojacking,sim_user,unregistered_hash_benchmark,gpu:1,cryptojacking
64.0,2026-01-01 00:01:04+00:00,,syn-attack-crypto-202,cryptojacking-steady-primary,steady,,0.58,0.5,0,10.0,283.91177405795787,95.70370279397234,55.221166731999986,2520.0,54.944312456732554,4319.5742231138465,100.0,100.0,True,,synthetic_cryptojacking,sim_user,unregistered_hash_benchmark,gpu:1,cryptojacking
64.1,2026-01-01 00:01:04.100000+00:00,,syn-attack-crypto-202,cryptojacking-steady-primary,steady,,0.58,0.5,0,10.0,283.72298813412783,97.62607228664726,45.860405340070926,2520.0,55.44387990562398,3568.891455120893,100.0,100.0,True,,synthetic_cryptojacking,sim_user,unregistered_hash_benchmark,gpu:1,cryptojacking
64.2,2026-01-01 00:01:04.200000+00:00,,syn-attack-crypto-202,cryptojacking-steady-primary,steady,,0.58,0.5,0,10.0,284.99426446614507,93.96332815739413,56.52473529653587,2520.0,54.538112836618325,4356.715995709408,100.0,100.0,True,,synthetic_cryptojacking,sim_user,unregistered_hash_benchmark,gpu:1,cryptojacking
64.3,2026-01-01 00:01:04.300000+00:00,,syn-attack-crypto-202,cryptojacking-steady-primary,steady,,0.58,0.5,0,10.0,284.2057895721568,95.57936149710093,48.630695534485874,2520.0,55.16622705138516,3997.0361224774792,100.0,100.0,True,,synthetic_cryptojacking,sim_user,unregistered_hash_benchmark,gpu:1,cryptojacking
64.4,2026-01-01 00:01:04.400000+00:00,,syn-attack-crypto-202,cryptojacking-steady-primary,steady,,0.58,0.5,0,10.0,284.3337051927706,94.84709207965211,43.484433471574754,2520.0,55.14138039844721,3554.1367756729455,100.0,100.0,True,,synthetic_cryptojacking,sim_user,unregistered_hash_benchmark,gpu:1,cryptojacking
64.5,2026-01-01 00:01:04.500000+00:00,,syn-attack-crypto-202,cryptojacking-steady-primary,steady,,0.58,0.5,0,10.0,284.97860467490085,96.76268691676056,52.94589981844824,2520.0,55.28035562147243,4145.768518794424,100.0,100.0,True,,synthetic_cryptojacking,sim_user,unregistered_hash_benchmark,gpu:1,cryptojacking
64.6,2026-01-01 00:01:04.600000+00:00,,syn-attack-crypto-202,cryptojacking-steady-primary,steady,,0.58,0.5,0,10.0,284.7129710340879,95.7147091669746,54.196244945522764,2520.0,55.244288174125785,4334.991640991156,100.0,100.0,True,,synthetic_cryptojacking,sim_user,unregistered_hash_benchmark,gpu:1,cryptojacking
64.7,2026-01-01 00:01:04.700000+00:00,,syn-attack-crypto-202,cryptojacking-steady-primary,steady,,0.58,0.5,0,10.0,284.1587011794773,98.64391880776425,52.31723752329944,2520.0,56.24920311666459,4087.525061544314,100.0,100.0,True,,synthetic_cryptojacking,sim_user,unregistered_hash_benchmark,gpu:1,cryptojacking
64.8,2026-01-01 00:01:04.800000+00:00,,syn-attack-crypto-202,cryptojacking-steady-primary,steady,,0.58,0.5,0,10.0,284.3431574225722,96.92551513897894,52.96450056691109,2520.0,55.79060579798893,4087.7052441239284,100.0,100.0,True,,synthetic_cryptojacking,sim_user,unregistered_hash_benchmark,gpu:1,cryptojacking
64.9,2026-01-01 00:01:04.900000+00:00,,syn-attack-crypto-202,cryptojacking-steady-primary,steady,,0.58,0.5,0,10.0,283.6503731546114,95.5140720927295,59.36463323636926,2520.0,55.15990726345202,4412.8976673484985,100.0,100.0,True,,synthetic_cryptojacking,sim_user,unregistered_hash_benchmark,gpu:1,cryptojacking
65.0,2026-01-01 00:01:05+00:00,,syn-attack-crypto-202,cryptojacking-steady-primary,steady,,0.58,0.5,0,10.0,283.3336379823103,96.95382462622406,50.942515205120365,2520.0,55.64979085738897,3907.320894330031,100.0,100.0,True,,synthetic_cryptojacking,sim_user,unregistered_hash_benchmark,gpu:1,cryptojacking
65.1,2026-01-01 00:01:05.100000+00:00,,syn-attack-crypto-202,cryptojacking-steady-primary,steady,,0.58,0.5,0,10.0,283.8761473369447,94.93590633391905,53.1375625492665,2520.0,54.72213173038349,4285.917329646463,100.0,100.0,True,,synthetic_cryptojacking,sim_user,unregistered_hash_benchmark,gpu:1,cryptojacking
65.2,2026-01-01 00:01:05.200000+00:00,,syn-attack-crypto-202,cryptojacking-steady-primary,steady,,0.58,0.5,0,10.0,283.2460523267017,98.76202239843424,57.67240962330522,2520.0,55.81023423039307,4473.914436095377,100.0,100.0,True,,synthetic_cryptojacking,sim_user,unregistered_hash_benchmark,gpu:1,cryptojacking
65.3,2026-01-01 00:01:05.300000+00:00,,syn-attack-crypto-202,cryptojacking-steady-primary,steady,,0.58,0.5,0,10.0,282.8681523086864,97.27827289312413,51.4093758340906,2520.0,54.923240906496666,3943.5138287794707,100.0,100.0,True,,synthetic_cryptojacking,sim_user,unregistered_hash_benchmark,gpu:1,cryptojacking
65.4,2026-01-01 00:01:05.400000+00:00,,syn-attack-crypto-202,cryptojacking-steady-primary,steady,,0.58,0.5,0,10.0,282.93107500332775,96.50284144582554,50.26426696768584,2520.0,54.440575220494054,3972.3881877129334,100.0,100.0,True,,synthetic_cryptojacking,sim_user,unregistered_hash_benchmark,gpu:1,cryptojacking
65.5,2026-01-01 00:01:05.500000+00:00,,syn-attack-crypto-202,cryptojacking-steady-primary,steady,,0.58,0.5,0,10.0,283.5933676074775,95.85361547241686,49.71313678034187,2520.0,54.226735704736534,3790.5240977235608,100.0,100.0,True,,synthetic_cryptojacking,sim_user,unregistered_hash_benchmark,gpu:1,cryptojacking
65.6,2026-01-01 00:01:05.600000+00:00,,syn-attack-crypto-202,cryptojacking-steady-primary,steady,,0.58,0.5,0,10.0,283.88125658815113,97.19897883389368,50.84828433371735,2520.0,54.31539160680775,4195.765357518798,100.0,100.0,True,,synthetic_cryptojacking,sim_user,unregistered_hash_benchmark,gpu:1,cryptojacking
65.7,2026-01-01 00:01:05.700000+00:00,,syn-attack-crypto-202,cryptojacking-steady-primary,steady,,0.58,0.5,0,10.0,284.0069330595189,95.48497912813971,49.192318703590104,2520.0,53.65528387911416,3884.2724345919155,100.0,100.0,True,,synthetic_cryptojacking,sim_user,unregistered_hash_benchmark,gpu:1,cryptojacking
65.8,2026-01-01 00:01:05.800000+00:00,,syn-attack-crypto-202,cryptojacking-steady-primary,steady,,0.58,0.5,0,10.0,284.80464942017534,96.44422588409216,52.7306213545146,2520.0,54.146906979904955,3998.430854230741,100.0,100.0,True,,synthetic_cryptojacking,sim_user,unregistered_hash_benchmark,gpu:1,cryptojacking
65.9,2026-01-01 00:01:05.900000+00:00,,syn-attack-crypto-202,cryptojacking-steady-primary,steady,,0.58,0.5,0,10.0,284.5101322083345,96.20246371983772,46.470320728328375,2520.0,54.14393600072717,3763.1584125078425,100.0,100.0,True,,synthetic_cryptojacking,sim_user,unregistered_hash_benchmark,gpu:1,cryptojacking
66.0,2026-01-01 00:01:06+00:00,,syn-attack-crypto-202,cryptojacking-steady-primary,steady,,0.58,0.5,0,10.0,285.18663272090913,97.03571821380893,57.41426908671344,2520.0,54.46104055323272,4540.714473203006,100.0,100.0,True,,synthetic_cryptojacking,sim_user,unregistered_hash_benchmark,gpu:1,cryptojacking
66.1,2026-01-01 00:01:06.100000+00:00,,syn-attack-crypto-202,cryptojacking-steady-primary,steady,,0.58,0.5,0,10.0,285.26787892295516,95.3711442140885,54.846123299228715,2520.0,53.74303800035925,4198.606202509418,100.0,100.0,True,,synthetic_cryptojacking,sim_user,unregistered_hash_benchmark,gpu:1,cryptojacking
66.2,2026-01-01 00:01:06.200000+00:00,,syn-attack-crypto-202,cryptojacking-steady-primary,steady,,0.58,0.5,0,10.0,284.41098271456775,95.78896589070456,48.06190921536044,2520.0,54.12522726699278,3834.3466555330606,100.0,100.0,True,,synthetic_cryptojacking,sim_user,unregistered_hash_benchmark,gpu:1,cryptojacking
66.3,2026-01-01 00:01:06.300000+00:00,,syn-attack-crypto-202,cryptojacking-steady-primary,steady,,0.58,0.5,0,10.0,284.6163999509662,98.66204309636036,54.29190084862937,2520.0,55.19078072942058,4236.588248848961,100.0,100.0,True,,synthetic_cryptojacking,sim_user,unregistered_hash_benchmark,gpu:1,cryptojacking
66.4,2026-01-01 00:01:06.400000+00:00,,syn-attack-crypto-202,cryptojacking-steady-primary,steady,,0.58,0.5,0,10.0,284.4541524127242,97.17014425636351,51.9036247967163,2520.0,54.720591866738594,4149.407837910995,100.0,100.0,True,,synthetic_cryptojacking,sim_user,unregistered_hash_benchmark,gpu:1,cryptojacking
66.5,2026-01-01 00:01:06.500000+00:00,,syn-attack-crypto-202,cryptojacking-steady-primary,steady,,0.58,0.5,0,10.0,285.7573620992556,97.48686202813056,56.63365320447142,2520.0,55.385730105184685,4397.906815963527,100.0,100.0,True,,synthetic_cryptojacking,sim_user,unregistered_hash_benchmark,gpu:1,cryptojacking
66.6,2026-01-01 00:01:06.600000+00:00,,syn-attack-crypto-202,cryptojacking-steady-primary,steady,,0.58,0.5,0,10.0,285.7314032221703,95.75086320851717,52.19004606512542,2520.0,55.205830209271845,3865.950596446647,100.0,100.0,True,,synthetic_cryptojacking,sim_user,unregistered_hash_benchmark,gpu:1,cryptojacking
66.7,2026-01-01 00:01:06.700000+00:00,,syn-attack-crypto-202,cryptojacking-steady-primary,steady,,0.58,0.5,0,10.0,286.3901649032292,97.3726072312574,52.04973290030312,2520.0,55.652165931163196,4093.1221539799917,100.0,100.0,True,,synthetic_cryptojacking,sim_user,unregistered_hash_benchmark,gpu:1,cryptojacking
66.8,2026-01-01 00:01:06.800000+00:00,,syn-attack-crypto-202,cryptojacking-steady-primary,steady,,0.58,0.5,0,10.0,286.61046096307984,96.06206614032406,56.52962053406862,2520.0,55.356237746708814,4591.494797727078,100.0,100.0,True,,synthetic_cryptojacking,sim_user,unregistered_hash_benchmark,gpu:1,cryptojacking
66.9,2026-01-01 00:01:06.900000+00:00,,syn-attack-crypto-202,cryptojacking-steady-primary,steady,,0.58,0.5,0,10.0,285.95102178120806,95.87703515869846,49.82691499134863,2520.0,55.40910565382871,3983.16619841076,100.0,100.0,True,,synthetic_cryptojacking,sim_user,unregistered_hash_benchmark,gpu:1,cryptojacking
67.0,2026-01-01 00:01:07+00:00,,syn-attack-crypto-202,cryptojacking-steady-primary,steady,,0.58,0.5,0,10.0,286.62024433194904,97.75704514504088,53.2785450228471,2520.0,56.051305440221874,4167.131906839759,100.0,100.0,True,,synthetic_cryptojacking,sim_user,unregistered_hash_benchmark,gpu:1,cryptojacking
67.1,2026-01-01 00:01:07.100000+00:00,,syn-attack-crypto-202,cryptojacking-steady-primary,steady,,0.58,0.5,0,10.0,287.2009996830385,95.41410321574934,57.23734741578527,2520.0,55.263252835544584,4618.233752816407,100.0,100.0,True,,synthetic_cryptojacking,sim_user,unregistered_hash_benchmark,gpu:1,cryptojacking
67.2,2026-01-01 00:01:07.200000+00:00,,syn-attack-crypto-202,cryptojacking-steady-primary,steady,,0.58,0.5,0,10.0,286.4557379502822,96.17380444296519,47.74689979130209,2520.0,55.44145918341513,3730.097407184807,100.0,100.0,True,,synthetic_cryptojacking,sim_user,unregistered_hash_benchmark,gpu:1,cryptojacking
67.3,2026-01-01 00:01:07.300000+00:00,,syn-attack-crypto-202,cryptojacking-steady-primary,steady,,0.58,0.5,0,10.0,287.2403534579936,97.6234881588505,50.878568143146914,2520.0,56.09614116775138,3806.076109274352,100.0,100.0,True,,synthetic_cryptojacking,sim_user,unregistered_hash_benchmark,gpu:1,cryptojacking
67.4,2026-01-01 00:01:07.400000+00:00,,syn-attack-crypto-202,cryptojacking-steady-primary,steady,,0.58,0.5,0,10.0,288.1320220816702,96.53307262763221,51.69318875429966,2520.0,55.357572630368715,4084.2800610973354,100.0,100.0,True,,synthetic_cryptojacking,sim_user,unregistered_hash_benchmark,gpu:1,cryptojacking
67.5,2026-01-01 00:01:07.500000+00:00,,syn-attack-crypto-202,cryptojacking-steady-primary,steady,,0.58,0.5,0,10.0,288.4293459694482,94.26118683875025,61.771943458504815,2520.0,54.46573582506194,4664.940234618715,100.0,100.0,True,,synthetic_cryptojacking,sim_user,unregistered_hash_benchmark,gpu:1,cryptojacking
67.6,2026-01-01 00:01:07.600000+00:00,,syn-attack-crypto-202,cryptojacking-steady-primary,steady,,0.58,0.5,0,10.0,287.2111165383273,98.30499432734912,56.85518785069096,2520.0,55.423724000457966,4542.704020017883,100.0,100.0,True,,synthetic_cryptojacking,sim_user,unregistered_hash_benchmark,gpu:1,cryptojacking
67.7,2026-01-01 00:01:07.700000+00:00,,syn-attack-crypto-202,cryptojacking-steady-primary,steady,,0.58,0.5,0,10.0,286.13224634096866,96.93333906579164,58.63751057994507,2520.0,54.7822599700159,4846.683688755895,100.0,100.0,True,,synthetic_cryptojacking,sim_user,unregistered_hash_benchmark,gpu:1,cryptojacking
67.8,2026-01-01 00:01:07.800000+00:00,,syn-attack-crypto-202,cryptojacking-steady-primary,steady,,0.58,0.5,0,10.0,285.8148028360523,94.2799292150154,52.28736531805517,2520.0,53.891346570169375,3931.930268872784,100.0,100.0,True,,synthetic_cryptojacking,sim_user,unregistered_hash_benchmark,gpu:1,cryptojacking
67.9,2026-01-01 00:01:07.900000+00:00,,syn-attack-crypto-202,cryptojacking-steady-primary,steady,,0.58,0.5,0,10.0,285.9882674071764,96.09257770805532,50.74333709584921,2520.0,54.48598884234522,4040.3725219912917,100.0,100.0,True,,synthetic_cryptojacking,sim_user,unregistered_hash_benchmark,gpu:1,cryptojacking
68.0,2026-01-01 00:01:08+00:00,,syn-attack-crypto-202,cryptojacking-steady-primary,steady,,0.58,0.5,0,10.0,286.02305531925055,96.87627903139915,56.265657567854745,2520.0,54.86765184004428,4461.222357990035,100.0,100.0,True,,synthetic_cryptojacking,sim_user,unregistered_hash_benchmark,gpu:1,cryptojacking
68.1,2026-01-01 00:01:08.100000+00:00,,syn-attack-crypto-202,cryptojacking-steady-primary,steady,,0.58,0.5,0,10.0,285.58966558609507,97.39292326125357,58.188925076351225,2520.0,55.16470432883755,4628.449206672259,100.0,100.0,True,,synthetic_cryptojacking,sim_user,unregistered_hash_benchmark,gpu:1,cryptojacking
68.2,2026-01-01 00:01:08.200000+00:00,,syn-attack-crypto-202,cryptojacking-steady-primary,steady,,0.58,0.5,0,10.0,284.3504298282978,96.73054846263268,51.40308905331558,2520.0,54.58085763902488,4140.148074291563,100.0,100.0,True,,synthetic_cryptojacking,sim_user,unregistered_hash_benchmark,gpu:1,cryptojacking
68.3,2026-01-01 00:01:08.300000+00:00,,syn-attack-crypto-202,cryptojacking-steady-primary,steady,,0.58,0.5,0,10.0,284.8774866881541,97.53066094984376,55.39778733794598,2520.0,54.71916082235967,4374.435460407231,100.0,100.0,True,,synthetic_cryptojacking,sim_user,unregistered_hash_benchmark,gpu:1,cryptojacking
68.4,2026-01-01 00:01:08.400000+00:00,,syn-attack-crypto-202,cryptojacking-steady-primary,steady,,0.58,0.5,0,10.0,284.78837409148764,96.06541346506813,57.86831094992047,2520.0,54.1163254558702,4592.787170435129,100.0,100.0,True,,synthetic_cryptojacking,sim_user,unregistered_hash_benchmark,gpu:1,cryptojacking
68.5,2026-01-01 00:01:08.500000+00:00,,syn-attack-crypto-202,cryptojacking-steady-primary,steady,,0.58,0.5,0,10.0,283.81248576702336,96.23537280138495,54.145904062310315,2520.0,54.44996363664397,4213.516928053968,100.0,100.0,True,,synthetic_cryptojacking,sim_user,unregistered_hash_benchmark,gpu:1,cryptojacking
68.6,2026-01-01 00:01:08.600000+00:00,,syn-attack-crypto-202,cryptojacking-steady-primary,steady,,0.58,0.5,0,10.0,284.2557325216681,96.89085084334555,52.49783966716814,2520.0,54.773077238122255,4144.14509702704,100.0,100.0,True,,synthetic_cryptojacking,sim_user,unregistered_hash_benchmark,gpu:1,cryptojacking
68.7,2026-01-01 00:01:08.700000+00:00,,syn-attack-crypto-202,cryptojacking-steady-primary,steady,,0.58,0.5,0,10.0,284.5334223343222,96.2064510773505,46.20693132643552,2520.0,54.61582285466804,3735.2129105705303,100.0,100.0,True,,synthetic_cryptojacking,sim_user,unregistered_hash_benchmark,gpu:1,cryptojacking
68.8,2026-01-01 00:01:08.800000+00:00,,syn-attack-crypto-202,cryptojacking-steady-primary,steady,,0.58,0.5,0,10.0,285.1989764854992,98.16181355677658,56.51966870672322,2520.0,55.09645737054805,4312.746622253678,100.0,100.0,True,,synthetic_cryptojacking,sim_user,unregistered_hash_benchmark,gpu:1,cryptojacking
68.9,2026-01-01 00:01:08.900000+00:00,,syn-attack-crypto-202,cryptojacking-steady-primary,steady,,0.58,0.5,0,10.0,285.94672590739975,95.742124446666,54.61806092135509,2520.0,54.40592206650369,4227.493658598227,100.0,100.0,True,,synthetic_cryptojacking,sim_user,unregistered_hash_benchmark,gpu:1,cryptojacking
69.0,2026-01-01 00:01:09+00:00,,syn-attack-crypto-202,cryptojacking-steady-primary,steady,,0.58,0.5,0,10.0,286.44573818159444,97.24479792695969,51.68319184249864,2520.0,54.90190457985447,4146.846799869026,100.0,100.0,True,,synthetic_cryptojacking,sim_user,unregistered_hash_benchmark,gpu:1,cryptojacking
69.1,2026-01-01 00:01:09.100000+00:00,,syn-attack-crypto-202,cryptojacking-steady-primary,steady,,0.58,0.5,0,10.0,287.0614226143117,97.6176099250408,52.8595599075896,2520.0,55.24741480899238,4155.3481311176965,100.0,100.0,True,,synthetic_cryptojacking,sim_user,unregistered_hash_benchmark,gpu:1,cryptojacking
69.2,2026-01-01 00:01:09.200000+00:00,,syn-attack-crypto-202,cryptojacking-steady-primary,steady,,0.58,0.5,0,10.0,286.49229720960875,96.90198330876721,47.01363343386825,2520.0,54.96759901551234,3792.717033607918,100.0,100.0,True,,synthetic_cryptojacking,sim_user,unregistered_hash_benchmark,gpu:1,cryptojacking
69.3,2026-01-01 00:01:09.300000+00:00,,syn-attack-crypto-202,cryptojacking-steady-primary,steady,,0.58,0.5,0,10.0,286.95919186024133,96.12781383923497,55.7096853771819,2520.0,54.90402055596462,4425.45941058453,100.0,100.0,True,,synthetic_cryptojacking,sim_user,unregistered_hash_benchmark,gpu:1,cryptojacking
69.4,2026-01-01 00:01:09.400000+00:00,,syn-attack-crypto-202,cryptojacking-steady-primary,steady,,0.58,0.5,0,10.0,286.47236311450206,95.04721580395213,53.24770165704087,2520.0,54.49855881415879,4210.169136659596,100.0,100.0,True,,synthetic_cryptojacking,sim_user,unregistered_hash_benchmark,gpu:1,cryptojacking
69.5,2026-01-01 00:01:09.500000+00:00,,syn-attack-crypto-202,cryptojacking-steady-primary,steady,,0.58,0.5,0,10.0,285.97486549723453,95.60689668146685,49.028309463654026,2520.0,54.69490961606663,3898.937402186692,100.0,100.0,True,,synthetic_cryptojacking,sim_user,unregistered_hash_benchmark,gpu:1,cryptojacking
69.6,2026-01-01 00:01:09.600000+00:00,,syn-attack-crypto-202,cryptojacking-steady-primary,steady,,0.58,0.5,0,10.0,286.39752013136115,95.9027643678444,57.86354086473672,2520.0,54.93290505506937,4586.4467934082895,100.0,100.0,True,,synthetic_cryptojacking,sim_user,unregistered_hash_benchmark,gpu:1,cryptojacking
69.7,2026-01-01 00:01:09.700000+00:00,,syn-attack-crypto-202,cryptojacking-steady-primary,steady,,0.58,0.5,0,10.0,285.94901242044915,94.92086403617445,53.85801727458038,2520.0,54.68582239525881,4326.020892926284,100.0,100.0,True,,synthetic_cryptojacking,sim_user,unregistered_hash_benchmark,gpu:1,cryptojacking
69.8,2026-01-01 00:01:09.800000+00:00,,syn-attack-crypto-202,cryptojacking-steady-primary,steady,,0.58,0.5,0,10.0,285.9573164896724,97.10009868484727,52.55531404091606,2520.0,55.54525321372233,4172.062383952786,100.0,100.0,True,,synthetic_cryptojacking,sim_user,unregistered_hash_benchmark,gpu:1,cryptojacking
69.9,2026-01-01 00:01:09.900000+00:00,,syn-attack-crypto-202,cryptojacking-steady-primary,steady,,0.58,0.5,0,10.0,286.3146623631717,95.35836737986578,61.55796822214734,2520.0,54.91761081118768,4754.3223613597165,100.0,100.0,True,,synthetic_cryptojacking,sim_user,unregistered_hash_benchmark,gpu:1,cryptojacking
70.0,2026-01-01 00:01:10+00:00,,syn-attack-crypto-202,cryptojacking-steady-primary,steady,,0.58,0.5,0,10.0,284.6620718783935,96.48226688086618,59.416447273078326,2520.0,55.13191117109906,4717.3928320372925,100.0,100.0,True,,synthetic_cryptojacking,sim_user,unregistered_hash_benchmark,gpu:1,cryptojacking
70.1,2026-01-01 00:01:10.100000+00:00,,syn-attack-crypto-202,cryptojacking-steady-primary,steady,,0.58,0.5,0,10.0,284.0659309550163,95.65000330567216,56.2240778087025,2520.0,55.03401035443154,4401.731479365413,100.0,100.0,True,,synthetic_cryptojacking,sim_user,unregistered_hash_benchmark,gpu:1,cryptojacking
70.2,2026-01-01 00:01:10.200000+00:00,,syn-attack-crypto-202,cryptojacking-steady-primary,steady,,0.58,0.5,0,10.0,283.29109918285366,94.45010030607258,46.1091260557711,2520.0,54.74029182504357,3569.6212033522033,100.0,100.0,True,,synthetic_cryptojacking,sim_user,unregistered_hash_benchmark,gpu:1,cryptojacking
70.3,2026-01-01 00:01:10.300000+00:00,,syn-attack-crypto-202,cryptojacking-steady-primary,steady,,0.58,0.5,0,10.0,284.03368078836274,96.71429842666329,51.01907967427778,2520.0,55.21372195920448,3975.995887396172,100.0,100.0,True,,synthetic_cryptojacking,sim_user,unregistered_hash_benchmark,gpu:1,cryptojacking
70.4,2026-01-01 00:01:10.400000+00:00,,syn-attack-crypto-202,cryptojacking-steady-primary,steady,,0.58,0.5,0,10.0,285.04663982317265,95.88443470890508,51.29173389299441,2520.0,54.92728942552294,4213.301811653743,100.0,100.0,True,,synthetic_cryptojacking,sim_user,unregistered_hash_benchmark,gpu:1,cryptojacking
70.5,2026-01-01 00:01:10.500000+00:00,,syn-attack-crypto-202,cryptojacking-steady-primary,steady,,0.58,0.5,0,10.0,285.77496752619913,96.6387282757603,49.745054484581466,2520.0,54.97802789117423,3875.949578457921,100.0,100.0,True,,synthetic_cryptojacking,sim_user,unregistered_hash_benchmark,gpu:1,cryptojacking
70.6,2026-01-01 00:01:10.600000+00:00,,syn-attack-crypto-202,cryptojacking-steady-primary,steady,,0.58,0.5,0,10.0,286.01755651035205,95.42506806955177,52.64766450741503,2520.0,54.426255162353115,4039.9962568580945,100.0,100.0,True,,synthetic_cryptojacking,sim_user,unregistered_hash_benchmark,gpu:1,cryptojacking
70.7,2026-01-01 00:01:10.700000+00:00,,syn-attack-crypto-202,cryptojacking-steady-primary,steady,,0.58,0.5,0,10.0,286.00398669980905,95.9238397092756,53.928264446497934,2520.0,54.39753167536011,4385.945974793223,100.0,100.0,True,,synthetic_cryptojacking,sim_user,unregistered_hash_benchmark,gpu:1,cryptojacking
70.8,2026-01-01 00:01:10.800000+00:00,,syn-attack-crypto-202,cryptojacking-steady-primary,steady,,0.58,0.5,0,10.0,286.48997863706654,96.12133159616111,54.59135024173804,2520.0,54.50269733922155,4133.579214832258,100.0,100.0,True,,synthetic_cryptojacking,sim_user,unregistered_hash_benchmark,gpu:1,cryptojacking
70.9,2026-01-01 00:01:10.900000+00:00,,syn-attack-crypto-202,cryptojacking-steady-primary,steady,,0.58,0.5,0,10.0,287.11795537098897,97.90435144456252,56.1422967455531,2520.0,55.31527290038646,4453.317184601586,100.0,100.0,True,,synthetic_cryptojacking,sim_user,unregistered_hash_benchmark,gpu:1,cryptojacking
71.0,2026-01-01 00:01:11+00:00,,syn-attack-crypto-202,cryptojacking-steady-primary,steady,,0.58,0.5,0,10.0,287.0942188736549,95.93440391404047,47.33199204989515,2520.0,54.51410002440223,3717.603944478212,100.0,100.0,True,,synthetic_cryptojacking,sim_user,unregistered_hash_benchmark,gpu:1,cryptojacking
71.1,2026-01-01 00:01:11.100000+00:00,,syn-attack-crypto-202,cryptojacking-steady-primary,steady,,0.58,0.5,0,10.0,288.1886468713591,95.98461999380878,53.89670135947745,2520.0,54.5082850527522,4077.4892316995965,100.0,100.0,True,,synthetic_cryptojacking,sim_user,unregistered_hash_benchmark,gpu:1,cryptojacking
71.2,2026-01-01 00:01:11.200000+00:00,,syn-attack-crypto-202,cryptojacking-steady-primary,steady,,0.58,0.5,0,10.0,288.20708490093307,95.54258212362103,49.34647656354342,2520.0,54.51475718314298,3692.0350229949295,100.0,100.0,True,,synthetic_cryptojacking,sim_user,unregistered_hash_benchmark,gpu:1,cryptojacking
71.3,2026-01-01 00:01:11.300000+00:00,,syn-attack-crypto-202,cryptojacking-steady-primary,steady,,0.58,0.5,0,10.0,288.87511408442896,95.97987383853669,53.485219627106005,2520.0,54.62731853366175,4228.858019114826,100.0,100.0,True,,synthetic_cryptojacking,sim_user,unregistered_hash_benchmark,gpu:1,cryptojacking
71.4,2026-01-01 00:01:11.400000+00:00,,syn-attack-crypto-202,cryptojacking-steady-primary,steady,,0.58,0.5,0,10.0,288.65861694877566,96.68875843171325,59.919072183382745,2520.0,54.952621633001755,4831.348919946752,100.0,100.0,True,,synthetic_cryptojacking,sim_user,unregistered_hash_benchmark,gpu:1,cryptojacking
71.5,2026-01-01 00:01:11.500000+00:00,,syn-attack-crypto-202,cryptojacking-steady-primary,steady,,0.58,0.5,0,10.0,288.1946830493703,94.99737755676495,57.21313624595034,2520.0,54.6822845227054,4373.019209000803,100.0,100.0,True,,synthetic_cryptojacking,sim_user,unregistered_hash_benchmark,gpu:1,cryptojacking
71.6,2026-01-01 00:01:11.600000+00:00,,syn-attack-crypto-202,cryptojacking-steady-primary,steady,,0.58,0.5,0,10.0,287.61649708449437,96.59721751409663,51.85700662621198,2520.0,54.9883558591324,4029.3305174910734,100.0,100.0,True,,synthetic_cryptojacking,sim_user,unregistered_hash_benchmark,gpu:1,cryptojacking
71.7,2026-01-01 00:01:11.700000+00:00,,syn-attack-crypto-202,cryptojacking-steady-primary,steady,,0.58,0.5,0,10.0,287.54415238773953,98.00628465329672,53.94791929569607,2520.0,55.398230233093706,4213.442127131744,100.0,100.0,True,,synthetic_cryptojacking,sim_user,unregistered_hash_benchmark,gpu:1,cryptojacking
71.8,2026-01-01 00:01:11.800000+00:00,,syn-attack-crypto-202,cryptojacking-steady-primary,steady,,0.58,0.5,0,10.0,286.93222480837335,96.548226128624,58.54840602500553,2520.0,54.820587111727406,4669.92050704708,100.0,100.0,True,,synthetic_cryptojacking,sim_user,unregistered_hash_benchmark,gpu:1,cryptojacking
71.9,2026-01-01 00:01:11.900000+00:00,,syn-attack-crypto-202,cryptojacking-steady-primary,steady,,0.58,0.5,0,10.0,286.11404230001216,97.88996222513752,61.090292346192406,2520.0,55.43925084285503,4789.432354092151,100.0,100.0,True,,synthetic_cryptojacking,sim_user,unregistered_hash_benchmark,gpu:1,cryptojacking
72.0,2026-01-01 00:01:12+00:00,,syn-attack-crypto-202,cryptojacking-steady-primary,steady,,0.58,0.5,0,10.0,285.29444137257286,94.66067483775143,54.149393435267264,2520.0,54.358515241195114,4281.039039380389,100.0,100.0,True,,synthetic_cryptojacking,sim_user,unregistered_hash_benchmark,gpu:1,cryptojacking
72.1,2026-01-01 00:01:12.100000+00:00,,syn-attack-crypto-202,cryptojacking-steady-primary,steady,,0.58,0.5,0,10.0,285.1085928864945,97.56583123940354,57.860243458642,2520.0,55.06670049475005,4359.804843728669,100.0,100.0,True,,synthetic_cryptojacking,sim_user,unregistered_hash_benchmark,gpu:1,cryptojacking
72.2,2026-01-01 00:01:12.200000+00:00,,syn-attack-crypto-202,cryptojacking-steady-primary,steady,,0.58,0.5,0,10.0,285.2504185983329,95.57353522183122,53.83285939514084,2520.0,54.52654457188542,4147.955755918269,100.0,100.0,True,,synthetic_cryptojacking,sim_user,unregistered_hash_benchmark,gpu:1,cryptojacking
72.3,2026-01-01 00:01:12.300000+00:00,,syn-attack-crypto-202,cryptojacking-steady-primary,steady,,0.58,0.5,0,10.0,284.94554692225626,95.50398659292094,55.203905836422216,2520.0,54.47426822160317,4331.812239829441,100.0,100.0,True,,synthetic_cryptojacking,sim_user,unregistered_hash_benchmark,gpu:1,cryptojacking
72.4,2026-01-01 00:01:12.400000+00:00,,syn-attack-crypto-202,cryptojacking-steady-primary,steady,,0.58,0.5,0,10.0,284.67956083109095,98.18211083111285,52.79127517927361,2520.0,55.18377771481318,4175.86009538343,100.0,100.0,True,,synthetic_cryptojacking,sim_user,unregistered_hash_benchmark,gpu:1,cryptojacking
72.5,2026-01-01 00:01:12.500000+00:00,,syn-attack-crypto-202,cryptojacking-steady-primary,steady,,0.58,0.5,0,10.0,284.48356782430784,94.62947660827056,54.703848865722186,2520.0,54.43600281427684,4323.725247085962,100.0,100.0,True,,synthetic_cryptojacking,sim_user,unregistered_hash_benchmark,gpu:1,cryptojacking
72.6,2026-01-01 00:01:12.600000+00:00,,syn-attack-crypto-202,cryptojacking-steady-primary,steady,,0.58,0.5,0,10.0,284.74820907363517,97.73611189105199,53.63140363890022,2520.0,55.53142619680179,4115.41624229064,100.0,100.0,True,,synthetic_cryptojacking,sim_user,unregistered_hash_benchmark,gpu:1,cryptojacking
72.7,2026-01-01 00:01:12.700000+00:00,,syn-attack-crypto-202,cryptojacking-steady-primary,steady,,0.58,0.5,0,10.0,285.7102357348348,95.02581466946515,50.35610173022191,2520.0,54.628305559636125,4061.0114071921766,100.0,100.0,True,,synthetic_cryptojacking,sim_user,unregistered_hash_benchmark,gpu:1,cryptojacking
72.8,2026-01-01 00:01:12.800000+00:00,,syn-attack-crypto-202,cryptojacking-steady-primary,steady,,0.58,0.5,0,10.0,286.437879603921,93.4476804834263,46.055724303844755,2520.0,53.97589837135177,3760.9156716615826,100.0,100.0,True,,synthetic_cryptojacking,sim_user,unregistered_hash_benchmark,gpu:1,cryptojacking
72.9,2026-01-01 00:01:12.900000+00:00,,syn-attack-crypto-202,cryptojacking-steady-primary,steady,,0.58,0.5,0,10.0,287.0071306572766,94.3008821629179,50.11236077028861,2520.0,54.245672972714424,3865.8154384630943,100.0,100.0,True,,synthetic_cryptojacking,sim_user,unregistered_hash_benchmark,gpu:1,cryptojacking
73.0,2026-01-01 00:01:13+00:00,,syn-attack-crypto-202,cryptojacking-steady-primary,steady,,0.58,0.5,0,10.0,287.0489399558364,98.10791205862702,53.99767659314591,2520.0,55.537975704229694,4129.380953998062,100.0,100.0,True,,synthetic_cryptojacking,sim_user,unregistered_hash_benchmark,gpu:1,cryptojacking
73.1,2026-01-01 00:01:13.100000+00:00,,syn-attack-crypto-202,cryptojacking-steady-primary,steady,,0.58,0.5,0,10.0,286.7999743780115,96.25016774720403,53.38814785797658,2520.0,54.9939643999901,4248.810770355378,100.0,100.0,True,,synthetic_cryptojacking,sim_user,unregistered_hash_benchmark,gpu:1,cryptojacking
73.2,2026-01-01 00:01:13.200000+00:00,,syn-attack-crypto-202,cryptojacking-steady-primary,steady,,0.58,0.5,0,10.0,286.43663550539185,95.74373033278607,58.10615422418027,2520.0,54.965564305697185,4480.14821340351,100.0,100.0,True,,synthetic_cryptojacking,sim_user,unregistered_hash_benchmark,gpu:1,cryptojacking
73.3,2026-01-01 00:01:13.300000+00:00,,syn-attack-crypto-202,cryptojacking-steady-primary,steady,,0.58,0.5,0,10.0,286.0196715253595,94.61698458293866,50.623885794275594,2520.0,54.48571338999771,4024.0212570789836,100.0,100.0,True,,synthetic_cryptojacking,sim_user,unregistered_hash_benchmark,gpu:1,cryptojacking
73.4,2026-01-01 00:01:13.400000+00:00,,syn-attack-crypto-202,cryptojacking-steady-primary,steady,,0.58,0.5,0,10.0,285.7092484840076,96.32565226235289,53.31514435235529,2520.0,55.03998823277077,4229.911590796339,100.0,100.0,True,,synthetic_cryptojacking,sim_user,unregistered_hash_benchmark,gpu:1,cryptojacking
73.5,2026-01-01 00:01:13.500000+00:00,,syn-attack-crypto-202,cryptojacking-steady-primary,steady,,0.58,0.5,0,10.0,285.7073856979262,92.93297716757594,48.17951320463696,2493.350830263956,53.882993475724625,3948.341448246933,100.0,100.0,True,,synthetic_cryptojacking,sim_user,unregistered_hash_benchmark,gpu:1,cryptojacking
73.6,2026-01-01 00:01:13.600000+00:00,,syn-attack-crypto-202,cryptojacking-steady-primary,steady,,0.58,0.5,0,10.0,285.8852358572843,95.74737422558242,57.647535549323905,2520.0,54.61678031612923,4463.573099094025,100.0,100.0,True,,synthetic_cryptojacking,sim_user,unregistered_hash_benchmark,gpu:1,cryptojacking
73.7,2026-01-01 00:01:13.700000+00:00,,syn-attack-crypto-202,cryptojacking-steady-primary,steady,,0.58,0.5,0,10.0,285.85913905202364,95.75718995711284,61.00883119379058,2520.0,54.822600865657996,4766.276081436332,100.0,100.0,True,,synthetic_cryptojacking,sim_user,unregistered_hash_benchmark,gpu:1,cryptojacking
73.8,2026-01-01 00:01:13.800000+00:00,,syn-attack-crypto-202,cryptojacking-steady-primary,steady,,0.58,0.5,0,10.0,284.7903177242965,95.31168667697926,56.91659738231319,2518.3495143577484,54.65556581442884,4561.402280377419,100.0,100.0,True,,synthetic_cryptojacking,sim_user,unregistered_hash_benchmark,gpu:1,cryptojacking
73.9,2026-01-01 00:01:13.900000+00:00,,syn-attack-crypto-202,cryptojacking-steady-primary,steady,,0.58,0.5,0,10.0,284.45608150865434,97.92228012004013,53.52616337351156,2520.0,55.19742826811601,4261.236698760811,100.0,100.0,True,,synthetic_cryptojacking,sim_user,unregistered_hash_benchmark,gpu:1,cryptojacking
74.0,2026-01-01 00:01:14+00:00,,syn-attack-crypto-202,cryptojacking-steady-primary,steady,,0.58,0.5,0,10.0,284.8061825129664,97.18381467250853,52.06589547788954,2520.0,55.224840444956,4027.808338284768,100.0,100.0,True,,synthetic_cryptojacking,sim_user,unregistered_hash_benchmark,gpu:1,cryptojacking
74.1,2026-01-01 00:01:14.100000+00:00,,syn-attack-crypto-202,cryptojacking-steady-primary,steady,,0.58,0.5,0,10.0,284.3190525379017,93.29183597724705,49.157937663527704,2520.0,54.391041166689334,3902.632515734483,100.0,100.0,True,,synthetic_cryptojacking,sim_user,unregistered_hash_benchmark,gpu:1,cryptojacking
74.2,2026-01-01 00:01:14.200000+00:00,,syn-attack-crypto-202,cryptojacking-steady-primary,steady,,0.58,0.5,0,10.0,283.7412827166796,97.8498811414432,51.070608145755685,2520.0,55.893266061581265,4086.913745093549,100.0,100.0,True,,synthetic_cryptojacking,sim_user,unregistered_hash_benchmark,gpu:1,cryptojacking
74.3,2026-01-01 00:01:14.300000+00:00,,syn-attack-crypto-202,cryptojacking-steady-primary,steady,,0.58,0.5,0,10.0,283.7142731618114,99.11209131300579,56.289469739016354,2520.0,55.80624605727353,4466.701807267092,100.0,100.0,True,,synthetic_cryptojacking,sim_user,unregistered_hash_benchmark,gpu:1,cryptojacking
74.4,2026-01-01 00:01:14.400000+00:00,,syn-attack-crypto-202,cryptojacking-steady-primary,steady,,0.58,0.5,0,10.0,283.5730834183443,96.05046195914687,48.68057558729348,2520.0,54.873273371854346,3857.8911470036196,100.0,100.0,True,,synthetic_cryptojacking,sim_user,unregistered_hash_benchmark,gpu:1,cryptojacking
74.5,2026-01-01 00:01:14.500000+00:00,,syn-attack-crypto-202,cryptojacking-steady-primary,steady,,0.58,0.5,0,10.0,283.6733717895213,94.6348790397327,52.36882656239789,2486.4171433809493,54.520604834510344,4124.9511457822755,100.0,100.0,True,,synthetic_cryptojacking,sim_user,unregistered_hash_benchmark,gpu:1,cryptojacking
74.6,2026-01-01 00:01:14.600000+00:00,,syn-attack-crypto-202,cryptojacking-steady-primary,steady,,0.58,0.5,0,10.0,284.2176228229906,94.94662688618548,50.85210195222326,2520.0,54.807748267331554,3899.53510428141,100.0,100.0,True,,synthetic_cryptojacking,sim_user,unregistered_hash_benchmark,gpu:1,cryptojacking
74.7,2026-01-01 00:01:14.700000+00:00,,syn-attack-crypto-202,cryptojacking-steady-primary,steady,,0.58,0.5,0,10.0,283.90695296458085,96.89331270174694,58.04814982492039,2520.0,55.52138023817311,4454.898793858001,100.0,100.0,True,,synthetic_cryptojacking,sim_user,unregistered_hash_benchmark,gpu:1,cryptojacking
74.8,2026-01-01 00:01:14.800000+00:00,,syn-attack-crypto-202,cryptojacking-steady-primary,steady,,0.58,0.5,0,10.0,283.33619617187685,96.09994369234353,51.79171806416855,2520.0,55.41774846236591,4169.979099279609,100.0,100.0,True,,synthetic_cryptojacking,sim_user,unregistered_hash_benchmark,gpu:1,cryptojacking
74.9,2026-01-01 00:01:14.900000+00:00,,syn-attack-crypto-202,cryptojacking-steady-primary,steady,,0.58,0.5,0,10.0,283.6328370205349,95.0010717043279,53.804480449704286,2520.0,54.74078384499993,4195.934323225355,100.0,100.0,True,,synthetic_cryptojacking,sim_user,unregistered_hash_benchmark,gpu:1,cryptojacking
75.0,2026-01-01 00:01:15+00:00,,syn-attack-crypto-202,cryptojacking-steady-primary,steady,,0.58,0.5,0,10.0,282.8717972816393,96.31062672416672,55.72064284372724,2520.0,54.83955329012969,4418.866441435213,100.0,100.0,True,,synthetic_cryptojacking,sim_user,unregistered_hash_benchmark,gpu:1,cryptojacking
75.1,2026-01-01 00:01:15.100000+00:00,,syn-attack-crypto-202,cryptojacking-steady-primary,steady,,0.58,0.5,0,10.0,282.12938530594147,94.40429303196464,46.25041479502099,2491.119208468822,54.298599467458445,3655.320098503789,100.0,100.0,True,,synthetic_cryptojacking,sim_user,unregistered_hash_benchmark,gpu:1,cryptojacking
75.2,2026-01-01 00:01:15.200000+00:00,,syn-attack-crypto-202,cryptojacking-steady-primary,steady,,0.58,0.5,0,10.0,282.3730279222839,96.64489137477848,45.91774370541586,2520.0,55.17646876989562,3695.4802184318683,100.0,100.0,True,,synthetic_cryptojacking,sim_user,unregistered_hash_benchmark,gpu:1,cryptojacking
75.3,2026-01-01 00:01:15.300000+00:00,,syn-attack-crypto-202,cryptojacking-steady-primary,steady,,0.58,0.5,0,10.0,284.113934158109,96.82099432771193,50.26703631536301,2520.0,55.185164392793126,4028.634248410279,100.0,100.0,True,,synthetic_cryptojacking,sim_user,unregistered_hash_benchmark,gpu:1,cryptojacking
75.4,2026-01-01 00:01:15.400000+00:00,,syn-attack-crypto-202,cryptojacking-steady-primary,steady,,0.58,0.5,0,10.0,284.6959663849939,93.20825952950673,51.79989251558137,2520.0,54.19300658428397,4077.9514407323945,100.0,100.0,True,,synthetic_cryptojacking,sim_user,unregistered_hash_benchmark,gpu:1,cryptojacking
75.5,2026-01-01 00:01:15.500000+00:00,,syn-attack-crypto-202,cryptojacking-steady-primary,steady,,0.58,0.5,0,10.0,284.05397511841034,95.83375748053392,49.44392579041419,2520.0,54.80415158819916,4020.388984793309,100.0,100.0,True,,synthetic_cryptojacking,sim_user,unregistered_hash_benchmark,gpu:1,cryptojacking
75.6,2026-01-01 00:01:15.600000+00:00,,syn-attack-crypto-202,cryptojacking-steady-primary,steady,,0.58,0.5,0,10.0,284.4443281821862,95.5316905871157,57.65148200798849,2520.0,54.79666773681349,4481.813838604615,100.0,100.0,True,,synthetic_cryptojacking,sim_user,unregistered_hash_benchmark,gpu:1,cryptojacking
75.7,2026-01-01 00:01:15.700000+00:00,,syn-attack-crypto-202,cryptojacking-steady-primary,steady,,0.58,0.5,0,10.0,284.3361522523449,96.70413970856828,49.084839250527594,2520.0,54.96202277514286,3870.438828325388,100.0,100.0,True,,synthetic_cryptojacking,sim_user,unregistered_hash_benchmark,gpu:1,cryptojacking
75.8,2026-01-01 00:01:15.800000+00:00,,syn-attack-crypto-202,cryptojacking-steady-primary,steady,,0.58,0.5,0,10.0,283.8884804767271,96.92246637262751,53.04152456810973,2520.0,55.084646703700486,4176.609947611282,100.0,100.0,True,,synthetic_cryptojacking,sim_user,unregistered_hash_benchmark,gpu:1,cryptojacking
75.9,2026-01-01 00:01:15.900000+00:00,,syn-attack-crypto-202,cryptojacking-steady-primary,steady,,0.58,0.5,0,10.0,284.63476061570464,97.40407948683875,55.11943221933169,2520.0,54.936862084051526,4258.149238808791,100.0,100.0,True,,synthetic_cryptojacking,sim_user,unregistered_hash_benchmark,gpu:1,cryptojacking
76.0,2026-01-01 00:01:16+00:00,,syn-attack-crypto-202,cryptojacking-steady-primary,steady,,0.58,0.5,0,10.0,283.9878933782747,94.55104669167993,46.85981699046684,2520.0,54.145186725691026,3636.0437445343155,100.0,100.0,True,,synthetic_cryptojacking,sim_user,unregistered_hash_benchmark,gpu:1,cryptojacking
76.1,2026-01-01 00:01:16.100000+00:00,,syn-attack-crypto-202,cryptojacking-steady-primary,steady,,0.58,0.5,0,10.0,284.6808060657372,99.18365640266413,50.7675837807595,2520.0,55.4060784338012,3923.140364500112,100.0,100.0,True,,synthetic_cryptojacking,sim_user,unregistered_hash_benchmark,gpu:1,cryptojacking
76.2,2026-01-01 00:01:16.200000+00:00,,syn-attack-crypto-202,cryptojacking-steady-primary,steady,,0.58,0.5,0,10.0,284.6530252016212,95.80968250235196,49.16743402754737,2520.0,54.5689297407891,3975.9275677930004,100.0,100.0,True,,synthetic_cryptojacking,sim_user,unregistered_hash_benchmark,gpu:1,cryptojacking
76.3,2026-01-01 00:01:16.300000+00:00,,syn-attack-crypto-202,cryptojacking-steady-primary,steady,,0.58,0.5,0,10.0,284.89929198186985,95.63913764550085,60.68455402957412,2520.0,54.54295811300241,4739.51425768499,100.0,100.0,True,,synthetic_cryptojacking,sim_user,unregistered_hash_benchmark,gpu:1,cryptojacking
76.4,2026-01-01 00:01:16.400000+00:00,,syn-attack-crypto-202,cryptojacking-steady-primary,steady,,0.58,0.5,0,10.0,283.4229826520957,94.14003920445813,53.914394594160555,2482.0752163887328,54.02229876556118,4275.424426197661,100.0,100.0,True,,synthetic_cryptojacking,sim_user,unregistered_hash_benchmark,gpu:1,cryptojacking
76.5,2026-01-01 00:01:16.500000+00:00,,syn-attack-crypto-202,cryptojacking-steady-primary,steady,,0.58,0.5,0,10.0,282.2964293087714,93.97462567230939,46.571870748187365,2520.0,53.835962679194594,3615.9883327326033,100.0,100.0,True,,synthetic_cryptojacking,sim_user,unregistered_hash_benchmark,gpu:1,cryptojacking
76.6,2026-01-01 00:01:16.600000+00:00,,syn-attack-crypto-202,cryptojacking-steady-primary,steady,,0.58,0.5,0,10.0,282.67627685646795,96.96644666796135,53.5020118047271,2520.0,54.69929032561798,4119.131755906772,100.0,100.0,True,,synthetic_cryptojacking,sim_user,unregistered_hash_benchmark,gpu:1,cryptojacking
76.7,2026-01-01 00:01:16.700000+00:00,,syn-attack-crypto-202,cryptojacking-steady-primary,steady,,0.58,0.5,0,10.0,282.89014142924094,95.38197530789128,56.617190421811706,2520.0,54.2969522318817,4463.401589970166,100.0,100.0,True,,synthetic_cryptojacking,sim_user,unregistered_hash_benchmark,gpu:1,cryptojacking
76.8,2026-01-01 00:01:16.800000+00:00,,syn-attack-crypto-202,cryptojacking-steady-primary,steady,,0.58,0.5,0,10.0,282.3062054037184,96.6649105416867,45.12375158330628,2520.0,54.698697802939684,3746.5560606104937,100.0,100.0,True,,synthetic_cryptojacking,sim_user,unregistered_hash_benchmark,gpu:1,cryptojacking
76.9,2026-01-01 00:01:16.900000+00:00,,syn-attack-crypto-202,cryptojacking-steady-primary,steady,,0.58,0.5,0,10.0,284.02719898052203,93.90381715039877,57.94853271888621,2520.0,53.669571687952605,4553.964087605183,100.0,100.0,True,,synthetic_cryptojacking,sim_user,unregistered_hash_benchmark,gpu:1,cryptojacking
77.0,2026-01-01 00:01:17+00:00,,syn-attack-crypto-202,cryptojacking-steady-primary,steady,,0.58,0.5,0,10.0,283.4184223417374,97.33898697754692,49.39119964983729,2520.0,54.50178194753562,4085.2658739654426,100.0,100.0,True,,synthetic_cryptojacking,sim_user,unregistered_hash_benchmark,gpu:1,cryptojacking
77.1,2026-01-01 00:01:17.100000+00:00,,syn-attack-crypto-202,cryptojacking-steady-primary,steady,,0.58,0.5,0,10.0,284.11697714805956,97.11533518027672,54.367807308865665,2520.0,54.73927304170393,4193.038882702445,100.0,100.0,True,,synthetic_cryptojacking,sim_user,unregistered_hash_benchmark,gpu:1,cryptojacking
77.2,2026-01-01 00:01:17.200000+00:00,,syn-attack-crypto-202,cryptojacking-steady-primary,steady,,0.58,0.5,0,10.0,284.51965545934263,96.44761686552775,49.018290431113115,2520.0,54.7568731897769,3871.9318341097946,100.0,100.0,True,,synthetic_cryptojacking,sim_user,unregistered_hash_benchmark,gpu:1,cryptojacking
77.3,2026-01-01 00:01:17.300000+00:00,,syn-attack-crypto-202,cryptojacking-steady-primary,steady,,0.58,0.5,0,10.0,285.34000458883577,94.54315530800237,50.637991736843304,2520.0,54.401765182427496,3835.0394805071705,100.0,100.0,True,,synthetic_cryptojacking,sim_user,unregistered_hash_benchmark,gpu:1,cryptojacking
77.4,2026-01-01 00:01:17.400000+00:00,,syn-attack-crypto-202,cryptojacking-steady-primary,steady,,0.58,0.5,0,10.0,285.20147879711345,97.48120887707704,48.706171104928856,2520.0,55.15356826986888,3925.8375506476073,100.0,100.0,True,,synthetic_cryptojacking,sim_user,unregistered_hash_benchmark,gpu:1,cryptojacking
77.5,2026-01-01 00:01:17.500000+00:00,,syn-attack-crypto-202,cryptojacking-steady-primary,steady,,0.58,0.5,0,10.0,285.75915213463554,97.23867114434924,45.70497273984633,2520.0,55.2834208541538,3822.339408446358,100.0,100.0,True,,synthetic_cryptojacking,sim_user,unregistered_hash_benchmark,gpu:1,cryptojacking
77.6,2026-01-01 00:01:17.600000+00:00,,syn-attack-crypto-202,cryptojacking-steady-primary,steady,,0.58,0.5,0,10.0,286.20683778411194,96.54968491573604,51.330811751802045,2520.0,55.0383090622949,4088.1909121394287,100.0,100.0,True,,synthetic_cryptojacking,sim_user,unregistered_hash_benchmark,gpu:1,cryptojacking
77.7,2026-01-01 00:01:17.700000+00:00,,syn-attack-crypto-202,cryptojacking-steady-primary,steady,,0.58,0.5,0,10.0,286.64098182843645,95.59030131732366,54.62714010227849,2520.0,54.72356338167217,4164.0080402633375,100.0,100.0,True,,synthetic_cryptojacking,sim_user,unregistered_hash_benchmark,gpu:1,cryptojacking
77.8,2026-01-01 00:01:17.800000+00:00,,syn-attack-crypto-202,cryptojacking-steady-primary,steady,,0.58,0.5,0,10.0,286.1452540040265,94.56063781407,51.02681777561202,2520.0,54.64277665011579,4005.6508109653514,100.0,100.0,True,,synthetic_cryptojacking,sim_user,unregistered_hash_benchmark,gpu:1,cryptojacking
77.9,2026-01-01 00:01:17.900000+00:00,,syn-attack-crypto-202,cryptojacking-steady-primary,steady,,0.58,0.5,0,10.0,285.8923448612875,94.06251199057053,58.83717585606422,2500.4241333175605,54.7333888053601,4597.177753676938,100.0,100.0,True,,synthetic_cryptojacking,sim_user,unregistered_hash_benchmark,gpu:1,cryptojacking
78.0,2026-01-01 00:01:18+00:00,,syn-attack-crypto-202,cryptojacking-steady-primary,steady,,0.58,0.5,0,10.0,285.4267008534819,95.42951961316457,53.43043465210273,2520.0,54.751620335417755,4213.216261061089,100.0,100.0,True,,synthetic_cryptojacking,sim_user,unregistered_hash_benchmark,gpu:1,cryptojacking
78.1,2026-01-01 00:01:18.100000+00:00,,syn-attack-crypto-202,cryptojacking-steady-primary,steady,,0.58,0.5,0,10.0,284.9795821455521,96.67808394068805,55.17498527519991,2520.0,55.03264210975779,4287.435525691036,100.0,100.0,True,,synthetic_cryptojacking,sim_user,unregistered_hash_benchmark,gpu:1,cryptojacking
78.2,2026-01-01 00:01:18.200000+00:00,,syn-attack-crypto-202,cryptojacking-steady-primary,steady,,0.58,0.5,0,10.0,285.1715356785434,96.4319226596989,57.535499561838904,2520.0,54.6487149780406,4596.817232394429,100.0,100.0,True,,synthetic_cryptojacking,sim_user,unregistered_hash_benchmark,gpu:1,cryptojacking
78.3,2026-01-01 00:01:18.300000+00:00,,syn-attack-crypto-202,cryptojacking-steady-primary,steady,,0.58,0.5,0,10.0,284.4589619689239,94.48711510346527,55.159086801517915,2520.0,54.06377970658962,4398.672466522373,100.0,100.0,True,,synthetic_cryptojacking,sim_user,unregistered_hash_benchmark,gpu:1,cryptojacking
78.4,2026-01-01 00:01:18.400000+00:00,,syn-attack-crypto-202,cryptojacking-steady-primary,steady,,0.58,0.5,0,10.0,284.4799390756855,94.59414740020772,49.447010420400254,2520.0,53.94898544974582,3790.240932879149,100.0,100.0,True,,synthetic_cryptojacking,sim_user,unregistered_hash_benchmark,gpu:1,cryptojacking
78.5,2026-01-01 00:01:18.500000+00:00,,syn-attack-crypto-202,cryptojacking-steady-primary,steady,,0.58,0.5,0,10.0,284.8236866131965,95.64974652643517,52.606392182270106,2520.0,54.42822946458276,4159.2424027895095,100.0,100.0,True,,synthetic_cryptojacking,sim_user,unregistered_hash_benchmark,gpu:1,cryptojacking
78.6,2026-01-01 00:01:18.600000+00:00,,syn-attack-crypto-202,cryptojacking-steady-primary,steady,,0.58,0.5,0,10.0,284.111954822804,96.98741289725746,49.50641441933821,2520.0,55.15296097911207,3935.3019286889917,100.0,100.0,True,,synthetic_cryptojacking,sim_user,unregistered_hash_benchmark,gpu:1,cryptojacking
78.7,2026-01-01 00:01:18.700000+00:00,,syn-attack-crypto-202,cryptojacking-steady-primary,steady,,0.58,0.5,0,10.0,284.0881686256356,97.33455517848698,55.582957986370644,2520.0,55.12185900596719,4481.6466620010915,100.0,100.0,True,,synthetic_cryptojacking,sim_user,unregistered_hash_benchmark,gpu:1,cryptojacking
78.8,2026-01-01 00:01:18.800000+00:00,,syn-attack-crypto-202,cryptojacking-steady-primary,steady,,0.58,0.5,0,10.0,284.05745875421786,96.26654589130546,50.63666976316127,2520.0,54.5392415709271,4009.353846077227,100.0,100.0,True,,synthetic_cryptojacking,sim_user,unregistered_hash_benchmark,gpu:1,cryptojacking
78.9,2026-01-01 00:01:18.900000+00:00,,syn-attack-crypto-202,cryptojacking-steady-primary,steady,,0.58,0.5,0,10.0,284.2348998767697,95.70992088930508,49.43332301088777,2520.0,54.45195594480093,3935.2743701871273,100.0,100.0,True,,synthetic_cryptojacking,sim_user,unregistered_hash_benchmark,gpu:1,cryptojacking
79.0,2026-01-01 00:01:19+00:00,,syn-attack-crypto-202,cryptojacking-steady-primary,steady,,0.58,0.5,0,10.0,285.05089004576837,95.06948555570656,55.293344048199884,2520.0,54.17514833135584,4207.99182876591,100.0,100.0,True,,synthetic_cryptojacking,sim_user,unregistered_hash_benchmark,gpu:1,cryptojacking
79.1,2026-01-01 00:01:19.100000+00:00,,syn-attack-crypto-202,cryptojacking-steady-primary,steady,,0.58,0.5,0,10.0,285.6330282551248,95.87145854106673,49.738856432666594,2520.0,54.3861082150826,3870.583865836937,100.0,100.0,True,,synthetic_cryptojacking,sim_user,unregistered_hash_benchmark,gpu:1,cryptojacking
79.2,2026-01-01 00:01:19.200000+00:00,,syn-attack-crypto-202,cryptojacking-steady-primary,steady,,0.58,0.5,0,10.0,285.9844509079285,98.37630050841729,57.798195477774684,2520.0,55.059597944944336,4545.908102818326,100.0,100.0,True,,synthetic_cryptojacking,sim_user,unregistered_hash_benchmark,gpu:1,cryptojacking
79.3,2026-01-01 00:01:19.300000+00:00,,syn-attack-crypto-202,cryptojacking-steady-primary,steady,,0.58,0.5,0,10.0,284.789169908629,97.3513345233964,51.77052744222088,2520.0,54.749868587917874,3874.686103052847,100.0,100.0,True,,synthetic_cryptojacking,sim_user,unregistered_hash_benchmark,gpu:1,cryptojacking
79.4,2026-01-01 00:01:19.400000+00:00,,syn-attack-crypto-202,cryptojacking-steady-primary,steady,,0.58,0.5,0,10.0,285.1507253264411,96.81895877065936,56.626199357976404,2520.0,54.513463376533316,4472.914172069659,100.0,100.0,True,,synthetic_cryptojacking,sim_user,unregistered_hash_benchmark,gpu:1,cryptojacking
79.5,2026-01-01 00:01:19.500000+00:00,,syn-attack-crypto-202,cryptojacking-steady-primary,steady,,0.58,0.5,0,10.0,285.2187257794426,94.56529786649644,52.45612150695627,2520.0,53.59607401237784,4157.78035718748,100.0,100.0,True,,synthetic_cryptojacking,sim_user,unregistered_hash_benchmark,gpu:1,cryptojacking
79.6,2026-01-01 00:01:19.600000+00:00,,syn-attack-crypto-202,cryptojacking-steady-primary,steady,,0.58,0.5,0,10.0,285.40375469441597,94.8923920799435,45.926607481245526,2520.0,53.72937363592109,3555.429743228787,100.0,100.0,True,,synthetic_cryptojacking,sim_user,unregistered_hash_benchmark,gpu:1,cryptojacking
79.7,2026-01-01 00:01:19.700000+00:00,,syn-attack-crypto-202,cryptojacking-steady-primary,steady,,0.58,0.5,0,10.0,286.3551203661165,94.89613066311762,48.146890655479446,2520.0,53.840625137704656,3896.987241543967,100.0,100.0,True,,synthetic_cryptojacking,sim_user,unregistered_hash_benchmark,gpu:1,cryptojacking
79.8,2026-01-01 00:01:19.800000+00:00,,syn-attack-crypto-202,cryptojacking-steady-primary,steady,,0.58,0.5,0,10.0,286.9359215119955,96.27064712267207,54.72756168719628,2520.0,54.115263375436115,4207.776716563429,100.0,100.0,True,,synthetic_cryptojacking,sim_user,unregistered_hash_benchmark,gpu:1,cryptojacking
79.9,2026-01-01 00:01:19.900000+00:00,,syn-attack-crypto-202,cryptojacking-steady-primary,steady,,0.58,0.5,0,10.0,286.396355652895,95.91265777732872,52.003513178930326,2520.0,54.2180405629567,3802.8924354531564,100.0,100.0,True,,synthetic_cryptojacking,sim_user,unregistered_hash_benchmark,gpu:1,cryptojacking
80.0,2026-01-01 00:01:20+00:00,,syn-attack-crypto-202,cryptojacking-steady-primary,steady,,0.58,0.5,0,10.0,286.58389360823793,94.74360221707376,56.082561228348666,2520.0,54.188324666502595,4552.260413722111,100.0,100.0,True,,synthetic_cryptojacking,sim_user,unregistered_hash_benchmark,gpu:1,cryptojacking
80.1,2026-01-01 00:01:20.100000+00:00,,syn-attack-crypto-202,cryptojacking-steady-primary,steady,,0.58,0.5,0,10.0,285.991047745765,94.3475040260746,60.01907044923881,2520.0,54.12414266367207,4764.919279564541,100.0,100.0,True,,synthetic_cryptojacking,sim_user,unregistered_hash_benchmark,gpu:1,cryptojacking
80.2,2026-01-01 00:01:20.200000+00:00,,syn-attack-crypto-202,cryptojacking-steady-primary,steady,,0.58,0.5,0,10.0,285.103530759928,95.46384812064203,52.60719004610555,2520.0,54.30898581369432,4157.575980320451,100.0,100.0,True,,synthetic_cryptojacking,sim_user,unregistered_hash_benchmark,gpu:1,cryptojacking
80.3,2026-01-01 00:01:20.300000+00:00,,syn-attack-crypto-202,cryptojacking-steady-primary,steady,,0.58,0.5,0,10.0,284.9714946043543,96.5609316880986,46.281269832763805,2520.0,54.46654869505061,3788.591596903376,100.0,100.0,True,,synthetic_cryptojacking,sim_user,unregistered_hash_benchmark,gpu:1,cryptojacking
80.4,2026-01-01 00:01:20.400000+00:00,,syn-attack-crypto-202,cryptojacking-steady-primary,steady,,0.58,0.5,0,10.0,285.9456932635696,96.10714860569843,54.26791286423329,2520.0,54.46595599344721,4340.5916025362385,100.0,100.0,True,,synthetic_cryptojacking,sim_user,unregistered_hash_benchmark,gpu:1,cryptojacking
80.5,2026-01-01 00:01:20.500000+00:00,,syn-attack-crypto-202,cryptojacking-steady-primary,steady,,0.58,0.5,0,10.0,285.23565144808583,95.18709207514127,56.32707666185483,2520.0,54.23196470661178,4520.96812035188,100.0,100.0,True,,synthetic_cryptojacking,sim_user,unregistered_hash_benchmark,gpu:1,cryptojacking
80.6,2026-01-01 00:01:20.600000+00:00,,syn-attack-crypto-202,cryptojacking-steady-primary,steady,,0.58,0.5,0,10.0,285.1619518127606,96.53923915194056,55.17004366571606,2520.0,54.422528068467656,4341.861072182257,100.0,100.0,True,,synthetic_cryptojacking,sim_user,unregistered_hash_benchmark,gpu:1,cryptojacking
80.7,2026-01-01 00:01:20.700000+00:00,,syn-attack-crypto-202,cryptojacking-steady-primary,steady,,0.58,0.5,0,10.0,285.84134528751184,93.65818664065979,53.619812400604715,2519.258477024092,53.685030895541395,4176.1519942825435,100.0,100.0,True,,synthetic_cryptojacking,sim_user,unregistered_hash_benchmark,gpu:1,cryptojacking
80.8,2026-01-01 00:01:20.800000+00:00,,syn-attack-crypto-202,cryptojacking-steady-primary,steady,,0.58,0.5,0,10.0,284.80268832996865,95.44239771354623,53.55838761695018,2520.0,53.96814790189698,4322.7189402414115,100.0,100.0,True,,synthetic_cryptojacking,sim_user,unregistered_hash_benchmark,gpu:1,cryptojacking
80.9,2026-01-01 00:01:20.900000+00:00,,syn-attack-crypto-202,cryptojacking-steady-primary,steady,,0.58,0.5,0,10.0,284.1615560730452,97.48110021963954,50.64513133044396,2520.0,54.283837070320786,3882.714540834642,100.0,100.0,True,,synthetic_cryptojacking,sim_user,unregistered_hash_benchmark,gpu:1,cryptojacking
81.0,2026-01-01 00:01:21+00:00,,syn-attack-crypto-202,cryptojacking-steady-primary,steady,,0.58,0.5,0,10.0,284.9435707379803,95.3852903095533,53.36379507867136,2520.0,53.77801732350094,4018.1231433885896,100.0,100.0,True,,synthetic_cryptojacking,sim_user,unregistered_hash_benchmark,gpu:1,cryptojacking
81.1,2026-01-01 00:01:21.100000+00:00,,syn-attack-crypto-202,cryptojacking-steady-primary,steady,,0.58,0.5,0,10.0,284.49127661167483,94.50979230293532,50.73692218581061,2520.0,53.80727852540932,3885.185595926923,100.0,100.0,True,,synthetic_cryptojacking,sim_user,unregistered_hash_benchmark,gpu:1,cryptojacking
81.2,2026-01-01 00:01:21.200000+00:00,,syn-attack-crypto-202,cryptojacking-steady-primary,steady,,0.58,0.5,0,10.0,284.5994002616586,94.97426967962902,52.55364208332837,2520.0,54.01777260456161,3920.587484223145,100.0,100.0,True,,synthetic_cryptojacking,sim_user,unregistered_hash_benchmark,gpu:1,cryptojacking
81.3,2026-01-01 00:01:21.300000+00:00,,syn-attack-crypto-202,cryptojacking-steady-primary,steady,,0.58,0.5,0,10.0,284.53374069953844,95.21159800091118,51.30653431120496,2520.0,54.00111782330964,4272.180391844522,100.0,100.0,True,,synthetic_cryptojacking,sim_user,unregistered_hash_benchmark,gpu:1,cryptojacking
81.4,2026-01-01 00:01:21.400000+00:00,,syn-attack-crypto-202,cryptojacking-steady-primary,steady,,0.58,0.5,0,10.0,284.6782992418058,93.51514285543867,53.17903417589548,2520.0,53.49727614142332,4151.707076206421,100.0,100.0,True,,synthetic_cryptojacking,sim_user,unregistered_hash_benchmark,gpu:1,cryptojacking
81.5,2026-01-01 00:01:21.500000+00:00,,syn-attack-crypto-202,cryptojacking-steady-primary,steady,,0.58,0.5,0,10.0,282.96174416874896,94.19929364976137,46.97022466221081,2520.0,54.141576843706495,3646.8946168619327,100.0,100.0,True,,synthetic_cryptojacking,sim_user,unregistered_hash_benchmark,gpu:1,cryptojacking
81.6,2026-01-01 00:01:21.600000+00:00,,syn-attack-crypto-202,cryptojacking-steady-primary,steady,,0.58,0.5,0,10.0,282.8974804222124,93.80853701551324,54.9203145881973,2520.0,54.03621781065363,4294.106370829979,100.0,100.0,True,,synthetic_cryptojacking,sim_user,unregistered_hash_benchmark,gpu:1,cryptojacking
81.7,2026-01-01 00:01:21.700000+00:00,,syn-attack-crypto-202,cryptojacking-steady-primary,steady,,0.58,0.5,0,10.0,282.4913091689413,93.36065942813194,59.400487395432144,2475.7135960558753,53.72629760186242,4539.310715375499,100.0,100.0,True,,synthetic_cryptojacking,sim_user,unregistered_hash_benchmark,gpu:1,cryptojacking
81.8,2026-01-01 00:01:21.800000+00:00,,syn-attack-crypto-202,cryptojacking-steady-primary,steady,,0.58,0.5,0,10.0,282.463306145423,95.67807459592548,45.59056954962103,2520.0,54.40754951098256,3625.2764287608657,100.0,100.0,True,,synthetic_cryptojacking,sim_user,unregistered_hash_benchmark,gpu:1,cryptojacking
81.9,2026-01-01 00:01:21.900000+00:00,,syn-attack-crypto-202,cryptojacking-steady-primary,steady,,0.58,0.5,0,10.0,283.73989212612315,96.7768428647898,48.65036858920766,2520.0,54.81714101363877,3869.0240512288988,100.0,100.0,True,,synthetic_cryptojacking,sim_user,unregistered_hash_benchmark,gpu:1,cryptojacking
82.0,2026-01-01 00:01:22+00:00,,syn-attack-crypto-202,cryptojacking-steady-primary,steady,,0.58,0.5,0,10.0,284.8365340931108,95.24398749437134,56.29644838297507,2520.0,54.14454970745569,4396.348225665687,100.0,100.0,True,,synthetic_cryptojacking,sim_user,unregistered_hash_benchmark,gpu:1,cryptojacking
82.1,2026-01-01 00:01:22.100000+00:00,,syn-attack-crypto-202,cryptojacking-steady-primary,steady,,0.58,0.5,0,10.0,283.5370834166425,94.87605981475797,49.10352999504622,2520.0,53.97441667172194,3935.174387784031,100.0,100.0,True,,synthetic_cryptojacking,sim_user,unregistered_hash_benchmark,gpu:1,cryptojacking
82.2,2026-01-01 00:01:22.200000+00:00,,syn-attack-crypto-202,cryptojacking-steady-primary,steady,,0.58,0.5,0,10.0,283.8234635133175,96.07075536958213,52.54693999232323,2520.0,54.46644714655504,4262.756052248562,100.0,100.0,True,,synthetic_cryptojacking,sim_user,unregistered_hash_benchmark,gpu:1,cryptojacking
82.3,2026-01-01 00:01:22.300000+00:00,,syn-attack-crypto-202,cryptojacking-steady-primary,steady,,0.58,0.5,0,10.0,283.72693944637126,96.57807989216674,52.85793355356659,2520.0,54.88293957575876,4102.182885833459,100.0,100.0,True,,synthetic_cryptojacking,sim_user,unregistered_hash_benchmark,gpu:1,cryptojacking
82.4,2026-01-01 00:01:22.400000+00:00,,syn-attack-crypto-202,cryptojacking-steady-primary,steady,,0.58,0.5,0,10.0,284.5519479851382,95.1832881102294,52.56307904328312,2517.1072027060295,54.412309328458214,4088.2299142861525,100.0,100.0,True,,synthetic_cryptojacking,sim_user,unregistered_hash_benchmark,gpu:1,cryptojacking
82.5,2026-01-01 00:01:22.500000+00:00,,syn-attack-crypto-202,cryptojacking-steady-primary,steady,,0.58,0.5,0,10.0,284.66976530542036,95.65760215176688,39.25170214597547,2520.0,54.59066206715502,3274.691143687707,100.0,100.0,True,,synthetic_cryptojacking,sim_user,unregistered_hash_benchmark,gpu:1,cryptojacking
82.6,2026-01-01 00:01:22.600000+00:00,,syn-attack-crypto-202,cryptojacking-steady-primary,steady,,0.58,0.5,0,10.0,286.32128575693275,95.52445562928838,47.13354278142923,2520.0,54.669282162151106,4037.0018612613476,100.0,100.0,True,,synthetic_cryptojacking,sim_user,unregistered_hash_benchmark,gpu:1,cryptojacking
82.7,2026-01-01 00:01:22.700000+00:00,,syn-attack-crypto-202,cryptojacking-steady-primary,steady,,0.58,0.5,0,10.0,286.9586783923929,95.86248007455741,52.475676241885964,2520.0,55.029457345945865,4086.596383840011,100.0,100.0,True,,synthetic_cryptojacking,sim_user,unregistered_hash_benchmark,gpu:1,cryptojacking
82.8,2026-01-01 00:01:22.800000+00:00,,syn-attack-crypto-202,cryptojacking-steady-primary,steady,,0.58,0.5,0,10.0,287.1640813431538,96.35601269983424,60.80150508790744,2520.0,55.19133273813302,4845.849308944662,100.0,100.0,True,,synthetic_cryptojacking,sim_user,unregistered_hash_benchmark,gpu:1,cryptojacking
82.9,2026-01-01 00:01:22.900000+00:00,,syn-attack-crypto-202,cryptojacking-steady-primary,steady,,0.58,0.5,0,10.0,285.6230754755872,94.0167820857752,55.91081529919976,2520.0,54.80123645376199,4264.889162429011,100.0,100.0,True,,synthetic_cryptojacking,sim_user,unregistered_hash_benchmark,gpu:1,cryptojacking
83.0,2026-01-01 00:01:23+00:00,,syn-attack-crypto-202,cryptojacking-steady-primary,steady,,0.58,0.5,0,10.0,285.2315347643792,94.84698982338902,57.23939872592814,2520.0,55.148292034783694,4479.793242507553,100.0,100.0,True,,synthetic_cryptojacking,sim_user,unregistered_hash_benchmark,gpu:1,cryptojacking
83.1,2026-01-01 00:01:23.100000+00:00,,syn-attack-crypto-202,cryptojacking-steady-primary,steady,,0.58,0.5,0,10.0,284.37451127428847,97.18842691054496,45.93072410894954,2520.0,55.70972760355984,3712.6581355251215,100.0,100.0,True,,synthetic_cryptojacking,sim_user,unregistered_hash_benchmark,gpu:1,cryptojacking
83.2,2026-01-01 00:01:23.200000+00:00,,syn-attack-crypto-202,cryptojacking-steady-primary,steady,,0.58,0.5,0,10.0,285.37024832138303,95.74274000988763,52.10034895310797,2520.0,55.05703929194205,4202.296584391099,100.0,100.0,True,,synthetic_cryptojacking,sim_user,unregistered_hash_benchmark,gpu:1,cryptojacking
83.3,2026-01-01 00:01:23.300000+00:00,,syn-attack-crypto-202,cryptojacking-steady-primary,steady,,0.58,0.5,0,10.0,286.00885674958886,93.67911024092294,50.38212338243324,2520.0,54.400279485230094,4021.6763994887165,100.0,100.0,True,,synthetic_cryptojacking,sim_user,unregistered_hash_benchmark,gpu:1,cryptojacking
83.4,2026-01-01 00:01:23.400000+00:00,,syn-attack-crypto-202,cryptojacking-steady-primary,steady,,0.58,0.5,0,10.0,286.00495982583124,95.0254907026991,59.264084640508784,2520.0,54.76878375411557,4742.707703642136,100.0,100.0,True,,synthetic_cryptojacking,sim_user,unregistered_hash_benchmark,gpu:1,cryptojacking
83.5,2026-01-01 00:01:23.500000+00:00,,syn-attack-crypto-202,cryptojacking-steady-primary,steady,,0.58,0.5,0,10.0,284.54803002341606,97.21835053865757,54.71915579740152,2520.0,55.277938029904526,4281.949221193749,100.0,100.0,True,,synthetic_cryptojacking,sim_user,unregistered_hash_benchmark,gpu:1,cryptojacking
83.6,2026-01-01 00:01:23.600000+00:00,,syn-attack-crypto-202,cryptojacking-steady-primary,steady,,0.58,0.5,0,10.0,284.69912854862275,95.75448938569073,53.838370097942544,2520.0,54.81473745312054,4153.443000687332,100.0,100.0,True,,synthetic_cryptojacking,sim_user,unregistered_hash_benchmark,gpu:1,cryptojacking
83.7,2026-01-01 00:01:23.700000+00:00,,syn-attack-crypto-202,cryptojacking-steady-primary,steady,,0.58,0.5,0,10.0,284.01361924932814,95.50315796930188,52.73088426048625,2520.0,54.74929945965538,3986.222224847919,100.0,100.0,True,,synthetic_cryptojacking,sim_user,unregistered_hash_benchmark,gpu:1,cryptojacking
83.8,2026-01-01 00:01:23.800000+00:00,,syn-attack-crypto-202,cryptojacking-steady-primary,steady,,0.58,0.5,0,10.0,283.1230137204745,96.04061972529338,54.3811990164864,2520.0,54.99854525555375,4131.604939783898,100.0,100.0,True,,synthetic_cryptojacking,sim_user,unregistered_hash_benchmark,gpu:1,cryptojacking
83.9,2026-01-01 00:01:23.900000+00:00,,syn-attack-crypto-202,cryptojacking-steady-primary,steady,,0.58,0.5,0,10.0,283.587856974576,95.1565026317747,46.58092291588849,2520.0,54.75457580375124,3712.0759976633994,100.0,100.0,True,,synthetic_cryptojacking,sim_user,unregistered_hash_benchmark,gpu:1,cryptojacking
84.0,2026-01-01 00:01:24+00:00,,syn-attack-crypto-202,cryptojacking-steady-primary,steady,,0.58,0.5,0,10.0,285.1089321365572,97.14189132429193,54.18406712175365,2520.0,55.43036818017069,4189.225146072943,100.0,100.0,True,,synthetic_cryptojacking,sim_user,unregistered_hash_benchmark,gpu:1,cryptojacking
84.1,2026-01-01 00:01:24.100000+00:00,,syn-attack-crypto-202,cryptojacking-steady-primary,steady,,0.58,0.5,0,10.0,284.5514999951097,97.95455619592629,51.40675351802547,2520.0,55.603248486231706,4069.7043125751566,100.0,100.0,True,,synthetic_cryptojacking,sim_user,unregistered_hash_benchmark,gpu:1,cryptojacking
84.2,2026-01-01 00:01:24.200000+00:00,,syn-attack-crypto-202,cryptojacking-steady-primary,steady,,0.58,0.5,0,10.0,284.7628407269688,95.64633246536687,53.84505817853364,2520.0,55.242792541273516,4436.237790732006,100.0,100.0,True,,synthetic_cryptojacking,sim_user,unregistered_hash_benchmark,gpu:1,cryptojacking
84.3,2026-01-01 00:01:24.300000+00:00,,syn-attack-crypto-202,cryptojacking-steady-primary,steady,,0.58,0.5,0,10.0,285.72406971168357,94.47723047714207,57.024072878309255,2504.238143955471,54.846359555307544,4290.145155567422,100.0,100.0,True,,synthetic_cryptojacking,sim_user,unregistered_hash_benchmark,gpu:1,cryptojacking
84.4,2026-01-01 00:01:24.400000+00:00,,syn-attack-crypto-202,cryptojacking-steady-primary,steady,,0.58,0.5,0,10.0,284.5140811719298,95.27336048928125,51.22466808996317,2520.0,55.464758147844485,3969.5632996260842,100.0,100.0,True,,synthetic_cryptojacking,sim_user,unregistered_hash_benchmark,gpu:1,cryptojacking
84.5,2026-01-01 00:01:24.500000+00:00,,syn-attack-crypto-202,cryptojacking-steady-primary,steady,,0.58,0.5,0,10.0,284.24729032256676,96.0116798509496,46.985506410792944,2520.0,55.54479815605724,3862.460903797312,100.0,100.0,True,,synthetic_cryptojacking,sim_user,unregistered_hash_benchmark,gpu:1,cryptojacking
84.6,2026-01-01 00:01:24.600000+00:00,,syn-attack-crypto-202,cryptojacking-steady-primary,steady,,0.58,0.5,0,10.0,285.0545212676728,95.358374494815,55.025835995106874,2520.0,55.28939449568174,4318.07773891774,100.0,100.0,True,,synthetic_cryptojacking,sim_user,unregistered_hash_benchmark,gpu:1,cryptojacking
84.7,2026-01-01 00:01:24.700000+00:00,,syn-attack-crypto-202,cryptojacking-steady-primary,steady,,0.58,0.5,0,10.0,283.3836993167006,94.39781274629757,47.05971611248404,2520.0,55.05473317893327,3811.9698149655624,100.0,100.0,True,,synthetic_cryptojacking,sim_user,unregistered_hash_benchmark,gpu:1,cryptojacking
84.8,2026-01-01 00:01:24.800000+00:00,,syn-attack-crypto-202,cryptojacking-steady-primary,steady,,0.58,0.5,0,10.0,283.5296149398478,96.26270410134963,45.31130597920016,2520.0,55.57110705285044,3596.843962416183,100.0,100.0,True,,synthetic_cryptojacking,sim_user,unregistered_hash_benchmark,gpu:1,cryptojacking
84.9,2026-01-01 00:01:24.900000+00:00,,syn-attack-crypto-202,cryptojacking-steady-primary,steady,,0.58,0.5,0,10.0,284.8953366176674,96.6226708739908,58.7919477843638,2520.0,55.73162781224418,4636.976673561026,100.0,100.0,True,,synthetic_cryptojacking,sim_user,unregistered_hash_benchmark,gpu:1,cryptojacking
85.0,2026-01-01 00:01:25+00:00,,syn-attack-crypto-202,cryptojacking-steady-primary,steady,,0.58,0.5,0,10.0,284.61307865207624,96.85613247042546,60.901180752580345,2520.0,56.057491888134294,4823.151764909357,100.0,100.0,True,,synthetic_cryptojacking,sim_user,unregistered_hash_benchmark,gpu:1,cryptojacking
85.1,2026-01-01 00:01:25.100000+00:00,,syn-attack-crypto-202,cryptojacking-steady-primary,steady,,0.58,0.5,0,10.0,283.5631063090888,95.29089989204667,48.260618989280665,2520.0,55.18246529428184,3679.9722521078847,100.0,100.0,True,,synthetic_cryptojacking,sim_user,unregistered_hash_benchmark,gpu:1,cryptojacking
85.2,2026-01-01 00:01:25.200000+00:00,,syn-attack-crypto-202,cryptojacking-steady-primary,steady,,0.58,0.5,0,10.0,283.96352425637684,95.66796464363101,52.00892660462348,2520.0,55.27513742031229,4035.0679306035545,100.0,100.0,True,,synthetic_cryptojacking,sim_user,unregistered_hash_benchmark,gpu:1,cryptojacking
85.3,2026-01-01 00:01:25.300000+00:00,,syn-attack-crypto-202,cryptojacking-steady-primary,steady,,0.58,0.5,0,10.0,284.46272343034354,97.11259874508627,63.11031969786925,2520.0,55.48017281893717,4724.25004222521,100.0,100.0,True,,synthetic_cryptojacking,sim_user,unregistered_hash_benchmark,gpu:1,cryptojacking
85.4,2026-01-01 00:01:25.400000+00:00,,syn-attack-crypto-202,cryptojacking-steady-primary,steady,,0.58,0.5,0,10.0,283.6004601997345,95.74399291198938,47.07289306764199,2520.0,54.928310196280506,3696.9634799922856,100.0,100.0,True,,synthetic_cryptojacking,sim_user,unregistered_hash_benchmark,gpu:1,cryptojacking
85.5,2026-01-01 00:01:25.500000+00:00,,syn-attack-crypto-202,cryptojacking-steady-primary,steady,,0.58,0.5,0,10.0,284.82364233194477,96.86519223503375,49.7524160757325,2520.0,55.175261241802964,3792.917756644698,100.0,100.0,True,,synthetic_cryptojacking,sim_user,unregistered_hash_benchmark,gpu:1,cryptojacking
85.6,2026-01-01 00:01:25.600000+00:00,,syn-attack-crypto-202,cryptojacking-steady-primary,steady,,0.58,0.5,0,10.0,286.10636141111286,95.11646048943823,53.59676807889444,2520.0,54.31372064058994,4187.430766444041,100.0,100.0,True,,synthetic_cryptojacking,sim_user,unregistered_hash_benchmark,gpu:1,cryptojacking
85.7,2026-01-01 00:01:25.700000+00:00,,syn-attack-crypto-202,cryptojacking-steady-primary,steady,,0.58,0.5,0,10.0,285.97657577489514,96.49639152856282,40.94851219511273,2520.0,54.81739969356344,3392.6653145410514,100.0,100.0,True,,synthetic_cryptojacking,sim_user,unregistered_hash_benchmark,gpu:1,cryptojacking
85.8,2026-01-01 00:01:25.800000+00:00,,syn-attack-crypto-202,cryptojacking-steady-primary,steady,,0.58,0.5,0,10.0,288.2404689477014,97.98768721813849,50.31820455569239,2520.0,54.97255619978402,3917.4042623862174,100.0,100.0,True,,synthetic_cryptojacking,sim_user,unregistered_hash_benchmark,gpu:1,cryptojacking
85.9,2026-01-01 00:01:25.900000+00:00,,syn-attack-crypto-202,cryptojacking-steady-primary,steady,,0.58,0.5,0,10.0,289.0138870447917,93.04059103950212,55.55749455999638,2520.0,53.45952575421393,4336.313459077102,100.0,100.0,True,,synthetic_cryptojacking,sim_user,unregistered_hash_benchmark,gpu:1,cryptojacking
86.0,2026-01-01 00:01:26+00:00,,syn-attack-crypto-202,cryptojacking-steady-primary,steady,,0.58,0.5,0,10.0,288.32889840734117,95.60331895653935,55.74743413256334,2520.0,54.25613884739133,4332.523211492752,100.0,100.0,True,,synthetic_cryptojacking,sim_user,unregistered_hash_benchmark,gpu:1,cryptojacking
86.1,2026-01-01 00:01:26.100000+00:00,,syn-attack-crypto-202,cryptojacking-steady-primary,steady,,0.58,0.5,0,10.0,288.2247334997645,95.29611836877679,50.803416378384085,2520.0,54.16548326636419,3897.3808132456556,100.0,100.0,True,,synthetic_cryptojacking,sim_user,unregistered_hash_benchmark,gpu:1,cryptojacking
86.2,2026-01-01 00:01:26.200000+00:00,,syn-attack-crypto-202,cryptojacking-steady-primary,steady,,0.58,0.5,0,10.0,288.08580231575866,97.2178035993007,52.844093964405154,2520.0,54.48124483476301,3947.707916935761,100.0,100.0,True,,synthetic_cryptojacking,sim_user,unregistered_hash_benchmark,gpu:1,cryptojacking
86.3,2026-01-01 00:01:26.300000+00:00,,syn-attack-crypto-202,cryptojacking-steady-primary,steady,,0.58,0.5,0,10.0,288.4318168134809,95.76429952341691,56.45486351941261,2520.0,54.267820101336156,4368.3840359177175,100.0,100.0,True,,synthetic_cryptojacking,sim_user,unregistered_hash_benchmark,gpu:1,cryptojacking
86.4,2026-01-01 00:01:26.400000+00:00,,syn-attack-crypto-202,cryptojacking-steady-primary,steady,,0.58,0.5,0,10.0,288.24657097911785,95.55541734047866,54.665953495975536,2520.0,54.35313747669388,4332.2436760751725,100.0,100.0,True,,synthetic_cryptojacking,sim_user,unregistered_hash_benchmark,gpu:1,cryptojacking
86.5,2026-01-01 00:01:26.500000+00:00,,syn-attack-crypto-202,cryptojacking-steady-primary,steady,,0.58,0.5,0,10.0,288.0683174818123,96.72383165198804,58.375807138091616,2520.0,54.73651877526569,4663.854192383549,100.0,100.0,True,,synthetic_cryptojacking,sim_user,unregistered_hash_benchmark,gpu:1,cryptojacking
86.6,2026-01-01 00:01:26.600000+00:00,,syn-attack-crypto-202,cryptojacking-steady-primary,steady,,0.58,0.5,0,10.0,288.2413685076477,95.93615395638734,60.529372919155875,2520.0,54.240857393240724,4616.928846284027,100.0,100.0,True,,synthetic_cryptojacking,sim_user,unregistered_hash_benchmark,gpu:1,cryptojacking
86.7,2026-01-01 00:01:26.700000+00:00,,syn-attack-crypto-202,cryptojacking-steady-primary,steady,,0.58,0.5,0,10.0,286.89475113872027,95.62979789595386,52.736990053762156,2520.0,54.22798037170996,4260.575830706573,100.0,100.0,True,,synthetic_cryptojacking,sim_user,unregistered_hash_benchmark,gpu:1,cryptojacking
86.8,2026-01-01 00:01:26.800000+00:00,,syn-attack-crypto-202,cryptojacking-steady-primary,steady,,0.58,0.5,0,10.0,287.2188635963317,96.79176841833703,61.03322940518381,2520.0,54.6226943663808,5024.978542112584,100.0,100.0,True,,synthetic_cryptojacking,sim_user,unregistered_hash_benchmark,gpu:1,cryptojacking
86.9,2026-01-01 00:01:26.900000+00:00,,syn-attack-crypto-202,cryptojacking-steady-primary,steady,,0.58,0.5,0,10.0,286.22139548616246,94.71333654271608,55.32339093860466,2491.517318886714,54.357772975562625,4306.707520446691,100.0,100.0,True,,synthetic_cryptojacking,sim_user,unregistered_hash_benchmark,gpu:1,cryptojacking
87.0,2026-01-01 00:01:27+00:00,,syn-attack-crypto-202,cryptojacking-steady-primary,steady,,0.58,0.5,0,10.0,286.1049036024424,95.97102523507041,51.141333357994185,2520.0,54.80479268557793,3808.2390288246243,100.0,100.0,True,,synthetic_cryptojacking,sim_user,unregistered_hash_benchmark,gpu:1,cryptojacking
87.1,2026-01-01 00:01:27.100000+00:00,,syn-attack-crypto-202,cryptojacking-steady-primary,steady,,0.58,0.5,0,10.0,286.63647100589606,97.85039351605397,56.06667395362204,2520.0,55.63969617297157,4443.06227295127,100.0,100.0,True,,synthetic_cryptojacking,sim_user,unregistered_hash_benchmark,gpu:1,cryptojacking
87.2,2026-01-01 00:01:27.200000+00:00,,syn-attack-crypto-202,cryptojacking-steady-primary,steady,,0.58,0.5,0,10.0,287.1326520665277,96.02082404256991,49.97941007971871,2520.0,55.1274778878218,3832.3220700737147,100.0,100.0,True,,synthetic_cryptojacking,sim_user,unregistered_hash_benchmark,gpu:1,cryptojacking
87.3,2026-01-01 00:01:27.300000+00:00,,syn-attack-crypto-202,cryptojacking-steady-primary,steady,,0.58,0.5,0,10.0,287.5994488029645,95.02966256453078,54.68554397523744,2520.0,54.81407573905169,4364.082580073067,100.0,100.0,True,,synthetic_cryptojacking,sim_user,unregistered_hash_benchmark,gpu:1,cryptojacking
87.4,2026-01-01 00:01:27.400000+00:00,,syn-attack-crypto-202,cryptojacking-steady-primary,steady,,0.58,0.5,0,10.0,287.8933489562548,97.16628795553443,55.595793814682494,2520.0,55.543047939458305,4391.08200255379,100.0,100.0,True,,synthetic_cryptojacking,sim_user,unregistered_hash_benchmark,gpu:1,cryptojacking
87.5,2026-01-01 00:01:27.500000+00:00,,syn-attack-crypto-202,cryptojacking-steady-primary,steady,,0.58,0.5,0,10.0,288.110060467457,96.1451513466371,53.42167642307395,2520.0,55.448156030173955,4235.5738050861355,100.0,100.0,True,,synthetic_cryptojacking,sim_user,unregistered_hash_benchmark,gpu:1,cryptojacking
87.6,2026-01-01 00:01:27.600000+00:00,,syn-attack-crypto-202,cryptojacking-steady-primary,steady,,0.58,0.5,0,10.0,288.6208722320222,93.6268366307809,58.195308903778916,2520.0,54.803292798211395,4593.707880575359,100.0,100.0,True,,synthetic_cryptojacking,sim_user,unregistered_hash_benchmark,gpu:1,cryptojacking
87.7,2026-01-01 00:01:27.700000+00:00,,syn-attack-crypto-202,cryptojacking-steady-primary,steady,,0.58,0.5,0,10.0,288.2295908562146,96.21810337985583,48.83421225550222,2520.0,55.441493040574755,3874.381004393299,100.0,100.0,True,,synthetic_cryptojacking,sim_user,unregistered_hash_benchmark,gpu:1,cryptojacking
87.8,2026-01-01 00:01:27.800000+00:00,,syn-attack-crypto-202,cryptojacking-steady-primary,steady,,0.58,0.5,0,10.0,288.28437357304966,96.26817927210696,55.940289437626966,2520.0,55.1898055595486,4361.019466541797,100.0,100.0,True,,synthetic_cryptojacking,sim_user,unregistered_hash_benchmark,gpu:1,cryptojacking
87.9,2026-01-01 00:01:27.900000+00:00,,syn-attack-crypto-202,cryptojacking-steady-primary,steady,,0.58,0.5,0,10.0,288.74955060031203,94.83873695398177,51.18134273029924,2520.0,54.868874272363946,3995.3385998003127,100.0,100.0,True,,synthetic_cryptojacking,sim_user,unregistered_hash_benchmark,gpu:1,cryptojacking
88.0,2026-01-01 00:01:28+00:00,,syn-attack-crypto-202,cryptojacking-steady-primary,steady,,0.58,0.5,0,10.0,289.131930342906,96.71255025502663,55.397829903638616,2520.0,55.37113478959155,4356.967472093716,100.0,100.0,True,,synthetic_cryptojacking,sim_user,unregistered_hash_benchmark,gpu:1,cryptojacking
88.1,2026-01-01 00:01:28.100000+00:00,,syn-attack-crypto-202,cryptojacking-steady-primary,steady,,0.58,0.5,0,10.0,289.41245519486665,96.12088691912722,55.90155043461769,2520.0,55.096344354612036,4372.171477732,100.0,100.0,True,,synthetic_cryptojacking,sim_user,unregistered_hash_benchmark,gpu:1,cryptojacking
88.2,2026-01-01 00:01:28.200000+00:00,,syn-attack-crypto-202,cryptojacking-steady-primary,steady,,0.58,0.5,0,10.0,288.9678664973478,96.2231473349263,59.53808188756079,2520.0,54.94849939016433,4390.5590876679435,100.0,100.0,True,,synthetic_cryptojacking,sim_user,unregistered_hash_benchmark,gpu:1,cryptojacking
88.3,2026-01-01 00:01:28.300000+00:00,,syn-attack-crypto-202,cryptojacking-steady-primary,steady,,0.58,0.5,0,10.0,288.11276116644234,97.0986145768009,54.680006154189165,2520.0,55.32570468822951,4283.041450233884,100.0,100.0,True,,synthetic_cryptojacking,sim_user,unregistered_hash_benchmark,gpu:1,cryptojacking
88.4,2026-01-01 00:01:28.400000+00:00,,syn-attack-crypto-202,cryptojacking-steady-primary,steady,,0.58,0.5,0,10.0,288.14497024686295,96.36458498549511,58.00607265572245,2520.0,55.263665283754065,4680.130740965692,100.0,100.0,True,,synthetic_cryptojacking,sim_user,unregistered_hash_benchmark,gpu:1,cryptojacking
88.5,2026-01-01 00:01:28.500000+00:00,,syn-attack-crypto-202,cryptojacking-steady-primary,steady,,0.58,0.5,0,10.0,287.436223541576,94.8982145458655,56.25541473794409,2520.0,54.86473402449895,4237.674038687246,100.0,100.0,True,,synthetic_cryptojacking,sim_user,unregistered_hash_benchmark,gpu:1,cryptojacking
88.6,2026-01-01 00:01:28.600000+00:00,,syn-attack-crypto-202,cryptojacking-steady-primary,steady,,0.58,0.5,0,10.0,287.16108929095833,95.98615530439423,57.8293721280139,2520.0,55.09852590309342,4441.11522612979,100.0,100.0,True,,synthetic_cryptojacking,sim_user,unregistered_hash_benchmark,gpu:1,cryptojacking
88.7,2026-01-01 00:01:28.700000+00:00,,syn-attack-crypto-202,cryptojacking-steady-primary,steady,,0.58,0.5,0,10.0,287.0088554302837,95.45420731105695,55.757086670823895,2520.0,55.02860751767396,4255.582749098417,100.0,100.0,True,,synthetic_cryptojacking,sim_user,unregistered_hash_benchmark,gpu:1,cryptojacking
88.8,2026-01-01 00:01:28.800000+00:00,,syn-attack-crypto-202,cryptojacking-steady-primary,steady,,0.58,0.5,0,10.0,286.9657438704596,96.1597666234267,49.28421494761499,2520.0,55.14938914636357,3983.8054701431984,100.0,100.0,True,,synthetic_cryptojacking,sim_user,unregistered_hash_benchmark,gpu:1,cryptojacking
88.9,2026-01-01 00:01:28.900000+00:00,,syn-attack-crypto-202,cryptojacking-steady-primary,steady,,0.58,0.5,0,10.0,287.93110464393015,95.66641635115631,59.7028776710126,2520.0,54.70953056952172,4577.364189403457,100.0,100.0,True,,synthetic_cryptojacking,sim_user,unregistered_hash_benchmark,gpu:1,cryptojacking
89.0,2026-01-01 00:01:29+00:00,,syn-attack-crypto-202,cryptojacking-steady-primary,steady,,0.58,0.5,0,10.0,286.4572935357477,94.6115679639479,54.4213415206075,2520.0,54.40359539433414,4269.324506663714,100.0,100.0,True,,synthetic_cryptojacking,sim_user,unregistered_hash_benchmark,gpu:1,cryptojacking
89.1,2026-01-01 00:01:29.100000+00:00,,syn-attack-crypto-202,cryptojacking-steady-primary,steady,,0.58,0.5,0,10.0,285.75659220834694,96.50012734083666,57.749615998087855,2520.0,54.89385348229405,4428.462263311151,100.0,100.0,True,,synthetic_cryptojacking,sim_user,unregistered_hash_benchmark,gpu:1,cryptojacking
89.2,2026-01-01 00:01:29.200000+00:00,,syn-attack-crypto-202,cryptojacking-steady-primary,steady,,0.58,0.5,0,10.0,285.2231822543842,95.53377476446035,51.666258211385355,2520.0,54.20888925001715,4144.995561762755,100.0,100.0,True,,synthetic_cryptojacking,sim_user,unregistered_hash_benchmark,gpu:1,cryptojacking
89.3,2026-01-01 00:01:29.300000+00:00,,syn-attack-crypto-202,cryptojacking-steady-primary,steady,,0.58,0.5,0,10.0,285.7632775923999,97.46502433376438,52.69618732495379,2520.0,54.57943457219263,4237.81585853634,100.0,100.0,True,,synthetic_cryptojacking,sim_user,unregistered_hash_benchmark,gpu:1,cryptojacking
89.4,2026-01-01 00:01:29.400000+00:00,,syn-attack-crypto-202,cryptojacking-steady-primary,steady,,0.58,0.5,0,10.0,286.4273062890424,94.10081013972324,53.31465362149746,2520.0,53.67817085254401,4188.165558875468,100.0,100.0,True,,synthetic_cryptojacking,sim_user,unregistered_hash_benchmark,gpu:1,cryptojacking
89.5,2026-01-01 00:01:29.500000+00:00,,syn-attack-crypto-202,cryptojacking-steady-primary,steady,,0.58,0.5,0,10.0,286.47323401002285,96.89157491296866,52.05894610930776,2520.0,54.66884753424225,4137.58216298272,100.0,100.0,True,,synthetic_cryptojacking,sim_user,unregistered_hash_benchmark,gpu:1,cryptojacking
89.6,2026-01-01 00:01:29.600000+00:00,,syn-attack-crypto-202,cryptojacking-steady-primary,steady,,0.58,0.5,0,10.0,287.60462505214815,97.17638853579047,55.08722902696758,2520.0,54.76407950092226,4388.890953675416,100.0,100.0,True,,synthetic_cryptojacking,sim_user,unregistered_hash_benchmark,gpu:1,cryptojacking
89.7,2026-01-01 00:01:29.700000+00:00,,syn-attack-crypto-202,cryptojacking-steady-primary,steady,,0.58,0.5,0,10.0,286.98591787202395,95.0324852193884,55.96519560732374,2520.0,54.13790359127185,4468.22065088886,100.0,100.0,True,,synthetic_cryptojacking,sim_user,unregistered_hash_benchmark,gpu:1,cryptojacking
89.8,2026-01-01 00:01:29.800000+00:00,,syn-attack-crypto-202,cryptojacking-steady-primary,steady,,0.58,0.5,0,10.0,286.92510476131577,96.34397843382855,55.8670790618966,2520.0,54.611153971161535,4343.423077741028,100.0,100.0,True,,synthetic_cryptojacking,sim_user,unregistered_hash_benchmark,gpu:1,cryptojacking
89.9,2026-01-01 00:01:29.900000+00:00,,syn-attack-crypto-202,cryptojacking-steady-primary,steady,,0.58,0.5,0,10.0,286.46272706066185,94.7774697418013,57.01912646926137,2520.0,54.339775111885665,4396.461874158331,100.0,100.0,True,,synthetic_cryptojacking,sim_user,unregistered_hash_benchmark,gpu:1,cryptojacking
90.0,2026-01-01 00:01:30+00:00,,syn-attack-crypto-202,cryptojacking-steady-primary,steady,,0.58,0.5,0,10.0,285.2973064219882,94.49797984555772,46.09069984092797,2520.0,54.37369267311349,3555.648022068233,100.0,100.0,True,,synthetic_cryptojacking,sim_user,unregistered_hash_benchmark,gpu:1,cryptojacking
90.1,2026-01-01 00:01:30.100000+00:00,,syn-attack-crypto-202,cryptojacking-steady-primary,steady,,0.58,0.5,0,10.0,285.8281778282816,96.52867268984093,49.30957743872185,2520.0,55.14353394120723,4010.3018984563914,100.0,100.0,True,,synthetic_cryptojacking,sim_user,unregistered_hash_benchmark,gpu:1,cryptojacking
90.2,2026-01-01 00:01:30.200000+00:00,,syn-attack-crypto-202,cryptojacking-steady-primary,steady,,0.58,0.5,0,10.0,285.9239510984675,98.07235844603133,53.92033551107305,2520.0,55.479527721273435,4292.694895120201,100.0,100.0,True,,synthetic_cryptojacking,sim_user,unregistered_hash_benchmark,gpu:1,cryptojacking
90.3,2026-01-01 00:01:30.300000+00:00,,syn-attack-crypto-202,cryptojacking-steady-primary,steady,,0.58,0.5,0,10.0,285.077394176641,96.97131612299508,57.209744933117406,2520.0,55.01331167339919,4291.87150127948,100.0,100.0,True,,synthetic_cryptojacking,sim_user,unregistered_hash_benchmark,gpu:1,cryptojacking
90.4,2026-01-01 00:01:30.400000+00:00,,syn-attack-crypto-202,cryptojacking-steady-primary,steady,,0.58,0.5,0,10.0,284.41737665766794,95.57232405959545,57.49865470461529,2520.0,54.475213717350755,4448.567163068496,100.0,100.0,True,,synthetic_cryptojacking,sim_user,unregistered_hash_benchmark,gpu:1,cryptojacking
90.5,2026-01-01 00:01:30.500000+00:00,,syn-attack-crypto-202,cryptojacking-steady-primary,steady,,0.58,0.5,0,10.0,283.8734135629164,96.04852525248941,54.790060878146484,2520.0,54.68540990061385,4411.384148178716,100.0,100.0,True,,synthetic_cryptojacking,sim_user,unregistered_hash_benchmark,gpu:1,cryptojacking
90.6,2026-01-01 00:01:30.600000+00:00,,syn-attack-crypto-202,cryptojacking-steady-primary,steady,,0.58,0.5,0,10.0,283.51591065572717,96.47102016741918,61.78388216995829,2520.0,54.89897779332464,4823.243966122193,100.0,100.0,True,,synthetic_cryptojacking,sim_user,unregistered_hash_benchmark,gpu:1,cryptojacking
90.7,2026-01-01 00:01:30.700000+00:00,,syn-attack-crypto-202,cryptojacking-steady-primary,steady,,0.58,0.5,0,10.0,283.215988726434,96.53401147699947,49.289298459539616,2520.0,54.928041117478635,3832.050297567386,100.0,100.0,True,,synthetic_cryptojacking,sim_user,unregistered_hash_benchmark,gpu:1,cryptojacking
90.8,2026-01-01 00:01:30.800000+00:00,,syn-attack-crypto-202,cryptojacking-steady-primary,steady,,0.58,0.5,0,10.0,283.1325355313165,96.59164754616945,56.287579512821175,2520.0,54.881371389523906,4369.293153380916,100.0,100.0,True,,synthetic_cryptojacking,sim_user,unregistered_hash_benchmark,gpu:1,cryptojacking
90.9,2026-01-01 00:01:30.900000+00:00,,syn-attack-crypto-202,cryptojacking-steady-primary,steady,,0.58,0.5,0,10.0,283.3534262124457,97.34047598013589,52.34622894661099,2520.0,55.11846553351539,4139.424500575874,100.0,100.0,True,,synthetic_cryptojacking,sim_user,unregistered_hash_benchmark,gpu:1,cryptojacking
91.0,2026-01-01 00:01:31+00:00,,syn-attack-crypto-202,cryptojacking-steady-primary,steady,,0.58,0.5,0,10.0,283.5263248018778,96.19861785069256,47.545056308823504,2520.0,54.695184120834604,3774.1159461807856,100.0,100.0,True,,synthetic_cryptojacking,sim_user,unregistered_hash_benchmark,gpu:1,cryptojacking
91.1,2026-01-01 00:01:31.100000+00:00,,syn-attack-crypto-202,cryptojacking-steady-primary,steady,,0.58,0.5,0,10.0,283.5708194167036,95.42983557441228,51.2748888671798,2520.0,54.53298121728685,4090.8158136040224,100.0,100.0,True,,synthetic_cryptojacking,sim_user,unregistered_hash_benchmark,gpu:1,cryptojacking
91.2,2026-01-01 00:01:31.200000+00:00,,syn-attack-crypto-202,cryptojacking-steady-primary,steady,,0.58,0.5,0,10.0,283.5221025011904,97.12412662972358,50.47988188329368,2520.0,55.09693445342909,3982.5990368408593,100.0,100.0,True,,synthetic_cryptojacking,sim_user,unregistered_hash_benchmark,gpu:1,cryptojacking
91.3,2026-01-01 00:01:31.300000+00:00,,syn-attack-crypto-202,cryptojacking-steady-primary,steady,,0.58,0.5,0,10.0,283.94563176133653,96.58370645644739,45.65187600472829,2520.0,55.058146753764085,3795.0575205206483,100.0,100.0,True,,synthetic_cryptojacking,sim_user,unregistered_hash_benchmark,gpu:1,cryptojacking
91.4,2026-01-01 00:01:31.400000+00:00,,syn-attack-crypto-202,cryptojacking-steady-primary,steady,,0.58,0.5,0,10.0,285.0913589026248,94.49530250029187,50.03978327366769,2520.0,54.42056527073495,3891.9810095273624,100.0,100.0,True,,synthetic_cryptojacking,sim_user,unregistered_hash_benchmark,gpu:1,cryptojacking
91.5,2026-01-01 00:01:31.500000+00:00,,syn-attack-crypto-202,cryptojacking-steady-primary,steady,,0.58,0.5,0,10.0,284.62097962304364,97.66986552324681,53.86542727581043,2520.0,55.181379134532754,4260.4470555902635,100.0,100.0,True,,synthetic_cryptojacking,sim_user,unregistered_hash_benchmark,gpu:1,cryptojacking
91.6,2026-01-01 00:01:31.600000+00:00,,syn-attack-crypto-202,cryptojacking-steady-primary,steady,,0.58,0.5,0,10.0,284.6699197301,96.66734125573696,51.98438409666699,2520.0,54.991757009651785,3978.1208980676797,100.0,100.0,True,,synthetic_cryptojacking,sim_user,unregistered_hash_benchmark,gpu:1,cryptojacking
91.7,2026-01-01 00:01:31.700000+00:00,,syn-attack-crypto-202,cryptojacking-steady-primary,steady,,0.58,0.5,0,10.0,284.9485803141733,96.27778738389638,59.038291161241006,2520.0,54.65202191340035,4616.065379279566,100.0,100.0,True,,synthetic_cryptojacking,sim_user,unregistered_hash_benchmark,gpu:1,cryptojacking
91.8,2026-01-01 00:01:31.800000+00:00,,syn-attack-crypto-202,cryptojacking-steady-primary,steady,,0.58,0.5,0,10.0,284.84474372981373,95.48954146427381,47.980451835506436,2520.0,54.56001404252494,3964.1929322955343,100.0,100.0,True,,synthetic_cryptojacking,sim_user,unregistered_hash_benchmark,gpu:1,cryptojacking
91.9,2026-01-01 00:01:31.900000+00:00,,syn-attack-crypto-202,cryptojacking-steady-primary,steady,,0.58,0.5,0,10.0,285.48303204068355,95.20870071940912,57.47079675203982,2520.0,54.481132739579564,4419.179509328769,100.0,100.0,True,,synthetic_cryptojacking,sim_user,unregistered_hash_benchmark,gpu:1,cryptojacking
92.0,2026-01-01 00:01:32+00:00,,syn-attack-crypto-202,cryptojacking-steady-primary,steady,,0.58,0.5,0,10.0,284.5394341507404,96.5977825954085,53.4592551720139,2520.0,54.93997370876611,4078.6086531861483,100.0,100.0,True,,synthetic_cryptojacking,sim_user,unregistered_hash_benchmark,gpu:1,cryptojacking
92.1,2026-01-01 00:01:32.100000+00:00,,syn-attack-crypto-202,cryptojacking-steady-primary,steady,,0.58,0.5,0,10.0,284.8417362660492,95.56061643995653,47.585708143385425,2520.0,54.711467490918544,3733.554670389458,100.0,100.0,True,,synthetic_cryptojacking,sim_user,unregistered_hash_benchmark,gpu:1,cryptojacking
92.2,2026-01-01 00:01:32.200000+00:00,,syn-attack-crypto-202,cryptojacking-steady-primary,steady,,0.58,0.5,0,10.0,286.0154424577899,94.78074875676839,50.489182260959396,2520.0,54.649788793421976,3899.291715139827,100.0,100.0,True,,synthetic_cryptojacking,sim_user,unregistered_hash_benchmark,gpu:1,cryptojacking
92.3,2026-01-01 00:01:32.300000+00:00,,syn-attack-crypto-202,cryptojacking-steady-primary,steady,,0.58,0.5,0,10.0,286.20742754485184,98.14692098396615,54.76947626741329,2520.0,55.488309668326835,4048.4829118368343,100.0,100.0,True,,synthetic_cryptojacking,sim_user,unregistered_hash_benchmark,gpu:1,cryptojacking
92.4,2026-01-01 00:01:32.400000+00:00,,syn-attack-crypto-202,cryptojacking-steady-primary,steady,,0.58,0.5,0,10.0,285.6420344024205,96.44487363088719,55.65791679400661,2520.0,55.10691466623985,4177.594462083155,100.0,100.0,True,,synthetic_cryptojacking,sim_user,unregistered_hash_benchmark,gpu:1,cryptojacking
92.5,2026-01-01 00:01:32.500000+00:00,,syn-attack-crypto-202,cryptojacking-steady-primary,steady,,0.58,0.5,0,10.0,285.523374096712,94.23955501095114,45.75978449421652,2520.0,54.43329148250867,3556.0793850804303,100.0,100.0,True,,synthetic_cryptojacking,sim_user,unregistered_hash_benchmark,gpu:1,cryptojacking
92.6,2026-01-01 00:01:32.600000+00:00,,syn-attack-crypto-202,cryptojacking-steady-primary,steady,,0.58,0.5,0,10.0,286.33042646066804,96.92599976315951,53.8869740498582,2520.0,55.30827128880926,4238.666742634435,100.0,100.0,True,,synthetic_cryptojacking,sim_user,unregistered_hash_benchmark,gpu:1,cryptojacking
92.7,2026-01-01 00:01:32.700000+00:00,,syn-attack-crypto-202,cryptojacking-steady-primary,steady,,0.58,0.5,0,10.0,286.54152395675067,95.45118003017664,53.76770856245356,2520.0,54.99708777672793,4164.887172502266,100.0,100.0,True,,synthetic_cryptojacking,sim_user,unregistered_hash_benchmark,gpu:1,cryptojacking
92.8,2026-01-01 00:01:32.800000+00:00,,syn-attack-crypto-202,cryptojacking-steady-primary,steady,,0.58,0.5,0,10.0,286.07291632215697,96.69441022433716,58.35367178111958,2520.0,55.178099906576065,4738.191325611867,100.0,100.0,True,,synthetic_cryptojacking,sim_user,unregistered_hash_benchmark,gpu:1,cryptojacking
92.9,2026-01-01 00:01:32.900000+00:00,,syn-attack-crypto-202,cryptojacking-steady-primary,steady,,0.58,0.5,0,10.0,285.38073184436786,95.34345277819345,53.517040193816506,2520.0,54.69219502224233,3997.0018779340753,100.0,100.0,True,,synthetic_cryptojacking,sim_user,unregistered_hash_benchmark,gpu:1,cryptojacking
93.0,2026-01-01 00:01:33+00:00,,syn-attack-crypto-202,cryptojacking-steady-primary,steady,,0.58,0.5,0,10.0,285.9971226768415,96.37189380659159,49.80689151849087,2520.0,54.78458743820838,3850.5988717191008,100.0,100.0,True,,synthetic_cryptojacking,sim_user,unregistered_hash_benchmark,gpu:1,cryptojacking
93.1,2026-01-01 00:01:33.100000+00:00,,syn-attack-crypto-202,cryptojacking-steady-primary,steady,,0.58,0.5,0,10.0,286.6389541583054,96.84616991691937,56.25612681356202,2520.0,54.78456130005867,4388.625150964511,100.0,100.0,True,,synthetic_cryptojacking,sim_user,unregistered_hash_benchmark,gpu:1,cryptojacking
93.2,2026-01-01 00:01:33.200000+00:00,,syn-attack-crypto-202,cryptojacking-steady-primary,steady,,0.58,0.5,0,10.0,285.74478227875403,97.80373581932929,59.14803828935865,2520.0,54.84319607421015,4629.039544593533,100.0,100.0,True,,synthetic_cryptojacking,sim_user,unregistered_hash_benchmark,gpu:1,cryptojacking
93.3,2026-01-01 00:01:33.300000+00:00,,syn-attack-crypto-202,cryptojacking-steady-primary,steady,,0.58,0.5,0,10.0,285.1876958246528,96.22306002642092,52.97192222541316,2520.0,54.344359092298696,4062.0829331667483,100.0,100.0,True,,synthetic_cryptojacking,sim_user,unregistered_hash_benchmark,gpu:1,cryptojacking
93.4,2026-01-01 00:01:33.400000+00:00,,syn-attack-crypto-202,cryptojacking-steady-primary,steady,,0.58,0.5,0,10.0,284.35477457409866,94.93338822239721,48.026573595154815,2520.0,54.14901038158428,3572.313975274119,100.0,100.0,True,,synthetic_cryptojacking,sim_user,unregistered_hash_benchmark,gpu:1,cryptojacking
93.5,2026-01-01 00:01:33.500000+00:00,,syn-attack-crypto-202,cryptojacking-steady-primary,steady,,0.58,0.5,0,10.0,284.6474346987213,96.58488953525469,54.69071485117415,2520.0,54.645400063125415,4251.9823050972755,100.0,100.0,True,,synthetic_cryptojacking,sim_user,unregistered_hash_benchmark,gpu:1,cryptojacking
93.6,2026-01-01 00:01:33.600000+00:00,,syn-attack-crypto-202,cryptojacking-steady-primary,steady,,0.58,0.5,0,10.0,284.24250187326106,96.61126483997056,54.16628570299,2520.0,54.256218580423756,4177.625954592797,100.0,100.0,True,,synthetic_cryptojacking,sim_user,unregistered_hash_benchmark,gpu:1,cryptojacking
93.7,2026-01-01 00:01:33.700000+00:00,,syn-attack-crypto-202,cryptojacking-steady-primary,steady,,0.58,0.5,0,10.0,283.9492644718824,95.92247245266685,55.192691994614535,2520.0,54.306328491240016,4280.29413175266,100.0,100.0,True,,synthetic_cryptojacking,sim_user,unregistered_hash_benchmark,gpu:1,cryptojacking
93.8,2026-01-01 00:01:33.800000+00:00,,syn-attack-crypto-202,cryptojacking-steady-primary,steady,,0.58,0.5,0,10.0,283.97649035375366,95.4712797369111,49.655016216732875,2520.0,54.248986283115045,3798.025150123578,100.0,100.0,True,,synthetic_cryptojacking,sim_user,unregistered_hash_benchmark,gpu:1,cryptojacking
93.9,2026-01-01 00:01:33.900000+00:00,,syn-attack-crypto-202,cryptojacking-steady-primary,steady,,0.58,0.5,0,10.0,284.0048823336104,95.02313150077566,51.343245078616384,2520.0,54.25666956866582,3975.094988742655,100.0,100.0,True,,synthetic_cryptojacking,sim_user,unregistered_hash_benchmark,gpu:1,cryptojacking
94.0,2026-01-01 00:01:34+00:00,,syn-attack-crypto-202,cryptojacking-steady-primary,steady,,0.58,0.5,0,10.0,283.3452983951517,94.53179130751913,58.49486571071414,2520.0,54.03682215753502,4665.703115962126,100.0,100.0,True,,synthetic_cryptojacking,sim_user,unregistered_hash_benchmark,gpu:1,cryptojacking
94.1,2026-01-01 00:01:34.100000+00:00,,syn-attack-crypto-202,cryptojacking-steady-primary,steady,,0.58,0.5,0,10.0,282.9441498283918,94.57923709447225,54.469047363707205,2520.0,54.34016866751163,4179.556207342542,100.0,100.0,True,,synthetic_cryptojacking,sim_user,unregistered_hash_benchmark,gpu:1,cryptojacking
94.2,2026-01-01 00:01:34.200000+00:00,,syn-attack-crypto-202,cryptojacking-steady-primary,steady,,0.58,0.5,0,10.0,284.02654037108834,98.2584022228965,49.16414204179764,2520.0,55.29043409786501,3967.6070660128207,100.0,100.0,True,,synthetic_cryptojacking,sim_user,unregistered_hash_benchmark,gpu:1,cryptojacking
94.3,2026-01-01 00:01:34.300000+00:00,,syn-attack-crypto-202,cryptojacking-steady-primary,steady,,0.58,0.5,0,10.0,284.6750388743194,96.3736093934313,53.459107959023605,2520.0,54.55214258422758,4136.209913011188,100.0,100.0,True,,synthetic_cryptojacking,sim_user,unregistered_hash_benchmark,gpu:1,cryptojacking
94.4,2026-01-01 00:01:34.400000+00:00,,syn-attack-crypto-202,cryptojacking-steady-primary,steady,,0.58,0.5,0,10.0,285.0212255345765,96.65521113096099,45.879898328033704,2520.0,54.30915366540634,3517.8833204692633,100.0,100.0,True,,synthetic_cryptojacking,sim_user,unregistered_hash_benchmark,gpu:1,cryptojacking
94.5,2026-01-01 00:01:34.500000+00:00,,syn-attack-crypto-202,cryptojacking-steady-primary,steady,,0.58,0.5,0,10.0,286.18264967086185,93.77350318121383,49.96404591918343,2520.0,53.79232976980561,3939.6918325933334,100.0,100.0,True,,synthetic_cryptojacking,sim_user,unregistered_hash_benchmark,gpu:1,cryptojacking
94.6,2026-01-01 00:01:34.600000+00:00,,syn-attack-crypto-202,cryptojacking-steady-primary,steady,,0.58,0.5,0,10.0,285.79368964599246,96.18721416760513,50.90858453491673,2520.0,54.63277788862221,4012.576064001265,100.0,100.0,True,,synthetic_cryptojacking,sim_user,unregistered_hash_benchmark,gpu:1,cryptojacking
94.7,2026-01-01 00:01:34.700000+00:00,,syn-attack-crypto-202,cryptojacking-steady-primary,steady,,0.58,0.5,0,10.0,286.23556909735146,94.90147688277882,50.645413194401925,2520.0,54.19807351354092,3934.837868831405,100.0,100.0,True,,synthetic_cryptojacking,sim_user,unregistered_hash_benchmark,gpu:1,cryptojacking
94.8,2026-01-01 00:01:34.800000+00:00,,syn-attack-crypto-202,cryptojacking-steady-primary,steady,,0.58,0.5,0,10.0,286.4534134448204,95.93686737027386,55.44019695976582,2520.0,54.48459465247226,4382.777123848345,100.0,100.0,True,,synthetic_cryptojacking,sim_user,unregistered_hash_benchmark,gpu:1,cryptojacking
94.9,2026-01-01 00:01:34.900000+00:00,,syn-attack-crypto-202,cryptojacking-steady-primary,steady,,0.58,0.5,0,10.0,285.9679925990237,97.36900783393551,50.94861609283558,2520.0,54.804499304490356,3929.957843469671,100.0,100.0,True,,synthetic_cryptojacking,sim_user,unregistered_hash_benchmark,gpu:1,cryptojacking
95.0,2026-01-01 00:01:35+00:00,,syn-attack-crypto-202,cryptojacking-steady-primary,steady,,0.58,0.5,0,10.0,286.67464359542396,94.85544447928596,45.44667855836054,2520.0,53.99436354679194,3544.1648598355932,100.0,100.0,True,,synthetic_cryptojacking,sim_user,unregistered_hash_benchmark,gpu:1,cryptojacking
95.1,2026-01-01 00:01:35.100000+00:00,,syn-attack-crypto-202,cryptojacking-steady-primary,steady,,0.58,0.5,0,10.0,287.4203236154804,97.52938036900667,56.613432307045116,2520.0,54.375932688409414,4521.787832119467,100.0,100.0,True,,synthetic_cryptojacking,sim_user,unregistered_hash_benchmark,gpu:1,cryptojacking
95.2,2026-01-01 00:01:35.200000+00:00,,syn-attack-crypto-202,cryptojacking-steady-primary,steady,,0.58,0.5,0,10.0,286.24909801385235,94.98975529561054,64.21986915006282,2520.0,53.75158186518412,5072.970635195048,100.0,100.0,True,,synthetic_cryptojacking,sim_user,unregistered_hash_benchmark,gpu:1,cryptojacking
95.3,2026-01-01 00:01:35.300000+00:00,,syn-attack-crypto-202,cryptojacking-steady-primary,steady,,0.58,0.5,0,10.0,284.88915541707803,94.72410269071217,52.92706412752968,2520.0,54.07662821699308,3877.8229838702714,100.0,100.0,True,,synthetic_cryptojacking,sim_user,unregistered_hash_benchmark,gpu:1,cryptojacking
95.4,2026-01-01 00:01:35.400000+00:00,,syn-attack-crypto-202,cryptojacking-steady-primary,steady,,0.58,0.5,0,10.0,283.64475336326365,94.6397058698903,55.55190363133858,2520.0,54.227508904157354,4416.560500418623,100.0,100.0,True,,synthetic_cryptojacking,sim_user,unregistered_hash_benchmark,gpu:1,cryptojacking
95.5,2026-01-01 00:01:35.500000+00:00,,syn-attack-crypto-202,cryptojacking-steady-primary,steady,,0.58,0.5,0,10.0,282.85726747022335,96.89708435138535,56.23346099857827,2520.0,54.676036319167174,4306.575376632746,100.0,100.0,True,,synthetic_cryptojacking,sim_user,unregistered_hash_benchmark,gpu:1,cryptojacking
95.6,2026-01-01 00:01:35.600000+00:00,,syn-attack-crypto-202,cryptojacking-steady-primary,steady,,0.58,0.5,0,10.0,282.1559487183266,95.54390929715417,47.514921064099696,2520.0,54.6014996663315,3983.1855734008113,100.0,100.0,True,,synthetic_cryptojacking,sim_user,unregistered_hash_benchmark,gpu:1,cryptojacking
95.7,2026-01-01 00:01:35.700000+00:00,,syn-attack-crypto-202,cryptojacking-steady-primary,steady,,0.58,0.5,0,10.0,282.38403126629026,94.91717264535134,54.098600869636606,2520.0,54.782580117569545,4143.295246272345,100.0,100.0,True,,synthetic_cryptojacking,sim_user,unregistered_hash_benchmark,gpu:1,cryptojacking
95.8,2026-01-01 00:01:35.800000+00:00,,syn-attack-crypto-202,cryptojacking-steady-primary,steady,,0.58,0.5,0,10.0,281.41348799678076,95.96558578647611,53.1477033491621,2520.0,55.01414155127614,4070.111080638016,100.0,100.0,True,,synthetic_cryptojacking,sim_user,unregistered_hash_benchmark,gpu:1,cryptojacking
95.9,2026-01-01 00:01:35.900000+00:00,,syn-attack-crypto-202,cryptojacking-steady-primary,steady,,0.58,0.5,0,10.0,281.6814169182785,96.2308153454367,51.330164903094655,2520.0,55.28813969193408,3978.2623130810452,100.0,100.0,True,,synthetic_cryptojacking,sim_user,unregistered_hash_benchmark,gpu:1,cryptojacking
96.0,2026-01-01 00:01:36+00:00,,syn-attack-crypto-202,cryptojacking-steady-primary,steady,,0.58,0.5,0,10.0,282.4735859753406,94.59947159877034,55.64389993181655,2520.0,55.20336572337128,4310.611225603495,100.0,100.0,True,,synthetic_cryptojacking,sim_user,unregistered_hash_benchmark,gpu:1,cryptojacking
96.1,2026-01-01 00:01:36.100000+00:00,,syn-attack-crypto-202,cryptojacking-steady-primary,steady,,0.58,0.5,0,10.0,282.4125915088895,96.37844461910929,52.84631281176032,2520.0,55.5423835572075,4267.934034257773,100.0,100.0,True,,synthetic_cryptojacking,sim_user,unregistered_hash_benchmark,gpu:1,cryptojacking
96.2,2026-01-01 00:01:36.200000+00:00,,syn-attack-crypto-202,cryptojacking-steady-primary,steady,,0.58,0.5,0,10.0,282.77653266209796,93.6727306280498,44.18548965519166,2520.0,54.74078784979862,3361.576421652091,100.0,100.0,True,,synthetic_cryptojacking,sim_user,unregistered_hash_benchmark,gpu:1,cryptojacking
96.3,2026-01-01 00:01:36.300000+00:00,,syn-attack-crypto-202,cryptojacking-steady-primary,steady,,0.58,0.5,0,10.0,284.45588549390897,96.4562325430038,53.05893678451511,2520.0,55.41080982309985,4287.685699590155,100.0,100.0,True,,synthetic_cryptojacking,sim_user,unregistered_hash_benchmark,gpu:1,cryptojacking
96.4,2026-01-01 00:01:36.400000+00:00,,syn-attack-crypto-202,cryptojacking-steady-primary,steady,,0.58,0.5,0,10.0,283.8861027981458,98.27545873938513,43.929571880733505,2520.0,55.84169723142484,3351.47483197092,100.0,100.0,True,,synthetic_cryptojacking,sim_user,unregistered_hash_benchmark,gpu:1,cryptojacking
96.5,2026-01-01 00:01:36.500000+00:00,,syn-attack-crypto-202,cryptojacking-steady-primary,steady,,0.58,0.5,0,10.0,285.37499234998177,95.04887221969567,48.84706926497678,2520.0,54.457484200911715,3794.036474843763,100.0,100.0,True,,synthetic_cryptojacking,sim_user,unregistered_hash_benchmark,gpu:1,cryptojacking
96.6,2026-01-01 00:01:36.600000+00:00,,syn-attack-crypto-202,cryptojacking-steady-primary,steady,,0.58,0.5,0,10.0,285.1700723040904,97.96991290784025,50.65191168793741,2520.0,55.09430921643345,4062.3053943831915,100.0,100.0,True,,synthetic_cryptojacking,sim_user,unregistered_hash_benchmark,gpu:1,cryptojacking
96.7,2026-01-01 00:01:36.700000+00:00,,syn-attack-crypto-202,cryptojacking-steady-primary,steady,,0.58,0.5,0,10.0,285.3467301430426,97.12175544919477,50.38986286980215,2520.0,54.917700102389716,3876.783685079418,100.0,100.0,True,,synthetic_cryptojacking,sim_user,unregistered_hash_benchmark,gpu:1,cryptojacking
96.8,2026-01-01 00:01:36.800000+00:00,,syn-attack-crypto-202,cryptojacking-steady-primary,steady,,0.58,0.5,0,10.0,285.56951424441127,94.28236993673208,45.20867860821206,2520.0,53.905569494561625,3597.952938663922,100.0,100.0,True,,synthetic_cryptojacking,sim_user,unregistered_hash_benchmark,gpu:1,cryptojacking
96.9,2026-01-01 00:01:36.900000+00:00,,syn-attack-crypto-202,cryptojacking-steady-primary,steady,,0.58,0.5,0,10.0,286.6447823103316,96.59975070424427,55.854268563114694,2520.0,54.543569645529935,4342.106170691817,100.0,100.0,True,,synthetic_cryptojacking,sim_user,unregistered_hash_benchmark,gpu:1,cryptojacking
97.0,2026-01-01 00:01:37+00:00,,syn-attack-crypto-202,cryptojacking-steady-primary,steady,,0.58,0.5,0,10.0,286.14491215195466,97.21825325473547,58.84434345535553,2520.0,54.94740807402672,4616.048617891353,100.0,100.0,True,,synthetic_cryptojacking,sim_user,unregistered_hash_benchmark,gpu:1,cryptojacking
97.1,2026-01-01 00:01:37.100000+00:00,,syn-attack-crypto-202,cryptojacking-steady-primary,steady,,0.58,0.5,0,10.0,286.228463742252,95.23098057931001,55.454478566343596,2520.0,54.34969853248146,4410.019093550023,100.0,100.0,True,,synthetic_cryptojacking,sim_user,unregistered_hash_benchmark,gpu:1,cryptojacking
97.2,2026-01-01 00:01:37.200000+00:00,,syn-attack-crypto-202,cryptojacking-steady-primary,steady,,0.58,0.5,0,10.0,285.7237285067747,94.1700326290423,54.83436836545825,2496.372125710843,53.71698363708341,4321.405109357212,100.0,100.0,True,,synthetic_cryptojacking,sim_user,unregistered_hash_benchmark,gpu:1,cryptojacking
97.3,2026-01-01 00:01:37.300000+00:00,,syn-attack-crypto-202,cryptojacking-steady-primary,steady,,0.58,0.5,0,10.0,285.43768224775306,97.56917413526486,61.106838504096565,2520.0,54.7040237847081,4824.223182368895,100.0,100.0,True,,synthetic_cryptojacking,sim_user,unregistered_hash_benchmark,gpu:1,cryptojacking
97.4,2026-01-01 00:01:37.400000+00:00,,syn-attack-crypto-202,cryptojacking-steady-primary,steady,,0.58,0.5,0,10.0,284.4653373230151,94.45685563921924,46.945191764718025,2520.0,54.07484546003579,3949.5683235378124,100.0,100.0,True,,synthetic_cryptojacking,sim_user,unregistered_hash_benchmark,gpu:1,cryptojacking
97.5,2026-01-01 00:01:37.500000+00:00,,syn-attack-crypto-202,cryptojacking-steady-primary,steady,,0.58,0.5,0,10.0,284.6798171293852,97.6596162031504,56.6930865419608,2520.0,54.9449046773509,4373.176893127817,100.0,100.0,True,,synthetic_cryptojacking,sim_user,unregistered_hash_benchmark,gpu:1,cryptojacking
97.6,2026-01-01 00:01:37.600000+00:00,,syn-attack-crypto-202,cryptojacking-steady-primary,steady,,0.58,0.5,0,10.0,284.10261333576676,94.64510144003319,46.82169893231846,2520.0,53.99945960319554,3755.843913935868,100.0,100.0,True,,synthetic_cryptojacking,sim_user,unregistered_hash_benchmark,gpu:1,cryptojacking
97.7,2026-01-01 00:01:37.700000+00:00,,syn-attack-crypto-202,cryptojacking-steady-primary,steady,,0.58,0.5,0,10.0,284.48101008635825,96.52139334935991,51.40981491355204,2520.0,54.45698527125435,3783.0342497174747,100.0,100.0,True,,synthetic_cryptojacking,sim_user,unregistered_hash_benchmark,gpu:1,cryptojacking
97.8,2026-01-01 00:01:37.800000+00:00,,syn-attack-crypto-202,cryptojacking-steady-primary,steady,,0.58,0.5,0,10.0,285.026879415309,96.88685498243709,52.22116770513011,2520.0,54.64202352303467,4024.9525750290654,100.0,100.0,True,,synthetic_cryptojacking,sim_user,unregistered_hash_benchmark,gpu:1,cryptojacking
97.9,2026-01-01 00:01:37.900000+00:00,,syn-attack-crypto-202,cryptojacking-steady-primary,steady,,0.58,0.5,0,10.0,285.32550036160103,95.19291446920305,55.17183708116999,2520.0,54.06547061066017,4285.393971502902,100.0,100.0,True,,synthetic_cryptojacking,sim_user,unregistered_hash_benchmark,gpu:1,cryptojacking
98.0,2026-01-01 00:01:38+00:00,,syn-attack-crypto-202,cryptojacking-steady-primary,steady,,0.58,0.5,0,10.0,284.60593576514754,95.4105265339246,50.801337875721934,2520.0,54.20534549080553,3962.3677005952436,100.0,100.0,True,,synthetic_cryptojacking,sim_user,unregistered_hash_benchmark,gpu:1,cryptojacking
98.1,2026-01-01 00:01:38.100000+00:00,,syn-attack-crypto-202,cryptojacking-steady-primary,steady,,0.58,0.5,0,10.0,284.9994684155568,94.91005190304499,58.31008670654241,2520.0,54.2754254666402,4488.04221081377,100.0,100.0,True,,synthetic_cryptojacking,sim_user,unregistered_hash_benchmark,gpu:1,cryptojacking
98.2,2026-01-01 00:01:38.200000+00:00,,syn-attack-crypto-202,cryptojacking-steady-primary,steady,,0.58,0.5,0,10.0,284.16736754340855,96.3169511304814,51.610092297287174,2520.0,54.76360376060946,4066.607567259703,100.0,100.0,True,,synthetic_cryptojacking,sim_user,unregistered_hash_benchmark,gpu:1,cryptojacking
98.3,2026-01-01 00:01:38.300000+00:00,,syn-attack-crypto-202,cryptojacking-steady-primary,steady,,0.58,0.5,0,10.0,284.2297050295885,95.48850801981176,53.04232275099103,2520.0,54.5924011449662,4214.173793015721,100.0,100.0,True,,synthetic_cryptojacking,sim_user,unregistered_hash_benchmark,gpu:1,cryptojacking
98.4,2026-01-01 00:01:38.400000+00:00,,syn-attack-crypto-202,cryptojacking-steady-primary,steady,,0.58,0.5,0,10.0,284.5275314196757,96.12961517596689,51.75844573878874,2520.0,54.62260041137818,3917.090182895685,100.0,100.0,True,,synthetic_cryptojacking,sim_user,unregistered_hash_benchmark,gpu:1,cryptojacking
98.5,2026-01-01 00:01:38.500000+00:00,,syn-attack-crypto-202,cryptojacking-steady-primary,steady,,0.58,0.5,0,10.0,284.5684130542745,97.61797003816135,50.57122698019309,2520.0,54.971254939463925,3882.919989476185,100.0,100.0,True,,synthetic_cryptojacking,sim_user,unregistered_hash_benchmark,gpu:1,cryptojacking
98.6,2026-01-01 00:01:38.600000+00:00,,syn-attack-crypto-202,cryptojacking-steady-primary,steady,,0.58,0.5,0,10.0,285.34908974840727,93.95676139728593,49.57712301489293,2519.4011602664496,54.03056579949519,3799.4902182636984,100.0,100.0,True,,synthetic_cryptojacking,sim_user,unregistered_hash_benchmark,gpu:1,cryptojacking
98.7,2026-01-01 00:01:38.700000+00:00,,syn-attack-crypto-202,cryptojacking-steady-primary,steady,,0.58,0.5,0,10.0,285.2285080147196,96.72475652424666,51.29540063384135,2520.0,54.78474205642168,3847.11458613615,100.0,100.0,True,,synthetic_cryptojacking,sim_user,unregistered_hash_benchmark,gpu:1,cryptojacking
98.8,2026-01-01 00:01:38.800000+00:00,,syn-attack-crypto-202,cryptojacking-steady-primary,steady,,0.58,0.5,0,10.0,285.14190254676964,96.05011579060512,55.95426235100341,2520.0,54.81853049821572,4285.582339808786,100.0,100.0,True,,synthetic_cryptojacking,sim_user,unregistered_hash_benchmark,gpu:1,cryptojacking
98.9,2026-01-01 00:01:38.900000+00:00,,syn-attack-crypto-202,cryptojacking-steady-primary,steady,,0.58,0.5,0,10.0,284.97660752924685,93.50945097208164,52.99145982680458,2520.0,54.21529776083562,4115.496223166867,100.0,100.0,True,,synthetic_cryptojacking,sim_user,unregistered_hash_benchmark,gpu:1,cryptojacking
99.0,2026-01-01 00:01:39+00:00,,syn-attack-crypto-202,cryptojacking-steady-primary,steady,,0.58,0.5,0,10.0,284.48668487849585,97.35371863840497,50.02811092544037,2520.0,55.545272892587384,4038.408709831057,100.0,100.0,True,,synthetic_cryptojacking,sim_user,unregistered_hash_benchmark,gpu:1,cryptojacking
99.1,2026-01-01 00:01:39.100000+00:00,,syn-attack-crypto-202,cryptojacking-steady-primary,steady,,0.58,0.5,0,10.0,285.15321898821946,97.45073475165573,55.38653971907529,2520.0,55.61029941157442,4262.260594527526,100.0,100.0,True,,synthetic_cryptojacking,sim_user,unregistered_hash_benchmark,gpu:1,cryptojacking
99.2,2026-01-01 00:01:39.200000+00:00,,syn-attack-crypto-202,cryptojacking-steady-primary,steady,,0.58,0.5,0,10.0,284.3980413251153,95.87069759830878,51.51595416403293,2520.0,55.09365963464492,4126.327304799302,100.0,100.0,True,,synthetic_cryptojacking,sim_user,unregistered_hash_benchmark,gpu:1,cryptojacking
99.3,2026-01-01 00:01:39.300000+00:00,,syn-attack-crypto-202,cryptojacking-steady-primary,steady,,0.58,0.5,0,10.0,284.5547746070384,97.15625339565827,52.62027842151831,2520.0,55.51226853295056,4248.599685783042,100.0,100.0,True,,synthetic_cryptojacking,sim_user,unregistered_hash_benchmark,gpu:1,cryptojacking
99.4,2026-01-01 00:01:39.400000+00:00,,syn-attack-crypto-202,cryptojacking-steady-primary,steady,,0.58,0.5,0,10.0,284.4759957462117,96.44579988798667,56.18970551125426,2520.0,55.598446158378685,4397.534685480064,100.0,100.0,True,,synthetic_cryptojacking,sim_user,unregistered_hash_benchmark,gpu:1,cryptojacking
99.5,2026-01-01 00:01:39.500000+00:00,,syn-attack-crypto-202,cryptojacking-steady-primary,steady,,0.58,0.5,0,10.0,283.6793843034447,96.51118194165053,52.32806584438427,2520.0,55.69689583138199,4105.082016502629,100.0,100.0,True,,synthetic_cryptojacking,sim_user,unregistered_hash_benchmark,gpu:1,cryptojacking
99.6,2026-01-01 00:01:39.600000+00:00,,syn-attack-crypto-202,cryptojacking-steady-primary,steady,,0.58,0.5,0,10.0,284.08182659693733,96.56626005704861,56.86274139894945,2520.0,55.46340873034081,4576.417004591964,100.0,100.0,True,,synthetic_cryptojacking,sim_user,unregistered_hash_benchmark,gpu:1,cryptojacking
99.7,2026-01-01 00:01:39.700000+00:00,,syn-attack-crypto-202,cryptojacking-steady-primary,steady,,0.58,0.5,0,10.0,283.7999328613112,97.86383076751622,50.66489191206767,2520.0,55.59515391529257,3964.0290651840905,100.0,100.0,True,,synthetic_cryptojacking,sim_user,unregistered_hash_benchmark,gpu:1,cryptojacking
99.8,2026-01-01 00:01:39.800000+00:00,,syn-attack-crypto-202,cryptojacking-steady-primary,steady,,0.58,0.5,0,10.0,283.681216233708,96.95526785259027,50.66005374647093,2520.0,55.30904120266506,3974.9477567512945,100.0,100.0,True,,synthetic_cryptojacking,sim_user,unregistered_hash_benchmark,gpu:1,cryptojacking
99.9,2026-01-01 00:01:39.900000+00:00,,syn-attack-crypto-202,cryptojacking-steady-primary,steady,,0.58,0.5,0,10.0,283.496734354492,94.34798409537231,53.563493764425,2496.0585890700218,54.412409219006854,4087.4997101045706,100.0,100.0,True,,synthetic_cryptojacking,sim_user,unregistered_hash_benchmark,gpu:1,cryptojacking
100.0,2026-01-01 00:01:40+00:00,,syn-attack-crypto-202,cryptojacking-steady-primary,steady,,0.58,0.5,0,10.0,283.79935439064866,98.17677094404486,51.2471664847757,2520.0,55.3244916207677,3963.6217973864773,100.0,100.0,True,,synthetic_cryptojacking,sim_user,unregistered_hash_benchmark,gpu:1,cryptojacking
100.1,2026-01-01 00:01:40.100000+00:00,,syn-attack-crypto-202,cryptojacking-steady-primary,steady,,0.58,0.5,0,10.0,283.83575087848266,96.46381640644265,55.40416486342892,2520.0,55.066486555957596,4230.539663986635,100.0,100.0,True,,synthetic_cryptojacking,sim_user,unregistered_hash_benchmark,gpu:1,cryptojacking
100.2,2026-01-01 00:01:40.200000+00:00,,syn-attack-crypto-202,cryptojacking-steady-primary,steady,,0.58,0.5,0,10.0,283.2123105019066,93.02021999026968,46.30419316499588,2520.0,54.36426530207184,3711.444780366187,100.0,100.0,True,,synthetic_cryptojacking,sim_user,unregistered_hash_benchmark,gpu:1,cryptojacking
100.3,2026-01-01 00:01:40.300000+00:00,,syn-attack-crypto-202,cryptojacking-steady-primary,steady,,0.58,0.5,0,10.0,284.0041448098328,94.26661197401545,52.01295995159493,2520.0,54.57433978273621,4068.5182510639847,100.0,100.0,True,,synthetic_cryptojacking,sim_user,unregistered_hash_benchmark,gpu:1,cryptojacking
100.4,2026-01-01 00:01:40.400000+00:00,,syn-attack-crypto-202,cryptojacking-steady-primary,steady,,0.58,0.5,0,10.0,284.91622340752673,95.72230468822296,51.1383526571544,2520.0,54.85605319763181,3854.5247078756715,100.0,100.0,True,,synthetic_cryptojacking,sim_user,unregistered_hash_benchmark,gpu:1,cryptojacking
100.5,2026-01-01 00:01:40.500000+00:00,,syn-attack-crypto-202,cryptojacking-steady-primary,steady,,0.58,0.5,0,10.0,284.98422471246283,96.26949607765005,49.082557719219174,2520.0,55.221130101248605,3863.0930036907353,100.0,100.0,True,,synthetic_cryptojacking,sim_user,unregistered_hash_benchmark,gpu:1,cryptojacking
100.6,2026-01-01 00:01:40.600000+00:00,,syn-attack-crypto-202,cryptojacking-steady-primary,steady,,0.58,0.5,0,10.0,285.72825711428527,96.6084844198903,55.92307439015152,2520.0,55.468006229953694,4332.724388078261,100.0,100.0,True,,synthetic_cryptojacking,sim_user,unregistered_hash_benchmark,gpu:1,cryptojacking
100.7,2026-01-01 00:01:40.700000+00:00,,syn-attack-crypto-202,cryptojacking-steady-primary,steady,,0.58,0.5,0,10.0,286.05327727277535,95.8161783915264,53.969531609402324,2520.0,55.33066648274683,4204.790352073279,100.0,100.0,True,,synthetic_cryptojacking,sim_user,unregistered_hash_benchmark,gpu:1,cryptojacking
100.8,2026-01-01 00:01:40.800000+00:00,,syn-attack-crypto-202,cryptojacking-steady-primary,steady,,0.58,0.5,0,10.0,285.52148853884415,94.9065701146597,47.993692230088286,2520.0,54.84262602432499,3854.712774954338,100.0,100.0,True,,synthetic_cryptojacking,sim_user,unregistered_hash_benchmark,gpu:1,cryptojacking
100.9,2026-01-01 00:01:40.900000+00:00,,syn-attack-crypto-202,cryptojacking-steady-primary,steady,,0.58,0.5,0,10.0,286.5284295237326,93.6869773431987,47.23905342920455,2503.99063636166,54.73308174368837,3769.8611501150353,100.0,100.0,True,,synthetic_cryptojacking,sim_user,unregistered_hash_benchmark,gpu:1,cryptojacking
101.0,2026-01-01 00:01:41+00:00,,syn-attack-crypto-202,cryptojacking-steady-primary,steady,,0.58,0.5,0,10.0,287.0020610779562,93.53262375425085,55.778101894986946,2520.0,54.43813180201526,4273.3749009877165,100.0,100.0,True,,synthetic_cryptojacking,sim_user,unregistered_hash_benchmark,gpu:1,cryptojacking
101.1,2026-01-01 00:01:41.100000+00:00,,syn-attack-crypto-202,cryptojacking-steady-primary,steady,,0.58,0.5,0,10.0,286.3545609393193,97.22001089443472,51.04123755042928,2520.0,55.09208487333912,3875.5261295467526,100.0,100.0,True,,synthetic_cryptojacking,sim_user,unregistered_hash_benchmark,gpu:1,cryptojacking
101.2,2026-01-01 00:01:41.200000+00:00,,syn-attack-crypto-202,cryptojacking-steady-primary,steady,,0.58,0.5,0,10.0,286.7810921124525,96.13429772869036,49.73665427679557,2520.0,55.03991855765316,3875.3238911578014,100.0,100.0,True,,synthetic_cryptojacking,sim_user,unregistered_hash_benchmark,gpu:1,cryptojacking
101.3,2026-01-01 00:01:41.300000+00:00,,syn-attack-crypto-202,cryptojacking-steady-primary,steady,,0.58,0.5,0,10.0,287.29420018308053,97.19419104337753,55.56801915395607,2520.0,55.571709206230324,4411.942488279785,100.0,100.0,True,,synthetic_cryptojacking,sim_user,unregistered_hash_benchmark,gpu:1,cryptojacking
101.4,2026-01-01 00:01:41.400000+00:00,,syn-attack-crypto-202,cryptojacking-steady-primary,steady,,0.58,0.5,0,10.0,287.10044296745497,95.52382309062715,60.73071772543815,2520.0,55.12759450809862,4741.819005956144,100.0,100.0,True,,synthetic_cryptojacking,sim_user,unregistered_hash_benchmark,gpu:1,cryptojacking
101.5,2026-01-01 00:01:41.500000+00:00,,syn-attack-crypto-202,cryptojacking-steady-primary,steady,,0.58,0.5,0,10.0,285.7675629625026,97.11589777263107,52.50324033701625,2520.0,55.59048169444183,4097.018017902036,100.0,100.0,True,,synthetic_cryptojacking,sim_user,unregistered_hash_benchmark,gpu:1,cryptojacking
101.6,2026-01-01 00:01:41.600000+00:00,,syn-attack-crypto-202,cryptojacking-steady-primary,steady,,0.58,0.5,0,10.0,285.56472064531073,97.86184840738719,56.50583663661221,2520.0,55.70027266443951,4360.906189932364,100.0,100.0,True,,synthetic_cryptojacking,sim_user,unregistered_hash_benchmark,gpu:1,cryptojacking
101.7,2026-01-01 00:01:41.700000+00:00,,syn-attack-crypto-202,cryptojacking-steady-primary,steady,,0.58,0.5,0,10.0,284.64403074063955,96.40790264830389,58.672931810491555,2520.0,55.50393974042382,4677.963176587711,100.0,100.0,True,,synthetic_cryptojacking,sim_user,unregistered_hash_benchmark,gpu:1,cryptojacking
101.8,2026-01-01 00:01:41.800000+00:00,,syn-attack-crypto-202,cryptojacking-steady-primary,steady,,0.58,0.5,0,10.0,283.5857127309828,96.27676551173607,49.543113666923425,2520.0,55.21061739645251,4016.365042747587,100.0,100.0,True,,synthetic_cryptojacking,sim_user,unregistered_hash_benchmark,gpu:1,cryptojacking
101.9,2026-01-01 00:01:41.900000+00:00,,syn-attack-crypto-202,cryptojacking-steady-primary,steady,,0.58,0.5,0,10.0,283.574709200083,95.6998883265733,57.29109791365875,2520.0,55.28221477581564,4672.550249225871,100.0,100.0,True,,synthetic_cryptojacking,sim_user,unregistered_hash_benchmark,gpu:1,cryptojacking
102.0,2026-01-01 00:01:42+00:00,,syn-attack-crypto-202,cryptojacking-steady-primary,steady,,0.58,0.5,0,10.0,282.71378251944645,94.27263464721065,51.729122623578995,2494.8507256792495,54.862501704942105,4044.505652697803,100.0,100.0,True,,synthetic_cryptojacking,sim_user,unregistered_hash_benchmark,gpu:1,cryptojacking
102.1,2026-01-01 00:01:42.100000+00:00,,syn-attack-crypto-202,cryptojacking-steady-primary,steady,,0.58,0.5,0,10.0,282.92877122747063,95.92774480341404,51.397417252021874,2520.0,55.113932241311474,4126.927581246798,100.0,100.0,True,,synthetic_cryptojacking,sim_user,unregistered_hash_benchmark,gpu:1,cryptojacking
102.2,2026-01-01 00:01:42.200000+00:00,,syn-attack-crypto-202,cryptojacking-steady-primary,steady,,0.58,0.5,0,10.0,282.9290665303288,95.46388307605181,53.828841573890685,2520.0,54.59271257254817,4123.801138232543,100.0,100.0,True,,synthetic_cryptojacking,sim_user,unregistered_hash_benchmark,gpu:1,cryptojacking
102.3,2026-01-01 00:01:42.300000+00:00,,syn-attack-crypto-202,cryptojacking-steady-primary,steady,,0.58,0.5,0,10.0,282.6432737695804,97.42385659844146,54.961262676685806,2520.0,55.191800028559186,4229.318678072709,100.0,100.0,True,,synthetic_cryptojacking,sim_user,unregistered_hash_benchmark,gpu:1,cryptojacking
102.4,2026-01-01 00:01:42.400000+00:00,,syn-attack-crypto-202,cryptojacking-steady-primary,steady,,0.58,0.5,0,10.0,282.41409067233525,95.91409488542375,53.1589027695763,2520.0,54.72483533369023,4251.04469976265,100.0,100.0,True,,synthetic_cryptojacking,sim_user,unregistered_hash_benchmark,gpu:1,cryptojacking
102.5,2026-01-01 00:01:42.500000+00:00,,syn-attack-crypto-202,cryptojacking-steady-primary,steady,,0.58,0.5,0,10.0,281.9126281976802,96.93093583579427,49.77528569169939,2520.0,54.84536961807872,3873.0535498549802,100.0,100.0,True,,synthetic_cryptojacking,sim_user,unregistered_hash_benchmark,gpu:1,cryptojacking
102.6,2026-01-01 00:01:42.600000+00:00,,syn-attack-crypto-202,cryptojacking-steady-primary,steady,,0.58,0.5,0,10.0,282.723065573813,96.09516804801173,50.15682659718688,2520.0,54.79842874857377,3903.657539242161,100.0,100.0,True,,synthetic_cryptojacking,sim_user,unregistered_hash_benchmark,gpu:1,cryptojacking
102.7,2026-01-01 00:01:42.700000+00:00,,syn-attack-crypto-202,cryptojacking-steady-primary,steady,,0.58,0.5,0,10.0,282.5214815217073,96.46420529761042,47.63506176512864,2520.0,54.67996100600578,3710.556590133284,100.0,100.0,True,,synthetic_cryptojacking,sim_user,unregistered_hash_benchmark,gpu:1,cryptojacking
102.8,2026-01-01 00:01:42.800000+00:00,,syn-attack-crypto-202,cryptojacking-steady-primary,steady,,0.58,0.5,0,10.0,283.8224505831869,93.95954148047198,48.01313468320466,2520.0,53.712626751950296,3806.8802397670856,100.0,100.0,True,,synthetic_cryptojacking,sim_user,unregistered_hash_benchmark,gpu:1,cryptojacking
102.9,2026-01-01 00:01:42.900000+00:00,,syn-attack-crypto-202,cryptojacking-steady-primary,steady,,0.58,0.5,0,10.0,284.40903888287943,95.4767607818412,49.00627999356306,2520.0,54.38441599361183,3970.243231978448,100.0,100.0,True,,synthetic_cryptojacking,sim_user,unregistered_hash_benchmark,gpu:1,cryptojacking
103.0,2026-01-01 00:01:43+00:00,,syn-attack-crypto-202,cryptojacking-steady-primary,steady,,0.58,0.5,0,10.0,285.3199569586801,94.02696650554782,48.794836122493116,2510.2926731823395,53.72943715813604,3859.64396100759,100.0,100.0,True,,synthetic_cryptojacking,sim_user,unregistered_hash_benchmark,gpu:1,cryptojacking
103.1,2026-01-01 00:01:43.100000+00:00,,syn-attack-crypto-202,cryptojacking-steady-primary,steady,,0.58,0.5,0,10.0,286.41139794161745,97.37412641743694,55.326843727815984,2520.0,54.953133432950374,4420.319479533582,100.0,100.0,True,,synthetic_cryptojacking,sim_user,unregistered_hash_benchmark,gpu:1,cryptojacking
103.2,2026-01-01 00:01:43.200000+00:00,,syn-attack-crypto-202,cryptojacking-steady-primary,steady,,0.58,0.5,0,10.0,286.43552222449273,99.06246668853473,53.1241129539903,2520.0,55.75122505040075,4137.753204584066,100.0,100.0,True,,synthetic_cryptojacking,sim_user,unregistered_hash_benchmark,gpu:1,cryptojacking
103.3,2026-01-01 00:01:43.300000+00:00,,syn-attack-crypto-202,cryptojacking-steady-primary,steady,,0.58,0.5,0,10.0,286.08507016788406,96.14332251866472,51.68755697274198,2520.0,54.983597110466285,4155.150950431735,100.0,100.0,True,,synthetic_cryptojacking,sim_user,unregistered_hash_benchmark,gpu:1,cryptojacking
103.4,2026-01-01 00:01:43.400000+00:00,,syn-attack-crypto-202,cryptojacking-steady-primary,steady,,0.58,0.5,0,10.0,285.80728247365585,95.85086632519045,52.07930677064017,2520.0,54.89157391243174,4152.655549213847,100.0,100.0,True,,synthetic_cryptojacking,sim_user,unregistered_hash_benchmark,gpu:1,cryptojacking
103.5,2026-01-01 00:01:43.500000+00:00,,syn-attack-crypto-202,cryptojacking-steady-primary,steady,,0.58,0.5,0,10.0,285.9717294494107,95.49631366010425,48.51625331868644,2520.0,54.667346134624594,3878.248809842783,100.0,100.0,True,,synthetic_cryptojacking,sim_user,unregistered_hash_benchmark,gpu:1,cryptojacking
103.6,2026-01-01 00:01:43.600000+00:00,,syn-attack-crypto-202,cryptojacking-steady-primary,steady,,0.58,0.5,0,10.0,286.5059020354005,93.64032345524234,55.09729779236426,2520.0,54.34038582577854,4443.79931149129,100.0,100.0,True,,synthetic_cryptojacking,sim_user,unregistered_hash_benchmark,gpu:1,cryptojacking
103.7,2026-01-01 00:01:43.700000+00:00,,syn-attack-crypto-202,cryptojacking-steady-primary,steady,,0.58,0.5,0,10.0,285.178755834518,94.66957711494358,47.598811925469505,2520.0,54.97033930783683,3851.7822129106335,100.0,100.0,True,,synthetic_cryptojacking,sim_user,unregistered_hash_benchmark,gpu:1,cryptojacking
103.8,2026-01-01 00:01:43.800000+00:00,,syn-attack-crypto-202,cryptojacking-steady-primary,steady,,0.58,0.5,0,10.0,285.76814147608934,94.70475858139105,58.1158938122283,2518.1055910485425,55.06928381113809,4589.75691681868,100.0,100.0,True,,synthetic_cryptojacking,sim_user,unregistered_hash_benchmark,gpu:1,cryptojacking
103.9,2026-01-01 00:01:43.900000+00:00,,syn-attack-crypto-202,cryptojacking-steady-primary,steady,,0.58,0.5,0,10.0,284.3139684692523,93.09475752655257,52.6994805458432,2520.0,54.886160082007976,4098.065680579725,100.0,100.0,True,,synthetic_cryptojacking,sim_user,unregistered_hash_benchmark,gpu:1,cryptojacking
104.0,2026-01-01 00:01:44+00:00,,syn-attack-crypto-202,cryptojacking-steady-primary,steady,,0.58,0.5,0,10.0,284.04406172409375,95.80269704005376,57.20162400262608,2520.0,55.34817967768294,4616.250777910607,100.0,100.0,True,,synthetic_cryptojacking,sim_user,unregistered_hash_benchmark,gpu:1,cryptojacking
104.1,2026-01-01 00:01:44.100000+00:00,,syn-attack-crypto-202,cryptojacking-steady-primary,steady,,0.58,0.5,0,10.0,283.0219793023469,98.79707240972547,61.023075019639464,2520.0,55.965657080112685,4761.822330419772,100.0,100.0,True,,synthetic_cryptojacking,sim_user,unregistered_hash_benchmark,gpu:1,cryptojacking
104.2,2026-01-01 00:01:44.200000+00:00,,syn-attack-crypto-202,cryptojacking-steady-primary,steady,,0.58,0.5,0,10.0,282.4886469388246,98.85011219585326,56.35092959524722,2520.0,55.764073961385655,4565.294328577461,100.0,100.0,True,,synthetic_cryptojacking,sim_user,unregistered_hash_benchmark,gpu:1,cryptojacking
104.3,2026-01-01 00:01:44.300000+00:00,,syn-attack-crypto-202,cryptojacking-steady-primary,steady,,0.58,0.5,0,10.0,281.6151601360122,95.95248286170643,48.32964375107818,2520.0,55.086898218766905,4024.4236330702506,100.0,100.0,True,,synthetic_cryptojacking,sim_user,unregistered_hash_benchmark,gpu:1,cryptojacking
104.4,2026-01-01 00:01:44.400000+00:00,,syn-attack-crypto-202,cryptojacking-steady-primary,steady,,0.58,0.5,0,10.0,282.8498759730378,95.53413457578512,48.907971894950194,2520.0,54.78465733407202,4046.4671722288786,100.0,100.0,True,,synthetic_cryptojacking,sim_user,unregistered_hash_benchmark,gpu:1,cryptojacking
104.5,2026-01-01 00:01:44.500000+00:00,,syn-attack-crypto-202,cryptojacking-steady-primary,steady,,0.58,0.5,0,10.0,283.2951883626324,95.51324490881099,53.340748378274434,2520.0,54.753969626444544,4359.050541928876,100.0,100.0,True,,synthetic_cryptojacking,sim_user,unregistered_hash_benchmark,gpu:1,cryptojacking
104.6,2026-01-01 00:01:44.600000+00:00,,syn-attack-crypto-202,cryptojacking-steady-primary,steady,,0.58,0.5,0,10.0,284.70340301351234,95.70260491995556,53.33043226831473,2520.0,54.38001641445415,4138.928558496235,100.0,100.0,True,,synthetic_cryptojacking,sim_user,unregistered_hash_benchmark,gpu:1,cryptojacking
104.7,2026-01-01 00:01:44.700000+00:00,,syn-attack-crypto-202,cryptojacking-steady-primary,steady,,0.58,0.5,0,10.0,284.7892850301574,96.24018366627418,44.84833434066533,2520.0,54.28158475107577,3602.979897770898,100.0,100.0,True,,synthetic_cryptojacking,sim_user,unregistered_hash_benchmark,gpu:1,cryptojacking
104.8,2026-01-01 00:01:44.800000+00:00,,syn-attack-crypto-202,cryptojacking-steady-primary,steady,,0.58,0.5,0,10.0,285.7404546344166,94.18649498683742,52.51971040083939,2520.0,53.60027429545837,4072.725302458298,100.0,100.0,True,,synthetic_cryptojacking,sim_user,unregistered_hash_benchmark,gpu:1,cryptojacking
104.9,2026-01-01 00:01:44.900000+00:00,,syn-attack-crypto-202,cryptojacking-steady-primary,steady,,0.58,0.5,0,10.0,285.3241270412428,97.23728697245213,46.71206196714563,2520.0,54.84792059784062,3629.4834146516623,100.0,100.0,True,,synthetic_cryptojacking,sim_user,unregistered_hash_benchmark,gpu:1,cryptojacking
105.0,2026-01-01 00:01:45+00:00,,syn-attack-crypto-202,cryptojacking-steady-primary,steady,,0.58,0.5,0,10.0,285.2611556996652,95.26588023288964,51.518418676933486,2520.0,54.346163627644856,3995.746307485448,100.0,100.0,True,,synthetic_cryptojacking,sim_user,unregistered_hash_benchmark,gpu:1,cryptojacking
105.1,2026-01-01 00:01:45.100000+00:00,,syn-attack-crypto-202,cryptojacking-steady-primary,steady,,0.58,0.5,0,10.0,285.30138813638075,95.44947863188219,48.0130285667595,2520.0,54.57411492502576,3760.038155702759,100.0,100.0,True,,synthetic_cryptojacking,sim_user,unregistered_hash_benchmark,gpu:1,cryptojacking
105.2,2026-01-01 00:01:45.200000+00:00,,syn-attack-crypto-202,cryptojacking-steady-primary,steady,,0.58,0.5,0,10.0,285.9791109669135,97.21649053297087,55.46043018842814,2520.0,54.99694271400279,4306.689074182996,100.0,100.0,True,,synthetic_cryptojacking,sim_user,unregistered_hash_benchmark,gpu:1,cryptojacking
105.3,2026-01-01 00:01:45.300000+00:00,,syn-attack-crypto-202,cryptojacking-steady-primary,steady,,0.58,0.5,0,10.0,286.08352718926415,96.44528361821469,47.34159001279681,2520.0,54.865836967056616,3956.9245816564453,100.0,100.0,True,,synthetic_cryptojacking,sim_user,unregistered_hash_benchmark,gpu:1,cryptojacking
105.4,2026-01-01 00:01:45.400000+00:00,,syn-attack-crypto-202,cryptojacking-steady-primary,steady,,0.58,0.5,0,10.0,286.1151519237685,97.2533931742539,59.91064378880492,2520.0,55.387023516998504,4549.913487481193,100.0,100.0,True,,synthetic_cryptojacking,sim_user,unregistered_hash_benchmark,gpu:1,cryptojacking
105.5,2026-01-01 00:01:45.500000+00:00,,syn-attack-crypto-202,cryptojacking-steady-primary,steady,,0.58,0.5,0,10.0,286.0068724666478,94.13871826780056,52.059241953991055,2520.0,54.66335926811745,4214.134349392622,100.0,100.0,True,,synthetic_cryptojacking,sim_user,unregistered_hash_benchmark,gpu:1,cryptojacking
105.6,2026-01-01 00:01:45.600000+00:00,,syn-attack-crypto-202,cryptojacking-steady-primary,steady,,0.58,0.5,0,10.0,286.056359447994,93.36725304235816,64.5527417794689,2520.0,54.54616844095384,4805.2729430165755,100.0,100.0,True,,synthetic_cryptojacking,sim_user,unregistered_hash_benchmark,gpu:1,cryptojacking
105.7,2026-01-01 00:01:45.700000+00:00,,syn-attack-crypto-202,cryptojacking-steady-primary,steady,,0.58,0.5,0,10.0,284.7245020076422,94.96197529163767,53.67884771921609,2520.0,55.03178621856617,4159.962988091189,100.0,100.0,True,,synthetic_cryptojacking,sim_user,unregistered_hash_benchmark,gpu:1,cryptojacking
105.8,2026-01-01 00:01:45.800000+00:00,,syn-attack-crypto-202,cryptojacking-steady-primary,steady,,0.58,0.5,0,10.0,284.799475601984,98.07960567677362,54.23030896392124,2520.0,55.64825730630898,4286.225026788187,100.0,100.0,True,,synthetic_cryptojacking,sim_user,unregistered_hash_benchmark,gpu:1,cryptojacking
105.9,2026-01-01 00:01:45.900000+00:00,,syn-attack-crypto-202,cryptojacking-steady-primary,steady,,0.58,0.5,0,10.0,284.6969703648388,94.44130317349405,48.996172083570876,2520.0,54.537421940769704,3963.3160653775994,100.0,100.0,True,,synthetic_cryptojacking,sim_user,unregistered_hash_benchmark,gpu:1,cryptojacking
106.0,2026-01-01 00:01:46+00:00,,syn-attack-crypto-202,cryptojacking-steady-primary,steady,,0.58,0.5,0,10.0,285.44922496408685,95.05982356822788,44.9603092889398,2520.0,54.744926694281205,3663.8829227249585,100.0,100.0,True,,synthetic_cryptojacking,sim_user,unregistered_hash_benchmark,gpu:1,cryptojacking
106.1,2026-01-01 00:01:46.100000+00:00,,syn-attack-crypto-202,cryptojacking-steady-primary,steady,,0.58,0.5,0,10.0,285.66690457949835,95.52370004191916,52.014265014996234,2520.0,54.90358961336195,4258.042664696073,100.0,100.0,True,,synthetic_cryptojacking,sim_user,unregistered_hash_benchmark,gpu:1,cryptojacking
106.2,2026-01-01 00:01:46.200000+00:00,,syn-attack-crypto-202,cryptojacking-steady-primary,steady,,0.58,0.5,0,10.0,285.4828483306737,95.80446897660597,54.17223416504552,2520.0,54.99802758310711,4150.645508911331,100.0,100.0,True,,synthetic_cryptojacking,sim_user,unregistered_hash_benchmark,gpu:1,cryptojacking
106.3,2026-01-01 00:01:46.300000+00:00,,syn-attack-crypto-202,cryptojacking-steady-primary,steady,,0.58,0.5,0,10.0,285.57761698766035,96.27542699694988,55.86170800030271,2520.0,54.945995913712466,4483.5425466189645,100.0,100.0,True,,synthetic_cryptojacking,sim_user,unregistered_hash_benchmark,gpu:1,cryptojacking
106.4,2026-01-01 00:01:46.400000+00:00,,syn-attack-crypto-202,cryptojacking-steady-primary,steady,,0.58,0.5,0,10.0,285.44165459425506,98.38703866868254,48.68785295419244,2520.0,55.31383878665684,3769.176710034753,100.0,100.0,True,,synthetic_cryptojacking,sim_user,unregistered_hash_benchmark,gpu:1,cryptojacking
106.5,2026-01-01 00:01:46.500000+00:00,,syn-attack-crypto-202,cryptojacking-steady-primary,steady,,0.58,0.5,0,10.0,286.10263371615014,96.31003957003311,58.43894008382138,2520.0,54.71604517373201,4609.232600487911,100.0,100.0,True,,synthetic_cryptojacking,sim_user,unregistered_hash_benchmark,gpu:1,cryptojacking
106.6,2026-01-01 00:01:46.600000+00:00,,syn-attack-crypto-202,cryptojacking-steady-primary,steady,,0.58,0.5,0,10.0,285.7088096975309,94.90254981639958,52.91483474156687,2505.775292478769,54.51002332887964,3957.6571939575,100.0,100.0,True,,synthetic_cryptojacking,sim_user,unregistered_hash_benchmark,gpu:1,cryptojacking
106.7,2026-01-01 00:01:46.700000+00:00,,syn-attack-crypto-202,cryptojacking-steady-primary,steady,,0.58,0.5,0,10.0,286.37782349022206,96.58857397542799,54.60412281756137,2520.0,55.103238538227416,4279.391884610906,100.0,100.0,True,,synthetic_cryptojacking,sim_user,unregistered_hash_benchmark,gpu:1,cryptojacking
106.8,2026-01-01 00:01:46.800000+00:00,,syn-attack-crypto-202,cryptojacking-steady-primary,steady,,0.58,0.5,0,10.0,286.1438753874064,94.24319728443191,53.943287445460875,2520.0,54.26619829206176,4106.127965465361,100.0,100.0,True,,synthetic_cryptojacking,sim_user,unregistered_hash_benchmark,gpu:1,cryptojacking
106.9,2026-01-01 00:01:46.900000+00:00,,syn-attack-crypto-202,cryptojacking-steady-primary,steady,,0.58,0.5,0,10.0,285.9078819686877,95.16869708387732,51.727263150950726,2520.0,54.31898980072029,3893.1216183274473,100.0,100.0,True,,synthetic_cryptojacking,sim_user,unregistered_hash_benchmark,gpu:1,cryptojacking
107.0,2026-01-01 00:01:47+00:00,,syn-attack-crypto-202,cryptojacking-steady-primary,steady,,0.58,0.5,0,10.0,286.2717109450543,97.37623149365251,57.23022313304063,2520.0,54.946885036192576,4530.631543075522,100.0,100.0,True,,synthetic_cryptojacking,sim_user,unregistered_hash_benchmark,gpu:1,cryptojacking
107.1,2026-01-01 00:01:47.100000+00:00,,syn-attack-crypto-202,cryptojacking-steady-primary,steady,,0.58,0.5,0,10.0,286.1949623520918,97.79664188593061,48.38113997929777,2520.0,55.067334029604076,3841.567522852654,100.0,100.0,True,,synthetic_cryptojacking,sim_user,unregistered_hash_benchmark,gpu:1,cryptojacking
107.2,2026-01-01 00:01:47.200000+00:00,,syn-attack-crypto-202,cryptojacking-steady-primary,steady,,0.58,0.5,0,10.0,286.5745651767546,99.02302499763115,52.3191987509805,2520.0,55.469326445725684,3986.5003586016674,100.0,100.0,True,,synthetic_cryptojacking,sim_user,unregistered_hash_benchmark,gpu:1,cryptojacking
107.3,2026-01-01 00:01:47.300000+00:00,,syn-attack-crypto-202,cryptojacking-steady-primary,steady,,0.58,0.5,0,10.0,286.8313318886804,96.4406164786347,55.35607947264429,2520.0,55.11566718383426,4142.943203531298,100.0,100.0,True,,synthetic_cryptojacking,sim_user,unregistered_hash_benchmark,gpu:1,cryptojacking
107.4,2026-01-01 00:01:47.400000+00:00,,syn-attack-crypto-202,cryptojacking-steady-primary,steady,,0.58,0.5,0,10.0,286.9114814378864,96.51887264104423,54.799134042587774,2520.0,55.20097155584234,4242.643097561246,100.0,100.0,True,,synthetic_cryptojacking,sim_user,unregistered_hash_benchmark,gpu:1,cryptojacking
107.5,2026-01-01 00:01:47.500000+00:00,,syn-attack-crypto-202,cryptojacking-steady-primary,steady,,0.58,0.5,0,10.0,286.36217429048554,95.54870917453727,52.94338800508913,2520.0,54.831550986486,4166.303001393419,100.0,100.0,True,,synthetic_cryptojacking,sim_user,unregistered_hash_benchmark,gpu:1,cryptojacking
107.6,2026-01-01 00:01:47.600000+00:00,,syn-attack-crypto-202,cryptojacking-steady-primary,steady,,0.58,0.5,0,10.0,286.8748876829803,96.89696114474015,55.29609558606127,2520.0,55.02311270749479,4500.064971266873,100.0,100.0,True,,synthetic_cryptojacking,sim_user,unregistered_hash_benchmark,gpu:1,cryptojacking
107.7,2026-01-01 00:01:47.700000+00:00,,syn-attack-crypto-202,cryptojacking-steady-primary,steady,,0.58,0.5,0,10.0,286.34952863244246,94.44522687949426,58.550628501950854,2520.0,54.334524349430986,4542.969963752564,100.0,100.0,True,,synthetic_cryptojacking,sim_user,unregistered_hash_benchmark,gpu:1,cryptojacking
107.8,2026-01-01 00:01:47.800000+00:00,,syn-attack-crypto-202,cryptojacking-steady-primary,steady,,0.58,0.5,0,10.0,285.45023298766677,95.93087531570905,52.183645249938564,2520.0,54.89239048008745,4148.108346294027,100.0,100.0,True,,synthetic_cryptojacking,sim_user,unregistered_hash_benchmark,gpu:1,cryptojacking
107.9,2026-01-01 00:01:47.900000+00:00,,syn-attack-crypto-202,cryptojacking-steady-primary,steady,,0.58,0.5,0,10.0,286.020075450914,96.80794098546212,53.27715439630268,2520.0,55.28389759386669,4210.369925659423,100.0,100.0,True,,synthetic_cryptojacking,sim_user,unregistered_hash_benchmark,gpu:1,cryptojacking
108.0,2026-01-01 00:01:48+00:00,,syn-attack-crypto-202,cryptojacking-steady-primary,steady,,0.58,0.5,0,10.0,286.6263392995726,94.61422182607028,54.62399675118285,2520.0,54.82005157270445,4254.488818873283,100.0,100.0,True,,synthetic_cryptojacking,sim_user,unregistered_hash_benchmark,gpu:1,cryptojacking
108.1,2026-01-01 00:01:48.100000+00:00,,syn-attack-crypto-202,cryptojacking-steady-primary,steady,,0.58,0.5,0,10.0,286.5878242605584,94.76392320192626,55.118065954521434,2520.0,54.791237174210835,4287.218587232999,100.0,100.0,True,,synthetic_cryptojacking,sim_user,unregistered_hash_benchmark,gpu:1,cryptojacking
108.2,2026-01-01 00:01:48.200000+00:00,,syn-attack-crypto-202,cryptojacking-steady-primary,steady,,0.58,0.5,0,10.0,285.7220237115987,94.65249528304042,49.992364204740994,2520.0,54.574758391682934,4030.9182170567524,100.0,100.0,True,,synthetic_cryptojacking,sim_user,unregistered_hash_benchmark,gpu:1,cryptojacking
108.3,2026-01-01 00:01:48.300000+00:00,,syn-attack-crypto-202,cryptojacking-steady-primary,steady,,0.58,0.5,0,10.0,285.532137407968,95.70485491792726,52.753752272090054,2520.0,54.582080302679,4101.399669358425,100.0,100.0,True,,synthetic_cryptojacking,sim_user,unregistered_hash_benchmark,gpu:1,cryptojacking
108.4,2026-01-01 00:01:48.400000+00:00,,syn-attack-crypto-202,cryptojacking-steady-primary,steady,,0.58,0.5,0,10.0,285.0706238453477,97.44641333708881,56.614583777806715,2520.0,55.0304717805958,4262.064188717125,100.0,100.0,True,,synthetic_cryptojacking,sim_user,unregistered_hash_benchmark,gpu:1,cryptojacking
108.5,2026-01-01 00:01:48.500000+00:00,,syn-attack-crypto-202,cryptojacking-steady-primary,steady,,0.58,0.5,0,10.0,284.79128374776417,96.50059216707899,49.95517688477939,2520.0,54.915898812147134,3965.7219138929595,100.0,100.0,True,,synthetic_cryptojacking,sim_user,unregistered_hash_benchmark,gpu:1,cryptojacking
108.6,2026-01-01 00:01:48.600000+00:00,,syn-attack-crypto-202,cryptojacking-steady-primary,steady,,0.58,0.5,0,10.0,285.42655668420093,96.40900186071892,57.92842683644248,2520.0,55.0961364494947,4406.375554142547,100.0,100.0,True,,synthetic_cryptojacking,sim_user,unregistered_hash_benchmark,gpu:1,cryptojacking
108.7,2026-01-01 00:01:48.700000+00:00,,syn-attack-crypto-202,cryptojacking-steady-primary,steady,,0.58,0.5,0,10.0,284.547157244164,95.55358878340004,49.934081142591694,2520.0,54.8026535783598,4136.760192849474,100.0,100.0,True,,synthetic_cryptojacking,sim_user,unregistered_hash_benchmark,gpu:1,cryptojacking
108.8,2026-01-01 00:01:48.800000+00:00,,syn-attack-crypto-202,cryptojacking-steady-primary,steady,,0.58,0.5,0,10.0,285.1763685750008,95.16395767486782,51.03212876538021,2520.0,54.560581463274644,4135.4036056973255,100.0,100.0,True,,synthetic_cryptojacking,sim_user,unregistered_hash_benchmark,gpu:1,cryptojacking
108.9,2026-01-01 00:01:48.900000+00:00,,syn-attack-crypto-202,cryptojacking-steady-primary,steady,,0.58,0.5,0,10.0,285.51724155386836,93.95457887887625,56.111295886256556,2520.0,53.94060646218093,4460.82542147724,100.0,100.0,True,,synthetic_cryptojacking,sim_user,unregistered_hash_benchmark,gpu:1,cryptojacking
109.0,2026-01-01 00:01:49+00:00,,syn-attack-crypto-202,cryptojacking-steady-primary,steady,,0.58,0.5,0,10.0,285.0211391634006,96.2521592150384,58.30659629076456,2520.0,54.56645230753645,4505.944211516241,100.0,100.0,True,,synthetic_cryptojacking,sim_user,unregistered_hash_benchmark,gpu:1,cryptojacking
109.1,2026-01-01 00:01:49.100000+00:00,,syn-attack-crypto-202,cryptojacking-steady-primary,steady,,0.58,0.5,0,10.0,284.3310596533382,96.99650773007312,55.595321655060154,2520.0,55.01111790174069,4202.715665010268,100.0,100.0,True,,synthetic_cryptojacking,sim_user,unregistered_hash_benchmark,gpu:1,cryptojacking
109.2,2026-01-01 00:01:49.200000+00:00,,syn-attack-crypto-202,cryptojacking-steady-primary,steady,,0.58,0.5,0,10.0,283.09660480849806,96.72790324109296,48.579210145217274,2520.0,55.01776374457942,3875.3844737345626,100.0,100.0,True,,synthetic_cryptojacking,sim_user,unregistered_hash_benchmark,gpu:1,cryptojacking
109.3,2026-01-01 00:01:49.300000+00:00,,syn-attack-crypto-202,cryptojacking-steady-primary,steady,,0.58,0.5,0,10.0,283.4027909211044,97.60750998086048,49.94662281659165,2520.0,55.419889535559975,3977.1753261806384,100.0,100.0,True,,synthetic_cryptojacking,sim_user,unregistered_hash_benchmark,gpu:1,cryptojacking
109.4,2026-01-01 00:01:49.400000+00:00,,syn-attack-crypto-202,cryptojacking-steady-primary,steady,,0.58,0.5,0,10.0,284.1030781867976,97.1442753791343,49.484114174695605,2520.0,55.34204997179581,3988.9554927104236,100.0,100.0,True,,synthetic_cryptojacking,sim_user,unregistered_hash_benchmark,gpu:1,cryptojacking
109.5,2026-01-01 00:01:49.500000+00:00,,syn-attack-crypto-202,cryptojacking-steady-primary,steady,,0.58,0.5,0,10.0,284.0364515797021,97.72989939267981,54.31230824964694,2520.0,55.25857312249573,4194.274253989404,100.0,100.0,True,,synthetic_cryptojacking,sim_user,unregistered_hash_benchmark,gpu:1,cryptojacking
109.6,2026-01-01 00:01:49.600000+00:00,,syn-attack-crypto-202,cryptojacking-steady-primary,steady,,0.58,0.5,0,10.0,283.14149319323155,96.26157630250451,55.414119999907,2520.0,54.81818667534302,4376.813478742584,100.0,100.0,True,,synthetic_cryptojacking,sim_user,unregistered_hash_benchmark,gpu:1,cryptojacking
109.7,2026-01-01 00:01:49.700000+00:00,,syn-attack-crypto-202,cryptojacking-steady-primary,steady,,0.58,0.5,0,10.0,283.19286365437614,96.03537673358585,49.984217944193865,2520.0,54.893409410650946,4005.99549973052,100.0,100.0,True,,synthetic_cryptojacking,sim_user,unregistered_hash_benchmark,gpu:1,cryptojacking
109.8,2026-01-01 00:01:49.800000+00:00,,syn-attack-crypto-202,cryptojacking-steady-primary,steady,,0.58,0.5,0,10.0,283.1213730229876,95.771323969776,55.5908952064629,2520.0,54.83150278304268,4303.581194037755,100.0,100.0,True,,synthetic_cryptojacking,sim_user,unregistered_hash_benchmark,gpu:1,cryptojacking
109.9,2026-01-01 00:01:49.900000+00:00,,syn-attack-crypto-202,cryptojacking-steady-primary,steady,,0.58,0.5,0,10.0,282.6811336947421,97.03192190887853,55.05919130812016,2520.0,55.44937790907499,4285.425962041633,100.0,100.0,True,,synthetic_cryptojacking,sim_user,unregistered_hash_benchmark,gpu:1,cryptojacking
110.0,2026-01-01 00:01:50+00:00,,syn-attack-crypto-202,cryptojacking-steady-primary,steady,,0.58,0.5,0,10.0,281.96647243006163,96.15136119298707,52.95382512290124,2520.0,54.72046511601494,4055.5108248535626,100.0,100.0,True,,synthetic_cryptojacking,sim_user,unregistered_hash_benchmark,gpu:1,cryptojacking
110.1,2026-01-01 00:01:50.100000+00:00,,syn-attack-crypto-202,cryptojacking-steady-primary,steady,,0.58,0.5,0,10.0,282.0898221628477,96.84641817033443,52.560739027627996,2520.0,54.99620223847053,4127.922140495818,100.0,100.0,True,,synthetic_cryptojacking,sim_user,unregistered_hash_benchmark,gpu:1,cryptojacking
110.2,2026-01-01 00:01:50.200000+00:00,,syn-attack-crypto-202,cryptojacking-steady-primary,steady,,0.58,0.5,0,10.0,282.38882637310866,96.95921061087378,44.71160560490765,2520.0,54.826615788084,3609.1112950856764,100.0,100.0,True,,synthetic_cryptojacking,sim_user,unregistered_hash_benchmark,gpu:1,cryptojacking
110.3,2026-01-01 00:01:50.300000+00:00,,syn-attack-crypto-202,cryptojacking-steady-primary,steady,,0.58,0.5,0,10.0,283.8794182948366,95.28835562456344,50.48189674706143,2520.0,54.42663481165291,4012.884223382543,100.0,100.0,True,,synthetic_cryptojacking,sim_user,unregistered_hash_benchmark,gpu:1,cryptojacking
110.4,2026-01-01 00:01:50.400000+00:00,,syn-attack-crypto-202,cryptojacking-steady-primary,steady,,0.58,0.5,0,10.0,283.8188421283243,96.75389090957921,55.639660265487386,2520.0,55.14823190655737,4500.935634717099,100.0,100.0,True,,synthetic_cryptojacking,sim_user,unregistered_hash_benchmark,gpu:1,cryptojacking
110.5,2026-01-01 00:01:50.500000+00:00,,syn-attack-crypto-202,cryptojacking-steady-primary,steady,,0.58,0.5,0,10.0,284.31890966945275,95.61760708850937,48.058132472411415,2520.0,54.92316867726038,3791.6810882779027,100.0,100.0,True,,synthetic_cryptojacking,sim_user,unregistered_hash_benchmark,gpu:1,cryptojacking
110.6,2026-01-01 00:01:50.600000+00:00,,syn-attack-crypto-202,cryptojacking-steady-primary,steady,,0.58,0.5,0,10.0,283.8497103129363,96.10621326784394,45.54364708004651,2520.0,54.84351096846679,3639.7708366032575,100.0,100.0,True,,synthetic_cryptojacking,sim_user,unregistered_hash_benchmark,gpu:1,cryptojacking
110.7,2026-01-01 00:01:50.700000+00:00,,syn-attack-crypto-202,cryptojacking-steady-primary,steady,,0.58,0.5,0,10.0,284.8780914068612,94.07489995201905,54.66350806521247,2520.0,54.32773046158698,4424.3613423673705,100.0,100.0,True,,synthetic_cryptojacking,sim_user,unregistered_hash_benchmark,gpu:1,cryptojacking
110.8,2026-01-01 00:01:50.800000+00:00,,syn-attack-crypto-202,cryptojacking-steady-primary,steady,,0.58,0.5,0,10.0,284.5879385622436,96.02361045562802,49.34862893509786,2520.0,54.96305231015949,3804.4576935961522,100.0,100.0,True,,synthetic_cryptojacking,sim_user,unregistered_hash_benchmark,gpu:1,cryptojacking
110.9,2026-01-01 00:01:50.900000+00:00,,syn-attack-crypto-202,cryptojacking-steady-primary,steady,,0.58,0.5,0,10.0,284.40700576816283,96.19172481358864,51.9480095819992,2520.0,55.34591028289464,4028.0496303800883,100.0,100.0,True,,synthetic_cryptojacking,sim_user,unregistered_hash_benchmark,gpu:1,cryptojacking
111.0,2026-01-01 00:01:51+00:00,,syn-attack-crypto-202,cryptojacking-steady-primary,steady,,0.58,0.5,0,10.0,284.88105583505654,96.49366490968673,48.47413082937667,2520.0,55.28970714422366,3859.339772000264,100.0,100.0,True,,synthetic_cryptojacking,sim_user,unregistered_hash_benchmark,gpu:1,cryptojacking
111.1,2026-01-01 00:01:51.100000+00:00,,syn-attack-crypto-202,cryptojacking-steady-primary,steady,,0.58,0.5,0,10.0,284.84692962905814,95.84263160687935,53.86950149905985,2520.0,55.13514143819946,4383.203362153294,100.0,100.0,True,,synthetic_cryptojacking,sim_user,unregistered_hash_benchmark,gpu:1,cryptojacking
111.2,2026-01-01 00:01:51.200000+00:00,,syn-attack-crypto-202,cryptojacking-steady-primary,steady,,0.58,0.5,0,10.0,284.8608893292198,97.47934835891309,55.54008768164231,2520.0,55.52532436133755,4349.700128810377,100.0,100.0,True,,synthetic_cryptojacking,sim_user,unregistered_hash_benchmark,gpu:1,cryptojacking
111.3,2026-01-01 00:01:51.300000+00:00,,syn-attack-crypto-202,cryptojacking-steady-primary,steady,,0.58,0.5,0,10.0,284.82240688707486,95.60155155211794,57.082102033798314,2520.0,54.90199936649801,4483.313136504326,100.0,100.0,True,,synthetic_cryptojacking,sim_user,unregistered_hash_benchmark,gpu:1,cryptojacking
111.4,2026-01-01 00:01:51.400000+00:00,,syn-attack-crypto-202,cryptojacking-steady-primary,steady,,0.58,0.5,0,10.0,284.6767032434286,93.85225262863808,49.158969833993886,2520.0,54.41465546019547,3838.446120257011,100.0,100.0,True,,synthetic_cryptojacking,sim_user,unregistered_hash_benchmark,gpu:1,cryptojacking
111.5,2026-01-01 00:01:51.500000+00:00,,syn-attack-crypto-202,cryptojacking-steady-primary,steady,,0.58,0.5,0,10.0,285.26834799252015,94.35750912333148,58.72224464498136,2520.0,54.470210350720485,4675.330719032138,100.0,100.0,True,,synthetic_cryptojacking,sim_user,unregistered_hash_benchmark,gpu:1,cryptojacking
111.6,2026-01-01 00:01:51.600000+00:00,,syn-attack-crypto-202,cryptojacking-steady-primary,steady,,0.58,0.5,0,10.0,283.5679684949859,97.46381349897376,44.94459166082198,2520.0,55.28934440737081,3483.065204965053,100.0,100.0,True,,synthetic_cryptojacking,sim_user,unregistered_hash_benchmark,gpu:1,cryptojacking
111.7,2026-01-01 00:01:51.700000+00:00,,syn-attack-crypto-202,cryptojacking-steady-primary,steady,,0.58,0.5,0,10.0,284.0939465305357,93.4495464437196,53.13223395331745,2490.0899096935455,54.05038736486498,4120.984531951491,100.0,100.0,True,,synthetic_cryptojacking,sim_user,unregistered_hash_benchmark,gpu:1,cryptojacking
111.8,2026-01-01 00:01:51.800000+00:00,,syn-attack-crypto-202,cryptojacking-steady-primary,steady,,0.58,0.5,0,10.0,283.9834468414517,95.38986070582467,52.83339144717058,2520.0,54.519731575328926,4070.1232820720875,100.0,100.0,True,,synthetic_cryptojacking,sim_user,unregistered_hash_benchmark,gpu:1,cryptojacking
111.9,2026-01-01 00:01:51.900000+00:00,,syn-attack-crypto-202,cryptojacking-steady-primary,steady,,0.58,0.5,0,10.0,283.07425624200386,93.8871426539624,46.58136305627106,2520.0,54.13652618104089,3757.3477121337705,100.0,100.0,True,,synthetic_cryptojacking,sim_user,unregistered_hash_benchmark,gpu:1,cryptojacking
112.0,2026-01-01 00:01:52+00:00,,syn-attack-crypto-202,cryptojacking-steady-primary,steady,,0.58,0.5,0,10.0,284.1532499410812,94.49137121048254,55.1844556889557,2520.0,54.27837035068405,4338.896793051766,100.0,100.0,True,,synthetic_cryptojacking,sim_user,unregistered_hash_benchmark,gpu:1,cryptojacking
112.1,2026-01-01 00:01:52.100000+00:00,,syn-attack-crypto-202,cryptojacking-steady-primary,steady,,0.58,0.5,0,10.0,284.0123723930284,97.27486206460095,48.603478651793274,2520.0,55.20707385730522,3965.8521075065405,100.0,100.0,True,,synthetic_cryptojacking,sim_user,unregistered_hash_benchmark,gpu:1,cryptojacking
112.2,2026-01-01 00:01:52.200000+00:00,,syn-attack-crypto-202,cryptojacking-steady-primary,steady,,0.58,0.5,0,10.0,285.08092760072196,94.73277504043033,53.38192574893562,2520.0,54.289045553105154,4290.459950384431,100.0,100.0,True,,synthetic_cryptojacking,sim_user,unregistered_hash_benchmark,gpu:1,cryptojacking
112.3,2026-01-01 00:01:52.300000+00:00,,syn-attack-crypto-202,cryptojacking-steady-primary,steady,,0.58,0.5,0,10.0,285.14546698771227,95.48517286045241,54.10464566661334,2520.0,54.42674075995642,4233.965627177619,100.0,100.0,True,,synthetic_cryptojacking,sim_user,unregistered_hash_benchmark,gpu:1,cryptojacking
112.4,2026-01-01 00:01:52.400000+00:00,,syn-attack-crypto-202,cryptojacking-steady-primary,steady,,0.58,0.5,0,10.0,285.7390074157775,95.04020847738866,55.49117127861025,2520.0,54.42960047264291,4120.781246601166,100.0,100.0,True,,synthetic_cryptojacking,sim_user,unregistered_hash_benchmark,gpu:1,cryptojacking
112.5,2026-01-01 00:01:52.500000+00:00,,syn-attack-crypto-202,cryptojacking-steady-primary,steady,,0.58,0.5,0,10.0,285.09081768668494,93.8111975505009,54.342863333024226,2507.373954859691,54.18338277746959,4259.921205282492,100.0,100.0,True,,synthetic_cryptojacking,sim_user,unregistered_hash_benchmark,gpu:1,cryptojacking
112.6,2026-01-01 00:01:52.600000+00:00,,syn-attack-crypto-202,cryptojacking-steady-primary,steady,,0.58,0.5,0,10.0,285.2040936024415,98.68433122975367,46.13865722521218,2520.0,55.40580884360197,3654.87923322667,100.0,100.0,True,,synthetic_cryptojacking,sim_user,unregistered_hash_benchmark,gpu:1,cryptojacking
112.7,2026-01-01 00:01:52.700000+00:00,,syn-attack-crypto-202,cryptojacking-steady-primary,steady,,0.58,0.5,0,10.0,286.6874866024623,97.55315682610424,49.622337203581324,2520.0,55.065074026549915,3694.730917356433,100.0,100.0,True,,synthetic_cryptojacking,sim_user,unregistered_hash_benchmark,gpu:1,cryptojacking
112.8,2026-01-01 00:01:52.800000+00:00,,syn-attack-crypto-202,cryptojacking-steady-primary,steady,,0.58,0.5,0,10.0,286.6462788328599,97.73524879291186,54.516972981434634,2520.0,55.25446546498071,4092.7384336318696,100.0,100.0,True,,synthetic_cryptojacking,sim_user,unregistered_hash_benchmark,gpu:1,cryptojacking
112.9,2026-01-01 00:01:52.900000+00:00,,syn-attack-crypto-202,cryptojacking-steady-primary,steady,,0.58,0.5,0,10.0,287.48877177823283,95.71538351862289,45.0115517190684,2520.0,54.72227947769523,3628.142211678922,100.0,100.0,True,,synthetic_cryptojacking,sim_user,unregistered_hash_benchmark,gpu:1,cryptojacking
113.0,2026-01-01 00:01:53+00:00,,syn-attack-crypto-202,cryptojacking-steady-primary,steady,,0.58,0.5,0,10.0,288.7537484940347,93.90906330438887,56.08856396588595,2513.724909582129,53.95176822812478,4261.60463040961,100.0,100.0,True,,synthetic_cryptojacking,sim_user,unregistered_hash_benchmark,gpu:1,cryptojacking
113.1,2026-01-01 00:01:53.100000+00:00,,syn-attack-crypto-202,cryptojacking-steady-primary,steady,,0.58,0.5,0,10.0,288.2028606242905,98.29037976514532,56.034187971155916,2520.0,55.00607083749925,4437.836672794082,100.0,100.0,True,,synthetic_cryptojacking,sim_user,unregistered_hash_benchmark,gpu:1,cryptojacking
113.2,2026-01-01 00:01:53.200000+00:00,,syn-attack-crypto-202,cryptojacking-steady-primary,steady,,0.58,0.5,0,10.0,287.79919602767194,98.84736639585863,58.87164186168839,2520.0,55.207951701081896,4808.409230183632,100.0,100.0,True,,synthetic_cryptojacking,sim_user,unregistered_hash_benchmark,gpu:1,cryptojacking
113.3,2026-01-01 00:01:53.300000+00:00,,syn-attack-crypto-202,cryptojacking-steady-primary,steady,,0.58,0.5,0,10.0,287.6574714433479,94.96284933490766,54.07641321641255,2520.0,54.13067558955729,4048.1599858428976,100.0,100.0,True,,synthetic_cryptojacking,sim_user,unregistered_hash_benchmark,gpu:1,cryptojacking
113.4,2026-01-01 00:01:53.400000+00:00,,syn-attack-crypto-202,cryptojacking-steady-primary,steady,,0.58,0.5,0,10.0,287.7645674787736,95.50267474184673,59.33742746835463,2520.0,54.015432142220774,4463.31873145155,100.0,100.0,True,,synthetic_cryptojacking,sim_user,unregistered_hash_benchmark,gpu:1,cryptojacking
113.5,2026-01-01 00:01:53.500000+00:00,,syn-attack-crypto-202,cryptojacking-steady-primary,steady,,0.58,0.5,0,10.0,285.9322910381535,97.33532242039821,51.049414331250674,2520.0,54.4355000200161,3989.9299606916416,100.0,100.0,True,,synthetic_cryptojacking,sim_user,unregistered_hash_benchmark,gpu:1,cryptojacking
113.6,2026-01-01 00:01:53.600000+00:00,,syn-attack-crypto-202,cryptojacking-steady-primary,steady,,0.58,0.5,0,10.0,286.41999463839744,96.13316122619469,56.616771413313806,2520.0,54.2572871956761,4301.26718333846,100.0,100.0,True,,synthetic_cryptojacking,sim_user,unregistered_hash_benchmark,gpu:1,cryptojacking
113.7,2026-01-01 00:01:53.700000+00:00,,syn-attack-crypto-202,cryptojacking-steady-primary,steady,,0.58,0.5,0,10.0,285.8271675654489,95.48393894075552,57.43229986644579,2520.0,53.86123937942889,4540.746668962091,100.0,100.0,True,,synthetic_cryptojacking,sim_user,unregistered_hash_benchmark,gpu:1,cryptojacking
113.8,2026-01-01 00:01:53.800000+00:00,,syn-attack-crypto-202,cryptojacking-steady-primary,steady,,0.58,0.5,0,10.0,285.14446199874965,97.33130902898809,49.137692542666635,2520.0,54.55540068137847,3966.5609889086363,100.0,100.0,True,,synthetic_cryptojacking,sim_user,unregistered_hash_benchmark,gpu:1,cryptojacking
113.9,2026-01-01 00:01:53.900000+00:00,,syn-attack-crypto-202,cryptojacking-steady-primary,steady,,0.58,0.5,0,10.0,284.61898300518584,96.6018485693255,61.30754077774407,2520.0,54.50389893215289,4797.778772423018,100.0,100.0,True,,synthetic_cryptojacking,sim_user,unregistered_hash_benchmark,gpu:1,cryptojacking
114.0,2026-01-01 00:01:54+00:00,,syn-attack-crypto-202,cryptojacking-steady-primary,steady,,0.58,0.5,0,10.0,283.88147810168954,98.31740950903131,57.574461112849434,2520.0,55.21208440542801,4432.8852345195755,100.0,100.0,True,,synthetic_cryptojacking,sim_user,unregistered_hash_benchmark,gpu:1,cryptojacking
114.1,2026-01-01 00:01:54.100000+00:00,,syn-attack-crypto-202,cryptojacking-steady-primary,steady,,0.58,0.5,0,10.0,283.8544412669273,96.88400605269666,52.876969223706396,2520.0,54.95872889375262,4240.681958818865,100.0,100.0,True,,synthetic_cryptojacking,sim_user,unregistered_hash_benchmark,gpu:1,cryptojacking
114.2,2026-01-01 00:01:54.200000+00:00,,syn-attack-crypto-202,cryptojacking-steady-primary,steady,,0.58,0.5,0,10.0,284.16687886199094,97.71945596243525,52.167931429421685,2520.0,55.48454275719826,4020.411347094528,100.0,100.0,True,,synthetic_cryptojacking,sim_user,unregistered_hash_benchmark,gpu:1,cryptojacking
114.3,2026-01-01 00:01:54.300000+00:00,,syn-attack-crypto-202,cryptojacking-steady-primary,steady,,0.58,0.5,0,10.0,284.5588752594982,95.86410149875145,55.983669826227946,2520.0,55.236838727972334,4337.712496879302,100.0,100.0,True,,synthetic_cryptojacking,sim_user,unregistered_hash_benchmark,gpu:1,cryptojacking
114.4,2026-01-01 00:01:54.400000+00:00,,syn-attack-crypto-202,cryptojacking-steady-primary,steady,,0.58,0.5,0,10.0,283.8451302267037,95.03967214429572,55.06111087332198,2520.0,55.11787836500216,4306.073193740341,100.0,100.0,True,,synthetic_cryptojacking,sim_user,unregistered_hash_benchmark,gpu:1,cryptojacking
114.5,2026-01-01 00:01:54.500000+00:00,,syn-attack-crypto-202,cryptojacking-steady-primary,steady,,0.58,0.5,0,10.0,283.7531029561806,96.69997515231692,43.871910016656486,2520.0,55.477489894293534,3437.92444484755,100.0,100.0,True,,synthetic_cryptojacking,sim_user,unregistered_hash_benchmark,gpu:1,cryptojacking
114.6,2026-01-01 00:01:54.600000+00:00,,syn-attack-crypto-202,cryptojacking-steady-primary,steady,,0.58,0.5,0,10.0,284.5335515173128,97.32260981909958,55.334214082683175,2520.0,55.74418406597115,4403.153702180841,100.0,100.0,True,,synthetic_cryptojacking,sim_user,unregistered_hash_benchmark,gpu:1,cryptojacking
114.7,2026-01-01 00:01:54.700000+00:00,,syn-attack-crypto-202,cryptojacking-steady-primary,steady,,0.58,0.5,0,10.0,284.49383841900635,98.28691590280081,52.58445824350024,2520.0,56.05547667901068,4064.364738305319,100.0,100.0,True,,synthetic_cryptojacking,sim_user,unregistered_hash_benchmark,gpu:1,cryptojacking
114.8,2026-01-01 00:01:54.800000+00:00,,syn-attack-crypto-202,cryptojacking-steady-primary,steady,,0.58,0.5,0,10.0,284.8771924103069,95.21017584580906,51.273921177271596,2520.0,55.047822036461795,4100.030619593371,100.0,100.0,True,,synthetic_cryptojacking,sim_user,unregistered_hash_benchmark,gpu:1,cryptojacking
114.9,2026-01-01 00:01:54.900000+00:00,,syn-attack-crypto-202,cryptojacking-steady-primary,steady,,0.58,0.5,0,10.0,285.07349100963364,95.44925429326008,43.47834729465486,2520.0,55.41142008137483,3448.039867788912,100.0,100.0,True,,synthetic_cryptojacking,sim_user,unregistered_hash_benchmark,gpu:1,cryptojacking
115.0,2026-01-01 00:01:55+00:00,,syn-attack-crypto-202,cryptojacking-steady-primary,steady,,0.58,0.5,0,10.0,286.80626423907927,95.6939838899465,54.318172053318165,2520.0,55.539875399242185,4229.830160020911,100.0,100.0,True,,synthetic_cryptojacking,sim_user,unregistered_hash_benchmark,gpu:1,cryptojacking
115.1,2026-01-01 00:01:55.100000+00:00,,syn-attack-crypto-202,cryptojacking-steady-primary,steady,,0.58,0.5,0,10.0,286.1792317350375,96.34666585181006,56.25262795546999,2520.0,55.28595777090214,4438.732849924013,100.0,100.0,True,,synthetic_cryptojacking,sim_user,unregistered_hash_benchmark,gpu:1,cryptojacking
115.2,2026-01-01 00:01:55.200000+00:00,,syn-attack-crypto-202,cryptojacking-steady-primary,steady,,0.58,0.5,0,10.0,285.01820318261827,96.14531256181823,55.22013864028302,2520.0,55.296388244027995,4570.871782243271,100.0,100.0,True,,synthetic_cryptojacking,sim_user,unregistered_hash_benchmark,gpu:1,cryptojacking
115.3,2026-01-01 00:01:55.300000+00:00,,syn-attack-crypto-202,cryptojacking-steady-primary,steady,,0.58,0.5,0,10.0,285.16743691844005,95.78272841224347,54.5522995748803,2520.0,55.20542193506555,4145.1299291476225,100.0,100.0,True,,synthetic_cryptojacking,sim_user,unregistered_hash_benchmark,gpu:1,cryptojacking
115.4,2026-01-01 00:01:55.400000+00:00,,syn-attack-crypto-202,cryptojacking-steady-primary,steady,,0.58,0.5,0,10.0,284.63810319679413,93.57958981853297,48.44623211351637,2520.0,54.60247519801498,3801.8263719638335,100.0,100.0,True,,synthetic_cryptojacking,sim_user,unregistered_hash_benchmark,gpu:1,cryptojacking
115.5,2026-01-01 00:01:55.500000+00:00,,syn-attack-crypto-202,cryptojacking-steady-primary,steady,,0.58,0.5,0,10.0,284.4252138752485,94.81147273708918,54.12576121875489,2520.0,55.02005718588822,4257.642597096448,100.0,100.0,True,,synthetic_cryptojacking,sim_user,unregistered_hash_benchmark,gpu:1,cryptojacking
115.6,2026-01-01 00:01:55.600000+00:00,,syn-attack-crypto-202,cryptojacking-steady-primary,steady,,0.58,0.5,0,10.0,284.442097495746,94.92150484958157,49.76169868811549,2520.0,54.671592034930995,3774.60021833722,100.0,100.0,True,,synthetic_cryptojacking,sim_user,unregistered_hash_benchmark,gpu:1,cryptojacking
115.7,2026-01-01 00:01:55.700000+00:00,,syn-attack-crypto-202,cryptojacking-steady-primary,steady,,0.58,0.5,0,10.0,284.97817561865384,95.85993895484323,54.18026984224517,2520.0,54.84515621580234,4316.428661490197,100.0,100.0,True,,synthetic_cryptojacking,sim_user,unregistered_hash_benchmark,gpu:1,cryptojacking
115.8,2026-01-01 00:01:55.800000+00:00,,syn-attack-crypto-202,cryptojacking-steady-primary,steady,,0.58,0.5,0,10.0,284.11496587684155,96.40281666536235,54.92171878635433,2520.0,54.737874508877724,4285.707095713034,100.0,100.0,True,,synthetic_cryptojacking,sim_user,unregistered_hash_benchmark,gpu:1,cryptojacking
115.9,2026-01-01 00:01:55.900000+00:00,,syn-attack-crypto-202,cryptojacking-steady-primary,steady,,0.58,0.5,0,10.0,283.75696773565085,94.9395587750717,52.852509462441255,2520.0,54.278843394100655,4172.203860049039,100.0,100.0,True,,synthetic_cryptojacking,sim_user,unregistered_hash_benchmark,gpu:1,cryptojacking
116.0,2026-01-01 00:01:56+00:00,,syn-attack-crypto-202,cryptojacking-steady-primary,steady,,0.58,0.5,0,10.0,284.1067833624375,95.08020435104207,58.523774245556176,2520.0,54.59248412520861,4529.455581654641,100.0,100.0,True,,synthetic_cryptojacking,sim_user,unregistered_hash_benchmark,gpu:1,cryptojacking
116.1,2026-01-01 00:01:56.100000+00:00,,syn-attack-crypto-202,cryptojacking-steady-primary,steady,,0.58,0.5,0,10.0,284.3655496174622,97.0055903388017,49.52166956462105,2520.0,54.82157585527348,3890.455032356838,100.0,100.0,True,,synthetic_cryptojacking,sim_user,unregistered_hash_benchmark,gpu:1,cryptojacking
116.2,2026-01-01 00:01:56.200000+00:00,,syn-attack-crypto-202,cryptojacking-steady-primary,steady,,0.58,0.5,0,10.0,284.602048767662,97.56738834051491,46.70697406296831,2520.0,54.824899368591424,3811.393282494814,100.0,100.0,True,,synthetic_cryptojacking,sim_user,unregistered_hash_benchmark,gpu:1,cryptojacking
116.3,2026-01-01 00:01:56.300000+00:00,,syn-attack-crypto-202,cryptojacking-steady-primary,steady,,0.58,0.5,0,10.0,286.12042868429955,95.5867184492183,56.226168753584695,2520.0,54.12123380934407,4464.313593206249,100.0,100.0,True,,synthetic_cryptojacking,sim_user,unregistered_hash_benchmark,gpu:1,cryptojacking
116.4,2026-01-01 00:01:56.400000+00:00,,syn-attack-crypto-202,cryptojacking-steady-primary,steady,,0.58,0.5,0,10.0,285.99069946305815,96.35152357652646,50.20700016475193,2520.0,54.277935755465336,4069.1889339914724,100.0,100.0,True,,synthetic_cryptojacking,sim_user,unregistered_hash_benchmark,gpu:1,cryptojacking
116.5,2026-01-01 00:01:56.500000+00:00,,syn-attack-crypto-202,cryptojacking-steady-primary,steady,,0.58,0.5,0,10.0,286.1588467161517,96.40264260031724,48.12548511389657,2520.0,54.44335746456115,3683.738057649086,100.0,100.0,True,,synthetic_cryptojacking,sim_user,unregistered_hash_benchmark,gpu:1,cryptojacking
116.6,2026-01-01 00:01:56.600000+00:00,,syn-attack-crypto-202,cryptojacking-steady-primary,steady,,0.58,0.5,0,10.0,285.9297927170116,94.92610316088235,54.33738381221884,2520.0,54.06631642481325,4176.875246343074,100.0,100.0,True,,synthetic_cryptojacking,sim_user,unregistered_hash_benchmark,gpu:1,cryptojacking
116.7,2026-01-01 00:01:56.700000+00:00,,syn-attack-crypto-202,cryptojacking-steady-primary,steady,,0.58,0.5,0,10.0,285.55455403851306,96.10603933949498,55.130680139156944,2520.0,54.25507685675275,4258.496488131035,100.0,100.0,True,,synthetic_cryptojacking,sim_user,unregistered_hash_benchmark,gpu:1,cryptojacking
116.8,2026-01-01 00:01:56.800000+00:00,,syn-attack-crypto-202,cryptojacking-steady-primary,steady,,0.58,0.5,0,10.0,285.21301212448867,96.44242251885332,46.90439007450247,2520.0,54.05898712722393,3692.052434250503,100.0,100.0,True,,synthetic_cryptojacking,sim_user,unregistered_hash_benchmark,gpu:1,cryptojacking
116.9,2026-01-01 00:01:56.900000+00:00,,syn-attack-crypto-202,cryptojacking-steady-primary,steady,,0.58,0.5,0,10.0,286.1989303561275,94.53848551619384,50.74595301183338,2520.0,53.29320528087849,3918.215709321445,100.0,100.0,True,,synthetic_cryptojacking,sim_user,unregistered_hash_benchmark,gpu:1,cryptojacking
117.0,2026-01-01 00:01:57+00:00,,syn-attack-crypto-202,cryptojacking-steady-primary,steady,,0.58,0.5,0,10.0,286.09016229805246,96.57183449461913,56.82863862391521,2520.0,54.15859950964997,4555.210865700812,100.0,100.0,True,,synthetic_cryptojacking,sim_user,unregistered_hash_benchmark,gpu:1,cryptojacking
117.1,2026-01-01 00:01:57.100000+00:00,,syn-attack-crypto-202,cryptojacking-steady-primary,steady,,0.58,0.5,0,10.0,285.70513776630736,95.97622699887226,61.293729746080004,2520.0,53.94863348603563,4743.1365204867125,100.0,100.0,True,,synthetic_cryptojacking,sim_user,unregistered_hash_benchmark,gpu:1,cryptojacking
117.2,2026-01-01 00:01:57.200000+00:00,,syn-attack-crypto-202,cryptojacking-steady-primary,steady,,0.58,0.5,0,10.0,285.2864016515183,96.03833010646996,51.070868958596726,2520.0,54.020686774483146,4067.6078979973,100.0,100.0,True,,synthetic_cryptojacking,sim_user,unregistered_hash_benchmark,gpu:1,cryptojacking
117.3,2026-01-01 00:01:57.300000+00:00,,syn-attack-crypto-202,cryptojacking-steady-primary,steady,,0.58,0.5,0,10.0,286.2130528262511,95.19354052845789,58.76310103274733,2520.0,53.819419604361386,4713.067610098445,100.0,100.0,True,,synthetic_cryptojacking,sim_user,unregistered_hash_benchmark,gpu:1,cryptojacking
117.4,2026-01-01 00:01:57.400000+00:00,,syn-attack-crypto-202,cryptojacking-steady-primary,steady,,0.58,0.5,0,10.0,284.5988984477723,97.3217993378236,56.03884609539362,2520.0,54.23482058505906,4269.665303553939,100.0,100.0,True,,synthetic_cryptojacking,sim_user,unregistered_hash_benchmark,gpu:1,cryptojacking
117.5,2026-01-01 00:01:57.500000+00:00,,syn-attack-crypto-202,cryptojacking-steady-primary,steady,,0.58,0.5,0,10.0,283.46735864108564,95.0845000963731,50.989833077890545,2520.0,53.83498082755927,3838.4105759757467,100.0,100.0,True,,synthetic_cryptojacking,sim_user,unregistered_hash_benchmark,gpu:1,cryptojacking
117.6,2026-01-01 00:01:57.600000+00:00,,syn-attack-crypto-202,cryptojacking-steady-primary,steady,,0.58,0.5,0,10.0,283.29742732782444,95.34415514717553,45.52764182223575,2520.0,53.9811745760829,3629.3337887368193,100.0,100.0,True,,synthetic_cryptojacking,sim_user,unregistered_hash_benchmark,gpu:1,cryptojacking
117.7,2026-01-01 00:01:57.700000+00:00,,syn-attack-crypto-202,cryptojacking-steady-primary,steady,,0.58,0.5,0,10.0,284.11025053479756,95.64314724841633,51.42965768957543,2520.0,54.17735938327511,4270.448980126479,100.0,100.0,True,,synthetic_cryptojacking,sim_user,unregistered_hash_benchmark,gpu:1,cryptojacking
117.8,2026-01-01 00:01:57.800000+00:00,,syn-attack-crypto-202,cryptojacking-steady-primary,steady,,0.58,0.5,0,10.0,284.89116079995466,95.70940976058448,51.90696502734179,2520.0,54.01086633267321,4136.209307287176,100.0,100.0,True,,synthetic_cryptojacking,sim_user,unregistered_hash_benchmark,gpu:1,cryptojacking
117.9,2026-01-01 00:01:57.900000+00:00,,syn-attack-crypto-202,cryptojacking-steady-primary,steady,,0.58,0.5,0,10.0,283.8685966157194,95.75779858777945,55.20392735083357,2520.0,54.04107387649991,4313.511506391051,100.0,100.0,True,,synthetic_cryptojacking,sim_user,unregistered_hash_benchmark,gpu:1,cryptojacking
118.0,2026-01-01 00:01:58+00:00,,syn-attack-crypto-202,cryptojacking-steady-primary,steady,,0.58,0.5,0,10.0,283.06624570128594,95.97188650912517,50.577164646885194,2520.0,54.136047963178505,4149.90484866214,100.0,100.0,True,,synthetic_cryptojacking,sim_user,unregistered_hash_benchmark,gpu:1,cryptojacking
118.1,2026-01-01 00:01:58.100000+00:00,,syn-attack-crypto-202,cryptojacking-steady-primary,steady,,0.58,0.5,0,10.0,283.40003622081787,95.33042422325457,52.75764709530788,2520.0,53.82568466018349,4131.903781412588,100.0,100.0,True,,synthetic_cryptojacking,sim_user,unregistered_hash_benchmark,gpu:1,cryptojacking
118.2,2026-01-01 00:01:58.200000+00:00,,syn-attack-crypto-202,cryptojacking-steady-primary,steady,,0.58,0.5,0,10.0,283.10084831476206,95.3386906832609,57.25820696234996,2520.0,54.12421554919571,4512.553189428009,100.0,100.0,True,,synthetic_cryptojacking,sim_user,unregistered_hash_benchmark,gpu:1,cryptojacking
118.3,2026-01-01 00:01:58.300000+00:00,,syn-attack-crypto-202,cryptojacking-steady-primary,steady,,0.58,0.5,0,10.0,282.81653685634797,96.26191979872388,59.34837362698467,2520.0,54.39188010610806,4694.74703756614,100.0,100.0,True,,synthetic_cryptojacking,sim_user,unregistered_hash_benchmark,gpu:1,cryptojacking
118.4,2026-01-01 00:01:58.400000+00:00,,syn-attack-crypto-202,cryptojacking-steady-primary,steady,,0.58,0.5,0,10.0,282.23909254781114,98.01334733278975,46.10943624451632,2520.0,54.97217447060143,3661.6788564857134,100.0,100.0,True,,synthetic_cryptojacking,sim_user,unregistered_hash_benchmark,gpu:1,cryptojacking
118.5,2026-01-01 00:01:58.500000+00:00,,syn-attack-crypto-202,cryptojacking-steady-primary,steady,,0.58,0.5,0,10.0,283.9562567179196,98.43257841900237,46.692224291199416,2520.0,54.9932809962825,3740.5893002965972,100.0,100.0,True,,synthetic_cryptojacking,sim_user,unregistered_hash_benchmark,gpu:1,cryptojacking
118.6,2026-01-01 00:01:58.600000+00:00,,syn-attack-crypto-202,cryptojacking-steady-primary,steady,,0.58,0.5,0,10.0,284.56950810337077,96.1357921064235,50.072648126719955,2520.0,54.37849239245766,4010.8595740202636,100.0,100.0,True,,synthetic_cryptojacking,sim_user,unregistered_hash_benchmark,gpu:1,cryptojacking
118.7,2026-01-01 00:01:58.700000+00:00,,syn-attack-crypto-202,cryptojacking-steady-primary,steady,,0.58,0.5,0,10.0,284.74156886572905,96.58096573367118,53.36073186617156,2520.0,54.94132477540946,4355.798447807684,100.0,100.0,True,,synthetic_cryptojacking,sim_user,unregistered_hash_benchmark,gpu:1,cryptojacking
118.8,2026-01-01 00:01:58.800000+00:00,,syn-attack-crypto-202,cryptojacking-steady-primary,steady,,0.58,0.5,0,10.0,284.8973575878655,97.91555736640092,59.551493587849734,2520.0,55.032119716114956,4645.156118665005,100.0,100.0,True,,synthetic_cryptojacking,sim_user,unregistered_hash_benchmark,gpu:1,cryptojacking
118.9,2026-01-01 00:01:58.900000+00:00,,syn-attack-crypto-202,cryptojacking-steady-primary,steady,,0.58,0.5,0,10.0,284.128369540427,96.64121952618521,43.4208955771517,2520.0,54.6838700445389,3537.4670603388035,100.0,100.0,True,,synthetic_cryptojacking,sim_user,unregistered_hash_benchmark,gpu:1,cryptojacking
119.0,2026-01-01 00:01:59+00:00,,syn-attack-crypto-202,cryptojacking-steady-primary,steady,,0.58,0.5,0,10.0,285.4545230520224,96.00242102714249,48.27778164546883,2520.0,54.86352072439225,3915.818932060844,100.0,100.0,True,,synthetic_cryptojacking,sim_user,unregistered_hash_benchmark,gpu:1,cryptojacking
119.1,2026-01-01 00:01:59.100000+00:00,,syn-attack-crypto-202,cryptojacking-steady-primary,steady,,0.58,0.5,0,10.0,285.6814869685108,93.374811750642,52.08613010160032,2520.0,53.839105135361876,4152.819595081808,100.0,100.0,True,,synthetic_cryptojacking,sim_user,unregistered_hash_benchmark,gpu:1,cryptojacking
119.2,2026-01-01 00:01:59.200000+00:00,,syn-attack-crypto-202,cryptojacking-steady-primary,steady,,0.58,0.5,0,10.0,286.1685267733084,95.3127837745055,50.115091275205174,2520.0,54.588354614063604,3810.68250346026,100.0,100.0,True,,synthetic_cryptojacking,sim_user,unregistered_hash_benchmark,gpu:1,cryptojacking
119.3,2026-01-01 00:01:59.300000+00:00,,syn-attack-crypto-202,cryptojacking-steady-primary,steady,,0.58,0.5,0,10.0,286.6745940324052,96.69253920802603,55.5008828169267,2520.0,54.884882730315574,4486.164489465792,100.0,100.0,True,,synthetic_cryptojacking,sim_user,unregistered_hash_benchmark,gpu:1,cryptojacking
119.4,2026-01-01 00:01:59.400000+00:00,,syn-attack-crypto-202,cryptojacking-steady-primary,steady,,0.58,0.5,0,10.0,286.5146991458586,96.12447142284421,54.19126710512656,2520.0,54.83191573257595,4147.186569924691,100.0,100.0,True,,synthetic_cryptojacking,sim_user,unregistered_hash_benchmark,gpu:1,cryptojacking
119.5,2026-01-01 00:01:59.500000+00:00,,syn-attack-crypto-202,cryptojacking-steady-primary,steady,,0.58,0.5,0,10.0,286.3367804863797,93.14412062947483,58.542406254647744,2520.0,53.990381640170476,4468.626301674817,100.0,100.0,True,,synthetic_cryptojacking,sim_user,unregistered_hash_benchmark,gpu:1,cryptojacking
119.6,2026-01-01 00:01:59.600000+00:00,,syn-attack-crypto-202,cryptojacking-steady-primary,steady,,0.58,0.5,0,10.0,284.92481866015044,94.65349019884084,50.01033796208093,2520.0,54.40817335973885,3913.894903613173,100.0,100.0,True,,synthetic_cryptojacking,sim_user,unregistered_hash_benchmark,gpu:1,cryptojacking
119.7,2026-01-01 00:01:59.700000+00:00,,syn-attack-crypto-202,cryptojacking-steady-primary,steady,,0.58,0.5,0,10.0,285.2941073613238,95.80447849127185,51.40456034713929,2520.0,54.804268923926834,4048.7362053283387,100.0,100.0,True,,synthetic_cryptojacking,sim_user,unregistered_hash_benchmark,gpu:1,cryptojacking
119.8,2026-01-01 00:01:59.800000+00:00,,syn-attack-crypto-202,cryptojacking-steady-primary,steady,,0.58,0.5,0,10.0,285.4510847599345,95.69547745434923,54.24465406734511,2520.0,54.98411069164306,4294.332006300523,100.0,100.0,True,,synthetic_cryptojacking,sim_user,unregistered_hash_benchmark,gpu:1,cryptojacking
119.9,2026-01-01 00:01:59.900000+00:00,,syn-attack-crypto-202,cryptojacking-steady-primary,steady,,0.58,0.5,0,10.0,284.87756550500603,94.79928113358424,51.07044684234188,2520.0,54.657147005451876,3770.621394725806,100.0,100.0,True,,synthetic_cryptojacking,sim_user,unregistered_hash_benchmark,gpu:1,cryptojacking
