timestamp,collection_timestamp,raw_timestamp,session_id,attack_id,waveform_kind,waveform_frequency_hz,waveform_amplitude_frac,waveform_duty_cycle,gpu_id,sample_hz,power_w,util_gpu_pct,mem_copy_util_pct,sm_clock_mhz,temp_c,fb_used_mb,requested_interval_ms,actual_interval_ms,value_changed,pid,process_name,id_user,job_type,gres_req,label
0.0,2026-01-01 00:00:00+00:00,,syn-attack-ltma-201,ltma-irregular-primary,irregular,,0.55,0.5,0,10.0,176.39633925635343,81.30571697036254,52.43397309102749,2189.754955177673,50.52497216514875,3911.2304987160305,100.0,100.0,True,,synthetic_ltma,sim_user,llm_training,gpu:1,ltma
0.1,2026-01-01 00:00:00.100000+00:00,,syn-attack-ltma-201,ltma-irregular-primary,irregular,,0.55,0.5,0,10.0,168.4929729991311,61.72464300007982,31.517823602480274,1794.475877315567,45.23258482932789,2720.787994858815,100.0,100.0,True,,synthetic_ltma,sim_user,llm_training,gpu:1,ltma
0.2,2026-01-01 00:00:00.200000+00:00,,syn-attack-ltma-201,ltma-irregular-primary,irregular,,0.55,0.5,0,10.0,170.05801477970715,74.76340925195973,32.83307814588143,2001.3752902664564,48.850910596580036,2847.993938987813,100.0,100.0,True,,synthetic_ltma,sim_user,llm_training,gpu:1,ltma
0.3,2026-01-01 00:00:00.300000+00:00,,syn-attack-ltma-201,ltma-irregular-primary,irregular,,0.55,0.5,0,10.0,180.90461781090238,97.87179752195028,50.62544985931919,2520.0,54.94503871385609,3968.5535282414967,100.0,100.0,True,,synthetic_ltma,sim_user,llm_training,gpu:1,ltma
0.4,2026-01-01 00:00:00.400000+00:00,,syn-attack-ltma-201,ltma-irregular-primary,irregular,,0.55,0.5,0,10.0,186.2394990252854,76.70629128700915,49.096086827769085,2142.0839669325383,49.096515388629804,3820.71276625062,100.0,100.0,True,,synthetic_ltma,sim_user,llm_training,gpu:1,ltma
0.5,2026-01-01 00:00:00.500000+00:00,,syn-attack-ltma-201,ltma-irregular-primary,irregular,,0.55,0.5,0,10.0,182.75846072506206,55.95135219718607,31.902933918095165,1596.6845926375784,43.38097686189166,2721.1288031377694,100.0,100.0,True,,synthetic_ltma,sim_user,llm_training,gpu:1,ltma
0.6,2026-01-01 00:00:00.600000+00:00,,syn-attack-ltma-201,ltma-irregular-primary,irregular,,0.55,0.5,0,10.0,181.93132056952896,66.19426427008707,35.28031678479763,1877.8784728056646,46.601880228099255,3004.5346415048816,100.0,100.0,True,,synthetic_ltma,sim_user,llm_training,gpu:1,ltma
0.7,2026-01-01 00:00:00.700000+00:00,,syn-attack-ltma-201,ltma-irregular-primary,irregular,,0.55,0.5,0,10.0,189.59845835531013,86.14838282544481,48.13364947062761,2403.850275053362,52.44130134939351,3805.908693692058,100.0,100.0,True,,synthetic_ltma,sim_user,llm_training,gpu:1,ltma
0.8,2026-01-01 00:00:00.800000+00:00,,syn-attack-ltma-201,ltma-irregular-primary,irregular,,0.55,0.5,0,10.0,186.1478722983299,86.53946433784735,48.838400953381736,2322.8425055347343,52.53813681780713,4039.3371018289427,100.0,100.0,True,,synthetic_ltma,sim_user,llm_training,gpu:1,ltma
0.9,2026-01-01 00:00:00.900000+00:00,,syn-attack-ltma-201,ltma-irregular-primary,irregular,,0.55,0.5,0,10.0,184.4054272545497,82.08372902326592,49.15281233252419,2255.626236677297,51.34374351829836,3978.809116526573,100.0,100.0,True,,synthetic_ltma,sim_user,llm_training,gpu:1,ltma
1.0,2026-01-01 00:00:01+00:00,,syn-attack-ltma-201,ltma-irregular-primary,irregular,,0.55,0.5,0,10.0,176.95248292211636,78.04522990127764,43.365283192401286,2143.771879561397,50.16441059426695,3562.8295349463046,100.0,100.0,True,,synthetic_ltma,sim_user,llm_training,gpu:1,ltma
1.1,2026-01-01 00:00:01.100000+00:00,,syn-attack-ltma-201,ltma-irregular-primary,irregular,,0.55,0.5,0,10.0,176.7356531067561,75.83088421935214,46.9697392450444,2144.4031879899376,49.58001643402454,3725.4641685594024,100.0,100.0,True,,synthetic_ltma,sim_user,llm_training,gpu:1,ltma
1.2,2026-01-01 00:00:01.200000+00:00,,syn-attack-ltma-201,ltma-irregular-primary,irregular,,0.55,0.5,0,10.0,180.3207028293651,66.4232020735995,34.409311676295815,1932.6593095714793,47.055742635278904,2750.589808443529,100.0,100.0,True,,synthetic_ltma,sim_user,llm_training,gpu:1,ltma
1.3,2026-01-01 00:00:01.300000+00:00,,syn-attack-ltma-201,ltma-irregular-primary,irregular,,0.55,0.5,0,10.0,174.7996683620836,67.7369570425715,37.04498440449652,1929.3770664793308,47.24808231295851,3194.176921800759,100.0,100.0,True,,synthetic_ltma,sim_user,llm_training,gpu:1,ltma
1.4,2026-01-01 00:00:01.400000+00:00,,syn-attack-ltma-201,ltma-irregular-primary,irregular,,0.55,0.5,0,10.0,167.63697406519086,64.26620115306201,33.1423850602176,1786.7966879698006,46.07733123730487,2862.1870085542,100.0,100.0,True,,synthetic_ltma,sim_user,llm_training,gpu:1,ltma
1.5,2026-01-01 00:00:01.500000+00:00,,syn-attack-ltma-201,ltma-irregular-primary,irregular,,0.55,0.5,0,10.0,167.0117111608854,65.21794126970116,36.12958293223402,1840.7033471059606,46.14408342633139,3174.6998502087336,100.0,100.0,True,,synthetic_ltma,sim_user,llm_training,gpu:1,ltma
1.6,2026-01-01 00:00:01.600000+00:00,,syn-attack-ltma-201,ltma-irregular-primary,irregular,,0.55,0.5,0,10.0,172.13037336569187,69.76333616987533,46.62012925333964,1998.8880476655113,47.1741974743709,3773.257902388775,100.0,100.0,True,,synthetic_ltma,sim_user,llm_training,gpu:1,ltma
1.7,2026-01-01 00:00:01.700000+00:00,,syn-attack-ltma-201,ltma-irregular-primary,irregular,,0.55,0.5,0,10.0,163.50732426956836,52.851545786591274,22.344038662373368,1551.833064921585,42.32112180352866,1997.3632523521903,100.0,100.0,True,,synthetic_ltma,sim_user,llm_training,gpu:1,ltma
1.8,2026-01-01 00:00:01.800000+00:00,,syn-attack-ltma-201,ltma-irregular-primary,irregular,,0.55,0.5,0,10.0,60.37622036415435,8.226862426143846,0.0,391.37292157477816,29.694403939352693,493.12560783070126,100.0,100.0,True,,synthetic_ltma,sim_user,llm_training,gpu:1,ltma
1.9,2026-01-01 00:00:01.900000+00:00,,syn-attack-ltma-201,ltma-irregular-primary,irregular,,0.55,0.5,0,10.0,68.06276575738342,10.940102318004282,3.2919782806813105,496.1827535670888,30.30402348938977,592.9889211461117,100.0,100.0,True,,synthetic_ltma,sim_user,llm_training,gpu:1,ltma
2.0,2026-01-01 00:00:02+00:00,,syn-attack-ltma-201,ltma-irregular-primary,irregular,,0.55,0.5,0,10.0,64.50156196925374,12.479143008833377,11.388795726095463,550.2547276537034,31.190451921420333,1163.491459943479,100.0,100.0,True,,synthetic_ltma,sim_user,llm_training,gpu:1,ltma
2.1,2026-01-01 00:00:02.100000+00:00,,syn-attack-ltma-201,ltma-irregular-primary,irregular,,0.55,0.5,0,10.0,53.22146835408823,21.364649086929287,12.814977110949707,747.8913947484842,33.93078633700585,1247.395704715466,100.0,100.0,True,,synthetic_ltma,sim_user,llm_training,gpu:1,ltma
2.2,2026-01-01 00:00:02.200000+00:00,,syn-attack-ltma-201,ltma-irregular-primary,irregular,,0.55,0.5,0,10.0,48.23829607892458,0.0,0.0,210.0,28.00828654506919,531.2687808625252,100.0,100.0,True,,synthetic_ltma,sim_user,llm_training,gpu:1,ltma
2.3,2026-01-01 00:00:02.300000+00:00,,syn-attack-ltma-201,ltma-irregular-primary,irregular,,0.55,0.5,0,10.0,54.867238533561945,15.764115385762075,8.896464073531597,670.3103771288011,32.5711014655407,1115.5788105648971,100.0,100.0,True,,synthetic_ltma,sim_user,llm_training,gpu:1,ltma
2.4,2026-01-01 00:00:02.400000+00:00,,syn-attack-ltma-201,ltma-irregular-primary,irregular,,0.55,0.5,0,10.0,53.08424559641787,25.817669456860305,8.506970383610728,843.7349603812057,35.40631173720344,979.324654656727,100.0,100.0,True,,synthetic_ltma,sim_user,llm_training,gpu:1,ltma
2.5,2026-01-01 00:00:02.500000+00:00,,syn-attack-ltma-201,ltma-irregular-primary,irregular,,0.55,0.5,0,10.0,60.242725101649455,0.0,0.0,210.0,28.371688441306198,428.9188358744052,100.0,100.0,True,,synthetic_ltma,sim_user,llm_training,gpu:1,ltma
2.6,2026-01-01 00:00:02.600000+00:00,,syn-attack-ltma-201,ltma-irregular-primary,irregular,,0.55,0.5,0,10.0,72.35114173572514,29.64060451951689,13.214109036236517,919.5292778866437,36.8501898264613,1390.199293925411,100.0,100.0,True,,synthetic_ltma,sim_user,llm_training,gpu:1,ltma
2.7,2026-01-01 00:00:02.700000+00:00,,syn-attack-ltma-201,ltma-irregular-primary,irregular,,0.55,0.5,0,10.0,74.0797881771369,27.629485330114214,17.266793730552674,876.4906718979091,36.4414648044366,1600.893868821235,100.0,100.0,True,,synthetic_ltma,sim_user,llm_training,gpu:1,ltma
2.8,2026-01-01 00:00:02.800000+00:00,,syn-attack-ltma-201,ltma-irregular-primary,irregular,,0.55,0.5,0,10.0,78.25209537708555,22.951595482555824,11.3637506791481,757.8834434277262,35.21718026785018,1366.922081837136,100.0,100.0,True,,synthetic_ltma,sim_user,llm_training,gpu:1,ltma
2.9,2026-01-01 00:00:02.900000+00:00,,syn-attack-ltma-201,ltma-irregular-primary,irregular,,0.55,0.5,0,10.0,74.99438506890036,20.872876073658862,11.752733610542917,769.0788897767036,34.22442604620245,1376.55675483628,100.0,100.0,True,,synthetic_ltma,sim_user,llm_training,gpu:1,ltma
3.0,2026-01-01 00:00:03+00:00,,syn-attack-ltma-201,ltma-irregular-primary,irregular,,0.55,0.5,0,10.0,85.4962454426104,35.32756887968969,24.645699137491565,1072.872363545656,37.82770509174705,2262.2791427937077,100.0,100.0,True,,synthetic_ltma,sim_user,llm_training,gpu:1,ltma
3.1,2026-01-01 00:00:03.100000+00:00,,syn-attack-ltma-201,ltma-irregular-primary,irregular,,0.55,0.5,0,10.0,72.20857989016655,34.0127276346319,17.059315450726245,1080.0533742390276,37.32574363761355,1820.0945605960821,100.0,100.0,True,,synthetic_ltma,sim_user,llm_training,gpu:1,ltma
3.2,2026-01-01 00:00:03.200000+00:00,,syn-attack-ltma-201,ltma-irregular-primary,irregular,,0.55,0.5,0,10.0,63.86596590196041,13.000883153021508,12.697985199775573,543.7209122535755,31.307615768608002,1470.177886959507,100.0,100.0,True,,synthetic_ltma,sim_user,llm_training,gpu:1,ltma
3.3,2026-01-01 00:00:03.300000+00:00,,syn-attack-ltma-201,ltma-irregular-primary,irregular,,0.55,0.5,0,10.0,58.24091808214661,13.329573932859354,3.3568802366607073,521.5333136974781,31.379772763485636,692.1561800465087,100.0,100.0,True,,synthetic_ltma,sim_user,llm_training,gpu:1,ltma
3.4,2026-01-01 00:00:03.400000+00:00,,syn-attack-ltma-201,ltma-irregular-primary,irregular,,0.55,0.5,0,10.0,61.998965099474816,9.975571777094427,14.510766558857512,514.1713463810046,30.343591997538564,1461.990258274064,100.0,100.0,True,,synthetic_ltma,sim_user,llm_training,gpu:1,ltma
3.5,2026-01-01 00:00:03.500000+00:00,,syn-attack-ltma-201,ltma-irregular-primary,irregular,,0.55,0.5,0,10.0,54.95682473113935,2.3192703475473353,0.0,303.93154843502685,28.436901122937734,360.978010295271,100.0,100.0,True,,synthetic_ltma,sim_user,llm_training,gpu:1,ltma
3.6,2026-01-01 00:00:03.600000+00:00,,syn-attack-ltma-201,ltma-irregular-primary,irregular,,0.55,0.5,0,10.0,66.12840930832358,13.041958939901976,0.0,532.1227164958618,31.276605962605714,396.87404562534573,100.0,100.0,True,,synthetic_ltma,sim_user,llm_training,gpu:1,ltma
3.7,2026-01-01 00:00:03.700000+00:00,,syn-attack-ltma-201,ltma-irregular-primary,irregular,,0.55,0.5,0,10.0,69.16178754667547,13.764776111938268,8.430586477334964,503.99194350225144,31.417232827599918,995.4304404239152,100.0,100.0,True,,synthetic_ltma,sim_user,llm_training,gpu:1,ltma
3.8,2026-01-01 00:00:03.800000+00:00,,syn-attack-ltma-201,ltma-irregular-primary,irregular,,0.55,0.5,0,10.0,68.0099703648212,17.045830349666424,8.532527113678098,582.4610094811807,32.44695318517758,996.4940678816299,100.0,100.0,True,,synthetic_ltma,sim_user,llm_training,gpu:1,ltma
3.9,2026-01-01 00:00:03.900000+00:00,,syn-attack-ltma-201,ltma-irregular-primary,irregular,,0.55,0.5,0,10.0,81.40423139843107,18.900146472986144,13.550832334651735,656.601457019999,33.360820791326546,1573.5223571693537,100.0,100.0,True,,synthetic_ltma,sim_user,llm_training,gpu:1,ltma
4.0,2026-01-01 00:00:04+00:00,,syn-attack-ltma-201,ltma-irregular-primary,irregular,,0.55,0.5,0,10.0,75.8639726908105,29.290660809534536,19.561998886189883,936.6748616249756,36.25602617148388,1837.442064908282,100.0,100.0,True,,synthetic_ltma,sim_user,llm_training,gpu:1,ltma
4.1,2026-01-01 00:00:04.100000+00:00,,syn-attack-ltma-201,ltma-irregular-primary,irregular,,0.55,0.5,0,10.0,80.11773394508675,22.555039223556964,6.333223699756477,800.3755784413511,34.79154995469103,828.8475183014331,100.0,100.0,True,,synthetic_ltma,sim_user,llm_training,gpu:1,ltma
4.2,2026-01-01 00:00:04.200000+00:00,,syn-attack-ltma-201,ltma-irregular-primary,irregular,,0.55,0.5,0,10.0,87.91861847428886,27.515334923219086,15.033546171994196,899.0114647290812,36.41593870983669,1517.9059256184898,100.0,100.0,True,,synthetic_ltma,sim_user,llm_training,gpu:1,ltma
4.3,2026-01-01 00:00:04.300000+00:00,,syn-attack-ltma-201,ltma-irregular-primary,irregular,,0.55,0.5,0,10.0,86.38692566467596,25.138346177003598,24.14529501338843,857.7357322906696,35.767945852534055,2066.693233904158,100.0,100.0,True,,synthetic_ltma,sim_user,llm_training,gpu:1,ltma
4.4,2026-01-01 00:00:04.400000+00:00,,syn-attack-ltma-201,ltma-irregular-primary,irregular,,0.55,0.5,0,10.0,68.72101014836913,27.792269566648176,13.824617779815377,904.1493864985712,36.40258925568603,1110.275657623287,100.0,100.0,True,,synthetic_ltma,sim_user,llm_training,gpu:1,ltma
4.5,2026-01-01 00:00:04.500000+00:00,,syn-attack-ltma-201,ltma-irregular-primary,irregular,,0.55,0.5,0,10.0,67.34896153079244,14.266072957826797,14.843276612980834,609.870100090911,32.43076372215993,1442.8873438850471,100.0,100.0,True,,synthetic_ltma,sim_user,llm_training,gpu:1,ltma
4.6,2026-01-01 00:00:04.600000+00:00,,syn-attack-ltma-201,ltma-irregular-primary,irregular,,0.55,0.5,0,10.0,51.19812012446805,11.36263629482351,6.678139196621495,492.1790444613287,31.522046907245453,932.6027395497985,100.0,100.0,True,,synthetic_ltma,sim_user,llm_training,gpu:1,ltma
4.7,2026-01-01 00:00:04.700000+00:00,,syn-attack-ltma-201,ltma-irregular-primary,irregular,,0.55,0.5,0,10.0,58.54113963807261,9.326280645041045,3.753155644318859,411.54488737043016,30.93593131020894,640.032899862628,100.0,100.0,True,,synthetic_ltma,sim_user,llm_training,gpu:1,ltma
4.8,2026-01-01 00:00:04.800000+00:00,,syn-attack-ltma-201,ltma-irregular-primary,irregular,,0.55,0.5,0,10.0,59.77035764297963,26.721396906665458,10.294376651113433,908.4627252048285,35.83053280057869,1039.1110566807065,100.0,100.0,True,,synthetic_ltma,sim_user,llm_training,gpu:1,ltma
4.9,2026-01-01 00:00:04.900000+00:00,,syn-attack-ltma-201,ltma-irregular-primary,irregular,,0.55,0.5,0,10.0,61.66148600654432,10.463780676464815,3.1505750422339482,492.9333663224862,31.372321664810517,715.3999859686389,100.0,100.0,True,,synthetic_ltma,sim_user,llm_training,gpu:1,ltma
5.0,2026-01-01 00:00:05+00:00,,syn-attack-ltma-201,ltma-irregular-primary,irregular,,0.55,0.5,0,10.0,69.37843116397624,23.69708211944212,6.5712971465989325,824.277459560549,34.803401563586476,971.3437077242595,100.0,100.0,True,,synthetic_ltma,sim_user,llm_training,gpu:1,ltma
5.1,2026-01-01 00:00:05.100000+00:00,,syn-attack-ltma-201,ltma-irregular-primary,irregular,,0.55,0.5,0,10.0,72.3401090135545,24.84211071825019,20.211033057509976,847.6815593296753,34.84475120702674,1839.5058698361754,100.0,100.0,True,,synthetic_ltma,sim_user,llm_training,gpu:1,ltma
5.2,2026-01-01 00:00:05.200000+00:00,,syn-attack-ltma-201,ltma-irregular-primary,irregular,,0.55,0.5,0,10.0,67.3936826598001,15.388928702318891,8.11196041324419,537.7026957036725,32.127316427496154,1094.8999216407958,100.0,100.0,True,,synthetic_ltma,sim_user,llm_training,gpu:1,ltma
5.3,2026-01-01 00:00:05.300000+00:00,,syn-attack-ltma-201,ltma-irregular-primary,irregular,,0.55,0.5,0,10.0,71.85482090218632,25.94403243994651,11.442766497388588,862.485973142347,35.08381416827718,1091.1468964123992,100.0,100.0,True,,synthetic_ltma,sim_user,llm_training,gpu:1,ltma
5.4,2026-01-01 00:00:05.400000+00:00,,syn-attack-ltma-201,ltma-irregular-primary,irregular,,0.55,0.5,0,10.0,80.52929518307273,23.845200818609037,16.941143751606546,828.3017487187386,34.64441114346685,1496.5745401458992,100.0,100.0,True,,synthetic_ltma,sim_user,llm_training,gpu:1,ltma
5.5,2026-01-01 00:00:05.500000+00:00,,syn-attack-ltma-201,ltma-irregular-primary,irregular,,0.55,0.5,0,10.0,78.17206081625126,17.997551938333558,5.904620421637764,615.6535224015405,32.940606320484086,1073.0430530639333,100.0,100.0,True,,synthetic_ltma,sim_user,llm_training,gpu:1,ltma
5.6,2026-01-01 00:00:05.600000+00:00,,syn-attack-ltma-201,ltma-irregular-primary,irregular,,0.55,0.5,0,10.0,90.06653649179047,11.149964747629554,8.558330812206632,496.40068669830094,30.876864634645557,905.309946847067,100.0,100.0,True,,synthetic_ltma,sim_user,llm_training,gpu:1,ltma
5.7,2026-01-01 00:00:05.700000+00:00,,syn-attack-ltma-201,ltma-irregular-primary,irregular,,0.55,0.5,0,10.0,86.78403540275231,17.833760727739445,13.174233229214007,596.922520266884,32.48417449597167,1392.6771466514601,100.0,100.0,True,,synthetic_ltma,sim_user,llm_training,gpu:1,ltma
5.8,2026-01-01 00:00:05.800000+00:00,,syn-attack-ltma-201,ltma-irregular-primary,irregular,,0.55,0.5,0,10.0,86.36933025377628,23.007889525662787,17.056616461937875,740.1279278680387,33.854603460476795,1485.423651182772,100.0,100.0,True,,synthetic_ltma,sim_user,llm_training,gpu:1,ltma
5.9,2026-01-01 00:00:05.900000+00:00,,syn-attack-ltma-201,ltma-irregular-primary,irregular,,0.55,0.5,0,10.0,88.2616909069241,22.195698335413944,14.069555413498035,774.5984494836508,33.65093600402145,1348.559950994186,100.0,100.0,True,,synthetic_ltma,sim_user,llm_training,gpu:1,ltma
6.0,2026-01-01 00:00:06+00:00,,syn-attack-ltma-201,ltma-irregular-primary,irregular,,0.55,0.5,0,10.0,88.14172151609408,30.916389550934902,22.922044171517825,893.124485645211,36.05546248339578,2192.0948450058436,100.0,100.0,True,,synthetic_ltma,sim_user,llm_training,gpu:1,ltma
6.1,2026-01-01 00:00:06.100000+00:00,,syn-attack-ltma-201,ltma-irregular-primary,irregular,,0.55,0.5,0,10.0,86.5012101103638,21.957077938618852,11.766825493052302,696.9795646079922,33.43617368856565,1204.3137432485435,100.0,100.0,True,,synthetic_ltma,sim_user,llm_training,gpu:1,ltma
6.2,2026-01-01 00:00:06.200000+00:00,,syn-attack-ltma-201,ltma-irregular-primary,irregular,,0.55,0.5,0,10.0,75.07539121889859,22.768341336489428,15.542664939879797,749.3479521523838,33.51165993271034,1594.3921773727645,100.0,100.0,True,,synthetic_ltma,sim_user,llm_training,gpu:1,ltma
6.3,2026-01-01 00:00:06.300000+00:00,,syn-attack-ltma-201,ltma-irregular-primary,irregular,,0.55,0.5,0,10.0,74.99818582555507,28.216953235275554,21.498568713181417,918.3210375381283,34.93171229699801,2005.6265616054154,100.0,100.0,True,,synthetic_ltma,sim_user,llm_training,gpu:1,ltma
6.4,2026-01-01 00:00:06.400000+00:00,,syn-attack-ltma-201,ltma-irregular-primary,irregular,,0.55,0.5,0,10.0,71.30130808972719,16.748130060809387,10.973418370107177,626.7072227150401,31.68763875931849,1275.298214569767,100.0,100.0,True,,synthetic_ltma,sim_user,llm_training,gpu:1,ltma
6.5,2026-01-01 00:00:06.500000+00:00,,syn-attack-ltma-201,ltma-irregular-primary,irregular,,0.55,0.5,0,10.0,184.12776197818454,61.25762914419174,38.24263310970053,1755.782415550967,44.114544710242576,3187.7961309709494,100.0,100.0,True,,synthetic_ltma,sim_user,llm_training,gpu:1,ltma
6.6,2026-01-01 00:00:06.600000+00:00,,syn-attack-ltma-201,ltma-irregular-primary,irregular,,0.55,0.5,0,10.0,184.14909433749213,87.213869544309,38.136545133294206,2310.24962877358,51.17454390286994,2996.185726014711,100.0,100.0,True,,synthetic_ltma,sim_user,llm_training,gpu:1,ltma
6.7,2026-01-01 00:00:06.700000+00:00,,syn-attack-ltma-201,ltma-irregular-primary,irregular,,0.55,0.5,0,10.0,206.73302528166172,91.95350100979947,53.53016493241405,2520.0,52.66562646022824,4168.417714044225,100.0,100.0,True,,synthetic_ltma,sim_user,llm_training,gpu:1,ltma
6.8,2026-01-01 00:00:06.800000+00:00,,syn-attack-ltma-201,ltma-irregular-primary,irregular,,0.55,0.5,0,10.0,206.8905558227848,89.71867666282408,52.24378515180988,2410.675624395602,52.16301982822359,4056.370191654362,100.0,100.0,True,,synthetic_ltma,sim_user,llm_training,gpu:1,ltma
6.9,2026-01-01 00:00:06.900000+00:00,,syn-attack-ltma-201,ltma-irregular-primary,irregular,,0.55,0.5,0,10.0,208.1272782984747,96.12294781977067,52.58643555979499,2520.0,54.05003438484942,4080.2161111491537,100.0,100.0,True,,synthetic_ltma,sim_user,llm_training,gpu:1,ltma
7.0,2026-01-01 00:00:07+00:00,,syn-attack-ltma-201,ltma-irregular-primary,irregular,,0.55,0.5,0,10.0,207.21459720662915,100.0,59.56871404648472,2520.0,55.39332652809782,4537.1248015277615,100.0,100.0,True,,synthetic_ltma,sim_user,llm_training,gpu:1,ltma
7.1,2026-01-01 00:00:07.100000+00:00,,syn-attack-ltma-201,ltma-irregular-primary,irregular,,0.55,0.5,0,10.0,199.50481408444145,94.81132798277379,61.135089727924495,2520.0,53.79900238830086,4818.080130331556,100.0,100.0,True,,synthetic_ltma,sim_user,llm_training,gpu:1,ltma
7.2,2026-01-01 00:00:07.200000+00:00,,syn-attack-ltma-201,ltma-irregular-primary,irregular,,0.55,0.5,0,10.0,189.2913080027713,66.11569278862495,39.45064586170397,1862.9813559271106,45.784003710848665,3308.997667717037,100.0,100.0,True,,synthetic_ltma,sim_user,llm_training,gpu:1,ltma
7.3,2026-01-01 00:00:07.300000+00:00,,syn-attack-ltma-201,ltma-irregular-primary,irregular,,0.55,0.5,0,10.0,180.45769335767739,68.30833514481927,41.498699379982156,1946.3077084243753,46.69980780700153,3463.869663518609,100.0,100.0,True,,synthetic_ltma,sim_user,llm_training,gpu:1,ltma
7.4,2026-01-01 00:00:07.400000+00:00,,syn-attack-ltma-201,ltma-irregular-primary,irregular,,0.55,0.5,0,10.0,175.7468717721713,73.68325076183987,39.48403460139511,2076.311494091003,48.37238308603799,3401.271721868786,100.0,100.0,True,,synthetic_ltma,sim_user,llm_training,gpu:1,ltma
7.5,2026-01-01 00:00:07.500000+00:00,,syn-attack-ltma-201,ltma-irregular-primary,irregular,,0.55,0.5,0,10.0,181.50534976244919,77.52422742335688,40.78221986084124,2195.3253629370447,49.603107144388424,3246.051646843061,100.0,100.0,True,,synthetic_ltma,sim_user,llm_training,gpu:1,ltma
7.6,2026-01-01 00:00:07.600000+00:00,,syn-attack-ltma-201,ltma-irregular-primary,irregular,,0.55,0.5,0,10.0,183.2393378375711,87.49853966875874,48.60180108715779,2387.272782882218,52.24129595144844,4058.042215056119,100.0,100.0,True,,synthetic_ltma,sim_user,llm_training,gpu:1,ltma
7.7,2026-01-01 00:00:07.700000+00:00,,syn-attack-ltma-201,ltma-irregular-primary,irregular,,0.55,0.5,0,10.0,181.53345972105382,87.77303244037589,44.000837132588714,2358.1055361679246,52.30721454261068,3711.229555455621,100.0,100.0,True,,synthetic_ltma,sim_user,llm_training,gpu:1,ltma
7.8,2026-01-01 00:00:07.800000+00:00,,syn-attack-ltma-201,ltma-irregular-primary,irregular,,0.55,0.5,0,10.0,183.0776541566487,90.43238480176949,49.74124203671634,2419.156992909823,53.05431448494052,4062.4019064193853,100.0,100.0,True,,synthetic_ltma,sim_user,llm_training,gpu:1,ltma
7.9,2026-01-01 00:00:07.900000+00:00,,syn-attack-ltma-201,ltma-irregular-primary,irregular,,0.55,0.5,0,10.0,188.80624819487613,71.77113771385959,43.23110408357086,2096.5648789849793,47.59420949560225,3716.870787125652,100.0,100.0,True,,synthetic_ltma,sim_user,llm_training,gpu:1,ltma
8.0,2026-01-01 00:00:08+00:00,,syn-attack-ltma-201,ltma-irregular-primary,irregular,,0.55,0.5,0,10.0,184.96992104382645,74.24374495804086,40.42294456751904,2080.147906128161,48.491069401673855,3368.5408096899127,100.0,100.0,True,,synthetic_ltma,sim_user,llm_training,gpu:1,ltma
8.1,2026-01-01 00:00:08.100000+00:00,,syn-attack-ltma-201,ltma-irregular-primary,irregular,,0.55,0.5,0,10.0,186.4448195959469,87.2267740682552,47.030764909783095,2384.5890077821364,52.186765186747465,3698.7708105090796,100.0,100.0,True,,synthetic_ltma,sim_user,llm_training,gpu:1,ltma
8.2,2026-01-01 00:00:08.200000+00:00,,syn-attack-ltma-201,ltma-irregular-primary,irregular,,0.55,0.5,0,10.0,190.12653531962263,78.71881465329898,40.30784604602545,2199.733442385285,49.64643932949494,3322.1040454446465,100.0,100.0,True,,synthetic_ltma,sim_user,llm_training,gpu:1,ltma
8.3,2026-01-01 00:00:08.300000+00:00,,syn-attack-ltma-201,ltma-irregular-primary,irregular,,0.55,0.5,0,10.0,199.38646666497993,97.29528145797718,58.289663562820124,2520.0,54.99690333625664,4578.748178025108,100.0,100.0,True,,synthetic_ltma,sim_user,llm_training,gpu:1,ltma
8.4,2026-01-01 00:00:08.400000+00:00,,syn-attack-ltma-201,ltma-irregular-primary,irregular,,0.55,0.5,0,10.0,189.4841223843897,92.94929004799253,51.68214857480256,2520.0,53.91630360038634,4121.523150334238,100.0,100.0,True,,synthetic_ltma,sim_user,llm_training,gpu:1,ltma
8.5,2026-01-01 00:00:08.500000+00:00,,syn-attack-ltma-201,ltma-irregular-primary,irregular,,0.55,0.5,0,10.0,187.2527354472562,80.38276894899457,45.028489889310656,2302.8512807041197,50.60686794884808,3595.528429730164,100.0,100.0,True,,synthetic_ltma,sim_user,llm_training,gpu:1,ltma
8.6,2026-01-01 00:00:08.600000+00:00,,syn-attack-ltma-201,ltma-irregular-primary,irregular,,0.55,0.5,0,10.0,192.3199160070873,85.26304800570105,49.01881201177475,2319.2924421700673,51.75877066277773,3845.495378961961,100.0,100.0,True,,synthetic_ltma,sim_user,llm_training,gpu:1,ltma
8.7,2026-01-01 00:00:08.700000+00:00,,syn-attack-ltma-201,ltma-irregular-primary,irregular,,0.55,0.5,0,10.0,187.85600656943745,89.23618285207915,53.80900800981896,2336.278811791253,52.669805817972126,4182.933109984953,100.0,100.0,True,,synthetic_ltma,sim_user,llm_training,gpu:1,ltma
8.8,2026-01-01 00:00:08.800000+00:00,,syn-attack-ltma-201,ltma-irregular-primary,irregular,,0.55,0.5,0,10.0,201.64677213652243,96.11447822197673,49.38826821586136,2520.0,54.83357185999698,3898.251408809744,100.0,100.0,True,,synthetic_ltma,sim_user,llm_training,gpu:1,ltma
8.9,2026-01-01 00:00:08.900000+00:00,,syn-attack-ltma-201,ltma-irregular-primary,irregular,,0.55,0.5,0,10.0,218.79808154768244,100.0,53.700549934128766,2520.0,56.10960031305146,4219.292790831704,100.0,100.0,True,,synthetic_ltma,sim_user,llm_training,gpu:1,ltma
9.0,2026-01-01 00:00:09+00:00,,syn-attack-ltma-201,ltma-irregular-primary,irregular,,0.55,0.5,0,10.0,214.51926035149177,100.0,60.04061743388954,2520.0,56.290825242862155,4526.055834471574,100.0,100.0,True,,synthetic_ltma,sim_user,llm_training,gpu:1,ltma
9.1,2026-01-01 00:00:09.100000+00:00,,syn-attack-ltma-201,ltma-irregular-primary,irregular,,0.55,0.5,0,10.0,209.98186509231385,92.11286199934293,49.06628517690294,2518.5218954388865,54.35149068668699,3854.0343597457627,100.0,100.0,True,,synthetic_ltma,sim_user,llm_training,gpu:1,ltma
9.2,2026-01-01 00:00:09.200000+00:00,,syn-attack-ltma-201,ltma-irregular-primary,irregular,,0.55,0.5,0,10.0,215.63553734986374,98.53208390199684,56.30246356248245,2520.0,56.12217852610832,4262.1068072567205,100.0,100.0,True,,synthetic_ltma,sim_user,llm_training,gpu:1,ltma
9.3,2026-01-01 00:00:09.300000+00:00,,syn-attack-ltma-201,ltma-irregular-primary,irregular,,0.55,0.5,0,10.0,221.07225710962655,87.59588113161745,58.99579765879709,2396.8829898934027,53.323038700149446,4608.048382732164,100.0,100.0,True,,synthetic_ltma,sim_user,llm_training,gpu:1,ltma
9.4,2026-01-01 00:00:09.400000+00:00,,syn-attack-ltma-201,ltma-irregular-primary,irregular,,0.55,0.5,0,10.0,208.29177079099384,100.0,50.134865603969864,2520.0,56.76604954552486,4162.318818759139,100.0,100.0,True,,synthetic_ltma,sim_user,llm_training,gpu:1,ltma
9.5,2026-01-01 00:00:09.500000+00:00,,syn-attack-ltma-201,ltma-irregular-primary,irregular,,0.55,0.5,0,10.0,202.23767878485728,95.62510942091704,53.853264899412345,2520.0,55.67940917295431,4153.184724685518,100.0,100.0,True,,synthetic_ltma,sim_user,llm_training,gpu:1,ltma
9.6,2026-01-01 00:00:09.600000+00:00,,syn-attack-ltma-201,ltma-irregular-primary,irregular,,0.55,0.5,0,10.0,195.5062702835243,79.8551267977257,47.03592436397171,2174.8834880237837,51.437023674486255,3732.9102809505985,100.0,100.0,True,,synthetic_ltma,sim_user,llm_training,gpu:1,ltma
9.7,2026-01-01 00:00:09.700000+00:00,,syn-attack-ltma-201,ltma-irregular-primary,irregular,,0.55,0.5,0,10.0,190.9870240276827,94.73911728632112,58.74693172366313,2520.0,55.665453435995644,4532.3432493493565,100.0,100.0,True,,synthetic_ltma,sim_user,llm_training,gpu:1,ltma
9.8,2026-01-01 00:00:09.800000+00:00,,syn-attack-ltma-201,ltma-irregular-primary,irregular,,0.55,0.5,0,10.0,174.91686691702284,69.60337302240926,38.44951293320531,1931.7181527062683,48.68607077692969,3086.0314855676943,100.0,100.0,True,,synthetic_ltma,sim_user,llm_training,gpu:1,ltma
9.9,2026-01-01 00:00:09.900000+00:00,,syn-attack-ltma-201,ltma-irregular-primary,irregular,,0.55,0.5,0,10.0,184.42142098122417,77.05296600366472,37.282820629137056,2064.927694197199,50.70208203045346,3028.8452214144145,100.0,100.0,True,,synthetic_ltma,sim_user,llm_training,gpu:1,ltma
10.0,2026-01-01 00:00:10+00:00,,syn-attack-ltma-201,ltma-irregular-primary,irregular,,0.55,0.5,0,10.0,185.55603333705733,82.92168905349291,41.25687661288492,2267.0786582888272,52.07637923375525,3289.228110984302,100.0,100.0,True,,synthetic_ltma,sim_user,llm_training,gpu:1,ltma
10.1,2026-01-01 00:00:10.100000+00:00,,syn-attack-ltma-201,ltma-irregular-primary,irregular,,0.55,0.5,0,10.0,196.49449794542954,96.22570896536013,52.27370600963598,2520.0,55.6255648489855,4199.0613486238435,100.0,100.0,True,,synthetic_ltma,sim_user,llm_training,gpu:1,ltma
10.2,2026-01-01 00:00:10.200000+00:00,,syn-attack-ltma-201,ltma-irregular-primary,irregular,,0.55,0.5,0,10.0,199.80112929177136,87.58382897658522,41.419725561091845,2392.2090119585628,52.71125926325949,3497.6176066523253,100.0,100.0,True,,synthetic_ltma,sim_user,llm_training,gpu:1,ltma
10.3,2026-01-01 00:00:10.300000+00:00,,syn-attack-ltma-201,ltma-irregular-primary,irregular,,0.55,0.5,0,10.0,207.70606307804266,91.62166714859438,58.48003642277491,2520.0,53.81536624617575,4686.7821507502185,100.0,100.0,True,,synthetic_ltma,sim_user,llm_training,gpu:1,ltma
10.4,2026-01-01 00:00:10.400000+00:00,,syn-attack-ltma-201,ltma-irregular-primary,irregular,,0.55,0.5,0,10.0,199.32525854769995,90.92928679062594,45.86030735849335,2446.3304360235306,53.531253422032805,3694.4538400587826,100.0,100.0,True,,synthetic_ltma,sim_user,llm_training,gpu:1,ltma
10.5,2026-01-01 00:00:10.500000+00:00,,syn-attack-ltma-201,ltma-irregular-primary,irregular,,0.55,0.5,0,10.0,196.70426572185,78.12233015523816,47.73261639248831,2193.460053924589,49.748284891586714,3799.0060382439433,100.0,100.0,True,,synthetic_ltma,sim_user,llm_training,gpu:1,ltma
10.6,2026-01-01 00:00:10.600000+00:00,,syn-attack-ltma-201,ltma-irregular-primary,irregular,,0.55,0.5,0,10.0,188.57330362454167,79.88301870731556,46.04075248966299,2285.795230176471,50.140484985081045,3617.959196685927,100.0,100.0,True,,synthetic_ltma,sim_user,llm_training,gpu:1,ltma
10.7,2026-01-01 00:00:10.700000+00:00,,syn-attack-ltma-201,ltma-irregular-primary,irregular,,0.55,0.5,0,10.0,187.92878711341743,84.16806902397107,46.1285024090468,2241.7778744485768,51.260472664286674,3607.839268234524,100.0,100.0,True,,synthetic_ltma,sim_user,llm_training,gpu:1,ltma
10.8,2026-01-01 00:00:10.800000+00:00,,syn-attack-ltma-201,ltma-irregular-primary,irregular,,0.55,0.5,0,10.0,187.90720535927238,100.0,56.1041157157624,2520.0,55.5165138734023,4367.023216912781,100.0,100.0,True,,synthetic_ltma,sim_user,llm_training,gpu:1,ltma
10.9,2026-01-01 00:00:10.900000+00:00,,syn-attack-ltma-201,ltma-irregular-primary,irregular,,0.55,0.5,0,10.0,188.01184563460444,79.32480919266375,37.293683991405885,2228.735854094191,49.85110682475922,3041.5636035376415,100.0,100.0,True,,synthetic_ltma,sim_user,llm_training,gpu:1,ltma
11.0,2026-01-01 00:00:11+00:00,,syn-attack-ltma-201,ltma-irregular-primary,irregular,,0.55,0.5,0,10.0,196.5676436826027,81.28929692629784,42.69864636881419,2247.2412549076557,50.38885322279948,3330.925883417237,100.0,100.0,True,,synthetic_ltma,sim_user,llm_training,gpu:1,ltma
11.1,2026-01-01 00:00:11.100000+00:00,,syn-attack-ltma-201,ltma-irregular-primary,irregular,,0.55,0.5,0,10.0,204.56729668738632,84.37903885370167,47.97646647757182,2323.308451566778,51.40560997491296,3876.4132525218624,100.0,100.0,True,,synthetic_ltma,sim_user,llm_training,gpu:1,ltma
11.2,2026-01-01 00:00:11.200000+00:00,,syn-attack-ltma-201,ltma-irregular-primary,irregular,,0.55,0.5,0,10.0,198.70603995640573,100.0,54.81807965074184,2520.0,55.6618589269558,4454.388408188806,100.0,100.0,True,,synthetic_ltma,sim_user,llm_training,gpu:1,ltma
11.3,2026-01-01 00:00:11.300000+00:00,,syn-attack-ltma-201,ltma-irregular-primary,irregular,,0.55,0.5,0,10.0,199.94754758198627,81.72838287501715,46.14192652646522,2321.2999569327885,50.88983265093407,3509.9750890014147,100.0,100.0,True,,synthetic_ltma,sim_user,llm_training,gpu:1,ltma
11.4,2026-01-01 00:00:11.400000+00:00,,syn-attack-ltma-201,ltma-irregular-primary,irregular,,0.55,0.5,0,10.0,203.40659069010192,100.0,55.79487064210603,2520.0,56.024881227126706,4426.619843138269,100.0,100.0,True,,synthetic_ltma,sim_user,llm_training,gpu:1,ltma
11.5,2026-01-01 00:00:11.500000+00:00,,syn-attack-ltma-201,ltma-irregular-primary,irregular,,0.55,0.5,0,10.0,201.11569554294846,95.95318117491853,57.430160209541924,2520.0,55.02544567569533,4617.796801521321,100.0,100.0,True,,synthetic_ltma,sim_user,llm_training,gpu:1,ltma
11.6,2026-01-01 00:00:11.600000+00:00,,syn-attack-ltma-201,ltma-irregular-primary,irregular,,0.55,0.5,0,10.0,192.6538352196253,92.92666564571924,47.793280604030976,2520.0,53.797739505983124,3690.5161656296964,100.0,100.0,True,,synthetic_ltma,sim_user,llm_training,gpu:1,ltma
11.7,2026-01-01 00:00:11.700000+00:00,,syn-attack-ltma-201,ltma-irregular-primary,irregular,,0.55,0.5,0,10.0,200.60902766808425,100.0,55.85266933872564,2520.0,55.999984838879385,4254.827818719347,100.0,100.0,True,,synthetic_ltma,sim_user,llm_training,gpu:1,ltma
11.8,2026-01-01 00:00:11.800000+00:00,,syn-attack-ltma-201,ltma-irregular-primary,irregular,,0.55,0.5,0,10.0,203.74594064980997,89.7638642956101,53.44397723122105,2445.218071794593,52.894717146840954,4182.555198840233,100.0,100.0,True,,synthetic_ltma,sim_user,llm_training,gpu:1,ltma
11.9,2026-01-01 00:00:11.900000+00:00,,syn-attack-ltma-201,ltma-irregular-primary,irregular,,0.55,0.5,0,10.0,195.4137167941039,85.85069524958632,46.10367374008394,2343.1783764423294,51.877965171575745,3628.603181516512,100.0,100.0,True,,synthetic_ltma,sim_user,llm_training,gpu:1,ltma
12.0,2026-01-01 00:00:12+00:00,,syn-attack-ltma-201,ltma-irregular-primary,irregular,,0.55,0.5,0,10.0,192.47449100779366,95.04210457915342,49.87751781243517,2520.0,54.643139608610454,3858.0809532229378,100.0,100.0,True,,synthetic_ltma,sim_user,llm_training,gpu:1,ltma
12.1,2026-01-01 00:00:12.100000+00:00,,syn-attack-ltma-201,ltma-irregular-primary,irregular,,0.55,0.5,0,10.0,197.2333467913768,78.44615581891986,46.45832723967377,2150.776196087791,50.167838372240055,3596.337784675414,100.0,100.0,True,,synthetic_ltma,sim_user,llm_training,gpu:1,ltma
12.2,2026-01-01 00:00:12.200000+00:00,,syn-attack-ltma-201,ltma-irregular-primary,irregular,,0.55,0.5,0,10.0,197.82964634053207,92.23348551213515,54.19518052183807,2520.0,53.746650527558124,4304.622232174771,100.0,100.0,True,,synthetic_ltma,sim_user,llm_training,gpu:1,ltma
12.3,2026-01-01 00:00:12.300000+00:00,,syn-attack-ltma-201,ltma-irregular-primary,irregular,,0.55,0.5,0,10.0,190.0768484812192,87.98923229272329,45.52440974987824,2408.470167249058,52.66474222429653,3557.1222729659253,100.0,100.0,True,,synthetic_ltma,sim_user,llm_training,gpu:1,ltma
12.4,2026-01-01 00:00:12.400000+00:00,,syn-attack-ltma-201,ltma-irregular-primary,irregular,,0.55,0.5,0,10.0,189.44058825152354,74.88420821024731,37.622751046522275,2083.585375642481,48.92600831826361,2919.330923781978,100.0,100.0,True,,synthetic_ltma,sim_user,llm_training,gpu:1,ltma
12.5,2026-01-01 00:00:12.500000+00:00,,syn-attack-ltma-201,ltma-irregular-primary,irregular,,0.55,0.5,0,10.0,196.365319954943,85.01996394230974,48.33105361515709,2330.3028076471583,51.6920445209138,3682.6406824917285,100.0,100.0,True,,synthetic_ltma,sim_user,llm_training,gpu:1,ltma
12.6,2026-01-01 00:00:12.600000+00:00,,syn-attack-ltma-201,ltma-irregular-primary,irregular,,0.55,0.5,0,10.0,207.77242969989987,100.0,58.8098578302306,2520.0,55.92965702270086,4538.054840897559,100.0,100.0,True,,synthetic_ltma,sim_user,llm_training,gpu:1,ltma
12.7,2026-01-01 00:00:12.700000+00:00,,syn-attack-ltma-201,ltma-irregular-primary,irregular,,0.55,0.5,0,10.0,202.02871615674604,89.35935350721013,46.15374303636859,2437.494180927847,53.02334160164071,3767.6338349707707,100.0,100.0,True,,synthetic_ltma,sim_user,llm_training,gpu:1,ltma
12.8,2026-01-01 00:00:12.800000+00:00,,syn-attack-ltma-201,ltma-irregular-primary,irregular,,0.55,0.5,0,10.0,203.21301962046212,89.995791603067,46.097800512487545,2479.958115230668,53.43633568576797,3909.6528751490573,100.0,100.0,True,,synthetic_ltma,sim_user,llm_training,gpu:1,ltma
12.9,2026-01-01 00:00:12.900000+00:00,,syn-attack-ltma-201,ltma-irregular-primary,irregular,,0.55,0.5,0,10.0,202.64037227566675,99.0072801608583,56.66105037220789,2520.0,55.70091718392079,4351.996427031652,100.0,100.0,True,,synthetic_ltma,sim_user,llm_training,gpu:1,ltma
13.0,2026-01-01 00:00:13+00:00,,syn-attack-ltma-201,ltma-irregular-primary,irregular,,0.55,0.5,0,10.0,205.20929741885152,90.52616297223446,60.86538786907975,2520.0,53.582091923510895,4793.341947576709,100.0,100.0,True,,synthetic_ltma,sim_user,llm_training,gpu:1,ltma
13.1,2026-01-01 00:00:13.100000+00:00,,syn-attack-ltma-201,ltma-irregular-primary,irregular,,0.55,0.5,0,10.0,190.29045917737636,87.59630819610643,47.20139938546095,2390.6067446518437,52.864245469116824,3654.4851590108738,100.0,100.0,True,,synthetic_ltma,sim_user,llm_training,gpu:1,ltma
13.2,2026-01-01 00:00:13.200000+00:00,,syn-attack-ltma-201,ltma-irregular-primary,irregular,,0.55,0.5,0,10.0,182.47200206844218,75.48542084863821,39.50999962725074,2126.97379085385,49.38641674841721,3273.7912781782934,100.0,100.0,True,,synthetic_ltma,sim_user,llm_training,gpu:1,ltma
13.3,2026-01-01 00:00:13.300000+00:00,,syn-attack-ltma-201,ltma-irregular-primary,irregular,,0.55,0.5,0,10.0,177.26057546756167,85.22750946922496,42.998039218211616,2368.336983937246,51.86735714370175,3378.1321225763854,100.0,100.0,True,,synthetic_ltma,sim_user,llm_training,gpu:1,ltma
13.4,2026-01-01 00:00:13.400000+00:00,,syn-attack-ltma-201,ltma-irregular-primary,irregular,,0.55,0.5,0,10.0,174.816367823549,73.61841812152981,44.837947203231195,2048.774592979432,48.86116289838963,3569.3692858495237,100.0,100.0,True,,synthetic_ltma,sim_user,llm_training,gpu:1,ltma
13.5,2026-01-01 00:00:13.500000+00:00,,syn-attack-ltma-201,ltma-irregular-primary,irregular,,0.55,0.5,0,10.0,166.36024426422125,69.30074530460988,36.75904295065691,1976.168307069421,47.37792849850648,3017.2955207024183,100.0,100.0,True,,synthetic_ltma,sim_user,llm_training,gpu:1,ltma
13.6,2026-01-01 00:00:13.600000+00:00,,syn-attack-ltma-201,ltma-irregular-primary,irregular,,0.55,0.5,0,10.0,166.75731922488274,64.66451729763624,28.07353346719053,1829.9964268967965,46.051789164299414,2419.5562318802736,100.0,100.0,True,,synthetic_ltma,sim_user,llm_training,gpu:1,ltma
13.7,2026-01-01 00:00:13.700000+00:00,,syn-attack-ltma-201,ltma-irregular-primary,irregular,,0.55,0.5,0,10.0,178.21209165719063,89.23664514600894,42.730317490070895,2424.4455483409333,52.64587529971936,3494.9036336868594,100.0,100.0,True,,synthetic_ltma,sim_user,llm_training,gpu:1,ltma
13.8,2026-01-01 00:00:13.800000+00:00,,syn-attack-ltma-201,ltma-irregular-primary,irregular,,0.55,0.5,0,10.0,179.84712993948395,70.8733279428747,33.06639967537508,1906.4942403696448,47.8480287462159,2879.371761258852,100.0,100.0,True,,synthetic_ltma,sim_user,llm_training,gpu:1,ltma
13.9,2026-01-01 00:00:13.900000+00:00,,syn-attack-ltma-201,ltma-irregular-primary,irregular,,0.55,0.5,0,10.0,188.5196808191822,73.61232981576961,37.787829002289946,2012.1891958630772,48.207014705949106,3041.640467848627,100.0,100.0,True,,synthetic_ltma,sim_user,llm_training,gpu:1,ltma
14.0,2026-01-01 00:00:14+00:00,,syn-attack-ltma-201,ltma-irregular-primary,irregular,,0.55,0.5,0,10.0,183.70160614258486,90.23492841248137,48.60373946053749,2451.3989381755473,52.762979464739495,3845.9876491455057,100.0,100.0,True,,synthetic_ltma,sim_user,llm_training,gpu:1,ltma
14.1,2026-01-01 00:00:14.100000+00:00,,syn-attack-ltma-201,ltma-irregular-primary,irregular,,0.55,0.5,0,10.0,186.44877509501362,92.41723390673353,52.88317129578393,2497.803751375889,53.5956835887965,4289.6972415743485,100.0,100.0,True,,synthetic_ltma,sim_user,llm_training,gpu:1,ltma
14.2,2026-01-01 00:00:14.200000+00:00,,syn-attack-ltma-201,ltma-irregular-primary,irregular,,0.55,0.5,0,10.0,183.2244507530325,79.05160408883707,38.49107681053748,2202.1076222657603,50.102221222736105,3260.761794686019,100.0,100.0,True,,synthetic_ltma,sim_user,llm_training,gpu:1,ltma
14.3,2026-01-01 00:00:14.300000+00:00,,syn-attack-ltma-201,ltma-irregular-primary,irregular,,0.55,0.5,0,10.0,190.07955234531067,85.02693759398903,48.07801071656984,2316.2813257018265,51.9566716944783,3948.2291879539907,100.0,100.0,True,,synthetic_ltma,sim_user,llm_training,gpu:1,ltma
14.4,2026-01-01 00:00:14.400000+00:00,,syn-attack-ltma-201,ltma-irregular-primary,irregular,,0.55,0.5,0,10.0,180.53680665102183,76.09878226486808,35.1403156187963,2124.397807422909,49.53710141512059,2942.350540290591,100.0,100.0,True,,synthetic_ltma,sim_user,llm_training,gpu:1,ltma
14.5,2026-01-01 00:00:14.500000+00:00,,syn-attack-ltma-201,ltma-irregular-primary,irregular,,0.55,0.5,0,10.0,183.82506607149242,79.00062899249797,44.714182239903934,2220.9693046685557,50.536710729232695,3605.573640683329,100.0,100.0,True,,synthetic_ltma,sim_user,llm_training,gpu:1,ltma
14.6,2026-01-01 00:00:14.600000+00:00,,syn-attack-ltma-201,ltma-irregular-primary,irregular,,0.55,0.5,0,10.0,180.90892220159878,82.85025905737355,44.934398176985006,2276.0194216211817,51.65324214214657,3483.725621399707,100.0,100.0,True,,synthetic_ltma,sim_user,llm_training,gpu:1,ltma
14.7,2026-01-01 00:00:14.700000+00:00,,syn-attack-ltma-201,ltma-irregular-primary,irregular,,0.55,0.5,0,10.0,187.9595344347806,84.18863489860752,47.02902841614303,2229.9769118296063,51.77257628167484,3833.9249991262827,100.0,100.0,True,,synthetic_ltma,sim_user,llm_training,gpu:1,ltma
14.8,2026-01-01 00:00:14.800000+00:00,,syn-attack-ltma-201,ltma-irregular-primary,irregular,,0.55,0.5,0,10.0,188.34564985388124,76.66616655853574,35.52729856849651,2155.4219055938966,49.74451368619676,2767.725885231244,100.0,100.0,True,,synthetic_ltma,sim_user,llm_training,gpu:1,ltma
14.9,2026-01-01 00:00:14.900000+00:00,,syn-attack-ltma-201,ltma-irregular-primary,irregular,,0.55,0.5,0,10.0,200.36157983020738,88.97351705693153,44.961635938156654,2428.9500568926774,52.991714037385506,3792.367250084129,100.0,100.0,True,,synthetic_ltma,sim_user,llm_training,gpu:1,ltma
15.0,2026-01-01 00:00:15+00:00,,syn-attack-ltma-201,ltma-irregular-primary,irregular,,0.55,0.5,0,10.0,206.33621597672752,88.1761708227479,47.330610354963405,2398.8561577881733,52.514529272865275,3763.473454113174,100.0,100.0,True,,synthetic_ltma,sim_user,llm_training,gpu:1,ltma
15.1,2026-01-01 00:00:15.100000+00:00,,syn-attack-ltma-201,ltma-irregular-primary,irregular,,0.55,0.5,0,10.0,212.48105042242878,83.95212086030557,51.415932362915804,2318.2676723547875,51.14188630656432,4121.538087784525,100.0,100.0,True,,synthetic_ltma,sim_user,llm_training,gpu:1,ltma
15.2,2026-01-01 00:00:15.200000+00:00,,syn-attack-ltma-201,ltma-irregular-primary,irregular,,0.55,0.5,0,10.0,205.78574790952607,99.00258743595863,55.49846516093666,2520.0,55.355538717221904,4392.418680957284,100.0,100.0,True,,synthetic_ltma,sim_user,llm_training,gpu:1,ltma
15.3,2026-01-01 00:00:15.300000+00:00,,syn-attack-ltma-201,ltma-irregular-primary,irregular,,0.55,0.5,0,10.0,211.59162580274068,94.47677572607061,55.336408590912484,2520.0,54.04088045857629,4281.305863069192,100.0,100.0,True,,synthetic_ltma,sim_user,llm_training,gpu:1,ltma
15.4,2026-01-01 00:00:15.400000+00:00,,syn-attack-ltma-201,ltma-irregular-primary,irregular,,0.55,0.5,0,10.0,208.9203573951249,83.21537068289365,46.773518887869265,2214.3490494047282,50.883586776538365,3803.3424966370835,100.0,100.0,True,,synthetic_ltma,sim_user,llm_training,gpu:1,ltma
15.5,2026-01-01 00:00:15.500000+00:00,,syn-attack-ltma-201,ltma-irregular-primary,irregular,,0.55,0.5,0,10.0,206.79657071492625,97.64073114143116,57.65681390165692,2520.0,55.04841601478589,4482.153121502736,100.0,100.0,True,,synthetic_ltma,sim_user,llm_training,gpu:1,ltma
15.6,2026-01-01 00:00:15.600000+00:00,,syn-attack-ltma-201,ltma-irregular-primary,irregular,,0.55,0.5,0,10.0,208.0743691769075,100.0,54.66284712899549,2520.0,55.60618085249703,4259.486127040789,100.0,100.0,True,,synthetic_ltma,sim_user,llm_training,gpu:1,ltma
15.7,2026-01-01 00:00:15.700000+00:00,,syn-attack-ltma-201,ltma-irregular-primary,irregular,,0.55,0.5,0,10.0,81.62264608579851,23.644634986159602,18.889822891226032,793.917200069668,34.24679970894157,1993.410546312684,100.0,100.0,True,,synthetic_ltma,sim_user,llm_training,gpu:1,ltma
15.8,2026-01-01 00:00:15.800000+00:00,,syn-attack-ltma-201,ltma-irregular-primary,irregular,,0.55,0.5,0,10.0,73.80612190016463,22.956855864849302,13.774395660894267,816.145783761289,34.003781220325315,1366.7309173576793,100.0,100.0,True,,synthetic_ltma,sim_user,llm_training,gpu:1,ltma
15.9,2026-01-01 00:00:15.900000+00:00,,syn-attack-ltma-201,ltma-irregular-primary,irregular,,0.55,0.5,0,10.0,78.13710026271035,39.71029078448095,21.075902710243398,1240.3287941611068,38.78557842719909,1811.3775684733987,100.0,100.0,True,,synthetic_ltma,sim_user,llm_training,gpu:1,ltma
16.0,2026-01-01 00:00:16+00:00,,syn-attack-ltma-201,ltma-irregular-primary,irregular,,0.55,0.5,0,10.0,75.18817321441638,26.071876305326153,19.358775793450214,907.249848399041,34.964793479850634,1842.6014009275164,100.0,100.0,True,,synthetic_ltma,sim_user,llm_training,gpu:1,ltma
16.1,2026-01-01 00:00:16.100000+00:00,,syn-attack-ltma-201,ltma-irregular-primary,irregular,,0.55,0.5,0,10.0,72.96320203074559,22.34125210970878,17.030722688004595,718.4176214338645,33.69548529857314,1652.5835811424195,100.0,100.0,True,,synthetic_ltma,sim_user,llm_training,gpu:1,ltma
16.2,2026-01-01 00:00:16.200000+00:00,,syn-attack-ltma-201,ltma-irregular-primary,irregular,,0.55,0.5,0,10.0,60.161261300001854,23.181783194531867,12.121484251135865,759.5729615176473,34.08036044625085,1431.0816516334578,100.0,100.0,True,,synthetic_ltma,sim_user,llm_training,gpu:1,ltma
16.3,2026-01-01 00:00:16.300000+00:00,,syn-attack-ltma-201,ltma-irregular-primary,irregular,,0.55,0.5,0,10.0,65.04580383885725,5.383755245465439,7.718338955687923,367.8381922784371,28.95418358289721,840.3008436936436,100.0,100.0,True,,synthetic_ltma,sim_user,llm_training,gpu:1,ltma
16.4,2026-01-01 00:00:16.400000+00:00,,syn-attack-ltma-201,ltma-irregular-primary,irregular,,0.55,0.5,0,10.0,54.68715983905162,12.121845605417786,3.444818654847013,490.11951423065597,30.748134200747014,701.1810203104575,100.0,100.0,True,,synthetic_ltma,sim_user,llm_training,gpu:1,ltma
16.5,2026-01-01 00:00:16.500000+00:00,,syn-attack-ltma-201,ltma-irregular-primary,irregular,,0.55,0.5,0,10.0,60.145384907382635,14.51194261993602,11.146669613426647,608.6372042885578,31.74647096038109,1234.6465951592547,100.0,100.0,True,,synthetic_ltma,sim_user,llm_training,gpu:1,ltma
16.6,2026-01-01 00:00:16.600000+00:00,,syn-attack-ltma-201,ltma-irregular-primary,irregular,,0.55,0.5,0,10.0,58.59937194738326,13.608531332566649,1.559442318289972,591.106407589853,31.428469892816995,515.9656648272636,100.0,100.0,True,,synthetic_ltma,sim_user,llm_training,gpu:1,ltma
16.7,2026-01-01 00:00:16.700000+00:00,,syn-attack-ltma-201,ltma-irregular-primary,irregular,,0.55,0.5,0,10.0,65.77976546274304,12.678102814038544,10.414912157577366,518.2906747351782,31.61523759624383,1256.9951884475167,100.0,100.0,True,,synthetic_ltma,sim_user,llm_training,gpu:1,ltma
16.8,2026-01-01 00:00:16.800000+00:00,,syn-attack-ltma-201,ltma-irregular-primary,irregular,,0.55,0.5,0,10.0,53.892022007623865,5.470591373593437,0.0,347.1380457364409,29.925903540334197,621.0166616081098,100.0,100.0,True,,synthetic_ltma,sim_user,llm_training,gpu:1,ltma
16.9,2026-01-01 00:00:16.900000+00:00,,syn-attack-ltma-201,ltma-irregular-primary,irregular,,0.55,0.5,0,10.0,55.9497673275871,21.804445231913455,13.318769339695482,783.7166370305222,34.48961880061017,1262.3264606079083,100.0,100.0,True,,synthetic_ltma,sim_user,llm_training,gpu:1,ltma
17.0,2026-01-01 00:00:17+00:00,,syn-attack-ltma-201,ltma-irregular-primary,irregular,,0.55,0.5,0,10.0,53.160999456643324,6.3393258096120455,5.363386234415648,393.6619718518462,30.116755259993944,763.3035133201416,100.0,100.0,True,,synthetic_ltma,sim_user,llm_training,gpu:1,ltma
17.1,2026-01-01 00:00:17.100000+00:00,,syn-attack-ltma-201,ltma-irregular-primary,irregular,,0.55,0.5,0,10.0,52.44089201057908,6.948135337017253,3.8798857835376284,433.5207562178825,30.350552769654644,746.6334184609454,100.0,100.0,True,,synthetic_ltma,sim_user,llm_training,gpu:1,ltma
17.2,2026-01-01 00:00:17.200000+00:00,,syn-attack-ltma-201,ltma-irregular-primary,irregular,,0.55,0.5,0,10.0,50.306523436064495,0.0,0.0,232.09077269520512,28.35625633295584,434.341632821088,100.0,100.0,True,,synthetic_ltma,sim_user,llm_training,gpu:1,ltma
17.3,2026-01-01 00:00:17.300000+00:00,,syn-attack-ltma-201,ltma-irregular-primary,irregular,,0.55,0.5,0,10.0,55.20028912381062,12.872131174813592,4.919530150294076,519.2161285180912,32.08818296265792,879.7295813019382,100.0,100.0,True,,synthetic_ltma,sim_user,llm_training,gpu:1,ltma
17.4,2026-01-01 00:00:17.400000+00:00,,syn-attack-ltma-201,ltma-irregular-primary,irregular,,0.55,0.5,0,10.0,63.14897481807874,0.0,0.0,211.75538045698406,28.36598283625266,601.6536092559012,100.0,100.0,True,,synthetic_ltma,sim_user,llm_training,gpu:1,ltma
17.5,2026-01-01 00:00:17.500000+00:00,,syn-attack-ltma-201,ltma-irregular-primary,irregular,,0.55,0.5,0,10.0,63.002907543211336,9.538090733405264,6.522617404115049,389.14751225561565,30.871532793920125,990.2066570708344,100.0,100.0,True,,synthetic_ltma,sim_user,llm_training,gpu:1,ltma
17.6,2026-01-01 00:00:17.600000+00:00,,syn-attack-ltma-201,ltma-irregular-primary,irregular,,0.55,0.5,0,10.0,64.18758906746892,18.592439598358084,8.505612648512935,714.5979302722602,33.19975689909118,1146.3577028888224,100.0,100.0,True,,synthetic_ltma,sim_user,llm_training,gpu:1,ltma
17.7,2026-01-01 00:00:17.700000+00:00,,syn-attack-ltma-201,ltma-irregular-primary,irregular,,0.55,0.5,0,10.0,53.431412796234284,0.9093275966853342,0.0,254.3347965871173,28.15845686463885,454.1156744618802,100.0,100.0,True,,synthetic_ltma,sim_user,llm_training,gpu:1,ltma
17.8,2026-01-01 00:00:17.800000+00:00,,syn-attack-ltma-201,ltma-irregular-primary,irregular,,0.55,0.5,0,10.0,49.33431415291632,16.094877494678393,13.315945371443142,581.3409323901105,32.537832302229745,1463.1665512358331,100.0,100.0,True,,synthetic_ltma,sim_user,llm_training,gpu:1,ltma
17.9,2026-01-01 00:00:17.900000+00:00,,syn-attack-ltma-201,ltma-irregular-primary,irregular,,0.55,0.5,0,10.0,40.694160962130965,6.109750631153082,2.2409913544346294,407.8144982836421,29.941208731521836,637.3862834510039,100.0,100.0,True,,synthetic_ltma,sim_user,llm_training,gpu:1,ltma
18.0,2026-01-01 00:00:18+00:00,,syn-attack-ltma-201,ltma-irregular-primary,irregular,,0.55,0.5,0,10.0,37.10996879023038,0.0,2.2639021042901444,210.0,27.96765787045745,874.6611140264691,100.0,100.0,True,,synthetic_ltma,sim_user,llm_training,gpu:1,ltma
18.1,2026-01-01 00:00:18.100000+00:00,,syn-attack-ltma-201,ltma-irregular-primary,irregular,,0.55,0.5,0,10.0,30.00099852566514,6.314253343637766,0.0,351.50821719427967,29.868642812605334,635.7692212342728,100.0,100.0,True,,synthetic_ltma,sim_user,llm_training,gpu:1,ltma
18.2,2026-01-01 00:00:18.200000+00:00,,syn-attack-ltma-201,ltma-irregular-primary,irregular,,0.55,0.5,0,10.0,46.06066024838712,0.42578296898316026,0.0,227.21438280604062,27.749364294076198,483.8492772272064,100.0,100.0,True,,synthetic_ltma,sim_user,llm_training,gpu:1,ltma
18.3,2026-01-01 00:00:18.300000+00:00,,syn-attack-ltma-201,ltma-irregular-primary,irregular,,0.55,0.5,0,10.0,59.97899183660003,17.087179146295757,6.66158362084489,675.3678284301476,32.605325317706885,960.7195386939045,100.0,100.0,True,,synthetic_ltma,sim_user,llm_training,gpu:1,ltma
18.4,2026-01-01 00:00:18.400000+00:00,,syn-attack-ltma-201,ltma-irregular-primary,irregular,,0.55,0.5,0,10.0,63.99706279422493,25.692953539962108,10.024926144362453,844.667012131891,35.47027572916922,1127.6097607829092,100.0,100.0,True,,synthetic_ltma,sim_user,llm_training,gpu:1,ltma
18.5,2026-01-01 00:00:18.500000+00:00,,syn-attack-ltma-201,ltma-irregular-primary,irregular,,0.55,0.5,0,10.0,65.41295030715834,14.208147301562388,4.154241233011755,555.9990174439174,32.356028859619556,918.9649723141209,100.0,100.0,True,,synthetic_ltma,sim_user,llm_training,gpu:1,ltma
18.6,2026-01-01 00:00:18.600000+00:00,,syn-attack-ltma-201,ltma-irregular-primary,irregular,,0.55,0.5,0,10.0,63.34573119002303,20.53643647708879,13.994382141387604,731.5470937772153,33.87899430669045,1417.5477085080076,100.0,100.0,True,,synthetic_ltma,sim_user,llm_training,gpu:1,ltma
18.7,2026-01-01 00:00:18.700000+00:00,,syn-attack-ltma-201,ltma-irregular-primary,irregular,,0.55,0.5,0,10.0,56.27321025416478,2.2134205584216815,7.015382898256331,223.81172920465693,28.732529989742748,975.0208264406816,100.0,100.0,True,,synthetic_ltma,sim_user,llm_training,gpu:1,ltma
18.8,2026-01-01 00:00:18.800000+00:00,,syn-attack-ltma-201,ltma-irregular-primary,irregular,,0.55,0.5,0,10.0,60.146081619066734,3.7490332877746555,2.673995863345708,289.6678149514443,29.014824515728893,585.455765107802,100.0,100.0,True,,synthetic_ltma,sim_user,llm_training,gpu:1,ltma
18.9,2026-01-01 00:00:18.900000+00:00,,syn-attack-ltma-201,ltma-irregular-primary,irregular,,0.55,0.5,0,10.0,58.06643459211021,2.47664401431644,0.0,278.1717114371171,28.81700030783283,512.2883146326021,100.0,100.0,True,,synthetic_ltma,sim_user,llm_training,gpu:1,ltma
19.0,2026-01-01 00:00:19+00:00,,syn-attack-ltma-201,ltma-irregular-primary,irregular,,0.55,0.5,0,10.0,59.47595619844198,8.02846646450238,0.0,505.2318408198389,30.434349420150543,526.6147778305433,100.0,100.0,True,,synthetic_ltma,sim_user,llm_training,gpu:1,ltma
19.1,2026-01-01 00:00:19.100000+00:00,,syn-attack-ltma-201,ltma-irregular-primary,irregular,,0.55,0.5,0,10.0,66.22104885711151,5.344202301189348,0.0,328.4695284968629,30.04838933144038,213.42176829514838,100.0,100.0,True,,synthetic_ltma,sim_user,llm_training,gpu:1,ltma
19.2,2026-01-01 00:00:19.200000+00:00,,syn-attack-ltma-201,ltma-irregular-primary,irregular,,0.55,0.5,0,10.0,78.61661664526223,19.313235926826568,19.64767415496398,665.4946604946691,33.74702478733737,1585.9908779052018,100.0,100.0,True,,synthetic_ltma,sim_user,llm_training,gpu:1,ltma
19.3,2026-01-01 00:00:19.300000+00:00,,syn-attack-ltma-201,ltma-irregular-primary,irregular,,0.55,0.5,0,10.0,68.01325690983863,12.229785977890208,5.605370653778836,482.4824316503582,31.408295063833208,854.763792067362,100.0,100.0,True,,synthetic_ltma,sim_user,llm_training,gpu:1,ltma
19.4,2026-01-01 00:00:19.400000+00:00,,syn-attack-ltma-201,ltma-irregular-primary,irregular,,0.55,0.5,0,10.0,79.01321261321603,23.93570073706313,11.41294470215565,860.6537521961108,34.42809673501453,1309.8442091694837,100.0,100.0,True,,synthetic_ltma,sim_user,llm_training,gpu:1,ltma
19.5,2026-01-01 00:00:19.500000+00:00,,syn-attack-ltma-201,ltma-irregular-primary,irregular,,0.55,0.5,0,10.0,81.92822783761476,22.872648141519736,12.817944646266822,748.1859226877546,34.136491012929135,1344.9747191588608,100.0,100.0,True,,synthetic_ltma,sim_user,llm_training,gpu:1,ltma
19.6,2026-01-01 00:00:19.600000+00:00,,syn-attack-ltma-201,ltma-irregular-primary,irregular,,0.55,0.5,0,10.0,79.39017928642686,22.284163287414355,19.391504263977037,812.0751543353707,33.89608928146721,1529.5959591878523,100.0,100.0,True,,synthetic_ltma,sim_user,llm_training,gpu:1,ltma
19.7,2026-01-01 00:00:19.700000+00:00,,syn-attack-ltma-201,ltma-irregular-primary,irregular,,0.55,0.5,0,10.0,69.41989530678141,24.734859169742183,13.793433825714583,854.1354424391568,34.715844387566975,1323.2301730533845,100.0,100.0,True,,synthetic_ltma,sim_user,llm_training,gpu:1,ltma
19.8,2026-01-01 00:00:19.800000+00:00,,syn-attack-ltma-201,ltma-irregular-primary,irregular,,0.55,0.5,0,10.0,67.59787062555984,7.940652867159127,12.412977195691237,441.6063010535217,29.99652750397523,1453.7797311387412,100.0,100.0,True,,synthetic_ltma,sim_user,llm_training,gpu:1,ltma
19.9,2026-01-01 00:00:19.900000+00:00,,syn-attack-ltma-201,ltma-irregular-primary,irregular,,0.55,0.5,0,10.0,55.18977740638314,15.22807868806197,9.052931928870619,651.0290746093395,31.993659873478332,948.8512585343182,100.0,100.0,True,,synthetic_ltma,sim_user,llm_training,gpu:1,ltma
20.0,2026-01-01 00:00:20+00:00,,syn-attack-ltma-201,ltma-irregular-primary,irregular,,0.55,0.5,0,10.0,48.02632156088809,9.625540100975002,3.416994764643974,442.9312475160478,30.511132081606554,697.6601439558034,100.0,100.0,True,,synthetic_ltma,sim_user,llm_training,gpu:1,ltma
20.1,2026-01-01 00:00:20.100000+00:00,,syn-attack-ltma-201,ltma-irregular-primary,irregular,,0.55,0.5,0,10.0,51.92074161464866,5.862427949535752,2.050979845105922,351.98526213633147,29.4415485231914,564.8940497289539,100.0,100.0,True,,synthetic_ltma,sim_user,llm_training,gpu:1,ltma
20.2,2026-01-01 00:00:20.200000+00:00,,syn-attack-ltma-201,ltma-irregular-primary,irregular,,0.55,0.5,0,10.0,56.9321446587561,6.981301816264194,2.5106233802837097,427.31347618534704,29.95614611821369,805.4441404729602,100.0,100.0,True,,synthetic_ltma,sim_user,llm_training,gpu:1,ltma
20.3,2026-01-01 00:00:20.300000+00:00,,syn-attack-ltma-201,ltma-irregular-primary,irregular,,0.55,0.5,0,10.0,58.56793014554785,17.627865416403367,7.400866415128327,609.3036269999288,33.11514417621056,946.1625939017736,100.0,100.0,True,,synthetic_ltma,sim_user,llm_training,gpu:1,ltma
20.4,2026-01-01 00:00:20.400000+00:00,,syn-attack-ltma-201,ltma-irregular-primary,irregular,,0.55,0.5,0,10.0,57.38785602902439,0.0,0.0,227.47721981568696,28.212676956902023,592.4986677749644,100.0,100.0,True,,synthetic_ltma,sim_user,llm_training,gpu:1,ltma
20.5,2026-01-01 00:00:20.500000+00:00,,syn-attack-ltma-201,ltma-irregular-primary,irregular,,0.55,0.5,0,10.0,66.35451569785862,14.804157913933775,9.510584606571786,597.8561657371565,32.341955802527714,996.2263986922495,100.0,100.0,True,,synthetic_ltma,sim_user,llm_training,gpu:1,ltma
20.6,2026-01-01 00:00:20.600000+00:00,,syn-attack-ltma-201,ltma-irregular-primary,irregular,,0.55,0.5,0,10.0,64.85524258565259,17.36261012792154,12.55224924664097,606.0294565620841,33.14251768934608,1281.1019738242824,100.0,100.0,True,,synthetic_ltma,sim_user,llm_training,gpu:1,ltma
20.7,2026-01-01 00:00:20.700000+00:00,,syn-attack-ltma-201,ltma-irregular-primary,irregular,,0.55,0.5,0,10.0,59.365690623905124,4.765245433140929,2.654946941892368,318.6083254078641,29.72089081134747,730.2231728955455,100.0,100.0,True,,synthetic_ltma,sim_user,llm_training,gpu:1,ltma
20.8,2026-01-01 00:00:20.800000+00:00,,syn-attack-ltma-201,ltma-irregular-primary,irregular,,0.55,0.5,0,10.0,62.651282534649,21.58728383127561,8.595151446205179,795.4652637398268,34.572138165898245,1044.5278959712853,100.0,100.0,True,,synthetic_ltma,sim_user,llm_training,gpu:1,ltma
20.9,2026-01-01 00:00:20.900000+00:00,,syn-attack-ltma-201,ltma-irregular-primary,irregular,,0.55,0.5,0,10.0,73.03181986231304,16.35594415843529,11.175927790358582,613.5954237850576,33.22439103080721,1183.8216319346893,100.0,100.0,True,,synthetic_ltma,sim_user,llm_training,gpu:1,ltma
21.0,2026-01-01 00:00:21+00:00,,syn-attack-ltma-201,ltma-irregular-primary,irregular,,0.55,0.5,0,10.0,67.36490189671275,18.770062781574467,10.442438023602477,673.8542906697121,34.14482829484157,1290.926268580065,100.0,100.0,True,,synthetic_ltma,sim_user,llm_training,gpu:1,ltma
21.1,2026-01-01 00:00:21.100000+00:00,,syn-attack-ltma-201,ltma-irregular-primary,irregular,,0.55,0.5,0,10.0,62.42395475182009,30.57796050222671,15.246065317719264,1009.8688473116217,37.386860975388835,1582.2450602375884,100.0,100.0,True,,synthetic_ltma,sim_user,llm_training,gpu:1,ltma
21.2,2026-01-01 00:00:21.200000+00:00,,syn-attack-ltma-201,ltma-irregular-primary,irregular,,0.55,0.5,0,10.0,205.58682160968436,87.10195016478627,50.67812780325054,2379.619785896807,53.101599130079,4001.9019667686666,100.0,100.0,True,,synthetic_ltma,sim_user,llm_training,gpu:1,ltma
21.3,2026-01-01 00:00:21.300000+00:00,,syn-attack-ltma-201,ltma-irregular-primary,irregular,,0.55,0.5,0,10.0,202.23498131699154,90.54083841810704,55.170054242015844,2489.034942754519,54.15954450076173,4219.683703505786,100.0,100.0,True,,synthetic_ltma,sim_user,llm_training,gpu:1,ltma
21.4,2026-01-01 00:00:21.400000+00:00,,syn-attack-ltma-201,ltma-irregular-primary,irregular,,0.55,0.5,0,10.0,204.41866740013552,90.36528105882314,47.15863144757165,2450.664070989241,54.21635726051782,3919.2245850341715,100.0,100.0,True,,synthetic_ltma,sim_user,llm_training,gpu:1,ltma
21.5,2026-01-01 00:00:21.500000+00:00,,syn-attack-ltma-201,ltma-irregular-primary,irregular,,0.55,0.5,0,10.0,210.31930110512002,100.0,51.00144753965932,2520.0,56.921385425701175,4125.76225435604,100.0,100.0,True,,synthetic_ltma,sim_user,llm_training,gpu:1,ltma
21.6,2026-01-01 00:00:21.600000+00:00,,syn-attack-ltma-201,ltma-irregular-primary,irregular,,0.55,0.5,0,10.0,215.98035984226178,90.12356413238828,53.83390944471775,2455.060455242496,53.97431671232952,4236.269895266471,100.0,100.0,True,,synthetic_ltma,sim_user,llm_training,gpu:1,ltma
21.7,2026-01-01 00:00:21.700000+00:00,,syn-attack-ltma-201,ltma-irregular-primary,irregular,,0.55,0.5,0,10.0,206.9218684489084,100.0,54.9788549687074,2520.0,56.55062106538613,4133.865535583448,100.0,100.0,True,,synthetic_ltma,sim_user,llm_training,gpu:1,ltma
21.8,2026-01-01 00:00:21.800000+00:00,,syn-attack-ltma-201,ltma-irregular-primary,irregular,,0.55,0.5,0,10.0,201.146523461548,77.6888518468755,49.9212000304585,2124.607297344123,49.96868775004119,3982.956490345307,100.0,100.0,True,,synthetic_ltma,sim_user,llm_training,gpu:1,ltma
21.9,2026-01-01 00:00:21.900000+00:00,,syn-attack-ltma-201,ltma-irregular-primary,irregular,,0.55,0.5,0,10.0,197.08882205030488,92.74755873874064,53.38607892568,2520.0,53.95891482781887,4240.405952259832,100.0,100.0,True,,synthetic_ltma,sim_user,llm_training,gpu:1,ltma
22.0,2026-01-01 00:00:22+00:00,,syn-attack-ltma-201,ltma-irregular-primary,irregular,,0.55,0.5,0,10.0,195.27928817316769,82.72254691553682,46.216397290822705,2245.7977084800295,51.293058458385104,3642.2513016021635,100.0,100.0,True,,synthetic_ltma,sim_user,llm_training,gpu:1,ltma
22.1,2026-01-01 00:00:22.100000+00:00,,syn-attack-ltma-201,ltma-irregular-primary,irregular,,0.55,0.5,0,10.0,191.7706870396109,79.1311070606773,40.23931522748224,2146.9157285809674,50.479444476586174,3432.6921661717215,100.0,100.0,True,,synthetic_ltma,sim_user,llm_training,gpu:1,ltma
22.2,2026-01-01 00:00:22.200000+00:00,,syn-attack-ltma-201,ltma-irregular-primary,irregular,,0.55,0.5,0,10.0,192.45511357294458,98.48688517166012,49.33385432365343,2520.0,55.82520992011392,3884.8648712103745,100.0,100.0,True,,synthetic_ltma,sim_user,llm_training,gpu:1,ltma
22.3,2026-01-01 00:00:22.300000+00:00,,syn-attack-ltma-201,ltma-irregular-primary,irregular,,0.55,0.5,0,10.0,196.47710590110682,90.980338926172,53.850100081369014,2520.0,53.71772131095261,4244.052703546831,100.0,100.0,True,,synthetic_ltma,sim_user,llm_training,gpu:1,ltma
22.4,2026-01-01 00:00:22.400000+00:00,,syn-attack-ltma-201,ltma-irregular-primary,irregular,,0.55,0.5,0,10.0,187.14025979030853,89.75281366646242,50.23102423831263,2449.1255695254904,53.277585164902106,3921.6425050586386,100.0,100.0,True,,synthetic_ltma,sim_user,llm_training,gpu:1,ltma
22.5,2026-01-01 00:00:22.500000+00:00,,syn-attack-ltma-201,ltma-irregular-primary,irregular,,0.55,0.5,0,10.0,184.74612445490047,85.30053278546858,44.710455241321185,2347.298926326675,51.99317572374437,3563.7314654032994,100.0,100.0,True,,synthetic_ltma,sim_user,llm_training,gpu:1,ltma
22.6,2026-01-01 00:00:22.600000+00:00,,syn-attack-ltma-201,ltma-irregular-primary,irregular,,0.55,0.5,0,10.0,183.62332938775998,57.27438007980379,28.788470832446553,1630.778602682659,44.20739429770475,2499.9030669337685,100.0,100.0,True,,synthetic_ltma,sim_user,llm_training,gpu:1,ltma
22.7,2026-01-01 00:00:22.700000+00:00,,syn-attack-ltma-201,ltma-irregular-primary,irregular,,0.55,0.5,0,10.0,191.31065829720933,99.2383177562858,53.09880251866609,2520.0,56.066166418173886,4076.4464009257385,100.0,100.0,True,,synthetic_ltma,sim_user,llm_training,gpu:1,ltma
22.8,2026-01-01 00:00:22.800000+00:00,,syn-attack-ltma-201,ltma-irregular-primary,irregular,,0.55,0.5,0,10.0,194.04351678764408,82.84380003124718,41.59429859682844,2298.647364917192,51.58727062244471,3401.3430671837523,100.0,100.0,True,,synthetic_ltma,sim_user,llm_training,gpu:1,ltma
22.9,2026-01-01 00:00:22.900000+00:00,,syn-attack-ltma-201,ltma-irregular-primary,irregular,,0.55,0.5,0,10.0,194.59959883229,67.93406728590524,36.235600949499464,1914.6225358556137,47.15358697159912,2995.2392612368426,100.0,100.0,True,,synthetic_ltma,sim_user,llm_training,gpu:1,ltma
23.0,2026-01-01 00:00:23+00:00,,syn-attack-ltma-201,ltma-irregular-primary,irregular,,0.55,0.5,0,10.0,191.9134627474101,86.7907884658241,44.59443330956631,2352.1912913887904,52.25697232695122,3483.4922170307027,100.0,100.0,True,,synthetic_ltma,sim_user,llm_training,gpu:1,ltma
23.1,2026-01-01 00:00:23.100000+00:00,,syn-attack-ltma-201,ltma-irregular-primary,irregular,,0.55,0.5,0,10.0,201.03453982822816,94.60924747194946,55.728755322667794,2520.0,54.41465406874922,4262.288264080009,100.0,100.0,True,,synthetic_ltma,sim_user,llm_training,gpu:1,ltma
23.2,2026-01-01 00:00:23.200000+00:00,,syn-attack-ltma-201,ltma-irregular-primary,irregular,,0.55,0.5,0,10.0,199.63940572067924,97.84354201603988,54.60905793689312,2520.0,55.22156323415423,4214.034194671448,100.0,100.0,True,,synthetic_ltma,sim_user,llm_training,gpu:1,ltma
23.3,2026-01-01 00:00:23.300000+00:00,,syn-attack-ltma-201,ltma-irregular-primary,irregular,,0.55,0.5,0,10.0,200.77246123442694,88.09762893548222,44.94730619802933,2358.0759212630446,52.42477564155984,3609.686884577861,100.0,100.0,True,,synthetic_ltma,sim_user,llm_training,gpu:1,ltma
23.4,2026-01-01 00:00:23.400000+00:00,,syn-attack-ltma-201,ltma-irregular-primary,irregular,,0.55,0.5,0,10.0,197.6497680840111,88.1612539644234,45.12210688528451,2441.7856429739168,52.89372344683798,3540.58435789815,100.0,100.0,True,,synthetic_ltma,sim_user,llm_training,gpu:1,ltma
23.5,2026-01-01 00:00:23.500000+00:00,,syn-attack-ltma-201,ltma-irregular-primary,irregular,,0.55,0.5,0,10.0,200.75853370345854,85.91715455815425,51.714832227696284,2351.771222818198,52.207965596732315,4087.7620949785032,100.0,100.0,True,,synthetic_ltma,sim_user,llm_training,gpu:1,ltma
23.6,2026-01-01 00:00:23.600000+00:00,,syn-attack-ltma-201,ltma-irregular-primary,irregular,,0.55,0.5,0,10.0,192.8046824378374,75.97086702794748,44.31503432217596,2060.3380537676403,49.41656710622829,3605.9622304554805,100.0,100.0,True,,synthetic_ltma,sim_user,llm_training,gpu:1,ltma
23.7,2026-01-01 00:00:23.700000+00:00,,syn-attack-ltma-201,ltma-irregular-primary,irregular,,0.55,0.5,0,10.0,191.46609012331712,85.08283203046291,48.53488037294886,2356.4101123509995,51.799521066386134,3767.9097814204515,100.0,100.0,True,,synthetic_ltma,sim_user,llm_training,gpu:1,ltma
23.8,2026-01-01 00:00:23.800000+00:00,,syn-attack-ltma-201,ltma-irregular-primary,irregular,,0.55,0.5,0,10.0,192.86796790756517,100.0,48.89136599150092,2520.0,56.345998880758614,3894.3081417721864,100.0,100.0,True,,synthetic_ltma,sim_user,llm_training,gpu:1,ltma
23.9,2026-01-01 00:00:23.900000+00:00,,syn-attack-ltma-201,ltma-irregular-primary,irregular,,0.55,0.5,0,10.0,204.8009580850781,100.0,54.224055221057846,2520.0,56.15735985291916,4103.136747972369,100.0,100.0,True,,synthetic_ltma,sim_user,llm_training,gpu:1,ltma
24.0,2026-01-01 00:00:24+00:00,,syn-attack-ltma-201,ltma-irregular-primary,irregular,,0.55,0.5,0,10.0,210.9830058540404,92.77214175426172,48.85686579753777,2520.0,54.11504267248847,3718.520008278583,100.0,100.0,True,,synthetic_ltma,sim_user,llm_training,gpu:1,ltma
24.1,2026-01-01 00:00:24.100000+00:00,,syn-attack-ltma-201,ltma-irregular-primary,irregular,,0.55,0.5,0,10.0,206.1538014957527,91.73964309515384,51.87236756370589,2520.0,54.138062760200334,4064.987489060011,100.0,100.0,True,,synthetic_ltma,sim_user,llm_training,gpu:1,ltma
24.2,2026-01-01 00:00:24.200000+00:00,,syn-attack-ltma-201,ltma-irregular-primary,irregular,,0.55,0.5,0,10.0,209.9301289060907,98.10726893749089,56.86655215868762,2520.0,55.738261839115644,4482.46539723982,100.0,100.0,True,,synthetic_ltma,sim_user,llm_training,gpu:1,ltma
24.3,2026-01-01 00:00:24.300000+00:00,,syn-attack-ltma-201,ltma-irregular-primary,irregular,,0.55,0.5,0,10.0,202.1579886973271,88.33429438819067,52.41938638626656,2433.550888304458,52.714695051136715,4044.7275992129494,100.0,100.0,True,,synthetic_ltma,sim_user,llm_training,gpu:1,ltma
24.4,2026-01-01 00:00:24.400000+00:00,,syn-attack-ltma-201,ltma-irregular-primary,irregular,,0.55,0.5,0,10.0,204.50383162782992,79.62220634011187,48.16797518225465,2250.5418387635914,50.4887585786858,3806.18410902263,100.0,100.0,True,,synthetic_ltma,sim_user,llm_training,gpu:1,ltma
24.5,2026-01-01 00:00:24.500000+00:00,,syn-attack-ltma-201,ltma-irregular-primary,irregular,,0.55,0.5,0,10.0,206.4007133230009,82.6299426830077,39.25431934310831,2235.996723054659,51.226765199601495,3244.2286983990607,100.0,100.0,True,,synthetic_ltma,sim_user,llm_training,gpu:1,ltma
24.6,2026-01-01 00:00:24.600000+00:00,,syn-attack-ltma-201,ltma-irregular-primary,irregular,,0.55,0.5,0,10.0,207.1098292398281,81.39497958160781,49.32974213987056,2259.779050566203,50.67069304196884,3901.9904309687195,100.0,100.0,True,,synthetic_ltma,sim_user,llm_training,gpu:1,ltma
24.7,2026-01-01 00:00:24.700000+00:00,,syn-attack-ltma-201,ltma-irregular-primary,irregular,,0.55,0.5,0,10.0,202.7047498699319,83.2788088551702,42.23411560610826,2304.0649375804755,50.834268257431496,3392.7346105304173,100.0,100.0,True,,synthetic_ltma,sim_user,llm_training,gpu:1,ltma
24.8,2026-01-01 00:00:24.800000+00:00,,syn-attack-ltma-201,ltma-irregular-primary,irregular,,0.55,0.5,0,10.0,206.7412367647192,88.5578929093011,54.49723468162964,2435.8472849403943,52.392544829256856,4523.21363676356,100.0,100.0,True,,synthetic_ltma,sim_user,llm_training,gpu:1,ltma
24.9,2026-01-01 00:00:24.900000+00:00,,syn-attack-ltma-201,ltma-irregular-primary,irregular,,0.55,0.5,0,10.0,198.85744135816725,86.84273501561736,53.72000069975849,2371.445367479908,52.11415610844899,4366.713973928654,100.0,100.0,True,,synthetic_ltma,sim_user,llm_training,gpu:1,ltma
25.0,2026-01-01 00:00:25+00:00,,syn-attack-ltma-201,ltma-irregular-primary,irregular,,0.55,0.5,0,10.0,193.67094935008424,71.08550063511971,33.495806147459234,1974.8754663133784,47.48088017115686,2850.4249633084332,100.0,100.0,True,,synthetic_ltma,sim_user,llm_training,gpu:1,ltma
25.1,2026-01-01 00:00:25.100000+00:00,,syn-attack-ltma-201,ltma-irregular-primary,irregular,,0.55,0.5,0,10.0,200.9159120363078,84.05667145039271,47.12277319278876,2365.6138830059986,51.30580731663449,3840.1790849929002,100.0,100.0,True,,synthetic_ltma,sim_user,llm_training,gpu:1,ltma
25.2,2026-01-01 00:00:25.200000+00:00,,syn-attack-ltma-201,ltma-irregular-primary,irregular,,0.55,0.5,0,10.0,187.31853815170177,85.06114904770652,46.578141790992625,2329.844180708152,51.686161090194716,3939.0381046392467,100.0,100.0,True,,synthetic_ltma,sim_user,llm_training,gpu:1,ltma
25.3,2026-01-01 00:00:25.300000+00:00,,syn-attack-ltma-201,ltma-irregular-primary,irregular,,0.55,0.5,0,10.0,185.6372782794631,95.85483219378347,51.940721782635016,2520.0,54.408597599954184,4221.219244278426,100.0,100.0,True,,synthetic_ltma,sim_user,llm_training,gpu:1,ltma
25.4,2026-01-01 00:00:25.400000+00:00,,syn-attack-ltma-201,ltma-irregular-primary,irregular,,0.55,0.5,0,10.0,184.29085543275818,72.99326771296985,41.78071700989984,1993.5166424750066,48.01921892018844,3067.578701032072,100.0,100.0,True,,synthetic_ltma,sim_user,llm_training,gpu:1,ltma
25.5,2026-01-01 00:00:25.500000+00:00,,syn-attack-ltma-201,ltma-irregular-primary,irregular,,0.55,0.5,0,10.0,55.9882199578474,9.71171714167351,5.777694131250108,469.7327997001631,30.70055674084211,784.9162474933775,100.0,100.0,True,,synthetic_ltma,sim_user,llm_training,gpu:1,ltma
25.6,2026-01-01 00:00:25.600000+00:00,,syn-attack-ltma-201,ltma-irregular-primary,irregular,,0.55,0.5,0,10.0,63.21625988944169,16.036280564239114,0.0,538.1058374788848,32.53046438133424,389.88138456285594,100.0,100.0,True,,synthetic_ltma,sim_user,llm_training,gpu:1,ltma
25.7,2026-01-01 00:00:25.700000+00:00,,syn-attack-ltma-201,ltma-irregular-primary,irregular,,0.55,0.5,0,10.0,81.92385515684373,17.371572844612544,7.947824985758708,627.678067795323,33.00881143531215,923.5628375782843,100.0,100.0,True,,synthetic_ltma,sim_user,llm_training,gpu:1,ltma
25.8,2026-01-01 00:00:25.800000+00:00,,syn-attack-ltma-201,ltma-irregular-primary,irregular,,0.55,0.5,0,10.0,85.84808490922183,16.068443028972936,6.936188703068473,631.8331644281529,32.52384717597947,885.6924614534892,100.0,100.0,True,,synthetic_ltma,sim_user,llm_training,gpu:1,ltma
25.9,2026-01-01 00:00:25.900000+00:00,,syn-attack-ltma-201,ltma-irregular-primary,irregular,,0.55,0.5,0,10.0,89.83595904637971,32.4678997141193,19.20188838886161,990.599450542078,37.10304109038692,1650.097876893906,100.0,100.0,True,,synthetic_ltma,sim_user,llm_training,gpu:1,ltma
26.0,2026-01-01 00:00:26+00:00,,syn-attack-ltma-201,ltma-irregular-primary,irregular,,0.55,0.5,0,10.0,91.15900742100311,20.685240930695585,17.836498824874152,772.4279876293805,33.92000783323003,1973.0720613927417,100.0,100.0,True,,synthetic_ltma,sim_user,llm_training,gpu:1,ltma
26.1,2026-01-01 00:00:26.100000+00:00,,syn-attack-ltma-201,ltma-irregular-primary,irregular,,0.55,0.5,0,10.0,71.92693158511372,26.649851616301667,19.807540103035382,898.8586970803236,35.38392722834907,1804.6461011999606,100.0,100.0,True,,synthetic_ltma,sim_user,llm_training,gpu:1,ltma
26.2,2026-01-01 00:00:26.200000+00:00,,syn-attack-ltma-201,ltma-irregular-primary,irregular,,0.55,0.5,0,10.0,61.87286776032818,23.546173649488672,14.614046888755656,750.287958117785,34.74524164291114,1388.620526928825,100.0,100.0,True,,synthetic_ltma,sim_user,llm_training,gpu:1,ltma
26.3,2026-01-01 00:00:26.300000+00:00,,syn-attack-ltma-201,ltma-irregular-primary,irregular,,0.55,0.5,0,10.0,65.1440904902446,7.505393099673208,5.549739689585205,447.13225889814265,30.309681476285707,915.5354266636018,100.0,100.0,True,,synthetic_ltma,sim_user,llm_training,gpu:1,ltma
26.4,2026-01-01 00:00:26.400000+00:00,,syn-attack-ltma-201,ltma-irregular-primary,irregular,,0.55,0.5,0,10.0,67.87418728715608,16.397069464213292,11.465472063599458,604.6282101020261,32.631199068861044,1227.3089089303799,100.0,100.0,True,,synthetic_ltma,sim_user,llm_training,gpu:1,ltma
26.5,2026-01-01 00:00:26.500000+00:00,,syn-attack-ltma-201,ltma-irregular-primary,irregular,,0.55,0.5,0,10.0,69.62260406842739,23.76972755554465,3.506236605299982,828.0089924952573,34.91976805542717,553.9640295303121,100.0,100.0,True,,synthetic_ltma,sim_user,llm_training,gpu:1,ltma
26.6,2026-01-01 00:00:26.600000+00:00,,syn-attack-ltma-201,ltma-irregular-primary,irregular,,0.55,0.5,0,10.0,83.29500978920606,36.30002164036948,16.736747095618057,1169.1504628994967,38.559121200917936,1652.963496463309,100.0,100.0,True,,synthetic_ltma,sim_user,llm_training,gpu:1,ltma
26.7,2026-01-01 00:00:26.700000+00:00,,syn-attack-ltma-201,ltma-irregular-primary,irregular,,0.55,0.5,0,10.0,93.38823230708576,20.374367215707093,15.595572291772802,717.3216817293362,34.178452638305394,1349.577710074101,100.0,100.0,True,,synthetic_ltma,sim_user,llm_training,gpu:1,ltma
26.8,2026-01-01 00:00:26.800000+00:00,,syn-attack-ltma-201,ltma-irregular-primary,irregular,,0.55,0.5,0,10.0,90.4857099323539,28.439216831205915,19.338423406021086,951.6536781694386,36.434751931412855,1799.8659795657857,100.0,100.0,True,,synthetic_ltma,sim_user,llm_training,gpu:1,ltma
26.9,2026-01-01 00:00:26.900000+00:00,,syn-attack-ltma-201,ltma-irregular-primary,irregular,,0.55,0.5,0,10.0,63.89179130671002,13.06889632186034,11.091990819698111,504.42262584406393,32.12054348195621,1232.6539760866558,100.0,100.0,True,,synthetic_ltma,sim_user,llm_training,gpu:1,ltma
27.0,2026-01-01 00:00:27+00:00,,syn-attack-ltma-201,ltma-irregular-primary,irregular,,0.55,0.5,0,10.0,54.871349778503344,20.419059897327468,13.057040827262764,685.481791909747,34.29143754346209,1390.5938418032306,100.0,100.0,True,,synthetic_ltma,sim_user,llm_training,gpu:1,ltma
27.1,2026-01-01 00:00:27.100000+00:00,,syn-attack-ltma-201,ltma-irregular-primary,irregular,,0.55,0.5,0,10.0,49.210336593811036,0.0,5.182753958314569,210.0,28.202392086910514,913.7169073897442,100.0,100.0,True,,synthetic_ltma,sim_user,llm_training,gpu:1,ltma
27.2,2026-01-01 00:00:27.200000+00:00,,syn-attack-ltma-201,ltma-irregular-primary,irregular,,0.55,0.5,0,10.0,42.85817355569887,0.17728641066228823,2.0684092033882884,210.0,28.305107228116828,806.3057787616222,100.0,100.0,True,,synthetic_ltma,sim_user,llm_training,gpu:1,ltma
27.3,2026-01-01 00:00:27.300000+00:00,,syn-attack-ltma-201,ltma-irregular-primary,irregular,,0.55,0.5,0,10.0,37.1370502210893,1.2440426971909915,3.5351497374544216,210.0,28.74767394589311,621.6011218651263,100.0,100.0,True,,synthetic_ltma,sim_user,llm_training,gpu:1,ltma
27.4,2026-01-01 00:00:27.400000+00:00,,syn-attack-ltma-201,ltma-irregular-primary,irregular,,0.55,0.5,0,10.0,43.6479693516287,6.993590692400822,0.23353811665647317,373.04478681042997,30.120645154533186,534.1250986693876,100.0,100.0,True,,synthetic_ltma,sim_user,llm_training,gpu:1,ltma
27.5,2026-01-01 00:00:27.500000+00:00,,syn-attack-ltma-201,ltma-irregular-primary,irregular,,0.55,0.5,0,10.0,51.836958268256154,10.166924766313782,2.700855517961643,447.16010004414534,30.922212298707674,731.8985293274272,100.0,100.0,True,,synthetic_ltma,sim_user,llm_training,gpu:1,ltma
27.6,2026-01-01 00:00:27.600000+00:00,,syn-attack-ltma-201,ltma-irregular-primary,irregular,,0.55,0.5,0,10.0,55.64719427693262,11.679416499401954,6.3129638345588415,509.4497669970222,31.23837428009763,977.7779057698368,100.0,100.0,True,,synthetic_ltma,sim_user,llm_training,gpu:1,ltma
27.7,2026-01-01 00:00:27.700000+00:00,,syn-attack-ltma-201,ltma-irregular-primary,irregular,,0.55,0.5,0,10.0,62.94658087765842,12.503276530181111,4.080100990282335,518.3103062128074,31.285873504876914,711.2712711558693,100.0,100.0,True,,synthetic_ltma,sim_user,llm_training,gpu:1,ltma
27.8,2026-01-01 00:00:27.800000+00:00,,syn-attack-ltma-201,ltma-irregular-primary,irregular,,0.55,0.5,0,10.0,71.51561166541612,16.937880464774082,17.59252645174129,632.76965134728,32.46943276198156,1691.349041572713,100.0,100.0,True,,synthetic_ltma,sim_user,llm_training,gpu:1,ltma
27.9,2026-01-01 00:00:27.900000+00:00,,syn-attack-ltma-201,ltma-irregular-primary,irregular,,0.55,0.5,0,10.0,56.14853833059186,5.33543260849908,6.1457086010333875,377.66357854278317,29.318142977283262,781.1820807506501,100.0,100.0,True,,synthetic_ltma,sim_user,llm_training,gpu:1,ltma
28.0,2026-01-01 00:00:28+00:00,,syn-attack-ltma-201,ltma-irregular-primary,irregular,,0.55,0.5,0,10.0,54.10329649695524,2.3312803595708047,1.5664477681500553,233.51365195707783,28.7235168579339,671.7308776059351,100.0,100.0,True,,synthetic_ltma,sim_user,llm_training,gpu:1,ltma
28.1,2026-01-01 00:00:28.100000+00:00,,syn-attack-ltma-201,ltma-irregular-primary,irregular,,0.55,0.5,0,10.0,56.782621455701815,23.84999879270036,19.089606263144464,833.5226606594878,34.72604412075207,1674.6334278871295,100.0,100.0,True,,synthetic_ltma,sim_user,llm_training,gpu:1,ltma
28.2,2026-01-01 00:00:28.200000+00:00,,syn-attack-ltma-201,ltma-irregular-primary,irregular,,0.55,0.5,0,10.0,53.92087368355919,13.781168620871433,11.923800629960102,574.701977447504,31.736752063497782,1170.9397361900074,100.0,100.0,True,,synthetic_ltma,sim_user,llm_training,gpu:1,ltma
28.3,2026-01-01 00:00:28.300000+00:00,,syn-attack-ltma-201,ltma-irregular-primary,irregular,,0.55,0.5,0,10.0,53.376325768365376,28.137941302025816,10.946665466542868,907.6920745164821,35.87954609632546,1283.0396074692774,100.0,100.0,True,,synthetic_ltma,sim_user,llm_training,gpu:1,ltma
28.4,2026-01-01 00:00:28.400000+00:00,,syn-attack-ltma-201,ltma-irregular-primary,irregular,,0.55,0.5,0,10.0,54.52669795691071,16.62891328458923,10.652754778185786,612.6809537375211,32.539037349698745,1171.4554332954926,100.0,100.0,True,,synthetic_ltma,sim_user,llm_training,gpu:1,ltma
28.5,2026-01-01 00:00:28.500000+00:00,,syn-attack-ltma-201,ltma-irregular-primary,irregular,,0.55,0.5,0,10.0,50.87791088459099,17.535534812719284,12.161558516337186,677.9493401887624,32.67801501429601,1319.7258933531164,100.0,100.0,True,,synthetic_ltma,sim_user,llm_training,gpu:1,ltma
28.6,2026-01-01 00:00:28.600000+00:00,,syn-attack-ltma-201,ltma-irregular-primary,irregular,,0.55,0.5,0,10.0,47.241661315299666,11.834615612181734,10.096355703740375,460.6802598560788,31.111378817879405,1158.2200976834104,100.0,100.0,True,,synthetic_ltma,sim_user,llm_training,gpu:1,ltma
28.7,2026-01-01 00:00:28.700000+00:00,,syn-attack-ltma-201,ltma-irregular-primary,irregular,,0.55,0.5,0,10.0,50.75407982940244,12.67079519787245,10.85930531798249,525.0514007213096,31.109552453040383,1350.6472967275085,100.0,100.0,True,,synthetic_ltma,sim_user,llm_training,gpu:1,ltma
28.8,2026-01-01 00:00:28.800000+00:00,,syn-attack-ltma-201,ltma-irregular-primary,irregular,,0.55,0.5,0,10.0,53.172727934080626,8.770842468479175,1.2534045985466564,442.38987751484166,30.109271815746336,393.7441082405176,100.0,100.0,True,,synthetic_ltma,sim_user,llm_training,gpu:1,ltma
28.9,2026-01-01 00:00:28.900000+00:00,,syn-attack-ltma-201,ltma-irregular-primary,irregular,,0.55,0.5,0,10.0,64.61514709079273,14.500926510588302,6.441706158885505,543.8711690460408,31.911784693277973,1052.496722362611,100.0,100.0,True,,synthetic_ltma,sim_user,llm_training,gpu:1,ltma
29.0,2026-01-01 00:00:29+00:00,,syn-attack-ltma-201,ltma-irregular-primary,irregular,,0.55,0.5,0,10.0,76.18699379203284,21.003841642912334,11.03891929853393,772.054651674034,33.69838121365984,1265.0189246091065,100.0,100.0,True,,synthetic_ltma,sim_user,llm_training,gpu:1,ltma
29.1,2026-01-01 00:00:29.100000+00:00,,syn-attack-ltma-201,ltma-irregular-primary,irregular,,0.55,0.5,0,10.0,182.29094254692956,95.9335757153987,59.2777991889287,2520.0,55.01438474587561,4653.838291636634,100.0,100.0,True,,synthetic_ltma,sim_user,llm_training,gpu:1,ltma
29.2,2026-01-01 00:00:29.200000+00:00,,syn-attack-ltma-201,ltma-irregular-primary,irregular,,0.55,0.5,0,10.0,166.16399599287436,60.56242960865814,39.21524433114644,1737.2372949979983,45.08025424652891,3218.1697229848314,100.0,100.0,True,,synthetic_ltma,sim_user,llm_training,gpu:1,ltma
29.3,2026-01-01 00:00:29.300000+00:00,,syn-attack-ltma-201,ltma-irregular-primary,irregular,,0.55,0.5,0,10.0,160.0344878933803,67.68547056354802,43.191799348094634,1978.9821179308242,47.58838911042669,3385.2287904180057,100.0,100.0,True,,synthetic_ltma,sim_user,llm_training,gpu:1,ltma
29.4,2026-01-01 00:00:29.400000+00:00,,syn-attack-ltma-201,ltma-irregular-primary,irregular,,0.55,0.5,0,10.0,151.54889626768224,48.5463117252735,34.8098736113291,1399.8303003570168,42.11280902048147,3011.002947417528,100.0,100.0,True,,synthetic_ltma,sim_user,llm_training,gpu:1,ltma
29.5,2026-01-01 00:00:29.500000+00:00,,syn-attack-ltma-201,ltma-irregular-primary,irregular,,0.55,0.5,0,10.0,146.9069116430152,64.17071235991686,31.146960596533088,1813.6322863761188,46.61186834162827,2581.5508975297553,100.0,100.0,True,,synthetic_ltma,sim_user,llm_training,gpu:1,ltma
29.6,2026-01-01 00:00:29.600000+00:00,,syn-attack-ltma-201,ltma-irregular-primary,irregular,,0.55,0.5,0,10.0,159.25003147696333,72.11671521905079,32.73940378755801,2006.2067240666252,49.30035621590607,2890.3566188768987,100.0,100.0,True,,synthetic_ltma,sim_user,llm_training,gpu:1,ltma
29.7,2026-01-01 00:00:29.700000+00:00,,syn-attack-ltma-201,ltma-irregular-primary,irregular,,0.55,0.5,0,10.0,169.22785309336757,72.02307396582076,40.410675311340796,2038.196615384766,49.07510940728405,3388.100370817054,100.0,100.0,True,,synthetic_ltma,sim_user,llm_training,gpu:1,ltma
29.8,2026-01-01 00:00:29.800000+00:00,,syn-attack-ltma-201,ltma-irregular-primary,irregular,,0.55,0.5,0,10.0,166.1962131721188,73.0383909832007,39.064579224155246,2000.0897708203854,49.22959460296956,3216.7558104237028,100.0,100.0,True,,synthetic_ltma,sim_user,llm_training,gpu:1,ltma
29.9,2026-01-01 00:00:29.900000+00:00,,syn-attack-ltma-201,ltma-irregular-primary,irregular,,0.55,0.5,0,10.0,165.35731290102308,64.90737559234496,39.940138217662536,1868.1438595299376,46.87368671675541,3204.6976460491414,100.0,100.0,True,,synthetic_ltma,sim_user,llm_training,gpu:1,ltma
30.0,2026-01-01 00:00:30+00:00,,syn-attack-ltma-201,ltma-irregular-primary,irregular,,0.55,0.5,0,10.0,165.84979463567143,70.29630633617637,44.80197047843259,1913.1902518210047,47.84629437801573,3686.8132884956913,100.0,100.0,True,,synthetic_ltma,sim_user,llm_training,gpu:1,ltma
30.1,2026-01-01 00:00:30.100000+00:00,,syn-attack-ltma-201,ltma-irregular-primary,irregular,,0.55,0.5,0,10.0,164.44764131153443,65.31355733216103,37.31251829677219,1864.3658380804138,46.608166423884455,3322.2527898546105,100.0,100.0,True,,synthetic_ltma,sim_user,llm_training,gpu:1,ltma
30.2,2026-01-01 00:00:30.200000+00:00,,syn-attack-ltma-201,ltma-irregular-primary,irregular,,0.55,0.5,0,10.0,166.29241078785213,66.5596615448833,34.87943187878454,1856.057189289996,46.53867331712625,2894.247205909215,100.0,100.0,True,,synthetic_ltma,sim_user,llm_training,gpu:1,ltma
30.3,2026-01-01 00:00:30.300000+00:00,,syn-attack-ltma-201,ltma-irregular-primary,irregular,,0.55,0.5,0,10.0,162.13935645685234,54.660575356098505,28.257697070002603,1551.3953351827604,43.49380707763423,2349.0543038957653,100.0,100.0,True,,synthetic_ltma,sim_user,llm_training,gpu:1,ltma
30.4,2026-01-01 00:00:30.400000+00:00,,syn-attack-ltma-201,ltma-irregular-primary,irregular,,0.55,0.5,0,10.0,172.2217899764469,74.55738748086254,45.6580462018875,2131.8336308244475,49.18405945719917,3648.3053706446362,100.0,100.0,True,,synthetic_ltma,sim_user,llm_training,gpu:1,ltma
30.5,2026-01-01 00:00:30.500000+00:00,,syn-attack-ltma-201,ltma-irregular-primary,irregular,,0.55,0.5,0,10.0,164.58384387692303,76.32616996149771,46.949934368911826,2133.4363772186994,49.57811034462971,3854.016750132646,100.0,100.0,True,,synthetic_ltma,sim_user,llm_training,gpu:1,ltma
30.6,2026-01-01 00:00:30.600000+00:00,,syn-attack-ltma-201,ltma-irregular-primary,irregular,,0.55,0.5,0,10.0,162.59657518571603,58.19499991015319,34.93461961159931,1697.4804261098252,44.55003421682449,3002.6119098060913,100.0,100.0,True,,synthetic_ltma,sim_user,llm_training,gpu:1,ltma
30.7,2026-01-01 00:00:30.700000+00:00,,syn-attack-ltma-201,ltma-irregular-primary,irregular,,0.55,0.5,0,10.0,151.370921858749,52.04547545552921,23.43575092047327,1530.0826648301054,42.637941343709,1973.2167525310604,100.0,100.0,True,,synthetic_ltma,sim_user,llm_training,gpu:1,ltma
30.8,2026-01-01 00:00:30.800000+00:00,,syn-attack-ltma-201,ltma-irregular-primary,irregular,,0.55,0.5,0,10.0,162.07867999037626,65.0977367834535,42.40016378804332,1736.503795729118,46.42451841081935,3491.242331164075,100.0,100.0,True,,synthetic_ltma,sim_user,llm_training,gpu:1,ltma
30.9,2026-01-01 00:00:30.900000+00:00,,syn-attack-ltma-201,ltma-irregular-primary,irregular,,0.55,0.5,0,10.0,160.47946919522659,63.13731460818854,33.01205103898025,1852.4009886938577,45.8497984443199,2785.3419323384633,100.0,100.0,True,,synthetic_ltma,sim_user,llm_training,gpu:1,ltma
31.0,2026-01-01 00:00:31+00:00,,syn-attack-ltma-201,ltma-irregular-primary,irregular,,0.55,0.5,0,10.0,161.42779776044003,81.00465356434087,47.867043107803056,2220.716083164149,50.6177460244253,3911.545563667582,100.0,100.0,True,,synthetic_ltma,sim_user,llm_training,gpu:1,ltma
31.1,2026-01-01 00:00:31.100000+00:00,,syn-attack-ltma-201,ltma-irregular-primary,irregular,,0.55,0.5,0,10.0,159.05027218856796,79.94039360928531,37.539875040316126,2127.52791522393,50.22991706306729,3135.1849175510242,100.0,100.0,True,,synthetic_ltma,sim_user,llm_training,gpu:1,ltma
31.2,2026-01-01 00:00:31.200000+00:00,,syn-attack-ltma-201,ltma-irregular-primary,irregular,,0.55,0.5,0,10.0,167.05023945833148,76.74292115281763,45.942477830337936,2136.6180619584657,49.23085970446806,3779.6178153901674,100.0,100.0,True,,synthetic_ltma,sim_user,llm_training,gpu:1,ltma
31.3,2026-01-01 00:00:31.300000+00:00,,syn-attack-ltma-201,ltma-irregular-primary,irregular,,0.55,0.5,0,10.0,164.71652461386174,77.45745772906668,47.86533464550584,2166.517949945058,49.24422237929456,3945.274206359331,100.0,100.0,True,,synthetic_ltma,sim_user,llm_training,gpu:1,ltma
31.4,2026-01-01 00:00:31.400000+00:00,,syn-attack-ltma-201,ltma-irregular-primary,irregular,,0.55,0.5,0,10.0,149.1213237451221,67.10360978539738,35.98378719078964,1925.2127409395694,46.17411539697232,2939.876233329489,100.0,100.0,True,,synthetic_ltma,sim_user,llm_training,gpu:1,ltma
31.5,2026-01-01 00:00:31.500000+00:00,,syn-attack-ltma-201,ltma-irregular-primary,irregular,,0.55,0.5,0,10.0,144.51314391813534,65.32285382815752,37.26078194300884,1835.3015179074407,45.89768131390901,3022.7348835915573,100.0,100.0,True,,synthetic_ltma,sim_user,llm_training,gpu:1,ltma
31.6,2026-01-01 00:00:31.600000+00:00,,syn-attack-ltma-201,ltma-irregular-primary,irregular,,0.55,0.5,0,10.0,146.2804506861522,60.06050349203715,33.272574867299234,1711.6109981910874,44.36617111615606,2924.7299618381594,100.0,100.0,True,,synthetic_ltma,sim_user,llm_training,gpu:1,ltma
31.7,2026-01-01 00:00:31.700000+00:00,,syn-attack-ltma-201,ltma-irregular-primary,irregular,,0.55,0.5,0,10.0,149.21580544447863,53.786569615356086,31.37172211434263,1537.3886888243653,42.42161013871053,2543.36660076426,100.0,100.0,True,,synthetic_ltma,sim_user,llm_training,gpu:1,ltma
31.8,2026-01-01 00:00:31.800000+00:00,,syn-attack-ltma-201,ltma-irregular-primary,irregular,,0.55,0.5,0,10.0,150.53071830582846,54.60453674837483,22.30022738217563,1533.6551365868972,42.96753598120819,2047.799123746485,100.0,100.0,True,,synthetic_ltma,sim_user,llm_training,gpu:1,ltma
31.9,2026-01-01 00:00:31.900000+00:00,,syn-attack-ltma-201,ltma-irregular-primary,irregular,,0.55,0.5,0,10.0,161.6086240418533,65.8625246470233,31.461040508861615,1858.2232039257956,46.14638218090503,2630.492410318579,100.0,100.0,True,,synthetic_ltma,sim_user,llm_training,gpu:1,ltma
32.0,2026-01-01 00:00:32+00:00,,syn-attack-ltma-201,ltma-irregular-primary,irregular,,0.55,0.5,0,10.0,163.4989005307565,62.184540590874846,37.00746530251741,1833.542877492058,45.299484380300775,3075.5901194010285,100.0,100.0,True,,synthetic_ltma,sim_user,llm_training,gpu:1,ltma
32.1,2026-01-01 00:00:32.100000+00:00,,syn-attack-ltma-201,ltma-irregular-primary,irregular,,0.55,0.5,0,10.0,158.45583156309942,84.79593190730182,49.323189460966816,2370.7739520344508,51.695690737823384,3729.898563715904,100.0,100.0,True,,synthetic_ltma,sim_user,llm_training,gpu:1,ltma
32.2,2026-01-01 00:00:32.200000+00:00,,syn-attack-ltma-201,ltma-irregular-primary,irregular,,0.55,0.5,0,10.0,153.7349272000906,64.23717555996639,38.215316101669835,1803.7932588343733,45.88956227004973,3092.5926092927834,100.0,100.0,True,,synthetic_ltma,sim_user,llm_training,gpu:1,ltma
32.3,2026-01-01 00:00:32.300000+00:00,,syn-attack-ltma-201,ltma-irregular-primary,irregular,,0.55,0.5,0,10.0,154.64278069641557,59.20139964326303,34.06009008771817,1685.1193287651415,44.223107420306576,2835.9494387299032,100.0,100.0,True,,synthetic_ltma,sim_user,llm_training,gpu:1,ltma
32.4,2026-01-01 00:00:32.400000+00:00,,syn-attack-ltma-201,ltma-irregular-primary,irregular,,0.55,0.5,0,10.0,148.71593924845533,56.845774269861245,28.077058208841812,1644.908483923528,43.24658308145265,2326.8519199269754,100.0,100.0,True,,synthetic_ltma,sim_user,llm_training,gpu:1,ltma
32.5,2026-01-01 00:00:32.500000+00:00,,syn-attack-ltma-201,ltma-irregular-primary,irregular,,0.55,0.5,0,10.0,150.32107800921867,56.41281933086092,29.630461136462184,1610.2184653582983,43.47119800693979,2526.2783092811414,100.0,100.0,True,,synthetic_ltma,sim_user,llm_training,gpu:1,ltma
32.6,2026-01-01 00:00:32.600000+00:00,,syn-attack-ltma-201,ltma-irregular-primary,irregular,,0.55,0.5,0,10.0,152.21298702634246,81.03456108284912,43.32034853834381,2181.944922380464,49.984254514381206,3434.766321022107,100.0,100.0,True,,synthetic_ltma,sim_user,llm_training,gpu:1,ltma
32.7,2026-01-01 00:00:32.700000+00:00,,syn-attack-ltma-201,ltma-irregular-primary,irregular,,0.55,0.5,0,10.0,147.53673258494823,58.41021125931011,35.767030316579685,1624.8845469497287,43.54992613187742,3068.8245282072885,100.0,100.0,True,,synthetic_ltma,sim_user,llm_training,gpu:1,ltma
32.8,2026-01-01 00:00:32.800000+00:00,,syn-attack-ltma-201,ltma-irregular-primary,irregular,,0.55,0.5,0,10.0,141.53502484103467,50.53304148894738,24.3534585628777,1420.8287934908587,41.264241055774114,2323.9815877928554,100.0,100.0,True,,synthetic_ltma,sim_user,llm_training,gpu:1,ltma
32.9,2026-01-01 00:00:32.900000+00:00,,syn-attack-ltma-201,ltma-irregular-primary,irregular,,0.55,0.5,0,10.0,144.37505877021866,63.23731526029218,32.93002138754827,1757.3841809814785,44.84760934764587,2827.3351168945624,100.0,100.0,True,,synthetic_ltma,sim_user,llm_training,gpu:1,ltma
33.0,2026-01-01 00:00:33+00:00,,syn-attack-ltma-201,ltma-irregular-primary,irregular,,0.55,0.5,0,10.0,146.22362750930475,46.6440527914112,25.834230387368006,1355.8377063492242,40.07177836524325,2232.535875813263,100.0,100.0,True,,synthetic_ltma,sim_user,llm_training,gpu:1,ltma
33.1,2026-01-01 00:00:33.100000+00:00,,syn-attack-ltma-201,ltma-irregular-primary,irregular,,0.55,0.5,0,10.0,142.811123097045,62.26369371039058,29.09949278232974,1757.9869162631007,44.48144580949989,2636.2026165209804,100.0,100.0,True,,synthetic_ltma,sim_user,llm_training,gpu:1,ltma
33.2,2026-01-01 00:00:33.200000+00:00,,syn-attack-ltma-201,ltma-irregular-primary,irregular,,0.55,0.5,0,10.0,153.1024515078931,70.2887350684414,37.298795291673926,1902.2811067637847,47.031438272195395,3159.247760271631,100.0,100.0,True,,synthetic_ltma,sim_user,llm_training,gpu:1,ltma
33.3,2026-01-01 00:00:33.300000+00:00,,syn-attack-ltma-201,ltma-irregular-primary,irregular,,0.55,0.5,0,10.0,152.42165526619584,73.0441238751512,39.10124881627645,2010.3054149415555,47.90859383386777,3065.714005158672,100.0,100.0,True,,synthetic_ltma,sim_user,llm_training,gpu:1,ltma
33.4,2026-01-01 00:00:33.400000+00:00,,syn-attack-ltma-201,ltma-irregular-primary,irregular,,0.55,0.5,0,10.0,160.28243414400058,61.957650314654714,33.766679616686076,1770.5873380535863,44.68419584419623,2848.3872604214257,100.0,100.0,True,,synthetic_ltma,sim_user,llm_training,gpu:1,ltma
33.5,2026-01-01 00:00:33.500000+00:00,,syn-attack-ltma-201,ltma-irregular-primary,irregular,,0.55,0.5,0,10.0,153.93334275883296,52.93984276586162,26.45316119643263,1596.450908620648,42.82254899902203,2269.9722614632788,100.0,100.0,True,,synthetic_ltma,sim_user,llm_training,gpu:1,ltma
33.6,2026-01-01 00:00:33.600000+00:00,,syn-attack-ltma-201,ltma-irregular-primary,irregular,,0.55,0.5,0,10.0,155.66347933330144,46.0097976369319,28.735956950967548,1326.452991324031,40.82824571231565,2359.2891579552397,100.0,100.0,True,,synthetic_ltma,sim_user,llm_training,gpu:1,ltma
33.7,2026-01-01 00:00:33.700000+00:00,,syn-attack-ltma-201,ltma-irregular-primary,irregular,,0.55,0.5,0,10.0,150.46873114454766,67.27052583752382,35.07145001325486,1892.9610960353714,46.982414585631766,2858.929998008986,100.0,100.0,True,,synthetic_ltma,sim_user,llm_training,gpu:1,ltma
33.8,2026-01-01 00:00:33.800000+00:00,,syn-attack-ltma-201,ltma-irregular-primary,irregular,,0.55,0.5,0,10.0,153.34971298116207,59.05437251241515,37.957534631608915,1697.659075269865,44.731754689763925,3153.8833921358473,100.0,100.0,True,,synthetic_ltma,sim_user,llm_training,gpu:1,ltma
33.9,2026-01-01 00:00:33.900000+00:00,,syn-attack-ltma-201,ltma-irregular-primary,irregular,,0.55,0.5,0,10.0,143.37229480485047,62.871866609021204,28.97858909094797,1753.4684818033816,46.13588986099888,2518.5021261979846,100.0,100.0,True,,synthetic_ltma,sim_user,llm_training,gpu:1,ltma
34.0,2026-01-01 00:00:34+00:00,,syn-attack-ltma-201,ltma-irregular-primary,irregular,,0.55,0.5,0,10.0,147.8964110973296,67.12026632476959,35.69417463255574,1844.439223327749,47.45992296818385,2889.754731585908,100.0,100.0,True,,synthetic_ltma,sim_user,llm_training,gpu:1,ltma
34.1,2026-01-01 00:00:34.100000+00:00,,syn-attack-ltma-201,ltma-irregular-primary,irregular,,0.55,0.5,0,10.0,142.05510994480852,71.47299412785965,38.41175819701632,2015.31229176359,48.70622490261735,3097.3267128509997,100.0,100.0,True,,synthetic_ltma,sim_user,llm_training,gpu:1,ltma
34.2,2026-01-01 00:00:34.200000+00:00,,syn-attack-ltma-201,ltma-irregular-primary,irregular,,0.55,0.5,0,10.0,134.66127008737294,55.1839174911961,30.82463361995329,1553.3205010923132,44.07441326753832,2716.896775879463,100.0,100.0,True,,synthetic_ltma,sim_user,llm_training,gpu:1,ltma
34.3,2026-01-01 00:00:34.300000+00:00,,syn-attack-ltma-201,ltma-irregular-primary,irregular,,0.55,0.5,0,10.0,144.3851755610315,66.75099079135828,33.87615953810133,1915.3371341136808,47.26343005092046,2727.4799831765417,100.0,100.0,True,,synthetic_ltma,sim_user,llm_training,gpu:1,ltma
34.4,2026-01-01 00:00:34.400000+00:00,,syn-attack-ltma-201,ltma-irregular-primary,irregular,,0.55,0.5,0,10.0,149.63094777740798,62.86801374853075,32.746566928077485,1829.1210776234284,45.98632821764792,2665.534057420014,100.0,100.0,True,,synthetic_ltma,sim_user,llm_training,gpu:1,ltma
34.5,2026-01-01 00:00:34.500000+00:00,,syn-attack-ltma-201,ltma-irregular-primary,irregular,,0.55,0.5,0,10.0,150.8412761556372,61.068948547525416,27.498198894637206,1706.0151441131945,45.56451764365034,2387.2162646326765,100.0,100.0,True,,synthetic_ltma,sim_user,llm_training,gpu:1,ltma
34.6,2026-01-01 00:00:34.600000+00:00,,syn-attack-ltma-201,ltma-irregular-primary,irregular,,0.55,0.5,0,10.0,153.98085128314295,65.14064236703224,28.767431514031614,1840.0729217587905,46.76298104143604,2485.273794037859,100.0,100.0,True,,synthetic_ltma,sim_user,llm_training,gpu:1,ltma
34.7,2026-01-01 00:00:34.700000+00:00,,syn-attack-ltma-201,ltma-irregular-primary,irregular,,0.55,0.5,0,10.0,164.7505990932977,59.11385123741972,41.08935174175842,1717.4088985469066,44.909306228638016,3457.288984730352,100.0,100.0,True,,synthetic_ltma,sim_user,llm_training,gpu:1,ltma
34.8,2026-01-01 00:00:34.800000+00:00,,syn-attack-ltma-201,ltma-irregular-primary,irregular,,0.55,0.5,0,10.0,151.34276968016198,54.95197208995491,31.758176099309853,1634.9504147989467,43.32017749399849,2747.9304227492116,100.0,100.0,True,,synthetic_ltma,sim_user,llm_training,gpu:1,ltma
34.9,2026-01-01 00:00:34.900000+00:00,,syn-attack-ltma-201,ltma-irregular-primary,irregular,,0.55,0.5,0,10.0,148.0883091576902,64.03634726495838,34.39775734397036,1767.8529180018445,45.70234814449654,2904.4413208153333,100.0,100.0,True,,synthetic_ltma,sim_user,llm_training,gpu:1,ltma
35.0,2026-01-01 00:00:35+00:00,,syn-attack-ltma-201,ltma-irregular-primary,irregular,,0.55,0.5,0,10.0,155.3340671711104,58.26722643168272,28.57356433717851,1665.9633561207893,44.134968919634844,2380.9517133164054,100.0,100.0,True,,synthetic_ltma,sim_user,llm_training,gpu:1,ltma
35.1,2026-01-01 00:00:35.100000+00:00,,syn-attack-ltma-201,ltma-irregular-primary,irregular,,0.55,0.5,0,10.0,159.8507531353834,69.14932760441218,39.946998236386214,1935.4087298701897,47.46804756415742,3243.81367429265,100.0,100.0,True,,synthetic_ltma,sim_user,llm_training,gpu:1,ltma
35.2,2026-01-01 00:00:35.200000+00:00,,syn-attack-ltma-201,ltma-irregular-primary,irregular,,0.55,0.5,0,10.0,152.23755309152614,40.728173306438194,19.804037702105457,1278.9615223334558,39.726059046515076,1744.6291064021698,100.0,100.0,True,,synthetic_ltma,sim_user,llm_training,gpu:1,ltma
35.3,2026-01-01 00:00:35.300000+00:00,,syn-attack-ltma-201,ltma-irregular-primary,irregular,,0.55,0.5,0,10.0,148.0270853891441,62.604966968226414,33.25527284696604,1716.917066447719,45.82786466781711,2818.6407534000646,100.0,100.0,True,,synthetic_ltma,sim_user,llm_training,gpu:1,ltma
35.4,2026-01-01 00:00:35.400000+00:00,,syn-attack-ltma-201,ltma-irregular-primary,irregular,,0.55,0.5,0,10.0,138.3422445085966,53.074001699550315,34.406598960846104,1528.248165365304,43.17102186774541,2956.8983393017884,100.0,100.0,True,,synthetic_ltma,sim_user,llm_training,gpu:1,ltma
35.5,2026-01-01 00:00:35.500000+00:00,,syn-attack-ltma-201,ltma-irregular-primary,irregular,,0.55,0.5,0,10.0,121.08167325213239,47.72229201066173,26.53775537584447,1413.0279900016062,41.45063861389022,2304.6194763506787,100.0,100.0,True,,synthetic_ltma,sim_user,llm_training,gpu:1,ltma
35.6,2026-01-01 00:00:35.600000+00:00,,syn-attack-ltma-201,ltma-irregular-primary,irregular,,0.55,0.5,0,10.0,122.36696669870545,54.66435076458582,25.635927604600653,1595.9085806642458,43.48253676042248,2258.683624794578,100.0,100.0,True,,synthetic_ltma,sim_user,llm_training,gpu:1,ltma
35.7,2026-01-01 00:00:35.700000+00:00,,syn-attack-ltma-201,ltma-irregular-primary,irregular,,0.55,0.5,0,10.0,125.4332247882455,35.24290008464169,13.278414344799025,1104.3518577333202,38.31357362675375,1385.2333399110692,100.0,100.0,True,,synthetic_ltma,sim_user,llm_training,gpu:1,ltma
35.8,2026-01-01 00:00:35.800000+00:00,,syn-attack-ltma-201,ltma-irregular-primary,irregular,,0.55,0.5,0,10.0,135.68479430032573,54.66048621948158,20.81510770136679,1587.1476721377117,43.98002907739606,2002.112651304923,100.0,100.0,True,,synthetic_ltma,sim_user,llm_training,gpu:1,ltma
35.9,2026-01-01 00:00:35.900000+00:00,,syn-attack-ltma-201,ltma-irregular-primary,irregular,,0.55,0.5,0,10.0,60.75838655030322,5.890085518322967,0.0,353.7504775888634,30.145121091483464,376.6581152773908,100.0,100.0,True,,synthetic_ltma,sim_user,llm_training,gpu:1,ltma
36.0,2026-01-01 00:00:36+00:00,,syn-attack-ltma-201,ltma-irregular-primary,irregular,,0.55,0.5,0,10.0,72.81185584457205,17.49833325268453,10.98565593110124,642.5305577748358,33.12969681029125,1426.813532493129,100.0,100.0,True,,synthetic_ltma,sim_user,llm_training,gpu:1,ltma
36.1,2026-01-01 00:00:36.100000+00:00,,syn-attack-ltma-201,ltma-irregular-primary,irregular,,0.55,0.5,0,10.0,62.205947277533994,9.795313820832218,3.5131723601528577,436.54488807391147,30.745881079396035,725.0899359932237,100.0,100.0,True,,synthetic_ltma,sim_user,llm_training,gpu:1,ltma
36.2,2026-01-01 00:00:36.200000+00:00,,syn-attack-ltma-201,ltma-irregular-primary,irregular,,0.55,0.5,0,10.0,62.39527738831853,26.328648159483777,16.918550379362387,841.7061543523394,35.47128864523345,1721.9477486705237,100.0,100.0,True,,synthetic_ltma,sim_user,llm_training,gpu:1,ltma
36.3,2026-01-01 00:00:36.300000+00:00,,syn-attack-ltma-201,ltma-irregular-primary,irregular,,0.55,0.5,0,10.0,60.885832885127634,28.28846854510814,15.244935519167816,978.3338089742701,36.01653732973898,1526.1995504545278,100.0,100.0,True,,synthetic_ltma,sim_user,llm_training,gpu:1,ltma
36.4,2026-01-01 00:00:36.400000+00:00,,syn-attack-ltma-201,ltma-irregular-primary,irregular,,0.55,0.5,0,10.0,65.92560823260658,16.64781221538943,10.032943109394806,650.2219056757308,32.768800490264724,1356.5333938610759,100.0,100.0,True,,synthetic_ltma,sim_user,llm_training,gpu:1,ltma
36.5,2026-01-01 00:00:36.500000+00:00,,syn-attack-ltma-201,ltma-irregular-primary,irregular,,0.55,0.5,0,10.0,67.47388666629993,20.74894202271912,3.9352336154218843,816.8845852995639,33.99014910021867,808.9837439558983,100.0,100.0,True,,synthetic_ltma,sim_user,llm_training,gpu:1,ltma
36.6,2026-01-01 00:00:36.600000+00:00,,syn-attack-ltma-201,ltma-irregular-primary,irregular,,0.55,0.5,0,10.0,78.32742121090382,27.63230815573786,13.481294336671391,935.8206975349219,35.926894038663185,1250.0911746346621,100.0,100.0,True,,synthetic_ltma,sim_user,llm_training,gpu:1,ltma
36.7,2026-01-01 00:00:36.700000+00:00,,syn-attack-ltma-201,ltma-irregular-primary,irregular,,0.55,0.5,0,10.0,83.45727427720522,30.11857687674973,17.74514075453293,1010.8124644354536,36.63423058853343,1600.4523407673366,100.0,100.0,True,,synthetic_ltma,sim_user,llm_training,gpu:1,ltma
36.8,2026-01-01 00:00:36.800000+00:00,,syn-attack-ltma-201,ltma-irregular-primary,irregular,,0.55,0.5,0,10.0,78.92488443428488,14.590790709009962,11.911025498879608,606.5143953316352,32.23040892078482,1093.0038294015908,100.0,100.0,True,,synthetic_ltma,sim_user,llm_training,gpu:1,ltma
36.9,2026-01-01 00:00:36.900000+00:00,,syn-attack-ltma-201,ltma-irregular-primary,irregular,,0.55,0.5,0,10.0,68.56828067852021,18.30799847281079,12.236277579054347,694.5657467811641,33.25314311823826,1429.8629491481804,100.0,100.0,True,,synthetic_ltma,sim_user,llm_training,gpu:1,ltma
37.0,2026-01-01 00:00:37+00:00,,syn-attack-ltma-201,ltma-irregular-primary,irregular,,0.55,0.5,0,10.0,62.88831588256943,21.470692369262267,13.376808426523848,750.6921424135959,34.14275260260015,1495.674261349235,100.0,100.0,True,,synthetic_ltma,sim_user,llm_training,gpu:1,ltma
37.1,2026-01-01 00:00:37.100000+00:00,,syn-attack-ltma-201,ltma-irregular-primary,irregular,,0.55,0.5,0,10.0,58.98483113051898,13.757556698100181,10.125058590221832,555.1214328684293,31.912380636445395,1186.7412130702924,100.0,100.0,True,,synthetic_ltma,sim_user,llm_training,gpu:1,ltma
37.2,2026-01-01 00:00:37.200000+00:00,,syn-attack-ltma-201,ltma-irregular-primary,irregular,,0.55,0.5,0,10.0,58.96153974019122,9.973436942346344,2.8883222548441188,460.84267639076467,30.866542662577462,614.422137091217,100.0,100.0,True,,synthetic_ltma,sim_user,llm_training,gpu:1,ltma
37.3,2026-01-01 00:00:37.300000+00:00,,syn-attack-ltma-201,ltma-irregular-primary,irregular,,0.55,0.5,0,10.0,66.97703218159316,11.194402830093804,1.4125090356718184,561.292868038983,31.15937826707416,428.27281725904515,100.0,100.0,True,,synthetic_ltma,sim_user,llm_training,gpu:1,ltma
37.4,2026-01-01 00:00:37.400000+00:00,,syn-attack-ltma-201,ltma-irregular-primary,irregular,,0.55,0.5,0,10.0,71.14992192278626,24.91488945082353,11.136763620335707,788.7537088813425,35.13615280807444,1033.8629473307444,100.0,100.0,True,,synthetic_ltma,sim_user,llm_training,gpu:1,ltma
37.5,2026-01-01 00:00:37.500000+00:00,,syn-attack-ltma-201,ltma-irregular-primary,irregular,,0.55,0.5,0,10.0,66.96322655247567,13.531852051483392,5.757542291703426,550.2391880395303,32.13559492725658,862.7821364182452,100.0,100.0,True,,synthetic_ltma,sim_user,llm_training,gpu:1,ltma
37.6,2026-01-01 00:00:37.600000+00:00,,syn-attack-ltma-201,ltma-irregular-primary,irregular,,0.55,0.5,0,10.0,64.83395394267387,14.935200750345508,10.753353327016965,522.2137874616484,32.4262409029432,1170.44114010618,100.0,100.0,True,,synthetic_ltma,sim_user,llm_training,gpu:1,ltma
37.7,2026-01-01 00:00:37.700000+00:00,,syn-attack-ltma-201,ltma-irregular-primary,irregular,,0.55,0.5,0,10.0,64.66083650527122,28.0990097726704,19.53696434602396,930.9483673146232,36.23710140813383,1999.1258332588113,100.0,100.0,True,,synthetic_ltma,sim_user,llm_training,gpu:1,ltma
37.8,2026-01-01 00:00:37.800000+00:00,,syn-attack-ltma-201,ltma-irregular-primary,irregular,,0.55,0.5,0,10.0,54.200992278371864,13.695526071540526,6.265534936128441,575.6243988097967,32.23999881898891,773.196533306574,100.0,100.0,True,,synthetic_ltma,sim_user,llm_training,gpu:1,ltma
37.9,2026-01-01 00:00:37.900000+00:00,,syn-attack-ltma-201,ltma-irregular-primary,irregular,,0.55,0.5,0,10.0,60.83880344712515,15.046585525307748,2.22028365270988,584.7395549090022,32.61789580583991,569.8363790500952,100.0,100.0,True,,synthetic_ltma,sim_user,llm_training,gpu:1,ltma
38.0,2026-01-01 00:00:38+00:00,,syn-attack-ltma-201,ltma-irregular-primary,irregular,,0.55,0.5,0,10.0,63.62245359856544,10.917839789316895,2.5454417060103394,493.3314927133033,31.45802797017634,622.1138668550296,100.0,100.0,True,,synthetic_ltma,sim_user,llm_training,gpu:1,ltma
38.1,2026-01-01 00:00:38.100000+00:00,,syn-attack-ltma-201,ltma-irregular-primary,irregular,,0.55,0.5,0,10.0,70.34560989347563,15.519122616860242,10.930245822431182,574.8293647813618,32.41132598113596,1116.5556121188558,100.0,100.0,True,,synthetic_ltma,sim_user,llm_training,gpu:1,ltma
38.2,2026-01-01 00:00:38.200000+00:00,,syn-attack-ltma-201,ltma-irregular-primary,irregular,,0.55,0.5,0,10.0,59.34640616375278,16.963638818232155,4.695973465333476,633.321837603763,32.97517817061,544.1384198374153,100.0,100.0,True,,synthetic_ltma,sim_user,llm_training,gpu:1,ltma
38.3,2026-01-01 00:00:38.300000+00:00,,syn-attack-ltma-201,ltma-irregular-primary,irregular,,0.55,0.5,0,10.0,68.89559718485162,24.055957085029263,17.495281300841654,792.2382789328454,34.59762833926927,1548.9367719587844,100.0,100.0,True,,synthetic_ltma,sim_user,llm_training,gpu:1,ltma
38.4,2026-01-01 00:00:38.400000+00:00,,syn-attack-ltma-201,ltma-irregular-primary,irregular,,0.55,0.5,0,10.0,50.42570671037398,8.428848479621053,0.9002367371157605,402.52845502891677,29.906173101397844,639.2569773863872,100.0,100.0,True,,synthetic_ltma,sim_user,llm_training,gpu:1,ltma
38.5,2026-01-01 00:00:38.500000+00:00,,syn-attack-ltma-201,ltma-irregular-primary,irregular,,0.55,0.5,0,10.0,53.6052201436706,21.066921473553982,13.730066878099224,676.5160070780422,33.47895932768422,1402.2444822060372,100.0,100.0,True,,synthetic_ltma,sim_user,llm_training,gpu:1,ltma
38.6,2026-01-01 00:00:38.600000+00:00,,syn-attack-ltma-201,ltma-irregular-primary,irregular,,0.55,0.5,0,10.0,51.475692638073674,0.0,0.0,212.3856084804652,27.668199704819514,464.0839111563466,100.0,100.0,True,,synthetic_ltma,sim_user,llm_training,gpu:1,ltma
38.7,2026-01-01 00:00:38.700000+00:00,,syn-attack-ltma-201,ltma-irregular-primary,irregular,,0.55,0.5,0,10.0,58.13457773082052,12.237514823182787,10.054264452305361,544.6263547380454,30.981762798825304,911.585324877015,100.0,100.0,True,,synthetic_ltma,sim_user,llm_training,gpu:1,ltma
38.8,2026-01-01 00:00:38.800000+00:00,,syn-attack-ltma-201,ltma-irregular-primary,irregular,,0.55,0.5,0,10.0,52.34442076828909,12.238180795631951,0.0,470.149302032437,30.93268830355339,448.23754005468675,100.0,100.0,True,,synthetic_ltma,sim_user,llm_training,gpu:1,ltma
38.9,2026-01-01 00:00:38.900000+00:00,,syn-attack-ltma-201,ltma-irregular-primary,irregular,,0.55,0.5,0,10.0,189.8579992263366,96.62761162076708,52.05915099249327,2520.0,54.57481577469314,4184.746959101154,100.0,100.0,True,,synthetic_ltma,sim_user,llm_training,gpu:1,ltma
39.0,2026-01-01 00:00:39+00:00,,syn-attack-ltma-201,ltma-irregular-primary,irregular,,0.55,0.5,0,10.0,188.91304924800392,89.8947039244227,49.81074097141291,2443.0206271171232,53.156584624723436,3717.8013278149024,100.0,100.0,True,,synthetic_ltma,sim_user,llm_training,gpu:1,ltma
39.1,2026-01-01 00:00:39.100000+00:00,,syn-attack-ltma-201,ltma-irregular-primary,irregular,,0.55,0.5,0,10.0,196.92745802761272,83.05033886421188,44.455482560994604,2267.221624277724,51.21555329338848,3457.8252212474845,100.0,100.0,True,,synthetic_ltma,sim_user,llm_training,gpu:1,ltma
39.2,2026-01-01 00:00:39.200000+00:00,,syn-attack-ltma-201,ltma-irregular-primary,irregular,,0.55,0.5,0,10.0,193.30555497985603,87.1834359689216,46.44939028035219,2446.413694565962,52.29787832474229,3749.771182143266,100.0,100.0,True,,synthetic_ltma,sim_user,llm_training,gpu:1,ltma
39.3,2026-01-01 00:00:39.300000+00:00,,syn-attack-ltma-201,ltma-irregular-primary,irregular,,0.55,0.5,0,10.0,200.42570686055436,89.31901676816204,46.98440664257421,2500.9257852307937,53.05759721800842,3751.444163596225,100.0,100.0,True,,synthetic_ltma,sim_user,llm_training,gpu:1,ltma
39.4,2026-01-01 00:00:39.400000+00:00,,syn-attack-ltma-201,ltma-irregular-primary,irregular,,0.55,0.5,0,10.0,208.53323425451669,83.34092754750704,43.964016436923,2318.0402478255864,51.293139020775975,3572.7334378833993,100.0,100.0,True,,synthetic_ltma,sim_user,llm_training,gpu:1,ltma
39.5,2026-01-01 00:00:39.500000+00:00,,syn-attack-ltma-201,ltma-irregular-primary,irregular,,0.55,0.5,0,10.0,205.75326930857258,96.02958312512953,59.863598514809,2520.0,54.644705725905574,4582.690617306047,100.0,100.0,True,,synthetic_ltma,sim_user,llm_training,gpu:1,ltma
39.6,2026-01-01 00:00:39.600000+00:00,,syn-attack-ltma-201,ltma-irregular-primary,irregular,,0.55,0.5,0,10.0,194.90390296276254,76.69586914001174,37.942271672887316,2153.319026097569,49.329519148236585,3071.1636602241074,100.0,100.0,True,,synthetic_ltma,sim_user,llm_training,gpu:1,ltma
39.7,2026-01-01 00:00:39.700000+00:00,,syn-attack-ltma-201,ltma-irregular-primary,irregular,,0.55,0.5,0,10.0,211.08198738312046,98.54454629674215,58.63146086123542,2520.0,55.56063408634125,4621.881654542,100.0,100.0,True,,synthetic_ltma,sim_user,llm_training,gpu:1,ltma
39.8,2026-01-01 00:00:39.800000+00:00,,syn-attack-ltma-201,ltma-irregular-primary,irregular,,0.55,0.5,0,10.0,214.53742874530553,100.0,59.615220248387025,2520.0,55.824819345950814,4595.09644913873,100.0,100.0,True,,synthetic_ltma,sim_user,llm_training,gpu:1,ltma
39.9,2026-01-01 00:00:39.900000+00:00,,syn-attack-ltma-201,ltma-irregular-primary,irregular,,0.55,0.5,0,10.0,214.2200919887679,96.58743918691233,48.93296038364249,2520.0,54.55164973952932,3987.1509953918257,100.0,100.0,True,,synthetic_ltma,sim_user,llm_training,gpu:1,ltma
40.0,2026-01-01 00:00:40+00:00,,syn-attack-ltma-201,ltma-irregular-primary,irregular,,0.55,0.5,0,10.0,218.38743305130237,89.20050176491549,47.06646514518291,2407.8257854036938,52.691356251456234,3667.0784064514805,100.0,100.0,True,,synthetic_ltma,sim_user,llm_training,gpu:1,ltma
40.1,2026-01-01 00:00:40.100000+00:00,,syn-attack-ltma-201,ltma-irregular-primary,irregular,,0.55,0.5,0,10.0,215.06409599943768,98.02611959087726,63.15564643782828,2520.0,55.21658825760382,4889.397887060496,100.0,100.0,True,,synthetic_ltma,sim_user,llm_training,gpu:1,ltma
40.2,2026-01-01 00:00:40.200000+00:00,,syn-attack-ltma-201,ltma-irregular-primary,irregular,,0.55,0.5,0,10.0,198.3862364210244,90.19173746131715,56.91695047023924,2434.249307272418,52.97098470519539,4527.591742154665,100.0,100.0,True,,synthetic_ltma,sim_user,llm_training,gpu:1,ltma
40.3,2026-01-01 00:00:40.300000+00:00,,syn-attack-ltma-201,ltma-irregular-primary,irregular,,0.55,0.5,0,10.0,194.32298168664022,80.46156620856749,48.60463436598446,2302.177322259433,50.09905149820971,3808.334132632077,100.0,100.0,True,,synthetic_ltma,sim_user,llm_training,gpu:1,ltma
40.4,2026-01-01 00:00:40.400000+00:00,,syn-attack-ltma-201,ltma-irregular-primary,irregular,,0.55,0.5,0,10.0,185.64914567840302,82.4027393546983,44.60415969470347,2272.236512219868,50.59653802897003,3486.573040309333,100.0,100.0,True,,synthetic_ltma,sim_user,llm_training,gpu:1,ltma
40.5,2026-01-01 00:00:40.500000+00:00,,syn-attack-ltma-201,ltma-irregular-primary,irregular,,0.55,0.5,0,10.0,180.1027431706431,78.77719445282091,38.56419858031032,2157.359781678233,49.4461543889168,3330.6535251599653,100.0,100.0,True,,synthetic_ltma,sim_user,llm_training,gpu:1,ltma
40.6,2026-01-01 00:00:40.600000+00:00,,syn-attack-ltma-201,ltma-irregular-primary,irregular,,0.55,0.5,0,10.0,189.25111622428454,88.42859756497329,43.97879300823669,2402.744515881646,52.401558748298065,3716.6698151210767,100.0,100.0,True,,synthetic_ltma,sim_user,llm_training,gpu:1,ltma
40.7,2026-01-01 00:00:40.700000+00:00,,syn-attack-ltma-201,ltma-irregular-primary,irregular,,0.55,0.5,0,10.0,189.75758869138525,100.0,58.925449254528,2520.0,55.988206407882544,4433.019585619727,100.0,100.0,True,,synthetic_ltma,sim_user,llm_training,gpu:1,ltma
40.8,2026-01-01 00:00:40.800000+00:00,,syn-attack-ltma-201,ltma-irregular-primary,irregular,,0.55,0.5,0,10.0,190.7644088432967,76.42223768322309,39.15480700351404,2199.9116922401263,49.795616021305065,3075.5786442660533,100.0,100.0,True,,synthetic_ltma,sim_user,llm_training,gpu:1,ltma
40.9,2026-01-01 00:00:40.900000+00:00,,syn-attack-ltma-201,ltma-irregular-primary,irregular,,0.55,0.5,0,10.0,195.51398382051343,82.80618623635733,40.20405338981601,2271.8947718022214,51.410216942788296,3266.4989799188147,100.0,100.0,True,,synthetic_ltma,sim_user,llm_training,gpu:1,ltma
41.0,2026-01-01 00:00:41+00:00,,syn-attack-ltma-201,ltma-irregular-primary,irregular,,0.55,0.5,0,10.0,204.230569730784,97.14522934890844,56.29026198452634,2520.0,55.56043863974109,4362.331702838319,100.0,100.0,True,,synthetic_ltma,sim_user,llm_training,gpu:1,ltma
41.1,2026-01-01 00:00:41.100000+00:00,,syn-attack-ltma-201,ltma-irregular-primary,irregular,,0.55,0.5,0,10.0,192.4805563568384,85.22146551262611,42.63693076869634,2361.0799575684828,52.084773811181925,3540.188742093564,100.0,100.0,True,,synthetic_ltma,sim_user,llm_training,gpu:1,ltma
41.2,2026-01-01 00:00:41.200000+00:00,,syn-attack-ltma-201,ltma-irregular-primary,irregular,,0.55,0.5,0,10.0,194.96973044954643,85.98008939503899,52.05351521505898,2302.9569823088386,52.44283238216473,4090.4460361931833,100.0,100.0,True,,synthetic_ltma,sim_user,llm_training,gpu:1,ltma
41.3,2026-01-01 00:00:41.300000+00:00,,syn-attack-ltma-201,ltma-irregular-primary,irregular,,0.55,0.5,0,10.0,187.25029961135317,85.47973353623054,48.09440887034876,2367.078296416738,52.473034240509385,3799.8172876104964,100.0,100.0,True,,synthetic_ltma,sim_user,llm_training,gpu:1,ltma
41.4,2026-01-01 00:00:41.400000+00:00,,syn-attack-ltma-201,ltma-irregular-primary,irregular,,0.55,0.5,0,10.0,183.94397255137898,86.13358464003922,49.29794410373316,2393.5204845103935,52.79212701732873,3815.525954781797,100.0,100.0,True,,synthetic_ltma,sim_user,llm_training,gpu:1,ltma
41.5,2026-01-01 00:00:41.500000+00:00,,syn-attack-ltma-201,ltma-irregular-primary,irregular,,0.55,0.5,0,10.0,182.75732016361047,80.27998683199624,37.22270078860329,2260.890078426133,50.70692277902107,3007.4798004802283,100.0,100.0,True,,synthetic_ltma,sim_user,llm_training,gpu:1,ltma
41.6,2026-01-01 00:00:41.600000+00:00,,syn-attack-ltma-201,ltma-irregular-primary,irregular,,0.55,0.5,0,10.0,190.87095211325988,75.9204502372153,39.59568411114378,2084.2922819569953,49.5251103000124,2902.2678230313227,100.0,100.0,True,,synthetic_ltma,sim_user,llm_training,gpu:1,ltma
41.7,2026-01-01 00:00:41.700000+00:00,,syn-attack-ltma-201,ltma-irregular-primary,irregular,,0.55,0.5,0,10.0,190.47255197345538,86.66968973411566,45.9999363697234,2329.002180692484,52.33770195522785,3539.410538360843,100.0,100.0,True,,synthetic_ltma,sim_user,llm_training,gpu:1,ltma
41.8,2026-01-01 00:00:41.800000+00:00,,syn-attack-ltma-201,ltma-irregular-primary,irregular,,0.55,0.5,0,10.0,197.83367958417097,76.86091541434284,40.59878635333205,2049.2586821961518,49.55091375127274,3187.925736693927,100.0,100.0,True,,synthetic_ltma,sim_user,llm_training,gpu:1,ltma
41.9,2026-01-01 00:00:41.900000+00:00,,syn-attack-ltma-201,ltma-irregular-primary,irregular,,0.55,0.5,0,10.0,202.2074317729361,83.6320916501833,46.933245969505315,2324.17989803964,51.52882468943185,3747.193872883446,100.0,100.0,True,,synthetic_ltma,sim_user,llm_training,gpu:1,ltma
42.0,2026-01-01 00:00:42+00:00,,syn-attack-ltma-201,ltma-irregular-primary,irregular,,0.55,0.5,0,10.0,89.14148745373113,28.582204484987727,15.550280455789766,904.9846617039628,36.22510906634833,1670.566350311945,100.0,100.0,True,,synthetic_ltma,sim_user,llm_training,gpu:1,ltma
42.1,2026-01-01 00:00:42.100000+00:00,,syn-attack-ltma-201,ltma-irregular-primary,irregular,,0.55,0.5,0,10.0,88.68657101029106,29.121137316633014,13.524061888319789,959.4101883462815,36.494372283684555,1403.763495613078,100.0,100.0,True,,synthetic_ltma,sim_user,llm_training,gpu:1,ltma
42.2,2026-01-01 00:00:42.200000+00:00,,syn-attack-ltma-201,ltma-irregular-primary,irregular,,0.55,0.5,0,10.0,101.71750495854276,44.52154856124046,28.952731733571667,1352.0111022292024,40.55560440059779,2465.715987698861,100.0,100.0,True,,synthetic_ltma,sim_user,llm_training,gpu:1,ltma
42.3,2026-01-01 00:00:42.300000+00:00,,syn-attack-ltma-201,ltma-irregular-primary,irregular,,0.55,0.5,0,10.0,89.30301768360751,38.39068981492821,23.08495576429161,1231.9804246778483,38.90204110780141,1996.6328945659463,100.0,100.0,True,,synthetic_ltma,sim_user,llm_training,gpu:1,ltma
42.4,2026-01-01 00:00:42.400000+00:00,,syn-attack-ltma-201,ltma-irregular-primary,irregular,,0.55,0.5,0,10.0,84.53739812514193,20.933059317472654,12.122260889567553,742.2460904984345,33.992675333670284,1056.6448565536562,100.0,100.0,True,,synthetic_ltma,sim_user,llm_training,gpu:1,ltma
42.5,2026-01-01 00:00:42.500000+00:00,,syn-attack-ltma-201,ltma-irregular-primary,irregular,,0.55,0.5,0,10.0,93.98713890538075,26.570468579337774,14.064728671482229,910.1527752625742,35.15783227220926,1427.9139859112365,100.0,100.0,True,,synthetic_ltma,sim_user,llm_training,gpu:1,ltma
42.6,2026-01-01 00:00:42.600000+00:00,,syn-attack-ltma-201,ltma-irregular-primary,irregular,,0.55,0.5,0,10.0,97.8601287865127,41.88183685868192,31.401558259989777,1263.1988168801145,39.26571364327368,2565.2611488503308,100.0,100.0,True,,synthetic_ltma,sim_user,llm_training,gpu:1,ltma
42.7,2026-01-01 00:00:42.700000+00:00,,syn-attack-ltma-201,ltma-irregular-primary,irregular,,0.55,0.5,0,10.0,95.01439835865428,46.82309596138751,19.873176741206507,1375.9176138296043,40.86017853199837,2005.0689548009932,100.0,100.0,True,,synthetic_ltma,sim_user,llm_training,gpu:1,ltma
42.8,2026-01-01 00:00:42.800000+00:00,,syn-attack-ltma-201,ltma-irregular-primary,irregular,,0.55,0.5,0,10.0,100.49605499854285,36.094223674201295,17.85054975483716,1117.8785553420482,37.7549654485441,1737.4191059936227,100.0,100.0,True,,synthetic_ltma,sim_user,llm_training,gpu:1,ltma
42.9,2026-01-01 00:00:42.900000+00:00,,syn-attack-ltma-201,ltma-irregular-primary,irregular,,0.55,0.5,0,10.0,107.90541891751987,35.99165526792741,28.279272645850014,1062.7706636212426,37.551053153421556,2477.672401021585,100.0,100.0,True,,synthetic_ltma,sim_user,llm_training,gpu:1,ltma
43.0,2026-01-01 00:00:43+00:00,,syn-attack-ltma-201,ltma-irregular-primary,irregular,,0.55,0.5,0,10.0,90.99226360097698,22.853467123730358,15.247869438508108,748.6962130141957,33.538888112677185,1573.6888441444341,100.0,100.0,True,,synthetic_ltma,sim_user,llm_training,gpu:1,ltma
43.1,2026-01-01 00:00:43.100000+00:00,,syn-attack-ltma-201,ltma-irregular-primary,irregular,,0.55,0.5,0,10.0,81.53447950592785,12.702262979742727,12.981350603357873,542.5703979083753,30.967611817509543,1409.5738141809845,100.0,100.0,True,,synthetic_ltma,sim_user,llm_training,gpu:1,ltma
43.2,2026-01-01 00:00:43.200000+00:00,,syn-attack-ltma-201,ltma-irregular-primary,irregular,,0.55,0.5,0,10.0,75.68829806670195,19.314730704262026,9.31162304969461,665.030969982047,32.63951658202457,866.4899612714034,100.0,100.0,True,,synthetic_ltma,sim_user,llm_training,gpu:1,ltma
43.3,2026-01-01 00:00:43.300000+00:00,,syn-attack-ltma-201,ltma-irregular-primary,irregular,,0.55,0.5,0,10.0,71.69799106518809,9.940385718255367,9.640408811547747,467.3034817994083,30.142977473289424,936.8816594167861,100.0,100.0,True,,synthetic_ltma,sim_user,llm_training,gpu:1,ltma
43.4,2026-01-01 00:00:43.400000+00:00,,syn-attack-ltma-201,ltma-irregular-primary,irregular,,0.55,0.5,0,10.0,65.67368970840522,19.398354667317005,5.0586612183952395,597.9144611344663,33.18792064679153,903.1282832477699,100.0,100.0,True,,synthetic_ltma,sim_user,llm_training,gpu:1,ltma
43.5,2026-01-01 00:00:43.500000+00:00,,syn-attack-ltma-201,ltma-irregular-primary,irregular,,0.55,0.5,0,10.0,72.20563984208555,1.6247021869517546,0.0,259.5178970611703,28.311183902202284,487.1603239210987,100.0,100.0,True,,synthetic_ltma,sim_user,llm_training,gpu:1,ltma
43.6,2026-01-01 00:00:43.600000+00:00,,syn-attack-ltma-201,ltma-irregular-primary,irregular,,0.55,0.5,0,10.0,97.4347317729998,37.77392970739425,21.898949437544623,1145.0901558286612,38.34357964117016,2056.695577579762,100.0,100.0,True,,synthetic_ltma,sim_user,llm_training,gpu:1,ltma
43.7,2026-01-01 00:00:43.700000+00:00,,syn-attack-ltma-201,ltma-irregular-primary,irregular,,0.55,0.5,0,10.0,97.21364627832502,38.48188247807213,16.5283006906953,1181.3280225661822,38.819015101836136,1648.5624977034213,100.0,100.0,True,,synthetic_ltma,sim_user,llm_training,gpu:1,ltma
43.8,2026-01-01 00:00:43.800000+00:00,,syn-attack-ltma-201,ltma-irregular-primary,irregular,,0.55,0.5,0,10.0,104.86615738146536,32.511631232694164,17.03434271383669,1059.3192713530634,37.19912723243556,1394.0034387300188,100.0,100.0,True,,synthetic_ltma,sim_user,llm_training,gpu:1,ltma
43.9,2026-01-01 00:00:43.900000+00:00,,syn-attack-ltma-201,ltma-irregular-primary,irregular,,0.55,0.5,0,10.0,104.47384822834734,34.4524470561118,18.78170381029931,1015.4181095794501,37.94082733126409,1919.3390638908832,100.0,100.0,True,,synthetic_ltma,sim_user,llm_training,gpu:1,ltma
44.0,2026-01-01 00:00:44+00:00,,syn-attack-ltma-201,ltma-irregular-primary,irregular,,0.55,0.5,0,10.0,99.79558746382413,34.84185197027127,34.98423763399321,1085.1881625426108,37.95194272164262,2829.5507670203515,100.0,100.0,True,,synthetic_ltma,sim_user,llm_training,gpu:1,ltma
44.1,2026-01-01 00:00:44.100000+00:00,,syn-attack-ltma-201,ltma-irregular-primary,irregular,,0.55,0.5,0,10.0,75.72384723687233,18.397273309151046,11.057550506281869,642.8159895616743,33.73519425211985,1314.4839567921688,100.0,100.0,True,,synthetic_ltma,sim_user,llm_training,gpu:1,ltma
44.2,2026-01-01 00:00:44.200000+00:00,,syn-attack-ltma-201,ltma-irregular-primary,irregular,,0.55,0.5,0,10.0,72.44772353550184,6.738136722952772,5.446333111329942,372.82703198764597,30.536929377242497,784.2888007290353,100.0,100.0,True,,synthetic_ltma,sim_user,llm_training,gpu:1,ltma
44.3,2026-01-01 00:00:44.300000+00:00,,syn-attack-ltma-201,ltma-irregular-primary,irregular,,0.55,0.5,0,10.0,70.88630133000746,20.747371633236302,10.237075639869849,715.135444719709,34.245180375628884,984.1901331882278,100.0,100.0,True,,synthetic_ltma,sim_user,llm_training,gpu:1,ltma
44.4,2026-01-01 00:00:44.400000+00:00,,syn-attack-ltma-201,ltma-irregular-primary,irregular,,0.55,0.5,0,10.0,70.27714362403742,35.83147983804277,15.641621203258683,1164.11131021887,38.57971265049867,1554.91142115369,100.0,100.0,True,,synthetic_ltma,sim_user,llm_training,gpu:1,ltma
44.5,2026-01-01 00:00:44.500000+00:00,,syn-attack-ltma-201,ltma-irregular-primary,irregular,,0.55,0.5,0,10.0,77.96769328232938,33.83438747083608,14.370348636844003,1126.4270039488426,38.00903373448518,1439.9935380728805,100.0,100.0,True,,synthetic_ltma,sim_user,llm_training,gpu:1,ltma
44.6,2026-01-01 00:00:44.600000+00:00,,syn-attack-ltma-201,ltma-irregular-primary,irregular,,0.55,0.5,0,10.0,77.12977412757915,21.166171789763258,9.85034158614317,746.5442865099359,34.396753396423605,1212.6612325302249,100.0,100.0,True,,synthetic_ltma,sim_user,llm_training,gpu:1,ltma
44.7,2026-01-01 00:00:44.700000+00:00,,syn-attack-ltma-201,ltma-irregular-primary,irregular,,0.55,0.5,0,10.0,73.51359439375322,18.504567688468047,10.616684971118026,694.1834501360627,33.81957881710397,1152.7580547006794,100.0,100.0,True,,synthetic_ltma,sim_user,llm_training,gpu:1,ltma
44.8,2026-01-01 00:00:44.800000+00:00,,syn-attack-ltma-201,ltma-irregular-primary,irregular,,0.55,0.5,0,10.0,75.42556450717781,26.04482152489952,12.643041658642925,886.4244041940053,36.0710481484122,1317.9632932458662,100.0,100.0,True,,synthetic_ltma,sim_user,llm_training,gpu:1,ltma
44.9,2026-01-01 00:00:44.900000+00:00,,syn-attack-ltma-201,ltma-irregular-primary,irregular,,0.55,0.5,0,10.0,85.55447889445593,18.451723833335173,12.491546782579466,695.0059946898411,34.11203375757011,1424.0554890216142,100.0,100.0,True,,synthetic_ltma,sim_user,llm_training,gpu:1,ltma
45.0,2026-01-01 00:00:45+00:00,,syn-attack-ltma-201,ltma-irregular-primary,irregular,,0.55,0.5,0,10.0,86.10845826098398,16.274275562779618,4.014021125121108,583.6519487547444,33.17770995532567,886.929181854391,100.0,100.0,True,,synthetic_ltma,sim_user,llm_training,gpu:1,ltma
45.1,2026-01-01 00:00:45.100000+00:00,,syn-attack-ltma-201,ltma-irregular-primary,irregular,,0.55,0.5,0,10.0,95.14189033089876,38.55840652704191,16.40258758012481,1182.1903076231918,39.3195235530464,1754.8603729157853,100.0,100.0,True,,synthetic_ltma,sim_user,llm_training,gpu:1,ltma
45.2,2026-01-01 00:00:45.200000+00:00,,syn-attack-ltma-201,ltma-irregular-primary,irregular,,0.55,0.5,0,10.0,95.37865585344385,29.72823598550047,18.383010962339682,989.078299871789,36.85305172201133,1851.5133173137563,100.0,100.0,True,,synthetic_ltma,sim_user,llm_training,gpu:1,ltma
45.3,2026-01-01 00:00:45.300000+00:00,,syn-attack-ltma-201,ltma-irregular-primary,irregular,,0.55,0.5,0,10.0,90.50426815451368,29.43832575532988,22.950230974778055,957.5732121063128,36.60253928081454,2173.2669362555257,100.0,100.0,True,,synthetic_ltma,sim_user,llm_training,gpu:1,ltma
45.4,2026-01-01 00:00:45.400000+00:00,,syn-attack-ltma-201,ltma-irregular-primary,irregular,,0.55,0.5,0,10.0,78.30158755058497,10.659767623316814,8.667620339176082,471.61034589272083,30.925561193509612,1030.2733975108722,100.0,100.0,True,,synthetic_ltma,sim_user,llm_training,gpu:1,ltma
45.5,2026-01-01 00:00:45.500000+00:00,,syn-attack-ltma-201,ltma-irregular-primary,irregular,,0.55,0.5,0,10.0,68.54589626386228,12.614007057452456,9.52873350545348,506.3259578210439,31.43533741047866,1234.1361600751143,100.0,100.0,True,,synthetic_ltma,sim_user,llm_training,gpu:1,ltma
45.6,2026-01-01 00:00:45.600000+00:00,,syn-attack-ltma-201,ltma-irregular-primary,irregular,,0.55,0.5,0,10.0,61.87516061069866,4.955913022283749,0.0,364.75829556434115,29.235449339785568,267.0506598528617,100.0,100.0,True,,synthetic_ltma,sim_user,llm_training,gpu:1,ltma
45.7,2026-01-01 00:00:45.700000+00:00,,syn-attack-ltma-201,ltma-irregular-primary,irregular,,0.55,0.5,0,10.0,61.348419697900326,17.444558647765604,7.5649986774770515,637.3496432710015,32.675633257366215,875.6764299418704,100.0,100.0,True,,synthetic_ltma,sim_user,llm_training,gpu:1,ltma
45.8,2026-01-01 00:00:45.800000+00:00,,syn-attack-ltma-201,ltma-irregular-primary,irregular,,0.55,0.5,0,10.0,66.55522872181662,21.213115895527032,8.25746504861256,742.878540393605,33.7119792979134,1146.7025899188216,100.0,100.0,True,,synthetic_ltma,sim_user,llm_training,gpu:1,ltma
45.9,2026-01-01 00:00:45.900000+00:00,,syn-attack-ltma-201,ltma-irregular-primary,irregular,,0.55,0.5,0,10.0,73.91787825750997,23.062175270860376,7.359201806389461,847.1174607988526,34.40707829937392,991.8995274702784,100.0,100.0,True,,synthetic_ltma,sim_user,llm_training,gpu:1,ltma
46.0,2026-01-01 00:00:46+00:00,,syn-attack-ltma-201,ltma-irregular-primary,irregular,,0.55,0.5,0,10.0,80.73913076666582,4.118081895042913,0.0,335.9231177069087,29.016310217657555,472.77968844364364,100.0,100.0,True,,synthetic_ltma,sim_user,llm_training,gpu:1,ltma
46.1,2026-01-01 00:00:46.100000+00:00,,syn-attack-ltma-201,ltma-irregular-primary,irregular,,0.55,0.5,0,10.0,76.9403771140866,17.2532277678919,4.443093104047919,654.079080825423,32.64286842082924,918.1362798471105,100.0,100.0,True,,synthetic_ltma,sim_user,llm_training,gpu:1,ltma
46.2,2026-01-01 00:00:46.200000+00:00,,syn-attack-ltma-201,ltma-irregular-primary,irregular,,0.55,0.5,0,10.0,81.97442688720571,34.889075705947526,21.49849057940735,1070.1462003415475,37.55233813619345,2031.668029323058,100.0,100.0,True,,synthetic_ltma,sim_user,llm_training,gpu:1,ltma
46.3,2026-01-01 00:00:46.300000+00:00,,syn-attack-ltma-201,ltma-irregular-primary,irregular,,0.55,0.5,0,10.0,77.63531620361624,25.2718850768045,16.62532937805964,833.5060421000118,35.20686065596578,1660.938268341579,100.0,100.0,True,,synthetic_ltma,sim_user,llm_training,gpu:1,ltma
46.4,2026-01-01 00:00:46.400000+00:00,,syn-attack-ltma-201,ltma-irregular-primary,irregular,,0.55,0.5,0,10.0,77.68604464116184,13.138309910119906,7.585452948945408,563.2205970458642,31.607163912305797,928.7744720124473,100.0,100.0,True,,synthetic_ltma,sim_user,llm_training,gpu:1,ltma
46.5,2026-01-01 00:00:46.500000+00:00,,syn-attack-ltma-201,ltma-irregular-primary,irregular,,0.55,0.5,0,10.0,73.48314774864951,16.915438463863662,3.169946357527273,665.4678640193024,32.81766045556478,637.811824287782,100.0,100.0,True,,synthetic_ltma,sim_user,llm_training,gpu:1,ltma
46.6,2026-01-01 00:00:46.600000+00:00,,syn-attack-ltma-201,ltma-irregular-primary,irregular,,0.55,0.5,0,10.0,71.5277782606792,18.70829238317387,9.438420120052262,686.812706756641,33.195492483043324,1071.3367440214136,100.0,100.0,True,,synthetic_ltma,sim_user,llm_training,gpu:1,ltma
46.7,2026-01-01 00:00:46.700000+00:00,,syn-attack-ltma-201,ltma-irregular-primary,irregular,,0.55,0.5,0,10.0,75.88042376125675,22.413001327174953,11.020724101424548,826.994015665862,34.2519047263719,1304.0501254068927,100.0,100.0,True,,synthetic_ltma,sim_user,llm_training,gpu:1,ltma
46.8,2026-01-01 00:00:46.800000+00:00,,syn-attack-ltma-201,ltma-irregular-primary,irregular,,0.55,0.5,0,10.0,70.2967989326894,13.935344689811803,10.43250586316832,512.6541243494468,31.423358042078753,1211.5566239872096,100.0,100.0,True,,synthetic_ltma,sim_user,llm_training,gpu:1,ltma
46.9,2026-01-01 00:00:46.900000+00:00,,syn-attack-ltma-201,ltma-irregular-primary,irregular,,0.55,0.5,0,10.0,77.63951278507297,23.79622939322719,9.944894587560812,811.9372079752491,34.29171704643914,1089.7225703484778,100.0,100.0,True,,synthetic_ltma,sim_user,llm_training,gpu:1,ltma
47.0,2026-01-01 00:00:47+00:00,,syn-attack-ltma-201,ltma-irregular-primary,irregular,,0.55,0.5,0,10.0,80.1883204296482,32.7993998061884,10.276650522497274,1051.0926801015637,36.574265329487325,1398.3774121943588,100.0,100.0,True,,synthetic_ltma,sim_user,llm_training,gpu:1,ltma
47.1,2026-01-01 00:00:47.100000+00:00,,syn-attack-ltma-201,ltma-irregular-primary,irregular,,0.55,0.5,0,10.0,92.16822782758872,28.8937035516136,18.667600846508748,988.4196415116279,35.589943476225216,1649.7545654907492,100.0,100.0,True,,synthetic_ltma,sim_user,llm_training,gpu:1,ltma
47.2,2026-01-01 00:00:47.200000+00:00,,syn-attack-ltma-201,ltma-irregular-primary,irregular,,0.55,0.5,0,10.0,89.20509194459295,20.535264851851892,5.3349483495240655,752.2989562656371,33.36817359521967,917.6876347532051,100.0,100.0,True,,synthetic_ltma,sim_user,llm_training,gpu:1,ltma
47.3,2026-01-01 00:00:47.300000+00:00,,syn-attack-ltma-201,ltma-irregular-primary,irregular,,0.55,0.5,0,10.0,101.76518770313488,45.82597846965907,34.09128265240397,1335.1432337886226,40.264050425751186,2980.0172720356836,100.0,100.0,True,,synthetic_ltma,sim_user,llm_training,gpu:1,ltma
47.4,2026-01-01 00:00:47.400000+00:00,,syn-attack-ltma-201,ltma-irregular-primary,irregular,,0.55,0.5,0,10.0,87.00282621590219,22.085207683695856,11.12783901779793,768.5095005470562,33.417051424073456,1259.712479437737,100.0,100.0,True,,synthetic_ltma,sim_user,llm_training,gpu:1,ltma
47.5,2026-01-01 00:00:47.500000+00:00,,syn-attack-ltma-201,ltma-irregular-primary,irregular,,0.55,0.5,0,10.0,95.15035751062068,29.49397781618989,18.44192459294854,945.7659951460532,35.65697696023466,1768.4503613392608,100.0,100.0,True,,synthetic_ltma,sim_user,llm_training,gpu:1,ltma
47.6,2026-01-01 00:00:47.600000+00:00,,syn-attack-ltma-201,ltma-irregular-primary,irregular,,0.55,0.5,0,10.0,147.3479900751847,65.36683556194208,36.25854354969294,1796.7275027002784,45.69163878619125,2953.7575886043815,100.0,100.0,True,,synthetic_ltma,sim_user,llm_training,gpu:1,ltma
47.7,2026-01-01 00:00:47.700000+00:00,,syn-attack-ltma-201,ltma-irregular-primary,irregular,,0.55,0.5,0,10.0,145.48094630052088,67.5988392224837,41.68666071882318,1914.7973216095315,46.571462550615955,3303.91505830493,100.0,100.0,True,,synthetic_ltma,sim_user,llm_training,gpu:1,ltma
47.8,2026-01-01 00:00:47.800000+00:00,,syn-attack-ltma-201,ltma-irregular-primary,irregular,,0.55,0.5,0,10.0,140.01399913939895,51.313959275584196,24.807704189635544,1449.4603118982193,42.09558043102238,2303.8318686595453,100.0,100.0,True,,synthetic_ltma,sim_user,llm_training,gpu:1,ltma
47.9,2026-01-01 00:00:47.900000+00:00,,syn-attack-ltma-201,ltma-irregular-primary,irregular,,0.55,0.5,0,10.0,142.09838497343688,60.907661847132765,39.26979821995364,1745.5691057814818,45.11993654264547,3178.0024635170626,100.0,100.0,True,,synthetic_ltma,sim_user,llm_training,gpu:1,ltma
48.0,2026-01-01 00:00:48+00:00,,syn-attack-ltma-201,ltma-irregular-primary,irregular,,0.55,0.5,0,10.0,138.81585043429976,61.46470637008777,23.21749000915291,1762.0591861881644,45.35734705982617,1993.451423368522,100.0,100.0,True,,synthetic_ltma,sim_user,llm_training,gpu:1,ltma
48.1,2026-01-01 00:00:48.100000+00:00,,syn-attack-ltma-201,ltma-irregular-primary,irregular,,0.55,0.5,0,10.0,150.20037236021537,54.17584138168914,28.54762693833396,1561.0839129567148,43.07981751036109,2423.1463298169024,100.0,100.0,True,,synthetic_ltma,sim_user,llm_training,gpu:1,ltma
48.2,2026-01-01 00:00:48.200000+00:00,,syn-attack-ltma-201,ltma-irregular-primary,irregular,,0.55,0.5,0,10.0,144.3051275767345,63.21277965292565,34.71853865463129,1744.5605645449532,46.007245733414955,2902.7605988202445,100.0,100.0,True,,synthetic_ltma,sim_user,llm_training,gpu:1,ltma
48.3,2026-01-01 00:00:48.300000+00:00,,syn-attack-ltma-201,ltma-irregular-primary,irregular,,0.55,0.5,0,10.0,145.40248337229275,62.04616703691296,32.447406653397984,1762.0848824676123,45.677990846040935,2796.3239091846885,100.0,100.0,True,,synthetic_ltma,sim_user,llm_training,gpu:1,ltma
48.4,2026-01-01 00:00:48.400000+00:00,,syn-attack-ltma-201,ltma-irregular-primary,irregular,,0.55,0.5,0,10.0,147.28296739277215,55.40454292710906,33.50763736465968,1602.305322158777,43.976261152791565,2982.0482937409743,100.0,100.0,True,,synthetic_ltma,sim_user,llm_training,gpu:1,ltma
48.5,2026-01-01 00:00:48.500000+00:00,,syn-attack-ltma-201,ltma-irregular-primary,irregular,,0.55,0.5,0,10.0,140.26244708245827,62.98705221914898,33.54188183106624,1759.17452159729,46.065464918319655,2810.319926548467,100.0,100.0,True,,synthetic_ltma,sim_user,llm_training,gpu:1,ltma
48.6,2026-01-01 00:00:48.600000+00:00,,syn-attack-ltma-201,ltma-irregular-primary,irregular,,0.55,0.5,0,10.0,146.19924632190458,62.943957985745094,28.457387084330673,1787.672038574314,46.01435543826893,2448.514694867451,100.0,100.0,True,,synthetic_ltma,sim_user,llm_training,gpu:1,ltma
48.7,2026-01-01 00:00:48.700000+00:00,,syn-attack-ltma-201,ltma-irregular-primary,irregular,,0.55,0.5,0,10.0,149.7226127054542,63.580382361341485,35.835183307225236,1801.201728447093,46.25385930343791,2928.0521796677303,100.0,100.0,True,,synthetic_ltma,sim_user,llm_training,gpu:1,ltma
48.8,2026-01-01 00:00:48.800000+00:00,,syn-attack-ltma-201,ltma-irregular-primary,irregular,,0.55,0.5,0,10.0,138.88751139413682,65.9766984621835,36.17626895436293,1881.0988906339874,46.858697814034805,2964.134414872905,100.0,100.0,True,,synthetic_ltma,sim_user,llm_training,gpu:1,ltma
48.9,2026-01-01 00:00:48.900000+00:00,,syn-attack-ltma-201,ltma-irregular-primary,irregular,,0.55,0.5,0,10.0,132.82386321943972,53.07818785398896,26.37770848251541,1609.2844414270944,43.03698209951045,2442.1533494392784,100.0,100.0,True,,synthetic_ltma,sim_user,llm_training,gpu:1,ltma
49.0,2026-01-01 00:00:49+00:00,,syn-attack-ltma-201,ltma-irregular-primary,irregular,,0.55,0.5,0,10.0,134.58418431934285,38.477514760655126,25.00896892843319,1137.4133318307995,39.165229761720624,2108.8978932633454,100.0,100.0,True,,synthetic_ltma,sim_user,llm_training,gpu:1,ltma
49.1,2026-01-01 00:00:49.100000+00:00,,syn-attack-ltma-201,ltma-irregular-primary,irregular,,0.55,0.5,0,10.0,132.2698775772356,64.0997547606083,32.02921396346345,1794.3550009021897,46.15888756203175,2535.865379703626,100.0,100.0,True,,synthetic_ltma,sim_user,llm_training,gpu:1,ltma
49.2,2026-01-01 00:00:49.200000+00:00,,syn-attack-ltma-201,ltma-irregular-primary,irregular,,0.55,0.5,0,10.0,130.0076477841328,43.71117235651029,15.877866711803618,1326.187608107465,40.578344463344926,1570.094601717226,100.0,100.0,True,,synthetic_ltma,sim_user,llm_training,gpu:1,ltma
49.3,2026-01-01 00:00:49.300000+00:00,,syn-attack-ltma-201,ltma-irregular-primary,irregular,,0.55,0.5,0,10.0,138.4294389395233,47.70007917435811,21.071088200478023,1402.3028720538207,41.5498685923821,1995.8670636742527,100.0,100.0,True,,synthetic_ltma,sim_user,llm_training,gpu:1,ltma
49.4,2026-01-01 00:00:49.400000+00:00,,syn-attack-ltma-201,ltma-irregular-primary,irregular,,0.55,0.5,0,10.0,150.73714142677125,56.953682084790124,29.97616455937534,1630.9118483804011,43.858411737565554,2501.888422219553,100.0,100.0,True,,synthetic_ltma,sim_user,llm_training,gpu:1,ltma
49.5,2026-01-01 00:00:49.500000+00:00,,syn-attack-ltma-201,ltma-irregular-primary,irregular,,0.55,0.5,0,10.0,153.26293172279264,57.74433773211512,33.67713261098015,1667.2516881907366,44.059704938664275,2874.914176680486,100.0,100.0,True,,synthetic_ltma,sim_user,llm_training,gpu:1,ltma
49.6,2026-01-01 00:00:49.600000+00:00,,syn-attack-ltma-201,ltma-irregular-primary,irregular,,0.55,0.5,0,10.0,155.39001438784027,65.9142631458436,31.14200208109055,1882.3966337172155,46.131702148655236,2682.579910215146,100.0,100.0,True,,synthetic_ltma,sim_user,llm_training,gpu:1,ltma
49.7,2026-01-01 00:00:49.700000+00:00,,syn-attack-ltma-201,ltma-irregular-primary,irregular,,0.55,0.5,0,10.0,161.90567180809722,58.42038845970552,30.98609486471972,1672.3245007071794,44.01525489693832,2689.1587243305416,100.0,100.0,True,,synthetic_ltma,sim_user,llm_training,gpu:1,ltma
49.8,2026-01-01 00:00:49.800000+00:00,,syn-attack-ltma-201,ltma-irregular-primary,irregular,,0.55,0.5,0,10.0,171.70504949515288,67.39546723608126,42.159970373799055,1857.907864303453,46.829698426288104,3365.1685474656083,100.0,100.0,True,,synthetic_ltma,sim_user,llm_training,gpu:1,ltma
49.9,2026-01-01 00:00:49.900000+00:00,,syn-attack-ltma-201,ltma-irregular-primary,irregular,,0.55,0.5,0,10.0,160.933407971466,70.38439897172385,39.467884093873394,1980.6274141665929,47.319908467427084,3426.0408782676423,100.0,100.0,True,,synthetic_ltma,sim_user,llm_training,gpu:1,ltma
50.0,2026-01-01 00:00:50+00:00,,syn-attack-ltma-201,ltma-irregular-primary,irregular,,0.55,0.5,0,10.0,158.78543609760123,68.53650276031561,41.385392264030116,1873.6249916230026,46.583708972201265,3222.2757211151416,100.0,100.0,True,,synthetic_ltma,sim_user,llm_training,gpu:1,ltma
50.1,2026-01-01 00:00:50.100000+00:00,,syn-attack-ltma-201,ltma-irregular-primary,irregular,,0.55,0.5,0,10.0,148.6753547112241,55.94147951624081,31.086685601689815,1577.7426588719081,43.04701995904248,2668.7827815514424,100.0,100.0,True,,synthetic_ltma,sim_user,llm_training,gpu:1,ltma
50.2,2026-01-01 00:00:50.200000+00:00,,syn-attack-ltma-201,ltma-irregular-primary,irregular,,0.55,0.5,0,10.0,151.06600138270784,62.56789410812686,41.43337104389781,1777.3728264305073,44.709182163942245,3491.7685569259356,100.0,100.0,True,,synthetic_ltma,sim_user,llm_training,gpu:1,ltma
50.3,2026-01-01 00:00:50.300000+00:00,,syn-attack-ltma-201,ltma-irregular-primary,irregular,,0.55,0.5,0,10.0,137.335027545687,59.34932299153371,28.758223102892202,1700.3720793430437,44.08605464252281,2476.6620421192356,100.0,100.0,True,,synthetic_ltma,sim_user,llm_training,gpu:1,ltma
50.4,2026-01-01 00:00:50.400000+00:00,,syn-attack-ltma-201,ltma-irregular-primary,irregular,,0.55,0.5,0,10.0,144.5594258468301,60.69796628241074,32.35036955319718,1769.7925519081264,44.60153317345988,2635.02955348161,100.0,100.0,True,,synthetic_ltma,sim_user,llm_training,gpu:1,ltma
50.5,2026-01-01 00:00:50.500000+00:00,,syn-attack-ltma-201,ltma-irregular-primary,irregular,,0.55,0.5,0,10.0,153.7602082282504,63.053919837067525,29.944903834262707,1832.0429847748974,45.28681512847883,2439.7215353830006,100.0,100.0,True,,synthetic_ltma,sim_user,llm_training,gpu:1,ltma
50.6,2026-01-01 00:00:50.600000+00:00,,syn-attack-ltma-201,ltma-irregular-primary,irregular,,0.55,0.5,0,10.0,162.76375973475444,73.06464378243079,42.49663150766412,2017.5170530761038,48.02195002296311,3386.4205451881526,100.0,100.0,True,,synthetic_ltma,sim_user,llm_training,gpu:1,ltma
50.7,2026-01-01 00:00:50.700000+00:00,,syn-attack-ltma-201,ltma-irregular-primary,irregular,,0.55,0.5,0,10.0,158.41550993557917,78.2650781639113,38.62434407706187,2149.223458181807,49.465509844364774,3014.514809836947,100.0,100.0,True,,synthetic_ltma,sim_user,llm_training,gpu:1,ltma
50.8,2026-01-01 00:00:50.800000+00:00,,syn-attack-ltma-201,ltma-irregular-primary,irregular,,0.55,0.5,0,10.0,156.47683526567488,73.00907816602154,42.29142036647976,2075.397177384498,48.19112265667239,3422.5263763210214,100.0,100.0,True,,synthetic_ltma,sim_user,llm_training,gpu:1,ltma
50.9,2026-01-01 00:00:50.900000+00:00,,syn-attack-ltma-201,ltma-irregular-primary,irregular,,0.55,0.5,0,10.0,160.67071246615836,76.23881102767088,48.56515281427383,2184.6752134011135,49.348435661657994,3690.4864601750287,100.0,100.0,True,,synthetic_ltma,sim_user,llm_training,gpu:1,ltma
51.0,2026-01-01 00:00:51+00:00,,syn-attack-ltma-201,ltma-irregular-primary,irregular,,0.55,0.5,0,10.0,158.49082477169554,64.76567704693623,38.389329888443875,1837.5845766265782,46.18852158814422,3153.405986256413,100.0,100.0,True,,synthetic_ltma,sim_user,llm_training,gpu:1,ltma
51.1,2026-01-01 00:00:51.100000+00:00,,syn-attack-ltma-201,ltma-irregular-primary,irregular,,0.55,0.5,0,10.0,148.45518778907666,63.2657359355441,33.48369069256371,1781.6284414279241,45.82797016469497,2848.9058620384462,100.0,100.0,True,,synthetic_ltma,sim_user,llm_training,gpu:1,ltma
51.2,2026-01-01 00:00:51.200000+00:00,,syn-attack-ltma-201,ltma-irregular-primary,irregular,,0.55,0.5,0,10.0,155.5112897857236,58.38717189291755,26.075933403095064,1643.2931308479956,44.46939881462309,2306.697185707258,100.0,100.0,True,,synthetic_ltma,sim_user,llm_training,gpu:1,ltma
51.3,2026-01-01 00:00:51.300000+00:00,,syn-attack-ltma-201,ltma-irregular-primary,irregular,,0.55,0.5,0,10.0,166.46760351725152,74.7584919193187,46.748495597862764,2031.152283053545,49.076222494758525,3683.95146775609,100.0,100.0,True,,synthetic_ltma,sim_user,llm_training,gpu:1,ltma
51.4,2026-01-01 00:00:51.400000+00:00,,syn-attack-ltma-201,ltma-irregular-primary,irregular,,0.55,0.5,0,10.0,151.02118542859415,67.1010608247528,41.722817123949895,1882.855520760066,46.99658724805615,3600.5685776534033,100.0,100.0,True,,synthetic_ltma,sim_user,llm_training,gpu:1,ltma
51.5,2026-01-01 00:00:51.500000+00:00,,syn-attack-ltma-201,ltma-irregular-primary,irregular,,0.55,0.5,0,10.0,139.74601361482613,67.67982390153848,31.629079839626016,1866.0105012168306,47.145220947481214,2674.0901841396767,100.0,100.0,True,,synthetic_ltma,sim_user,llm_training,gpu:1,ltma
51.6,2026-01-01 00:00:51.600000+00:00,,syn-attack-ltma-201,ltma-irregular-primary,irregular,,0.55,0.5,0,10.0,148.86542941793675,66.6636392241845,41.23262249852173,1896.6268975661949,46.75181665066241,3332.278227802008,100.0,100.0,True,,synthetic_ltma,sim_user,llm_training,gpu:1,ltma
51.7,2026-01-01 00:00:51.700000+00:00,,syn-attack-ltma-201,ltma-irregular-primary,irregular,,0.55,0.5,0,10.0,147.11523701575942,71.00783749665285,42.14756092808939,1911.5958570902774,47.91770734974371,3212.2335879593193,100.0,100.0,True,,synthetic_ltma,sim_user,llm_training,gpu:1,ltma
51.8,2026-01-01 00:00:51.800000+00:00,,syn-attack-ltma-201,ltma-irregular-primary,irregular,,0.55,0.5,0,10.0,143.7331940179244,50.76622297673344,20.680732605559747,1502.3876549399222,42.18297878471278,1812.1111373683461,100.0,100.0,True,,synthetic_ltma,sim_user,llm_training,gpu:1,ltma
51.9,2026-01-01 00:00:51.900000+00:00,,syn-attack-ltma-201,ltma-irregular-primary,irregular,,0.55,0.5,0,10.0,152.60789850664264,67.75720975548897,32.687722524381435,1930.796978357861,46.6663939600034,2667.881761856059,100.0,100.0,True,,synthetic_ltma,sim_user,llm_training,gpu:1,ltma
52.0,2026-01-01 00:00:52+00:00,,syn-attack-ltma-201,ltma-irregular-primary,irregular,,0.55,0.5,0,10.0,166.65494690636262,74.39060460571979,42.91952239618456,2051.9121470394143,48.47840878390921,3620.637025184433,100.0,100.0,True,,synthetic_ltma,sim_user,llm_training,gpu:1,ltma
52.1,2026-01-01 00:00:52.100000+00:00,,syn-attack-ltma-201,ltma-irregular-primary,irregular,,0.55,0.5,0,10.0,161.27975347076074,77.93006327565288,45.97066205834825,2149.8432122068,49.50884732011969,3683.2418634824544,100.0,100.0,True,,synthetic_ltma,sim_user,llm_training,gpu:1,ltma
52.2,2026-01-01 00:00:52.200000+00:00,,syn-attack-ltma-201,ltma-irregular-primary,irregular,,0.55,0.5,0,10.0,155.11594514008493,57.2710274871662,31.773946258009204,1646.4417366856305,43.870331953947655,2587.96711799501,100.0,100.0,True,,synthetic_ltma,sim_user,llm_training,gpu:1,ltma
52.3,2026-01-01 00:00:52.300000+00:00,,syn-attack-ltma-201,ltma-irregular-primary,irregular,,0.55,0.5,0,10.0,152.8457302142017,66.80070812763778,36.89528651248901,1871.2464229955265,46.54221090615074,2998.557360255839,100.0,100.0,True,,synthetic_ltma,sim_user,llm_training,gpu:1,ltma
52.4,2026-01-01 00:00:52.400000+00:00,,syn-attack-ltma-201,ltma-irregular-primary,irregular,,0.55,0.5,0,10.0,166.4778205263114,74.78649427771256,48.25970267803772,2027.845154845832,48.83466477448915,3809.106459673119,100.0,100.0,True,,synthetic_ltma,sim_user,llm_training,gpu:1,ltma
52.5,2026-01-01 00:00:52.500000+00:00,,syn-attack-ltma-201,ltma-irregular-primary,irregular,,0.55,0.5,0,10.0,160.08302877273456,68.1268608962174,34.99513549295669,1926.4398464570756,46.86624397029325,3002.6876674758637,100.0,100.0,True,,synthetic_ltma,sim_user,llm_training,gpu:1,ltma
52.6,2026-01-01 00:00:52.600000+00:00,,syn-attack-ltma-201,ltma-irregular-primary,irregular,,0.55,0.5,0,10.0,160.52358102922477,65.041600650889,33.74550067249829,1916.7819053663488,45.93895967183154,2894.245608713561,100.0,100.0,True,,synthetic_ltma,sim_user,llm_training,gpu:1,ltma
52.7,2026-01-01 00:00:52.700000+00:00,,syn-attack-ltma-201,ltma-irregular-primary,irregular,,0.55,0.5,0,10.0,169.73904123241869,71.74284356401247,37.84159932870529,2056.883390890669,47.96348068981194,3208.385332165863,100.0,100.0,True,,synthetic_ltma,sim_user,llm_training,gpu:1,ltma
52.8,2026-01-01 00:00:52.800000+00:00,,syn-attack-ltma-201,ltma-irregular-primary,irregular,,0.55,0.5,0,10.0,159.19754980384647,56.91182280532582,42.81647484530883,1632.7210373754938,44.06366128590106,3440.1286815590934,100.0,100.0,True,,synthetic_ltma,sim_user,llm_training,gpu:1,ltma
52.9,2026-01-01 00:00:52.900000+00:00,,syn-attack-ltma-201,ltma-irregular-primary,irregular,,0.55,0.5,0,10.0,149.4659576125849,64.82312713583555,37.4508576220247,1827.6484534370084,46.347646577740626,3051.188043728184,100.0,100.0,True,,synthetic_ltma,sim_user,llm_training,gpu:1,ltma
53.0,2026-01-01 00:00:53+00:00,,syn-attack-ltma-201,ltma-irregular-primary,irregular,,0.55,0.5,0,10.0,143.1527945456304,62.10292851385373,32.04909956306519,1787.9849488406103,45.49788220443906,2715.7361645344304,100.0,100.0,True,,synthetic_ltma,sim_user,llm_training,gpu:1,ltma
53.1,2026-01-01 00:00:53.100000+00:00,,syn-attack-ltma-201,ltma-irregular-primary,irregular,,0.55,0.5,0,10.0,139.72632347016804,46.3490099157847,31.14412593751917,1336.298292352545,40.904392043146466,2624.8302324362344,100.0,100.0,True,,synthetic_ltma,sim_user,llm_training,gpu:1,ltma
53.2,2026-01-01 00:00:53.200000+00:00,,syn-attack-ltma-201,ltma-irregular-primary,irregular,,0.55,0.5,0,10.0,135.39653570820838,59.38720173404603,22.261420131746902,1651.3802739984199,44.61483137989456,2116.1622668721548,100.0,100.0,True,,synthetic_ltma,sim_user,llm_training,gpu:1,ltma
53.3,2026-01-01 00:00:53.300000+00:00,,syn-attack-ltma-201,ltma-irregular-primary,irregular,,0.55,0.5,0,10.0,155.27622065443913,63.49109934830402,38.325416784562194,1829.514528820252,45.852002724814824,3069.3269204633666,100.0,100.0,True,,synthetic_ltma,sim_user,llm_training,gpu:1,ltma
53.4,2026-01-01 00:00:53.400000+00:00,,syn-attack-ltma-201,ltma-irregular-primary,irregular,,0.55,0.5,0,10.0,143.75507638463094,71.35283471371157,35.781227567394424,1986.8504450800112,48.26643889119889,3072.565299599759,100.0,100.0,True,,synthetic_ltma,sim_user,llm_training,gpu:1,ltma
53.5,2026-01-01 00:00:53.500000+00:00,,syn-attack-ltma-201,ltma-irregular-primary,irregular,,0.55,0.5,0,10.0,144.5823251548794,66.92869834696141,31.847880408389134,1886.826148755827,47.278509897172796,2601.398091710056,100.0,100.0,True,,synthetic_ltma,sim_user,llm_training,gpu:1,ltma
53.6,2026-01-01 00:00:53.600000+00:00,,syn-attack-ltma-201,ltma-irregular-primary,irregular,,0.55,0.5,0,10.0,154.61363061001828,55.80184509615558,32.735028818423416,1556.1579187926734,43.91944620890747,2631.9430854397838,100.0,100.0,True,,synthetic_ltma,sim_user,llm_training,gpu:1,ltma
53.7,2026-01-01 00:00:53.700000+00:00,,syn-attack-ltma-201,ltma-irregular-primary,irregular,,0.55,0.5,0,10.0,144.27650806230554,61.18772903930028,39.8181142714957,1723.066564550863,45.31824314787712,3372.586142457236,100.0,100.0,True,,synthetic_ltma,sim_user,llm_training,gpu:1,ltma
53.8,2026-01-01 00:00:53.800000+00:00,,syn-attack-ltma-201,ltma-irregular-primary,irregular,,0.55,0.5,0,10.0,126.79094277851499,54.51366319420141,23.786873341632273,1538.9243506209675,43.53666163735109,2022.7735501462162,100.0,100.0,True,,synthetic_ltma,sim_user,llm_training,gpu:1,ltma
53.9,2026-01-01 00:00:53.900000+00:00,,syn-attack-ltma-201,ltma-irregular-primary,irregular,,0.55,0.5,0,10.0,132.32950581100917,63.71742679604198,32.27112718788319,1824.936538330405,46.10413141485407,2765.575887164316,100.0,100.0,True,,synthetic_ltma,sim_user,llm_training,gpu:1,ltma
54.0,2026-01-01 00:00:54+00:00,,syn-attack-ltma-201,ltma-irregular-primary,irregular,,0.55,0.5,0,10.0,138.6005313325261,50.29540911498676,31.058992543418814,1493.2180956631844,42.30768215318971,2706.2990351419367,100.0,100.0,True,,synthetic_ltma,sim_user,llm_training,gpu:1,ltma
54.1,2026-01-01 00:00:54.100000+00:00,,syn-attack-ltma-201,ltma-irregular-primary,irregular,,0.55,0.5,0,10.0,127.0019236988316,51.858683384445584,21.952021087222292,1522.4942584341504,43.02722156778402,2024.3376612722932,100.0,100.0,True,,synthetic_ltma,sim_user,llm_training,gpu:1,ltma
54.2,2026-01-01 00:00:54.200000+00:00,,syn-attack-ltma-201,ltma-irregular-primary,irregular,,0.55,0.5,0,10.0,134.9106449609826,57.8459127583086,23.40881091379146,1572.7151510795484,44.50355679820651,2190.0051598281643,100.0,100.0,True,,synthetic_ltma,sim_user,llm_training,gpu:1,ltma
54.3,2026-01-01 00:00:54.300000+00:00,,syn-attack-ltma-201,ltma-irregular-primary,irregular,,0.55,0.5,0,10.0,140.54435796686496,58.60068450152019,30.65020425440277,1658.2837896480157,44.711053791823744,2583.6423108575605,100.0,100.0,True,,synthetic_ltma,sim_user,llm_training,gpu:1,ltma
54.4,2026-01-01 00:00:54.400000+00:00,,syn-attack-ltma-201,ltma-irregular-primary,irregular,,0.55,0.5,0,10.0,142.24732458704193,68.250416264535,39.99012599681845,1964.4483808093817,47.4089712856646,3333.936055247376,100.0,100.0,True,,synthetic_ltma,sim_user,llm_training,gpu:1,ltma
54.5,2026-01-01 00:00:54.500000+00:00,,syn-attack-ltma-201,ltma-irregular-primary,irregular,,0.55,0.5,0,10.0,145.03013889300183,63.935976258841066,28.895798111126613,1825.0586212427013,46.404715782793595,2448.1276608152225,100.0,100.0,True,,synthetic_ltma,sim_user,llm_training,gpu:1,ltma
54.6,2026-01-01 00:00:54.600000+00:00,,syn-attack-ltma-201,ltma-irregular-primary,irregular,,0.55,0.5,0,10.0,146.97370946686766,64.63746206128098,35.57095041127429,1789.388076663753,46.651402120399815,3181.138281479319,100.0,100.0,True,,synthetic_ltma,sim_user,llm_training,gpu:1,ltma
54.7,2026-01-01 00:00:54.700000+00:00,,syn-attack-ltma-201,ltma-irregular-primary,irregular,,0.55,0.5,0,10.0,145.23855402160555,55.59373828463856,26.864875791508222,1590.0352940618445,44.1011783606773,2356.2744447398277,100.0,100.0,True,,synthetic_ltma,sim_user,llm_training,gpu:1,ltma
54.8,2026-01-01 00:00:54.800000+00:00,,syn-attack-ltma-201,ltma-irregular-primary,irregular,,0.55,0.5,0,10.0,154.98030131529285,67.4047470358488,36.91157749843099,1897.9068829112325,47.362987598214545,2997.0028396974426,100.0,100.0,True,,synthetic_ltma,sim_user,llm_training,gpu:1,ltma
54.9,2026-01-01 00:00:54.900000+00:00,,syn-attack-ltma-201,ltma-irregular-primary,irregular,,0.55,0.5,0,10.0,157.1580428901319,64.25735184392997,40.11295248711892,1824.850758040474,46.39658872908801,3024.2952466068523,100.0,100.0,True,,synthetic_ltma,sim_user,llm_training,gpu:1,ltma
55.0,2026-01-01 00:00:55+00:00,,syn-attack-ltma-201,ltma-irregular-primary,irregular,,0.55,0.5,0,10.0,37.412031363128875,0.0,0.0,210.0,27.81727723128399,478.64406766828927,100.0,100.0,True,,synthetic_ltma,sim_user,llm_training,gpu:1,ltma
55.1,2026-01-01 00:00:55.100000+00:00,,syn-attack-ltma-201,ltma-irregular-primary,irregular,,0.55,0.5,0,10.0,38.684147240447786,0.0,0.0,220.19302113164994,27.68574010221615,495.7573887022608,100.0,100.0,True,,synthetic_ltma,sim_user,llm_training,gpu:1,ltma
55.2,2026-01-01 00:00:55.200000+00:00,,syn-attack-ltma-201,ltma-irregular-primary,irregular,,0.55,0.5,0,10.0,41.79177347273948,0.0,4.406442479696422,253.38687310779042,27.63254311096649,718.1067564501603,100.0,100.0,True,,synthetic_ltma,sim_user,llm_training,gpu:1,ltma
55.3,2026-01-01 00:00:55.300000+00:00,,syn-attack-ltma-201,ltma-irregular-primary,irregular,,0.55,0.5,0,10.0,36.98648081287709,2.022495521164574,2.766123811053866,257.7440095420346,27.956230875318994,640.4647442557459,100.0,100.0,True,,synthetic_ltma,sim_user,llm_training,gpu:1,ltma
55.4,2026-01-01 00:00:55.400000+00:00,,syn-attack-ltma-201,ltma-irregular-primary,irregular,,0.55,0.5,0,10.0,30.4321409294363,0.30583744085072606,0.0,210.0,27.554685133118433,509.9899165645524,100.0,100.0,True,,synthetic_ltma,sim_user,llm_training,gpu:1,ltma
55.5,2026-01-01 00:00:55.500000+00:00,,syn-attack-ltma-201,ltma-irregular-primary,irregular,,0.55,0.5,0,10.0,36.07450516914483,6.855202513222329,0.1811112603569156,429.31444296797497,29.155723248860852,394.0447184668514,100.0,100.0,True,,synthetic_ltma,sim_user,llm_training,gpu:1,ltma
55.6,2026-01-01 00:00:55.600000+00:00,,syn-attack-ltma-201,ltma-irregular-primary,irregular,,0.55,0.5,0,10.0,38.23218488894864,5.914080030581232,4.416815950247418,337.8012484392712,29.00646018787321,688.762125596431,100.0,100.0,True,,synthetic_ltma,sim_user,llm_training,gpu:1,ltma
55.7,2026-01-01 00:00:55.700000+00:00,,syn-attack-ltma-201,ltma-irregular-primary,irregular,,0.55,0.5,0,10.0,41.48336800305539,0.15336102281178388,0.48638049235758274,210.0,27.253168686429518,528.5900132530376,100.0,100.0,True,,synthetic_ltma,sim_user,llm_training,gpu:1,ltma
55.8,2026-01-01 00:00:55.800000+00:00,,syn-attack-ltma-201,ltma-irregular-primary,irregular,,0.55,0.5,0,10.0,37.65748183937254,0.0,0.0,232.6340963729783,27.537210019797214,483.7671175260569,100.0,100.0,True,,synthetic_ltma,sim_user,llm_training,gpu:1,ltma
55.9,2026-01-01 00:00:55.900000+00:00,,syn-attack-ltma-201,ltma-irregular-primary,irregular,,0.55,0.5,0,10.0,49.413189756839216,16.63276782184723,13.356078784458028,662.7562615530031,32.350072534661294,1425.9708882885752,100.0,100.0,True,,synthetic_ltma,sim_user,llm_training,gpu:1,ltma
56.0,2026-01-01 00:00:56+00:00,,syn-attack-ltma-201,ltma-irregular-primary,irregular,,0.55,0.5,0,10.0,45.324049626816574,0.2555337860304254,0.0,210.0,28.064167362197843,518.8702914389584,100.0,100.0,True,,synthetic_ltma,sim_user,llm_training,gpu:1,ltma
56.1,2026-01-01 00:00:56.100000+00:00,,syn-attack-ltma-201,ltma-irregular-primary,irregular,,0.55,0.5,0,10.0,47.56133154217025,0.09425209025211156,3.925229844822025,228.24097047151622,27.972382936639335,697.6364582602658,100.0,100.0,True,,synthetic_ltma,sim_user,llm_training,gpu:1,ltma
56.2,2026-01-01 00:00:56.200000+00:00,,syn-attack-ltma-201,ltma-irregular-primary,irregular,,0.55,0.5,0,10.0,43.65140471472178,0.0,0.0,236.3001205635443,27.836814533343926,420.9232028852235,100.0,100.0,True,,synthetic_ltma,sim_user,llm_training,gpu:1,ltma
56.3,2026-01-01 00:00:56.300000+00:00,,syn-attack-ltma-201,ltma-irregular-primary,irregular,,0.55,0.5,0,10.0,44.20359674395924,14.536537117956414,13.983320050977616,540.1540511738324,31.6572479278311,1549.8469728329098,100.0,100.0,True,,synthetic_ltma,sim_user,llm_training,gpu:1,ltma
56.4,2026-01-01 00:00:56.400000+00:00,,syn-attack-ltma-201,ltma-irregular-primary,irregular,,0.55,0.5,0,10.0,31.823032311131712,0.0,0.8004397074231754,230.60594812143117,27.86526765865362,438.8368647126383,100.0,100.0,True,,synthetic_ltma,sim_user,llm_training,gpu:1,ltma
56.5,2026-01-01 00:00:56.500000+00:00,,syn-attack-ltma-201,ltma-irregular-primary,irregular,,0.55,0.5,0,10.0,33.42960630027349,0.0,0.07321790738254152,222.83483370106043,27.692319096976977,569.8129544392982,100.0,100.0,True,,synthetic_ltma,sim_user,llm_training,gpu:1,ltma
56.6,2026-01-01 00:00:56.600000+00:00,,syn-attack-ltma-201,ltma-irregular-primary,irregular,,0.55,0.5,0,10.0,33.02270695089439,3.874967044882787,2.746350713661837,286.0812834596284,29.017689334807617,739.038916545125,100.0,100.0,True,,synthetic_ltma,sim_user,llm_training,gpu:1,ltma
56.7,2026-01-01 00:00:56.700000+00:00,,syn-attack-ltma-201,ltma-irregular-primary,irregular,,0.55,0.5,0,10.0,28.0,0.4920125362206882,0.0,251.7446635388746,27.751360112474384,490.2271442903486,100.0,100.0,True,,synthetic_ltma,sim_user,llm_training,gpu:1,ltma
56.8,2026-01-01 00:00:56.800000+00:00,,syn-attack-ltma-201,ltma-irregular-primary,irregular,,0.55,0.5,0,10.0,28.0,0.0,0.0,224.82609248856113,27.81297952050272,358.70393476506285,100.0,100.0,True,,synthetic_ltma,sim_user,llm_training,gpu:1,ltma
56.9,2026-01-01 00:00:56.900000+00:00,,syn-attack-ltma-201,ltma-irregular-primary,irregular,,0.55,0.5,0,10.0,28.444175071503338,0.0,2.1392513650413303,219.04671139400116,27.871084951012648,473.18825026172493,100.0,100.0,True,,synthetic_ltma,sim_user,llm_training,gpu:1,ltma
57.0,2026-01-01 00:00:57+00:00,,syn-attack-ltma-201,ltma-irregular-primary,irregular,,0.55,0.5,0,10.0,31.44883151874818,0.0,0.0,255.86591002241477,27.913754916132486,582.4302779439711,100.0,100.0,True,,synthetic_ltma,sim_user,llm_training,gpu:1,ltma
57.1,2026-01-01 00:00:57.100000+00:00,,syn-attack-ltma-201,ltma-irregular-primary,irregular,,0.55,0.5,0,10.0,31.850324913046293,0.0,0.0,214.17295986950793,27.999279609589635,561.614109633997,100.0,100.0,True,,synthetic_ltma,sim_user,llm_training,gpu:1,ltma
57.2,2026-01-01 00:00:57.200000+00:00,,syn-attack-ltma-201,ltma-irregular-primary,irregular,,0.55,0.5,0,10.0,39.44586431895351,9.7399584458162,4.502674959487024,389.5154180026462,30.90510483452645,778.9798674219714,100.0,100.0,True,,synthetic_ltma,sim_user,llm_training,gpu:1,ltma
57.3,2026-01-01 00:00:57.300000+00:00,,syn-attack-ltma-201,ltma-irregular-primary,irregular,,0.55,0.5,0,10.0,41.492757175525114,0.0,0.0,263.7388079663248,28.18050198849781,424.79482875718327,100.0,100.0,True,,synthetic_ltma,sim_user,llm_training,gpu:1,ltma
57.4,2026-01-01 00:00:57.400000+00:00,,syn-attack-ltma-201,ltma-irregular-primary,irregular,,0.55,0.5,0,10.0,54.497210920706976,6.681684688804115,8.318058316587639,347.0793523600681,30.150181590707604,946.8492719351148,100.0,100.0,True,,synthetic_ltma,sim_user,llm_training,gpu:1,ltma
57.5,2026-01-01 00:00:57.500000+00:00,,syn-attack-ltma-201,ltma-irregular-primary,irregular,,0.55,0.5,0,10.0,41.25185641811494,0.0,0.06871294481504689,210.0,28.144434342525756,504.17992443252564,100.0,100.0,True,,synthetic_ltma,sim_user,llm_training,gpu:1,ltma
57.6,2026-01-01 00:00:57.600000+00:00,,syn-attack-ltma-201,ltma-irregular-primary,irregular,,0.55,0.5,0,10.0,41.24293590404514,9.202142293511553,3.72416909894675,417.6425866020099,30.918544892054726,585.0143621366047,100.0,100.0,True,,synthetic_ltma,sim_user,llm_training,gpu:1,ltma
57.7,2026-01-01 00:00:57.700000+00:00,,syn-attack-ltma-201,ltma-irregular-primary,irregular,,0.55,0.5,0,10.0,45.26589650042892,17.65139031803603,10.55970653635093,626.1938320360056,33.08607615967569,1285.4736668785738,100.0,100.0,True,,synthetic_ltma,sim_user,llm_training,gpu:1,ltma
57.8,2026-01-01 00:00:57.800000+00:00,,syn-attack-ltma-201,ltma-irregular-primary,irregular,,0.55,0.5,0,10.0,50.05365127635119,1.5557863579666238,10.358371503654705,254.37716413067517,28.41565146739474,1155.9889881631623,100.0,100.0,True,,synthetic_ltma,sim_user,llm_training,gpu:1,ltma
57.9,2026-01-01 00:00:57.900000+00:00,,syn-attack-ltma-201,ltma-irregular-primary,irregular,,0.55,0.5,0,10.0,43.242464136808564,0.0,0.0,210.0,28.13573206454374,428.0789951330865,100.0,100.0,True,,synthetic_ltma,sim_user,llm_training,gpu:1,ltma
58.0,2026-01-01 00:00:58+00:00,,syn-attack-ltma-201,ltma-irregular-primary,irregular,,0.55,0.5,0,10.0,52.11029180269935,7.4510944770862695,4.15938114548767,368.5855357842935,30.501316499191912,553.1513792256446,100.0,100.0,True,,synthetic_ltma,sim_user,llm_training,gpu:1,ltma
58.1,2026-01-01 00:00:58.100000+00:00,,syn-attack-ltma-201,ltma-irregular-primary,irregular,,0.55,0.5,0,10.0,51.12093087232773,10.596868545986231,7.843735701460976,486.4875369980789,31.453724887813465,1051.6680365862835,100.0,100.0,True,,synthetic_ltma,sim_user,llm_training,gpu:1,ltma
58.2,2026-01-01 00:00:58.200000+00:00,,syn-attack-ltma-201,ltma-irregular-primary,irregular,,0.55,0.5,0,10.0,53.33431489259857,8.106953175502841,9.300061754559563,421.37587178228216,30.68097049820623,1016.5838882767948,100.0,100.0,True,,synthetic_ltma,sim_user,llm_training,gpu:1,ltma
58.3,2026-01-01 00:00:58.300000+00:00,,syn-attack-ltma-201,ltma-irregular-primary,irregular,,0.55,0.5,0,10.0,40.59215361799559,15.850374093795319,12.544405475408297,584.4312825275446,32.85063181321919,1176.5629659750489,100.0,100.0,True,,synthetic_ltma,sim_user,llm_training,gpu:1,ltma
58.4,2026-01-01 00:00:58.400000+00:00,,syn-attack-ltma-201,ltma-irregular-primary,irregular,,0.55,0.5,0,10.0,32.0084788147437,0.0,0.9951927071609998,211.3518944734179,28.693758631440602,445.49359475254437,100.0,100.0,True,,synthetic_ltma,sim_user,llm_training,gpu:1,ltma
58.5,2026-01-01 00:00:58.500000+00:00,,syn-attack-ltma-201,ltma-irregular-primary,irregular,,0.55,0.5,0,10.0,29.844430877765177,0.0,0.0,230.64454058108183,28.645916103661307,473.9158827514536,100.0,100.0,True,,synthetic_ltma,sim_user,llm_training,gpu:1,ltma
58.6,2026-01-01 00:00:58.600000+00:00,,syn-attack-ltma-201,ltma-irregular-primary,irregular,,0.55,0.5,0,10.0,37.509385735225436,1.885076348552614,4.8967366764315114,266.1124622660947,29.2553814283266,859.3153481270126,100.0,100.0,True,,synthetic_ltma,sim_user,llm_training,gpu:1,ltma
58.7,2026-01-01 00:00:58.700000+00:00,,syn-attack-ltma-201,ltma-irregular-primary,irregular,,0.55,0.5,0,10.0,32.53848018267644,8.680587808431417,0.0,423.94453283206946,31.266081417554243,469.7649518380321,100.0,100.0,True,,synthetic_ltma,sim_user,llm_training,gpu:1,ltma
58.8,2026-01-01 00:00:58.800000+00:00,,syn-attack-ltma-201,ltma-irregular-primary,irregular,,0.55,0.5,0,10.0,38.20751408556495,0.0,0.0,228.84312274838433,28.55561730109078,399.8644758559316,100.0,100.0,True,,synthetic_ltma,sim_user,llm_training,gpu:1,ltma
58.9,2026-01-01 00:00:58.900000+00:00,,syn-attack-ltma-201,ltma-irregular-primary,irregular,,0.55,0.5,0,10.0,45.15479463167429,0.0,0.0,262.1636858736904,28.20536221552516,333.02833727546613,100.0,100.0,True,,synthetic_ltma,sim_user,llm_training,gpu:1,ltma
59.0,2026-01-01 00:00:59+00:00,,syn-attack-ltma-201,ltma-irregular-primary,irregular,,0.55,0.5,0,10.0,46.20776509793956,0.0,5.624274122330782,243.88074237227337,28.087490420109898,842.6556633952956,100.0,100.0,True,,synthetic_ltma,sim_user,llm_training,gpu:1,ltma
59.1,2026-01-01 00:00:59.100000+00:00,,syn-attack-ltma-201,ltma-irregular-primary,irregular,,0.55,0.5,0,10.0,40.997372993202305,0.9332579063123058,0.2308152394085045,271.1488197708439,28.52891188041999,497.53730988459705,100.0,100.0,True,,synthetic_ltma,sim_user,llm_training,gpu:1,ltma
59.2,2026-01-01 00:00:59.200000+00:00,,syn-attack-ltma-201,ltma-irregular-primary,irregular,,0.55,0.5,0,10.0,33.64958341051087,0.0,0.0,210.0,28.230613161661967,353.842769810843,100.0,100.0,True,,synthetic_ltma,sim_user,llm_training,gpu:1,ltma
59.3,2026-01-01 00:00:59.300000+00:00,,syn-attack-ltma-201,ltma-irregular-primary,irregular,,0.55,0.5,0,10.0,33.75895213115943,0.0,2.4630378428687507,220.75067995288856,27.961646276360106,753.5981584478583,100.0,100.0,True,,synthetic_ltma,sim_user,llm_training,gpu:1,ltma
59.4,2026-01-01 00:00:59.400000+00:00,,syn-attack-ltma-201,ltma-irregular-primary,irregular,,0.55,0.5,0,10.0,28.292482655408122,0.0,0.06929481489995412,210.0,28.157616506857917,260.51621258785724,100.0,100.0,True,,synthetic_ltma,sim_user,llm_training,gpu:1,ltma
59.5,2026-01-01 00:00:59.500000+00:00,,syn-attack-ltma-201,ltma-irregular-primary,irregular,,0.55,0.5,0,10.0,31.334100921900443,0.0,1.2822807017163949,227.2513102648107,28.231759389365788,682.9825007298942,100.0,100.0,True,,synthetic_ltma,sim_user,llm_training,gpu:1,ltma
59.6,2026-01-01 00:00:59.600000+00:00,,syn-attack-ltma-201,ltma-irregular-primary,irregular,,0.55,0.5,0,10.0,28.0,7.146105191120123,0.0,409.94605630290806,30.43146682174232,472.1217921975697,100.0,100.0,True,,synthetic_ltma,sim_user,llm_training,gpu:1,ltma
59.7,2026-01-01 00:00:59.700000+00:00,,syn-attack-ltma-201,ltma-irregular-primary,irregular,,0.55,0.5,0,10.0,42.98977212076029,0.0,0.0,261.2304464776396,28.625076570557543,600.4660166178634,100.0,100.0,True,,synthetic_ltma,sim_user,llm_training,gpu:1,ltma
59.8,2026-01-01 00:00:59.800000+00:00,,syn-attack-ltma-201,ltma-irregular-primary,irregular,,0.55,0.5,0,10.0,46.19973575466406,0.0,0.0,234.6193917705442,28.563007516474656,605.3359096158314,100.0,100.0,True,,synthetic_ltma,sim_user,llm_training,gpu:1,ltma
59.9,2026-01-01 00:00:59.900000+00:00,,syn-attack-ltma-201,ltma-irregular-primary,irregular,,0.55,0.5,0,10.0,45.01095490369728,0.0,2.60397670364356,257.8791990789965,28.59552098563556,610.8800441247599,100.0,100.0,True,,synthetic_ltma,sim_user,llm_training,gpu:1,ltma
60.0,2026-01-01 00:01:00+00:00,,syn-attack-ltma-201,ltma-irregular-primary,irregular,,0.55,0.5,0,10.0,38.12600502184338,0.0,0.0,210.0,28.42927171650228,353.58629130706555,100.0,100.0,True,,synthetic_ltma,sim_user,llm_training,gpu:1,ltma
60.1,2026-01-01 00:01:00.100000+00:00,,syn-attack-ltma-201,ltma-irregular-primary,irregular,,0.55,0.5,0,10.0,48.605534522949284,7.996998726242269,11.154265772415958,430.23245196600897,30.606962768957032,1134.5840743676576,100.0,100.0,True,,synthetic_ltma,sim_user,llm_training,gpu:1,ltma
60.2,2026-01-01 00:01:00.200000+00:00,,syn-attack-ltma-201,ltma-irregular-primary,irregular,,0.55,0.5,0,10.0,32.53248487391633,0.0,1.7130749937312162,225.18645475261494,28.439517070865275,342.3087230869409,100.0,100.0,True,,synthetic_ltma,sim_user,llm_training,gpu:1,ltma
60.3,2026-01-01 00:01:00.300000+00:00,,syn-attack-ltma-201,ltma-irregular-primary,irregular,,0.55,0.5,0,10.0,28.0,0.0,0.0,253.73629270066013,28.10811880455386,373.38078805263194,100.0,100.0,True,,synthetic_ltma,sim_user,llm_training,gpu:1,ltma
60.4,2026-01-01 00:01:00.400000+00:00,,syn-attack-ltma-201,ltma-irregular-primary,irregular,,0.55,0.5,0,10.0,31.46920190547337,2.4478323337323493,0.0,239.5302980508433,28.870980284580952,398.3760214451224,100.0,100.0,True,,synthetic_ltma,sim_user,llm_training,gpu:1,ltma
60.5,2026-01-01 00:01:00.500000+00:00,,syn-attack-ltma-201,ltma-irregular-primary,irregular,,0.55,0.5,0,10.0,150.30624957621856,66.21167391031081,42.98315086806998,1880.8365737677786,46.57854612236692,3303.815004711813,100.0,100.0,True,,synthetic_ltma,sim_user,llm_training,gpu:1,ltma
60.6,2026-01-01 00:01:00.600000+00:00,,syn-attack-ltma-201,ltma-irregular-primary,irregular,,0.55,0.5,0,10.0,147.00910860875032,60.40568133814059,26.58483316809924,1737.4910210281669,44.86690392582179,2312.7397456957206,100.0,100.0,True,,synthetic_ltma,sim_user,llm_training,gpu:1,ltma
60.7,2026-01-01 00:01:00.700000+00:00,,syn-attack-ltma-201,ltma-irregular-primary,irregular,,0.55,0.5,0,10.0,156.54865626689926,71.03696574384495,34.67747143468527,1989.6801317500117,48.006204049999674,2890.616528252325,100.0,100.0,True,,synthetic_ltma,sim_user,llm_training,gpu:1,ltma
60.8,2026-01-01 00:01:00.800000+00:00,,syn-attack-ltma-201,ltma-irregular-primary,irregular,,0.55,0.5,0,10.0,159.61104027285373,80.82440341220952,46.590283358443784,2219.7972731512896,50.65453504598623,3885.4770660658482,100.0,100.0,True,,synthetic_ltma,sim_user,llm_training,gpu:1,ltma
60.9,2026-01-01 00:01:00.900000+00:00,,syn-attack-ltma-201,ltma-irregular-primary,irregular,,0.55,0.5,0,10.0,153.96474667702824,58.655521393873315,38.86184491049512,1672.4944724439254,44.50581596997283,2979.2559363034097,100.0,100.0,True,,synthetic_ltma,sim_user,llm_training,gpu:1,ltma
61.0,2026-01-01 00:01:01+00:00,,syn-attack-ltma-201,ltma-irregular-primary,irregular,,0.55,0.5,0,10.0,143.7952781503983,69.31541412414236,41.94259051278713,1899.7277554369548,47.661113591380925,3392.0890310172845,100.0,100.0,True,,synthetic_ltma,sim_user,llm_training,gpu:1,ltma
61.1,2026-01-01 00:01:01.100000+00:00,,syn-attack-ltma-201,ltma-irregular-primary,irregular,,0.55,0.5,0,10.0,135.6474051326535,61.812343040317344,35.30812015275391,1770.4161102521814,45.53499337464286,2871.388562503481,100.0,100.0,True,,synthetic_ltma,sim_user,llm_training,gpu:1,ltma
61.2,2026-01-01 00:01:01.200000+00:00,,syn-attack-ltma-201,ltma-irregular-primary,irregular,,0.55,0.5,0,10.0,132.73243991049833,53.855638229887,27.77972797363713,1574.9421145857668,43.28785692096374,2376.782709724221,100.0,100.0,True,,synthetic_ltma,sim_user,llm_training,gpu:1,ltma
61.3,2026-01-01 00:01:01.300000+00:00,,syn-attack-ltma-201,ltma-irregular-primary,irregular,,0.55,0.5,0,10.0,132.2419583006852,45.820775788250515,22.63304350207843,1313.475387986718,40.739943454629525,2086.947680255005,100.0,100.0,True,,synthetic_ltma,sim_user,llm_training,gpu:1,ltma
61.4,2026-01-01 00:01:01.400000+00:00,,syn-attack-ltma-201,ltma-irregular-primary,irregular,,0.55,0.5,0,10.0,134.2837721293257,51.04202492571613,26.199864747483712,1511.5724953274591,42.04494089866679,2199.444306989856,100.0,100.0,True,,synthetic_ltma,sim_user,llm_training,gpu:1,ltma
61.5,2026-01-01 00:01:01.500000+00:00,,syn-attack-ltma-201,ltma-irregular-primary,irregular,,0.55,0.5,0,10.0,133.03916479401812,48.58816059406781,23.752706889792115,1419.8617604098747,41.1877281253108,2076.747316110126,100.0,100.0,True,,synthetic_ltma,sim_user,llm_training,gpu:1,ltma
61.6,2026-01-01 00:01:01.600000+00:00,,syn-attack-ltma-201,ltma-irregular-primary,irregular,,0.55,0.5,0,10.0,146.51904724175697,51.94072805233661,27.449594224235188,1566.073820301592,42.18195528832331,2300.002725387809,100.0,100.0,True,,synthetic_ltma,sim_user,llm_training,gpu:1,ltma
61.7,2026-01-01 00:01:01.700000+00:00,,syn-attack-ltma-201,ltma-irregular-primary,irregular,,0.55,0.5,0,10.0,149.2694659583091,52.60991834204775,26.685847360481286,1561.4373068454847,42.37571956738675,2367.6358080712016,100.0,100.0,True,,synthetic_ltma,sim_user,llm_training,gpu:1,ltma
61.8,2026-01-01 00:01:01.800000+00:00,,syn-attack-ltma-201,ltma-irregular-primary,irregular,,0.55,0.5,0,10.0,152.00157146403575,58.01326013365969,31.040421415920566,1623.4592234600452,43.76410160097396,2431.10757838779,100.0,100.0,True,,synthetic_ltma,sim_user,llm_training,gpu:1,ltma
61.9,2026-01-01 00:01:01.900000+00:00,,syn-attack-ltma-201,ltma-irregular-primary,irregular,,0.55,0.5,0,10.0,154.76617870876223,70.96595798634321,36.120855151405614,1995.964862665193,47.07581418579404,2820.6509586047405,100.0,100.0,True,,synthetic_ltma,sim_user,llm_training,gpu:1,ltma
62.0,2026-01-01 00:01:02+00:00,,syn-attack-ltma-201,ltma-irregular-primary,irregular,,0.55,0.5,0,10.0,166.5270057622604,65.72025223339813,44.4085926645395,1878.122818611805,45.81417023463327,3633.3334080109526,100.0,100.0,True,,synthetic_ltma,sim_user,llm_training,gpu:1,ltma
62.1,2026-01-01 00:01:02.100000+00:00,,syn-attack-ltma-201,ltma-irregular-primary,irregular,,0.55,0.5,0,10.0,155.74158491554715,67.64281956342796,38.37776015246221,1952.99168247218,46.573341492948764,3022.7515918251624,100.0,100.0,True,,synthetic_ltma,sim_user,llm_training,gpu:1,ltma
62.2,2026-01-01 00:01:02.200000+00:00,,syn-attack-ltma-201,ltma-irregular-primary,irregular,,0.55,0.5,0,10.0,160.88232211258915,68.84781418587781,37.89344466269335,1909.1531447584557,47.198369930551166,2976.9295839389256,100.0,100.0,True,,synthetic_ltma,sim_user,llm_training,gpu:1,ltma
62.3,2026-01-01 00:01:02.300000+00:00,,syn-attack-ltma-201,ltma-irregular-primary,irregular,,0.55,0.5,0,10.0,162.10863115177855,69.21215814325747,39.503654691804755,1953.2921288426148,47.29436486212746,3082.480330549663,100.0,100.0,True,,synthetic_ltma,sim_user,llm_training,gpu:1,ltma
62.4,2026-01-01 00:01:02.400000+00:00,,syn-attack-ltma-201,ltma-irregular-primary,irregular,,0.55,0.5,0,10.0,172.02094716377664,69.44742740462956,45.08635254271156,1966.1454024865063,47.4389773106172,3640.992415009426,100.0,100.0,True,,synthetic_ltma,sim_user,llm_training,gpu:1,ltma
62.5,2026-01-01 00:01:02.500000+00:00,,syn-attack-ltma-201,ltma-irregular-primary,irregular,,0.55,0.5,0,10.0,163.47345226617173,71.28118969149155,38.479257560896514,2001.5985335897537,48.061035917940174,3168.638409706908,100.0,100.0,True,,synthetic_ltma,sim_user,llm_training,gpu:1,ltma
62.6,2026-01-01 00:01:02.600000+00:00,,syn-attack-ltma-201,ltma-irregular-primary,irregular,,0.55,0.5,0,10.0,154.2768786413903,53.238180054207874,34.73915608659282,1588.6017141412551,43.14168845886288,2615.0385287470203,100.0,100.0,True,,synthetic_ltma,sim_user,llm_training,gpu:1,ltma
62.7,2026-01-01 00:01:02.700000+00:00,,syn-attack-ltma-201,ltma-irregular-primary,irregular,,0.55,0.5,0,10.0,150.80647563103727,63.81541602604953,36.1475498741123,1827.3931536409552,46.046979940189225,2838.6043261802715,100.0,100.0,True,,synthetic_ltma,sim_user,llm_training,gpu:1,ltma
62.8,2026-01-01 00:01:02.800000+00:00,,syn-attack-ltma-201,ltma-irregular-primary,irregular,,0.55,0.5,0,10.0,147.74611567647602,56.16025457823847,40.585371074376056,1634.3591615754294,44.09256070307822,3279.846796428301,100.0,100.0,True,,synthetic_ltma,sim_user,llm_training,gpu:1,ltma
62.9,2026-01-01 00:01:02.900000+00:00,,syn-attack-ltma-201,ltma-irregular-primary,irregular,,0.55,0.5,0,10.0,125.79508153231765,45.933780723118986,25.03093445320999,1343.348415381866,41.22612063183287,2099.3818579685676,100.0,100.0,True,,synthetic_ltma,sim_user,llm_training,gpu:1,ltma
63.0,2026-01-01 00:01:03+00:00,,syn-attack-ltma-201,ltma-irregular-primary,irregular,,0.55,0.5,0,10.0,121.73065681219072,46.629816459351844,17.257190929235158,1388.744614068742,41.342267211091794,1658.9583160844822,100.0,100.0,True,,synthetic_ltma,sim_user,llm_training,gpu:1,ltma
63.1,2026-01-01 00:01:03.100000+00:00,,syn-attack-ltma-201,ltma-irregular-primary,irregular,,0.55,0.5,0,10.0,124.77031025992487,43.799641698234765,26.655957482180078,1298.927269192881,40.48476226849016,2105.205811185941,100.0,100.0,True,,synthetic_ltma,sim_user,llm_training,gpu:1,ltma
63.2,2026-01-01 00:01:03.200000+00:00,,syn-attack-ltma-201,ltma-irregular-primary,irregular,,0.55,0.5,0,10.0,127.71998927631148,53.833987894637666,28.107464439701385,1541.6471671088523,43.36237267374125,2433.2158001891403,100.0,100.0,True,,synthetic_ltma,sim_user,llm_training,gpu:1,ltma
63.3,2026-01-01 00:01:03.300000+00:00,,syn-attack-ltma-201,ltma-irregular-primary,irregular,,0.55,0.5,0,10.0,128.877581163175,47.93661059089591,17.769838427872337,1395.618325974545,41.841936175736045,1622.4804298585104,100.0,100.0,True,,synthetic_ltma,sim_user,llm_training,gpu:1,ltma
63.4,2026-01-01 00:01:03.400000+00:00,,syn-attack-ltma-201,ltma-irregular-primary,irregular,,0.55,0.5,0,10.0,137.94967147113022,55.06197469893902,26.664420539805246,1573.2237911677366,43.637534167269735,2270.3777077918603,100.0,100.0,True,,synthetic_ltma,sim_user,llm_training,gpu:1,ltma
63.5,2026-01-01 00:01:03.500000+00:00,,syn-attack-ltma-201,ltma-irregular-primary,irregular,,0.55,0.5,0,10.0,140.8805472837254,51.57134214686682,22.508074597146855,1513.0259418232447,42.9129093801556,1991.2403507804945,100.0,100.0,True,,synthetic_ltma,sim_user,llm_training,gpu:1,ltma
63.6,2026-01-01 00:01:03.600000+00:00,,syn-attack-ltma-201,ltma-irregular-primary,irregular,,0.55,0.5,0,10.0,150.01809533107914,55.669370980458844,35.64237443439215,1623.8969707783688,44.23543766261631,2944.435077920653,100.0,100.0,True,,synthetic_ltma,sim_user,llm_training,gpu:1,ltma
63.7,2026-01-01 00:01:03.700000+00:00,,syn-attack-ltma-201,ltma-irregular-primary,irregular,,0.55,0.5,0,10.0,138.83242613664203,53.446807764769034,28.859175273993245,1583.2722828284577,43.65602849927231,2253.7130099724527,100.0,100.0,True,,synthetic_ltma,sim_user,llm_training,gpu:1,ltma
63.8,2026-01-01 00:01:03.800000+00:00,,syn-attack-ltma-201,ltma-irregular-primary,irregular,,0.55,0.5,0,10.0,137.5732802064422,54.0183189935399,28.674853305955867,1588.1982922560958,43.54292767112816,2417.9844295334165,100.0,100.0,True,,synthetic_ltma,sim_user,llm_training,gpu:1,ltma
63.9,2026-01-01 00:01:03.900000+00:00,,syn-attack-ltma-201,ltma-irregular-primary,irregular,,0.55,0.5,0,10.0,143.76397877670826,44.53455475265925,23.316736079847377,1317.9988593949677,40.86739294735475,1975.0105644249636,100.0,100.0,True,,synthetic_ltma,sim_user,llm_training,gpu:1,ltma
64.0,2026-01-01 00:01:04+00:00,,syn-attack-ltma-201,ltma-irregular-primary,irregular,,0.55,0.5,0,10.0,167.33018426397874,67.99002993733161,39.15297625469726,1884.6783717912147,47.305593741560635,3237.9435984229685,100.0,100.0,True,,synthetic_ltma,sim_user,llm_training,gpu:1,ltma
64.1,2026-01-01 00:01:04.100000+00:00,,syn-attack-ltma-201,ltma-irregular-primary,irregular,,0.55,0.5,0,10.0,167.77158363224538,69.42876569140215,33.888650530046725,1993.1776652910955,47.95643894407727,2755.5481239610162,100.0,100.0,True,,synthetic_ltma,sim_user,llm_training,gpu:1,ltma
64.2,2026-01-01 00:01:04.200000+00:00,,syn-attack-ltma-201,ltma-irregular-primary,irregular,,0.55,0.5,0,10.0,175.241849292436,71.5892757109086,37.78824436920348,1985.47889913253,48.59793473336677,2881.960264252338,100.0,100.0,True,,synthetic_ltma,sim_user,llm_training,gpu:1,ltma
64.3,2026-01-01 00:01:04.300000+00:00,,syn-attack-ltma-201,ltma-irregular-primary,irregular,,0.55,0.5,0,10.0,171.6922599295197,76.33500798749947,46.107947727855326,2097.978760639565,49.97717621521951,3636.2591516363045,100.0,100.0,True,,synthetic_ltma,sim_user,llm_training,gpu:1,ltma
64.4,2026-01-01 00:01:04.400000+00:00,,syn-attack-ltma-201,ltma-irregular-primary,irregular,,0.55,0.5,0,10.0,177.22291280989285,72.97565445528038,41.292613368382376,2020.264659754523,48.72435499408245,3345.3766211300326,100.0,100.0,True,,synthetic_ltma,sim_user,llm_training,gpu:1,ltma
64.5,2026-01-01 00:01:04.500000+00:00,,syn-attack-ltma-201,ltma-irregular-primary,irregular,,0.55,0.5,0,10.0,175.86802098709398,80.46287623813626,46.38087452702869,2272.521624869565,50.7800121961778,3831.3065969799386,100.0,100.0,True,,synthetic_ltma,sim_user,llm_training,gpu:1,ltma
64.6,2026-01-01 00:01:04.600000+00:00,,syn-attack-ltma-201,ltma-irregular-primary,irregular,,0.55,0.5,0,10.0,171.326611506696,53.965258620186276,31.608943024370163,1521.4269249730758,43.335281243894904,2692.6989789518084,100.0,100.0,True,,synthetic_ltma,sim_user,llm_training,gpu:1,ltma
64.7,2026-01-01 00:01:04.700000+00:00,,syn-attack-ltma-201,ltma-irregular-primary,irregular,,0.55,0.5,0,10.0,160.01034671525318,65.45942016164425,31.458832681344518,1821.9910284640926,46.62828020484184,2744.7243066189794,100.0,100.0,True,,synthetic_ltma,sim_user,llm_training,gpu:1,ltma
64.8,2026-01-01 00:01:04.800000+00:00,,syn-attack-ltma-201,ltma-irregular-primary,irregular,,0.55,0.5,0,10.0,169.08404950871062,72.7319920496319,48.73516636233913,2059.780924889847,48.3785919924863,3828.4129692388938,100.0,100.0,True,,synthetic_ltma,sim_user,llm_training,gpu:1,ltma
64.9,2026-01-01 00:01:04.900000+00:00,,syn-attack-ltma-201,ltma-irregular-primary,irregular,,0.55,0.5,0,10.0,158.0699257055639,71.50013376306812,39.35200046866656,2026.3920100337798,48.207554544482484,3227.510245967575,100.0,100.0,True,,synthetic_ltma,sim_user,llm_training,gpu:1,ltma
65.0,2026-01-01 00:01:05+00:00,,syn-attack-ltma-201,ltma-irregular-primary,irregular,,0.55,0.5,0,10.0,156.91552568915807,63.714704220644016,33.3848720170763,1783.3492561002222,45.961330432478334,2648.564730932937,100.0,100.0,True,,synthetic_ltma,sim_user,llm_training,gpu:1,ltma
65.1,2026-01-01 00:01:05.100000+00:00,,syn-attack-ltma-201,ltma-irregular-primary,irregular,,0.55,0.5,0,10.0,159.51746959513372,70.95190368034281,31.52137714792058,1965.4699392747555,47.89030038685022,2701.3731161374712,100.0,100.0,True,,synthetic_ltma,sim_user,llm_training,gpu:1,ltma
65.2,2026-01-01 00:01:05.200000+00:00,,syn-attack-ltma-201,ltma-irregular-primary,irregular,,0.55,0.5,0,10.0,170.81413618801415,76.20673782533892,44.93127639092447,2111.3927603518187,49.2450399070346,3499.1846353283877,100.0,100.0,True,,synthetic_ltma,sim_user,llm_training,gpu:1,ltma
65.3,2026-01-01 00:01:05.300000+00:00,,syn-attack-ltma-201,ltma-irregular-primary,irregular,,0.55,0.5,0,10.0,169.38310240840656,72.76324750631125,39.57392036089047,2009.318053740059,48.133042987934886,3134.9279513509746,100.0,100.0,True,,synthetic_ltma,sim_user,llm_training,gpu:1,ltma
65.4,2026-01-01 00:01:05.400000+00:00,,syn-attack-ltma-201,ltma-irregular-primary,irregular,,0.55,0.5,0,10.0,169.80403774461877,71.88516005103023,38.60176491337423,2048.657621478745,47.79933684631478,3175.4924956820305,100.0,100.0,True,,synthetic_ltma,sim_user,llm_training,gpu:1,ltma
65.5,2026-01-01 00:01:05.500000+00:00,,syn-attack-ltma-201,ltma-irregular-primary,irregular,,0.55,0.5,0,10.0,173.26159781573375,77.37012747920744,43.0636413975992,2134.359349924437,49.222355714988836,3282.1723944349324,100.0,100.0,True,,synthetic_ltma,sim_user,llm_training,gpu:1,ltma
65.6,2026-01-01 00:01:05.600000+00:00,,syn-attack-ltma-201,ltma-irregular-primary,irregular,,0.55,0.5,0,10.0,167.9606492980114,65.62351494131268,38.00465216885437,1842.1534119473945,45.54029165876456,3003.6160951668644,100.0,100.0,True,,synthetic_ltma,sim_user,llm_training,gpu:1,ltma
65.7,2026-01-01 00:01:05.700000+00:00,,syn-attack-ltma-201,ltma-irregular-primary,irregular,,0.55,0.5,0,10.0,157.24850405988155,74.44332532970553,42.76887136865311,2035.1704609594844,48.04365862252143,3351.234772166533,100.0,100.0,True,,synthetic_ltma,sim_user,llm_training,gpu:1,ltma
65.8,2026-01-01 00:01:05.800000+00:00,,syn-attack-ltma-201,ltma-irregular-primary,irregular,,0.55,0.5,0,10.0,152.63879097240812,49.60135527910906,27.185659082772766,1484.8416741895076,41.07754513559186,2370.730014210563,100.0,100.0,True,,synthetic_ltma,sim_user,llm_training,gpu:1,ltma
65.9,2026-01-01 00:01:05.900000+00:00,,syn-attack-ltma-201,ltma-irregular-primary,irregular,,0.55,0.5,0,10.0,152.01686071021382,61.922581086385236,36.00364654208199,1820.059750251385,44.362089700652454,3005.625799299503,100.0,100.0,True,,synthetic_ltma,sim_user,llm_training,gpu:1,ltma
66.0,2026-01-01 00:01:06+00:00,,syn-attack-ltma-201,ltma-irregular-primary,irregular,,0.55,0.5,0,10.0,150.03519923632004,58.956508223743896,28.51869370899227,1663.8527573907922,43.46719741123949,2369.77912585316,100.0,100.0,True,,synthetic_ltma,sim_user,llm_training,gpu:1,ltma
66.1,2026-01-01 00:01:06.100000+00:00,,syn-attack-ltma-201,ltma-irregular-primary,irregular,,0.55,0.5,0,10.0,156.76916191920452,67.4595533716985,30.087685607125067,1872.5966143208636,46.020059658080214,2624.3951216853493,100.0,100.0,True,,synthetic_ltma,sim_user,llm_training,gpu:1,ltma
66.2,2026-01-01 00:01:06.200000+00:00,,syn-attack-ltma-201,ltma-irregular-primary,irregular,,0.55,0.5,0,10.0,168.43021581257085,75.59195649546459,39.55919093692606,2100.5321581478615,48.360150124486964,3360.2480880535754,100.0,100.0,True,,synthetic_ltma,sim_user,llm_training,gpu:1,ltma
66.3,2026-01-01 00:01:06.300000+00:00,,syn-attack-ltma-201,ltma-irregular-primary,irregular,,0.55,0.5,0,10.0,168.13914767859183,75.05914145211992,40.66916625943349,2103.3792403214466,48.18208803903584,3286.8533024458557,100.0,100.0,True,,synthetic_ltma,sim_user,llm_training,gpu:1,ltma
66.4,2026-01-01 00:01:06.400000+00:00,,syn-attack-ltma-201,ltma-irregular-primary,irregular,,0.55,0.5,0,10.0,172.6171658364872,71.78400818198796,39.77604688308533,2005.2277759952356,47.247261203709684,3312.9741056155385,100.0,100.0,True,,synthetic_ltma,sim_user,llm_training,gpu:1,ltma
66.5,2026-01-01 00:01:06.500000+00:00,,syn-attack-ltma-201,ltma-irregular-primary,irregular,,0.55,0.5,0,10.0,176.05200074276533,69.6867842724697,40.03198110486186,2017.6451756505799,46.938188090200995,3164.17319061712,100.0,100.0,True,,synthetic_ltma,sim_user,llm_training,gpu:1,ltma
66.6,2026-01-01 00:01:06.600000+00:00,,syn-attack-ltma-201,ltma-irregular-primary,irregular,,0.55,0.5,0,10.0,168.3413264777343,76.15383550661744,44.58708569246909,2088.812744494596,49.004814475960906,3506.449497732184,100.0,100.0,True,,synthetic_ltma,sim_user,llm_training,gpu:1,ltma
66.7,2026-01-01 00:01:06.700000+00:00,,syn-attack-ltma-201,ltma-irregular-primary,irregular,,0.55,0.5,0,10.0,160.46466516559667,66.10132625956481,34.09678752886531,1865.8401607599344,46.16304217403373,2864.6966215668836,100.0,100.0,True,,synthetic_ltma,sim_user,llm_training,gpu:1,ltma
66.8,2026-01-01 00:01:06.800000+00:00,,syn-attack-ltma-201,ltma-irregular-primary,irregular,,0.55,0.5,0,10.0,159.4005928312456,61.11126366834105,36.72951527660126,1749.6518215158821,44.755651794087,3008.935074588623,100.0,100.0,True,,synthetic_ltma,sim_user,llm_training,gpu:1,ltma
66.9,2026-01-01 00:01:06.900000+00:00,,syn-attack-ltma-201,ltma-irregular-primary,irregular,,0.55,0.5,0,10.0,157.798698840624,76.06038172029469,44.990414751052455,2165.1921975585824,48.79912508440568,3619.9966725378754,100.0,100.0,True,,synthetic_ltma,sim_user,llm_training,gpu:1,ltma
67.0,2026-01-01 00:01:07+00:00,,syn-attack-ltma-201,ltma-irregular-primary,irregular,,0.55,0.5,0,10.0,164.87091415738456,95.76695666789297,47.95051403481881,2520.0,54.29806646995247,3732.0380507495943,100.0,100.0,True,,synthetic_ltma,sim_user,llm_training,gpu:1,ltma
67.1,2026-01-01 00:01:07.100000+00:00,,syn-attack-ltma-201,ltma-irregular-primary,irregular,,0.55,0.5,0,10.0,180.35295638761687,74.29303401744404,36.99976044664237,2010.0348580508673,48.32749368363821,3269.794555596987,100.0,100.0,True,,synthetic_ltma,sim_user,llm_training,gpu:1,ltma
67.2,2026-01-01 00:01:07.200000+00:00,,syn-attack-ltma-201,ltma-irregular-primary,irregular,,0.55,0.5,0,10.0,183.8887372824511,85.86747328148881,44.081441445630986,2304.4142936211697,51.84729379456348,3486.571741701544,100.0,100.0,True,,synthetic_ltma,sim_user,llm_training,gpu:1,ltma
67.3,2026-01-01 00:01:07.300000+00:00,,syn-attack-ltma-201,ltma-irregular-primary,irregular,,0.55,0.5,0,10.0,179.1169830670935,73.7701030095101,42.356965255392886,2053.480852552724,48.55844639102576,3446.7408132995074,100.0,100.0,True,,synthetic_ltma,sim_user,llm_training,gpu:1,ltma
67.4,2026-01-01 00:01:07.400000+00:00,,syn-attack-ltma-201,ltma-irregular-primary,irregular,,0.55,0.5,0,10.0,171.15893247431057,64.1636974324313,44.34075115669472,1806.943669870895,45.97821735601563,3703.256008684044,100.0,100.0,True,,synthetic_ltma,sim_user,llm_training,gpu:1,ltma
67.5,2026-01-01 00:01:07.500000+00:00,,syn-attack-ltma-201,ltma-irregular-primary,irregular,,0.55,0.5,0,10.0,164.18063143577126,70.62382222377359,47.02349194908008,1922.1829208376248,47.98459018715099,3871.996577668796,100.0,100.0,True,,synthetic_ltma,sim_user,llm_training,gpu:1,ltma
67.6,2026-01-01 00:01:07.600000+00:00,,syn-attack-ltma-201,ltma-irregular-primary,irregular,,0.55,0.5,0,10.0,157.35614068088964,60.941422322267584,32.60285809332385,1748.902253889875,45.273784882811576,2820.1600098391004,100.0,100.0,True,,synthetic_ltma,sim_user,llm_training,gpu:1,ltma
67.7,2026-01-01 00:01:07.700000+00:00,,syn-attack-ltma-201,ltma-irregular-primary,irregular,,0.55,0.5,0,10.0,168.12114235850652,76.51369423213775,34.96040112235656,2126.0987911389766,49.623040206971204,2817.135130881717,100.0,100.0,True,,synthetic_ltma,sim_user,llm_training,gpu:1,ltma
67.8,2026-01-01 00:01:07.800000+00:00,,syn-attack-ltma-201,ltma-irregular-primary,irregular,,0.55,0.5,0,10.0,174.14111752138643,61.21763652919735,28.821399863901775,1798.4412345521955,45.6930344376979,2411.989963943202,100.0,100.0,True,,synthetic_ltma,sim_user,llm_training,gpu:1,ltma
67.9,2026-01-01 00:01:07.900000+00:00,,syn-attack-ltma-201,ltma-irregular-primary,irregular,,0.55,0.5,0,10.0,175.17340804792852,71.27642079241974,42.43749813923891,1959.265230218876,48.50734742406718,3550.010829397563,100.0,100.0,True,,synthetic_ltma,sim_user,llm_training,gpu:1,ltma
68.0,2026-01-01 00:01:08+00:00,,syn-attack-ltma-201,ltma-irregular-primary,irregular,,0.55,0.5,0,10.0,182.30445540748545,87.02153682192628,50.355159348996054,2309.4119619779713,52.70736946850121,4116.525134772313,100.0,100.0,True,,synthetic_ltma,sim_user,llm_training,gpu:1,ltma
68.1,2026-01-01 00:01:08.100000+00:00,,syn-attack-ltma-201,ltma-irregular-primary,irregular,,0.55,0.5,0,10.0,179.7644867579825,81.21350911641369,52.723340561451614,2171.1519745959063,50.92277874579962,4203.59039944834,100.0,100.0,True,,synthetic_ltma,sim_user,llm_training,gpu:1,ltma
68.2,2026-01-01 00:01:08.200000+00:00,,syn-attack-ltma-201,ltma-irregular-primary,irregular,,0.55,0.5,0,10.0,175.45990258154177,81.58315632575959,42.76525124291516,2237.841394184388,50.98684702988153,3679.2886100448995,100.0,100.0,True,,synthetic_ltma,sim_user,llm_training,gpu:1,ltma
68.3,2026-01-01 00:01:08.300000+00:00,,syn-attack-ltma-201,ltma-irregular-primary,irregular,,0.55,0.5,0,10.0,179.63632153100974,79.35213171773017,39.655614323046585,2205.443377071729,50.28695165383223,3282.551967999457,100.0,100.0,True,,synthetic_ltma,sim_user,llm_training,gpu:1,ltma
68.4,2026-01-01 00:01:08.400000+00:00,,syn-attack-ltma-201,ltma-irregular-primary,irregular,,0.55,0.5,0,10.0,188.89902578400566,79.52396880973978,52.91618901506236,2177.804909038834,49.83690605393894,4156.717667744444,100.0,100.0,True,,synthetic_ltma,sim_user,llm_training,gpu:1,ltma
68.5,2026-01-01 00:01:08.500000+00:00,,syn-attack-ltma-201,ltma-irregular-primary,irregular,,0.55,0.5,0,10.0,182.2785861438951,78.00416223322273,43.27896278395665,2134.5859425656517,49.417287438869785,3309.6787675476035,100.0,100.0,True,,synthetic_ltma,sim_user,llm_training,gpu:1,ltma
68.6,2026-01-01 00:01:08.600000+00:00,,syn-attack-ltma-201,ltma-irregular-primary,irregular,,0.55,0.5,0,10.0,175.67513411895757,82.1391059245698,49.64526532557021,2292.490937720743,50.57521967178229,3818.636709837486,100.0,100.0,True,,synthetic_ltma,sim_user,llm_training,gpu:1,ltma
68.7,2026-01-01 00:01:08.700000+00:00,,syn-attack-ltma-201,ltma-irregular-primary,irregular,,0.55,0.5,0,10.0,165.68931509920807,75.53255746162769,42.917770992199245,2117.453986622771,48.47220975543808,3399.9181865757137,100.0,100.0,True,,synthetic_ltma,sim_user,llm_training,gpu:1,ltma
68.8,2026-01-01 00:01:08.800000+00:00,,syn-attack-ltma-201,ltma-irregular-primary,irregular,,0.55,0.5,0,10.0,159.6909946058783,57.678305908390584,35.45393033873975,1653.7103645845282,43.30198730040381,3050.1621162984457,100.0,100.0,True,,synthetic_ltma,sim_user,llm_training,gpu:1,ltma
68.9,2026-01-01 00:01:08.900000+00:00,,syn-attack-ltma-201,ltma-irregular-primary,irregular,,0.55,0.5,0,10.0,154.91706612158725,56.18715103905072,34.563906207757896,1639.7569615679872,42.970186139766895,2954.131849276476,100.0,100.0,True,,synthetic_ltma,sim_user,llm_training,gpu:1,ltma
69.0,2026-01-01 00:01:09+00:00,,syn-attack-ltma-201,ltma-irregular-primary,irregular,,0.55,0.5,0,10.0,161.6849572401002,58.80148993853283,27.214616334429284,1740.492179395218,43.55886725316272,2461.683266786265,100.0,100.0,True,,synthetic_ltma,sim_user,llm_training,gpu:1,ltma
69.1,2026-01-01 00:01:09.100000+00:00,,syn-attack-ltma-201,ltma-irregular-primary,irregular,,0.55,0.5,0,10.0,168.28876721830895,72.92365672037711,36.255252413472974,2010.2811203787355,47.47044903332181,3129.657615282136,100.0,100.0,True,,synthetic_ltma,sim_user,llm_training,gpu:1,ltma
69.2,2026-01-01 00:01:09.200000+00:00,,syn-attack-ltma-201,ltma-irregular-primary,irregular,,0.55,0.5,0,10.0,172.89748095108513,76.3355433901939,38.360812841802534,2166.9327760435303,48.45278431032255,3124.3069496546514,100.0,100.0,True,,synthetic_ltma,sim_user,llm_training,gpu:1,ltma
69.3,2026-01-01 00:01:09.300000+00:00,,syn-attack-ltma-201,ltma-irregular-primary,irregular,,0.55,0.5,0,10.0,73.72960277724698,25.32971195426432,13.683929927061103,878.7649121827968,34.626762141756586,1204.6439672035656,100.0,100.0,True,,synthetic_ltma,sim_user,llm_training,gpu:1,ltma
69.4,2026-01-01 00:01:09.400000+00:00,,syn-attack-ltma-201,ltma-irregular-primary,irregular,,0.55,0.5,0,10.0,64.87871494733949,21.3962153890785,21.068800865700624,752.7018994224791,33.60114466686025,2025.8922190528542,100.0,100.0,True,,synthetic_ltma,sim_user,llm_training,gpu:1,ltma
69.5,2026-01-01 00:01:09.500000+00:00,,syn-attack-ltma-201,ltma-irregular-primary,irregular,,0.55,0.5,0,10.0,54.665514746725684,9.954507045697124,5.851950725210252,432.6988104574142,30.503646145127796,707.5677654023632,100.0,100.0,True,,synthetic_ltma,sim_user,llm_training,gpu:1,ltma
69.6,2026-01-01 00:01:09.600000+00:00,,syn-attack-ltma-201,ltma-irregular-primary,irregular,,0.55,0.5,0,10.0,53.55852140351366,5.977666896234295,3.2755527875079142,351.1580297526432,29.533826038056624,692.3119882718456,100.0,100.0,True,,synthetic_ltma,sim_user,llm_training,gpu:1,ltma
69.7,2026-01-01 00:01:09.700000+00:00,,syn-attack-ltma-201,ltma-irregular-primary,irregular,,0.55,0.5,0,10.0,52.1606243899439,0.0,0.1217619002155695,210.0,27.917354864763478,336.4107294056462,100.0,100.0,True,,synthetic_ltma,sim_user,llm_training,gpu:1,ltma
69.8,2026-01-01 00:01:09.800000+00:00,,syn-attack-ltma-201,ltma-irregular-primary,irregular,,0.55,0.5,0,10.0,59.34326056959981,23.865204935905986,5.502711208707778,772.5397910251297,34.799160423718426,747.5631709459389,100.0,100.0,True,,synthetic_ltma,sim_user,llm_training,gpu:1,ltma
69.9,2026-01-01 00:01:09.900000+00:00,,syn-attack-ltma-201,ltma-irregular-primary,irregular,,0.55,0.5,0,10.0,65.08834477038752,9.788232834045841,6.173410293254481,416.8581505044925,30.883509188441167,876.6144521755829,100.0,100.0,True,,synthetic_ltma,sim_user,llm_training,gpu:1,ltma
70.0,2026-01-01 00:01:10+00:00,,syn-attack-ltma-201,ltma-irregular-primary,irregular,,0.55,0.5,0,10.0,60.42451965407961,24.79878849388667,13.09381106903782,809.1211281235077,35.028048412725525,1415.6836808460082,100.0,100.0,True,,synthetic_ltma,sim_user,llm_training,gpu:1,ltma
70.1,2026-01-01 00:01:10.100000+00:00,,syn-attack-ltma-201,ltma-irregular-primary,irregular,,0.55,0.5,0,10.0,60.15046191721385,10.050225646757891,4.350545922321086,490.3555785531795,31.074908519965284,630.34994443512,100.0,100.0,True,,synthetic_ltma,sim_user,llm_training,gpu:1,ltma
70.2,2026-01-01 00:01:10.200000+00:00,,syn-attack-ltma-201,ltma-irregular-primary,irregular,,0.55,0.5,0,10.0,56.767966873834276,14.106722028332483,13.865989165511698,540.2326818906016,32.143513003870375,1507.636769786455,100.0,100.0,True,,synthetic_ltma,sim_user,llm_training,gpu:1,ltma
70.3,2026-01-01 00:01:10.300000+00:00,,syn-attack-ltma-201,ltma-irregular-primary,irregular,,0.55,0.5,0,10.0,46.78821574351276,0.0,0.0,222.19042780915353,28.06703660084451,402.6357420807326,100.0,100.0,True,,synthetic_ltma,sim_user,llm_training,gpu:1,ltma
70.4,2026-01-01 00:01:10.400000+00:00,,syn-attack-ltma-201,ltma-irregular-primary,irregular,,0.55,0.5,0,10.0,44.41242811124355,10.478749270870203,2.6666734032512727,476.9361637002052,30.683199353765936,679.8551316802417,100.0,100.0,True,,synthetic_ltma,sim_user,llm_training,gpu:1,ltma
70.5,2026-01-01 00:01:10.500000+00:00,,syn-attack-ltma-201,ltma-irregular-primary,irregular,,0.55,0.5,0,10.0,42.68495569387847,7.629526189834981,3.4223353544212625,404.31897923983087,30.089953090114026,756.5024388479551,100.0,100.0,True,,synthetic_ltma,sim_user,llm_training,gpu:1,ltma
70.6,2026-01-01 00:01:10.600000+00:00,,syn-attack-ltma-201,ltma-irregular-primary,irregular,,0.55,0.5,0,10.0,45.692907592150185,0.0,0.0,210.0,27.946600374496025,366.680262830115,100.0,100.0,True,,synthetic_ltma,sim_user,llm_training,gpu:1,ltma
70.7,2026-01-01 00:01:10.700000+00:00,,syn-attack-ltma-201,ltma-irregular-primary,irregular,,0.55,0.5,0,10.0,47.094419078880414,0.0,0.0,219.31556397555255,27.73642684315612,483.5056775741001,100.0,100.0,True,,synthetic_ltma,sim_user,llm_training,gpu:1,ltma
70.8,2026-01-01 00:01:10.800000+00:00,,syn-attack-ltma-201,ltma-irregular-primary,irregular,,0.55,0.5,0,10.0,48.31722472812731,4.762282723687101,0.0,281.7872480204022,29.10887413351938,379.2015404254993,100.0,100.0,True,,synthetic_ltma,sim_user,llm_training,gpu:1,ltma
70.9,2026-01-01 00:01:10.900000+00:00,,syn-attack-ltma-201,ltma-irregular-primary,irregular,,0.55,0.5,0,10.0,64.17655246387014,7.593715770217694,0.0,407.28348887730453,29.8228177066068,449.14071160215553,100.0,100.0,True,,synthetic_ltma,sim_user,llm_training,gpu:1,ltma
71.0,2026-01-01 00:01:11+00:00,,syn-attack-ltma-201,ltma-irregular-primary,irregular,,0.55,0.5,0,10.0,69.11297463012414,0.0,1.7327225319051194,210.0,27.543038036738768,760.1825455715767,100.0,100.0,True,,synthetic_ltma,sim_user,llm_training,gpu:1,ltma
71.1,2026-01-01 00:01:11.100000+00:00,,syn-attack-ltma-201,ltma-irregular-primary,irregular,,0.55,0.5,0,10.0,67.33648366919698,8.750831342908832,1.9850594246629862,418.7708066230943,30.023521932302444,573.2205717552849,100.0,100.0,True,,synthetic_ltma,sim_user,llm_training,gpu:1,ltma
71.2,2026-01-01 00:01:11.200000+00:00,,syn-attack-ltma-201,ltma-irregular-primary,irregular,,0.55,0.5,0,10.0,67.13604887272905,12.741189118677084,5.817491497639041,531.4537174469613,31.19917340128023,772.9187483770361,100.0,100.0,True,,synthetic_ltma,sim_user,llm_training,gpu:1,ltma
71.3,2026-01-01 00:01:11.300000+00:00,,syn-attack-ltma-201,ltma-irregular-primary,irregular,,0.55,0.5,0,10.0,71.45423111952505,25.645860150181594,22.505925163443806,834.3004320803328,35.07881478957518,2003.4579389175035,100.0,100.0,True,,synthetic_ltma,sim_user,llm_training,gpu:1,ltma
71.4,2026-01-01 00:01:11.400000+00:00,,syn-attack-ltma-201,ltma-irregular-primary,irregular,,0.55,0.5,0,10.0,61.50836495490623,11.803936292814324,6.069651056061325,524.9832415350297,30.967901698481345,1069.7848297618832,100.0,100.0,True,,synthetic_ltma,sim_user,llm_training,gpu:1,ltma
71.5,2026-01-01 00:01:11.500000+00:00,,syn-attack-ltma-201,ltma-irregular-primary,irregular,,0.55,0.5,0,10.0,58.34499933643553,0.0,0.2523133977991347,210.0,27.837273968880154,389.47199190697165,100.0,100.0,True,,synthetic_ltma,sim_user,llm_training,gpu:1,ltma
71.6,2026-01-01 00:01:11.600000+00:00,,syn-attack-ltma-201,ltma-irregular-primary,irregular,,0.55,0.5,0,10.0,56.95219751298661,12.81579458301959,4.053760209667297,530.7883301687953,31.63021649210089,851.9108555206154,100.0,100.0,True,,synthetic_ltma,sim_user,llm_training,gpu:1,ltma
71.7,2026-01-01 00:01:11.700000+00:00,,syn-attack-ltma-201,ltma-irregular-primary,irregular,,0.55,0.5,0,10.0,67.6057578109326,7.8911687840899525,6.748465519279463,385.2775112912919,30.120843334477524,812.2485167603801,100.0,100.0,True,,synthetic_ltma,sim_user,llm_training,gpu:1,ltma
71.8,2026-01-01 00:01:11.800000+00:00,,syn-attack-ltma-201,ltma-irregular-primary,irregular,,0.55,0.5,0,10.0,60.48230670667356,5.620400262555938,3.2037004214006566,324.2278562292552,29.765907844050652,617.524621820006,100.0,100.0,True,,synthetic_ltma,sim_user,llm_training,gpu:1,ltma
71.9,2026-01-01 00:01:11.900000+00:00,,syn-attack-ltma-201,ltma-irregular-primary,irregular,,0.55,0.5,0,10.0,58.97856021650335,15.983695909565396,5.732380829882177,600.7739237389944,32.586968970481664,821.8233831235801,100.0,100.0,True,,synthetic_ltma,sim_user,llm_training,gpu:1,ltma
72.0,2026-01-01 00:01:12+00:00,,syn-attack-ltma-201,ltma-irregular-primary,irregular,,0.55,0.5,0,10.0,64.40585144022708,7.371296255441558,3.14585815208456,391.0247181476734,30.045564404805077,843.1308937501009,100.0,100.0,True,,synthetic_ltma,sim_user,llm_training,gpu:1,ltma
72.1,2026-01-01 00:01:12.100000+00:00,,syn-attack-ltma-201,ltma-irregular-primary,irregular,,0.55,0.5,0,10.0,57.6325045529641,19.665431418206623,16.699027383975167,641.8397918602172,33.44526924126673,1490.4173824745849,100.0,100.0,True,,synthetic_ltma,sim_user,llm_training,gpu:1,ltma
72.2,2026-01-01 00:01:12.200000+00:00,,syn-attack-ltma-201,ltma-irregular-primary,irregular,,0.55,0.5,0,10.0,61.566076339624146,8.92569165830702,1.3812438465496402,418.6850301252196,30.691874133351487,668.1088571772337,100.0,100.0,True,,synthetic_ltma,sim_user,llm_training,gpu:1,ltma
72.3,2026-01-01 00:01:12.300000+00:00,,syn-attack-ltma-201,ltma-irregular-primary,irregular,,0.55,0.5,0,10.0,70.31620497348194,9.125304558373003,3.878275708958201,428.8969758641686,30.7947166176842,660.6810714302892,100.0,100.0,True,,synthetic_ltma,sim_user,llm_training,gpu:1,ltma
72.4,2026-01-01 00:01:12.400000+00:00,,syn-attack-ltma-201,ltma-irregular-primary,irregular,,0.55,0.5,0,10.0,74.41476697931762,27.267898561417052,16.46143497483704,873.7571615737583,36.08740446099678,1633.0232842370115,100.0,100.0,True,,synthetic_ltma,sim_user,llm_training,gpu:1,ltma
72.5,2026-01-01 00:01:12.500000+00:00,,syn-attack-ltma-201,ltma-irregular-primary,irregular,,0.55,0.5,0,10.0,79.16755899062429,6.91028059120177,0.0,394.20676517443854,30.582957017545002,444.73036309307906,100.0,100.0,True,,synthetic_ltma,sim_user,llm_training,gpu:1,ltma
72.6,2026-01-01 00:01:12.600000+00:00,,syn-attack-ltma-201,ltma-irregular-primary,irregular,,0.55,0.5,0,10.0,91.82349015752152,42.26621162338524,32.40743298570679,1249.9653101913266,40.4955068567756,2637.724779325366,100.0,100.0,True,,synthetic_ltma,sim_user,llm_training,gpu:1,ltma
72.7,2026-01-01 00:01:12.700000+00:00,,syn-attack-ltma-201,ltma-irregular-primary,irregular,,0.55,0.5,0,10.0,73.54213506686219,15.031538169320399,12.031233289155168,605.1482089867806,32.97911397352795,1414.6450491185421,100.0,100.0,True,,synthetic_ltma,sim_user,llm_training,gpu:1,ltma
72.8,2026-01-01 00:01:12.800000+00:00,,syn-attack-ltma-201,ltma-irregular-primary,irregular,,0.55,0.5,0,10.0,64.2515965552407,1.0429756042949716,2.848463122411676,210.0,29.045856506792802,563.9737730841314,100.0,100.0,True,,synthetic_ltma,sim_user,llm_training,gpu:1,ltma
72.9,2026-01-01 00:01:12.900000+00:00,,syn-attack-ltma-201,ltma-irregular-primary,irregular,,0.55,0.5,0,10.0,60.2373986606493,10.184227917002717,11.026076129831376,456.8682906437989,31.680390667791293,1043.5334485894227,100.0,100.0,True,,synthetic_ltma,sim_user,llm_training,gpu:1,ltma
73.0,2026-01-01 00:01:13+00:00,,syn-attack-ltma-201,ltma-irregular-primary,irregular,,0.55,0.5,0,10.0,50.482168789958315,21.765811178927045,15.964994926363438,756.1712354677552,34.9831770138257,1519.4139374637048,100.0,100.0,True,,synthetic_ltma,sim_user,llm_training,gpu:1,ltma
73.1,2026-01-01 00:01:13.100000+00:00,,syn-attack-ltma-201,ltma-irregular-primary,irregular,,0.55,0.5,0,10.0,46.18645275059949,0.0,0.0,233.40701579017747,28.577996056636856,414.45052719536477,100.0,100.0,True,,synthetic_ltma,sim_user,llm_training,gpu:1,ltma
73.2,2026-01-01 00:01:13.200000+00:00,,syn-attack-ltma-201,ltma-irregular-primary,irregular,,0.55,0.5,0,10.0,51.891024906665855,0.0,0.0,210.0,28.46770241521928,367.1223441868856,100.0,100.0,True,,synthetic_ltma,sim_user,llm_training,gpu:1,ltma
73.3,2026-01-01 00:01:13.300000+00:00,,syn-attack-ltma-201,ltma-irregular-primary,irregular,,0.55,0.5,0,10.0,62.403963902089714,0.0,0.0,227.4901733355498,28.253779241770058,640.6114727681362,100.0,100.0,True,,synthetic_ltma,sim_user,llm_training,gpu:1,ltma
73.4,2026-01-01 00:01:13.400000+00:00,,syn-attack-ltma-201,ltma-irregular-primary,irregular,,0.55,0.5,0,10.0,62.58544930457987,1.7296321637116918,0.0,266.26370106611574,28.36418819490691,499.71408675382423,100.0,100.0,True,,synthetic_ltma,sim_user,llm_training,gpu:1,ltma
73.5,2026-01-01 00:01:13.500000+00:00,,syn-attack-ltma-201,ltma-irregular-primary,irregular,,0.55,0.5,0,10.0,60.263660356958546,1.9977239336571273,1.5127835753326306,261.37893227221844,28.537423062808006,405.4165280492233,100.0,100.0,True,,synthetic_ltma,sim_user,llm_training,gpu:1,ltma
73.6,2026-01-01 00:01:13.600000+00:00,,syn-attack-ltma-201,ltma-irregular-primary,irregular,,0.55,0.5,0,10.0,54.25909929022219,0.0,0.0,210.0,27.808135835757188,413.55497635583043,100.0,100.0,True,,synthetic_ltma,sim_user,llm_training,gpu:1,ltma
73.7,2026-01-01 00:01:13.700000+00:00,,syn-attack-ltma-201,ltma-irregular-primary,irregular,,0.55,0.5,0,10.0,55.21875710723041,12.251033107316072,11.520622574888069,528.439862935637,31.33823327256304,1164.8471307863447,100.0,100.0,True,,synthetic_ltma,sim_user,llm_training,gpu:1,ltma
73.8,2026-01-01 00:01:13.800000+00:00,,syn-attack-ltma-201,ltma-irregular-primary,irregular,,0.55,0.5,0,10.0,43.42547269384011,0.0,0.0,210.0,27.850797112215098,564.7690620233894,100.0,100.0,True,,synthetic_ltma,sim_user,llm_training,gpu:1,ltma
73.9,2026-01-01 00:01:13.900000+00:00,,syn-attack-ltma-201,ltma-irregular-primary,irregular,,0.55,0.5,0,10.0,34.874031886880196,0.0,0.0,248.27998983858294,27.452575898764884,392.732703479667,100.0,100.0,True,,synthetic_ltma,sim_user,llm_training,gpu:1,ltma
74.0,2026-01-01 00:01:14+00:00,,syn-attack-ltma-201,ltma-irregular-primary,irregular,,0.55,0.5,0,10.0,34.770571656638886,0.0,0.0,210.0,27.272304751627647,577.8760946293688,100.0,100.0,True,,synthetic_ltma,sim_user,llm_training,gpu:1,ltma
74.1,2026-01-01 00:01:14.100000+00:00,,syn-attack-ltma-201,ltma-irregular-primary,irregular,,0.55,0.5,0,10.0,42.18603534829514,3.028420035769664,1.145710014530942,281.9280344765184,28.019500001542532,669.4849324508507,100.0,100.0,True,,synthetic_ltma,sim_user,llm_training,gpu:1,ltma
74.2,2026-01-01 00:01:14.200000+00:00,,syn-attack-ltma-201,ltma-irregular-primary,irregular,,0.55,0.5,0,10.0,156.64746948165944,46.03282991867056,20.27287380997447,1348.878251079588,39.88648955594528,1953.4810266450022,100.0,100.0,True,,synthetic_ltma,sim_user,llm_training,gpu:1,ltma
74.3,2026-01-01 00:01:14.300000+00:00,,syn-attack-ltma-201,ltma-irregular-primary,irregular,,0.55,0.5,0,10.0,158.04597287603164,73.93028946376874,32.616357995904636,2067.148291819555,47.78822636879373,2834.257249683409,100.0,100.0,True,,synthetic_ltma,sim_user,llm_training,gpu:1,ltma
74.4,2026-01-01 00:01:14.400000+00:00,,syn-attack-ltma-201,ltma-irregular-primary,irregular,,0.55,0.5,0,10.0,161.41469929849825,80.49792002787383,39.54820758368247,2238.575480264505,49.499523304030504,3082.0961413949567,100.0,100.0,True,,synthetic_ltma,sim_user,llm_training,gpu:1,ltma
74.5,2026-01-01 00:01:14.500000+00:00,,syn-attack-ltma-201,ltma-irregular-primary,irregular,,0.55,0.5,0,10.0,166.80702447295715,71.8982006833943,41.13379797512132,2021.9588881079715,47.02191550922515,3281.8005352758014,100.0,100.0,True,,synthetic_ltma,sim_user,llm_training,gpu:1,ltma
74.6,2026-01-01 00:01:14.600000+00:00,,syn-attack-ltma-201,ltma-irregular-primary,irregular,,0.55,0.5,0,10.0,170.5402069316981,68.78392044669714,32.38238204908359,1918.8891022221637,46.18220536386246,2565.3965640457586,100.0,100.0,True,,synthetic_ltma,sim_user,llm_training,gpu:1,ltma
74.7,2026-01-01 00:01:14.700000+00:00,,syn-attack-ltma-201,ltma-irregular-primary,irregular,,0.55,0.5,0,10.0,178.7400918864882,82.81409003612303,41.66798636988349,2252.1194302897984,50.08512782636642,3477.914364214592,100.0,100.0,True,,synthetic_ltma,sim_user,llm_training,gpu:1,ltma
74.8,2026-01-01 00:01:14.800000+00:00,,syn-attack-ltma-201,ltma-irregular-primary,irregular,,0.55,0.5,0,10.0,187.52601573463903,76.00651024364649,36.56555144355958,2128.9645067992315,48.50024228608694,2930.7909793798976,100.0,100.0,True,,synthetic_ltma,sim_user,llm_training,gpu:1,ltma
74.9,2026-01-01 00:01:14.900000+00:00,,syn-attack-ltma-201,ltma-irregular-primary,irregular,,0.55,0.5,0,10.0,189.8813117722014,86.02024075585823,47.079088296122954,2354.4727045601153,51.566192870842904,3771.9309372213647,100.0,100.0,True,,synthetic_ltma,sim_user,llm_training,gpu:1,ltma
75.0,2026-01-01 00:01:15+00:00,,syn-attack-ltma-201,ltma-irregular-primary,irregular,,0.55,0.5,0,10.0,186.82773863652386,77.37092858495157,47.25478370326196,2118.9946633746154,49.40497731448309,3751.2546698207743,100.0,100.0,True,,synthetic_ltma,sim_user,llm_training,gpu:1,ltma
75.1,2026-01-01 00:01:15.100000+00:00,,syn-attack-ltma-201,ltma-irregular-primary,irregular,,0.55,0.5,0,10.0,180.83295330491453,71.53489727389756,40.72865676636889,2042.389764413878,47.99712884316282,3369.17930507065,100.0,100.0,True,,synthetic_ltma,sim_user,llm_training,gpu:1,ltma
75.2,2026-01-01 00:01:15.200000+00:00,,syn-attack-ltma-201,ltma-irregular-primary,irregular,,0.55,0.5,0,10.0,180.15200062370192,67.04987543613461,40.31927154668221,1999.2910716373096,46.860257130856446,3253.9655874557443,100.0,100.0,True,,synthetic_ltma,sim_user,llm_training,gpu:1,ltma
75.3,2026-01-01 00:01:15.300000+00:00,,syn-attack-ltma-201,ltma-irregular-primary,irregular,,0.55,0.5,0,10.0,182.03628647951956,72.53086903818314,36.61669547852338,2004.7375363387719,48.62969386210622,3014.5796880701637,100.0,100.0,True,,synthetic_ltma,sim_user,llm_training,gpu:1,ltma
75.4,2026-01-01 00:01:15.400000+00:00,,syn-attack-ltma-201,ltma-irregular-primary,irregular,,0.55,0.5,0,10.0,193.93543167392025,91.13877160521487,47.349635983537816,2511.9793603975945,54.01993718932141,3817.4403752792523,100.0,100.0,True,,synthetic_ltma,sim_user,llm_training,gpu:1,ltma
75.5,2026-01-01 00:01:15.500000+00:00,,syn-attack-ltma-201,ltma-irregular-primary,irregular,,0.55,0.5,0,10.0,192.86541744796958,86.80569170888778,47.44824897841911,2362.3243817673933,52.97190108549727,3925.567461088215,100.0,100.0,True,,synthetic_ltma,sim_user,llm_training,gpu:1,ltma
75.6,2026-01-01 00:01:15.600000+00:00,,syn-attack-ltma-201,ltma-irregular-primary,irregular,,0.55,0.5,0,10.0,196.42035399147423,83.82158279301132,46.918873234204284,2265.0361185504426,51.94411547329164,3742.9407351268874,100.0,100.0,True,,synthetic_ltma,sim_user,llm_training,gpu:1,ltma
75.7,2026-01-01 00:01:15.700000+00:00,,syn-attack-ltma-201,ltma-irregular-primary,irregular,,0.55,0.5,0,10.0,192.02079073399824,72.69577622406496,44.99475519322528,2032.115148646467,48.909906653433445,3530.388213602226,100.0,100.0,True,,synthetic_ltma,sim_user,llm_training,gpu:1,ltma
75.8,2026-01-01 00:01:15.800000+00:00,,syn-attack-ltma-201,ltma-irregular-primary,irregular,,0.55,0.5,0,10.0,184.1128247109321,63.56937567992223,41.60382846014711,1778.1819393919252,46.29690624390697,3270.048352641754,100.0,100.0,True,,synthetic_ltma,sim_user,llm_training,gpu:1,ltma
75.9,2026-01-01 00:01:15.900000+00:00,,syn-attack-ltma-201,ltma-irregular-primary,irregular,,0.55,0.5,0,10.0,178.44108728514493,78.61341734188552,39.56901261708111,2196.246735913593,50.45996823748228,3250.558924704292,100.0,100.0,True,,synthetic_ltma,sim_user,llm_training,gpu:1,ltma
76.0,2026-01-01 00:01:16+00:00,,syn-attack-ltma-201,ltma-irregular-primary,irregular,,0.55,0.5,0,10.0,182.67170566163122,74.2271924447882,43.492521502751565,2005.0389769593512,49.174751787254195,3431.6090752825826,100.0,100.0,True,,synthetic_ltma,sim_user,llm_training,gpu:1,ltma
76.1,2026-01-01 00:01:16.100000+00:00,,syn-attack-ltma-201,ltma-irregular-primary,irregular,,0.55,0.5,0,10.0,179.6290401745552,83.49973055039612,43.07555178620259,2278.3505712769133,51.71935100119534,3286.5721873670236,100.0,100.0,True,,synthetic_ltma,sim_user,llm_training,gpu:1,ltma
76.2,2026-01-01 00:01:16.200000+00:00,,syn-attack-ltma-201,ltma-irregular-primary,irregular,,0.55,0.5,0,10.0,180.48239212357169,94.82719710359638,50.57706499107912,2520.0,55.022596387100336,3883.9275611518674,100.0,100.0,True,,synthetic_ltma,sim_user,llm_training,gpu:1,ltma
76.3,2026-01-01 00:01:16.300000+00:00,,syn-attack-ltma-201,ltma-irregular-primary,irregular,,0.55,0.5,0,10.0,180.55729121419728,82.20360645765601,47.126207533078045,2278.2633585111694,51.26493349543542,3746.5904191776367,100.0,100.0,True,,synthetic_ltma,sim_user,llm_training,gpu:1,ltma
76.4,2026-01-01 00:01:16.400000+00:00,,syn-attack-ltma-201,ltma-irregular-primary,irregular,,0.55,0.5,0,10.0,179.49170760243365,80.0017638374847,43.858118503399254,2235.2970305321796,50.34657144711824,3524.1269485134358,100.0,100.0,True,,synthetic_ltma,sim_user,llm_training,gpu:1,ltma
76.5,2026-01-01 00:01:16.500000+00:00,,syn-attack-ltma-201,ltma-irregular-primary,irregular,,0.55,0.5,0,10.0,191.95031476518324,83.22206356614386,45.90414604693381,2295.8927728085728,51.339044167487344,3565.2897021431636,100.0,100.0,True,,synthetic_ltma,sim_user,llm_training,gpu:1,ltma
76.6,2026-01-01 00:01:16.600000+00:00,,syn-attack-ltma-201,ltma-irregular-primary,irregular,,0.55,0.5,0,10.0,183.7882242933356,66.87159620856929,34.641204522378246,1865.3693588651633,46.47284221627299,2919.3216052234097,100.0,100.0,True,,synthetic_ltma,sim_user,llm_training,gpu:1,ltma
76.7,2026-01-01 00:01:16.700000+00:00,,syn-attack-ltma-201,ltma-irregular-primary,irregular,,0.55,0.5,0,10.0,190.19172075815135,85.92502224911746,45.74328472997035,2351.1472024540967,51.87887508798416,3681.2734975693797,100.0,100.0,True,,synthetic_ltma,sim_user,llm_training,gpu:1,ltma
76.8,2026-01-01 00:01:16.800000+00:00,,syn-attack-ltma-201,ltma-irregular-primary,irregular,,0.55,0.5,0,10.0,86.4443695517032,20.776601615882534,12.453368526966285,756.5771222779232,33.7545506525442,1260.1241847544413,100.0,100.0,True,,synthetic_ltma,sim_user,llm_training,gpu:1,ltma
76.9,2026-01-01 00:01:16.900000+00:00,,syn-attack-ltma-201,ltma-irregular-primary,irregular,,0.55,0.5,0,10.0,87.8185151738549,15.78177350153572,18.91929645425197,627.0738577891055,32.34820108747815,1826.7144975548542,100.0,100.0,True,,synthetic_ltma,sim_user,llm_training,gpu:1,ltma
77.0,2026-01-01 00:01:17+00:00,,syn-attack-ltma-201,ltma-irregular-primary,irregular,,0.55,0.5,0,10.0,80.48987142049364,18.341279284573737,3.4179726321971975,627.5284030187091,33.09782347874055,755.1799488028347,100.0,100.0,True,,synthetic_ltma,sim_user,llm_training,gpu:1,ltma
77.1,2026-01-01 00:01:17.100000+00:00,,syn-attack-ltma-201,ltma-irregular-primary,irregular,,0.55,0.5,0,10.0,89.25830397417496,16.608812121641144,12.332920328580915,589.296219791351,32.44574385685653,1407.1144185033627,100.0,100.0,True,,synthetic_ltma,sim_user,llm_training,gpu:1,ltma
77.2,2026-01-01 00:01:17.200000+00:00,,syn-attack-ltma-201,ltma-irregular-primary,irregular,,0.55,0.5,0,10.0,82.11764609596185,19.58319292910816,12.088364374399404,658.6437373057639,33.612692441830774,1352.928054446634,100.0,100.0,True,,synthetic_ltma,sim_user,llm_training,gpu:1,ltma
77.3,2026-01-01 00:01:17.300000+00:00,,syn-attack-ltma-201,ltma-irregular-primary,irregular,,0.55,0.5,0,10.0,74.65201754145664,39.13095180576043,23.69338248319221,1193.0712618622708,39.23172683499648,2153.4954773837767,100.0,100.0,True,,synthetic_ltma,sim_user,llm_training,gpu:1,ltma
77.4,2026-01-01 00:01:17.400000+00:00,,syn-attack-ltma-201,ltma-irregular-primary,irregular,,0.55,0.5,0,10.0,78.76921850516766,11.662097049624517,10.546271277899741,510.0751623721572,31.680453320297453,1016.1339845165237,100.0,100.0,True,,synthetic_ltma,sim_user,llm_training,gpu:1,ltma
77.5,2026-01-01 00:01:17.500000+00:00,,syn-attack-ltma-201,ltma-irregular-primary,irregular,,0.55,0.5,0,10.0,74.1374313268756,19.47421964070266,11.348116956135897,723.2607518449976,34.04751643017873,1242.2315358703527,100.0,100.0,True,,synthetic_ltma,sim_user,llm_training,gpu:1,ltma
77.6,2026-01-01 00:01:17.600000+00:00,,syn-attack-ltma-201,ltma-irregular-primary,irregular,,0.55,0.5,0,10.0,70.4627510966206,21.24525510212745,8.932415736004115,771.8401654945102,34.25601967525458,1090.7561803730337,100.0,100.0,True,,synthetic_ltma,sim_user,llm_training,gpu:1,ltma
77.7,2026-01-01 00:01:17.700000+00:00,,syn-attack-ltma-201,ltma-irregular-primary,irregular,,0.55,0.5,0,10.0,72.2421003437149,25.770834079988525,9.270209878629265,859.7459164263465,35.27667597418605,1160.575862905763,100.0,100.0,True,,synthetic_ltma,sim_user,llm_training,gpu:1,ltma
77.8,2026-01-01 00:01:17.800000+00:00,,syn-attack-ltma-201,ltma-irregular-primary,irregular,,0.55,0.5,0,10.0,82.6474851426106,17.936676248485853,15.467531729783698,649.1839038051869,32.80321415545473,1459.1657643188205,100.0,100.0,True,,synthetic_ltma,sim_user,llm_training,gpu:1,ltma
77.9,2026-01-01 00:01:17.900000+00:00,,syn-attack-ltma-201,ltma-irregular-primary,irregular,,0.55,0.5,0,10.0,80.90477336537776,30.158776396120693,16.859622269895937,916.9536913984842,36.33717187165748,1443.3978370906236,100.0,100.0,True,,synthetic_ltma,sim_user,llm_training,gpu:1,ltma
78.0,2026-01-01 00:01:18+00:00,,syn-attack-ltma-201,ltma-irregular-primary,irregular,,0.55,0.5,0,10.0,83.18695326274002,14.66450254477553,5.640539028163461,631.5774102184218,32.26265284523615,911.0884432068833,100.0,100.0,True,,synthetic_ltma,sim_user,llm_training,gpu:1,ltma
78.1,2026-01-01 00:01:18.100000+00:00,,syn-attack-ltma-201,ltma-irregular-primary,irregular,,0.55,0.5,0,10.0,82.88805027187391,23.706259080970526,11.768758963613042,782.0708243562996,34.67689544455935,1143.6218210684997,100.0,100.0,True,,synthetic_ltma,sim_user,llm_training,gpu:1,ltma
78.2,2026-01-01 00:01:18.200000+00:00,,syn-attack-ltma-201,ltma-irregular-primary,irregular,,0.55,0.5,0,10.0,90.9069942309471,14.186839429246485,11.57016681980091,621.0922001215839,32.111800969448275,1267.694929428937,100.0,100.0,True,,synthetic_ltma,sim_user,llm_training,gpu:1,ltma
78.3,2026-01-01 00:01:18.300000+00:00,,syn-attack-ltma-201,ltma-irregular-primary,irregular,,0.55,0.5,0,10.0,82.41313558887677,18.21556055625079,14.168658284693711,657.9513783953852,33.2544589099549,1430.9090733763867,100.0,100.0,True,,synthetic_ltma,sim_user,llm_training,gpu:1,ltma
78.4,2026-01-01 00:01:18.400000+00:00,,syn-attack-ltma-201,ltma-irregular-primary,irregular,,0.55,0.5,0,10.0,81.93193861181942,15.333574206592193,10.607577646790473,611.8702334426345,32.34952707646731,1231.6080140214053,100.0,100.0,True,,synthetic_ltma,sim_user,llm_training,gpu:1,ltma
78.5,2026-01-01 00:01:18.500000+00:00,,syn-attack-ltma-201,ltma-irregular-primary,irregular,,0.55,0.5,0,10.0,70.53223377482513,21.292765878587005,9.036998036038014,695.8820412439821,34.41349944986698,1185.2537670862068,100.0,100.0,True,,synthetic_ltma,sim_user,llm_training,gpu:1,ltma
78.6,2026-01-01 00:01:18.600000+00:00,,syn-attack-ltma-201,ltma-irregular-primary,irregular,,0.55,0.5,0,10.0,47.79427192675729,0.0,5.412769768306931,242.68932084522908,28.557892289570514,922.5470973085643,100.0,100.0,True,,synthetic_ltma,sim_user,llm_training,gpu:1,ltma
78.7,2026-01-01 00:01:18.700000+00:00,,syn-attack-ltma-201,ltma-irregular-primary,irregular,,0.55,0.5,0,10.0,47.02274713885117,5.629643265197727,0.0,375.1637691767388,30.358044490426263,495.8152936363298,100.0,100.0,True,,synthetic_ltma,sim_user,llm_training,gpu:1,ltma
78.8,2026-01-01 00:01:18.800000+00:00,,syn-attack-ltma-201,ltma-irregular-primary,irregular,,0.55,0.5,0,10.0,54.15197473570613,7.0556874878950495,7.629730616216927,321.29982364945664,30.591294963858157,1149.9042076279682,100.0,100.0,True,,synthetic_ltma,sim_user,llm_training,gpu:1,ltma
78.9,2026-01-01 00:01:18.900000+00:00,,syn-attack-ltma-201,ltma-irregular-primary,irregular,,0.55,0.5,0,10.0,49.68414671564831,3.355254932321711,0.0,273.38731789811783,29.29182052927831,453.37001491467123,100.0,100.0,True,,synthetic_ltma,sim_user,llm_training,gpu:1,ltma
79.0,2026-01-01 00:01:19+00:00,,syn-attack-ltma-201,ltma-irregular-primary,irregular,,0.55,0.5,0,10.0,50.26145877902758,0.0,0.0,210.0,28.215044805905997,395.77197039574116,100.0,100.0,True,,synthetic_ltma,sim_user,llm_training,gpu:1,ltma
79.1,2026-01-01 00:01:19.100000+00:00,,syn-attack-ltma-201,ltma-irregular-primary,irregular,,0.55,0.5,0,10.0,46.753784545273646,15.402974106310293,13.241468203522492,567.1038496916643,32.41019665042528,1215.7224702091667,100.0,100.0,True,,synthetic_ltma,sim_user,llm_training,gpu:1,ltma
79.2,2026-01-01 00:01:19.200000+00:00,,syn-attack-ltma-201,ltma-irregular-primary,irregular,,0.55,0.5,0,10.0,45.11259411517257,20.968025714927293,14.16262673924586,645.3871373897766,33.85580316155439,1382.291189989859,100.0,100.0,True,,synthetic_ltma,sim_user,llm_training,gpu:1,ltma
79.3,2026-01-01 00:01:19.300000+00:00,,syn-attack-ltma-201,ltma-irregular-primary,irregular,,0.55,0.5,0,10.0,47.89789008131848,3.055003612884849,1.7061644682464705,255.78657964027133,28.846407673106345,683.2088773176713,100.0,100.0,True,,synthetic_ltma,sim_user,llm_training,gpu:1,ltma
79.4,2026-01-01 00:01:19.400000+00:00,,syn-attack-ltma-201,ltma-irregular-primary,irregular,,0.55,0.5,0,10.0,43.26954945628556,10.111116811248706,0.0,450.13439277643573,30.6231123835691,480.7258547666905,100.0,100.0,True,,synthetic_ltma,sim_user,llm_training,gpu:1,ltma
79.5,2026-01-01 00:01:19.500000+00:00,,syn-attack-ltma-201,ltma-irregular-primary,irregular,,0.55,0.5,0,10.0,51.71109874368793,7.168839419011522,0.9725559712334411,422.5398118834869,29.51633629859153,583.5284163749584,100.0,100.0,True,,synthetic_ltma,sim_user,llm_training,gpu:1,ltma
79.6,2026-01-01 00:01:19.600000+00:00,,syn-attack-ltma-201,ltma-irregular-primary,irregular,,0.55,0.5,0,10.0,54.97010172006503,8.738606248066327,8.208407189737414,425.3995459951015,30.046225705823193,1082.0545948008119,100.0,100.0,True,,synthetic_ltma,sim_user,llm_training,gpu:1,ltma
79.7,2026-01-01 00:01:19.700000+00:00,,syn-attack-ltma-201,ltma-irregular-primary,irregular,,0.55,0.5,0,10.0,51.21041061187253,2.771561656602999,6.4756514789557595,224.10446244203982,28.510538463588663,712.2769998065972,100.0,100.0,True,,synthetic_ltma,sim_user,llm_training,gpu:1,ltma
79.8,2026-01-01 00:01:19.800000+00:00,,syn-attack-ltma-201,ltma-irregular-primary,irregular,,0.55,0.5,0,10.0,48.77686601380489,14.113039683032676,3.9311337859670124,575.2612799769074,31.767090800669816,813.1482796985443,100.0,100.0,True,,synthetic_ltma,sim_user,llm_training,gpu:1,ltma
79.9,2026-01-01 00:01:19.900000+00:00,,syn-attack-ltma-201,ltma-irregular-primary,irregular,,0.55,0.5,0,10.0,46.5167981056061,7.2036268591325765,4.152070367177142,355.086651340469,29.82779389994658,776.8393883660959,100.0,100.0,True,,synthetic_ltma,sim_user,llm_training,gpu:1,ltma
80.0,2026-01-01 00:01:20+00:00,,syn-attack-ltma-201,ltma-irregular-primary,irregular,,0.55,0.5,0,10.0,51.665327920470446,12.967460697591347,6.8776334880999315,506.5618286764122,31.341724515209673,1113.955973375637,100.0,100.0,True,,synthetic_ltma,sim_user,llm_training,gpu:1,ltma
80.1,2026-01-01 00:01:20.100000+00:00,,syn-attack-ltma-201,ltma-irregular-primary,irregular,,0.55,0.5,0,10.0,59.79075016604321,0.0,0.2690978298071759,231.36966907812518,27.659184016452166,524.8396520018498,100.0,100.0,True,,synthetic_ltma,sim_user,llm_training,gpu:1,ltma
80.2,2026-01-01 00:01:20.200000+00:00,,syn-attack-ltma-201,ltma-irregular-primary,irregular,,0.55,0.5,0,10.0,56.27695513640819,13.267898481713164,10.22068290104332,512.1965497987229,31.312640423727718,1167.542415342937,100.0,100.0,True,,synthetic_ltma,sim_user,llm_training,gpu:1,ltma
80.3,2026-01-01 00:01:20.300000+00:00,,syn-attack-ltma-201,ltma-irregular-primary,irregular,,0.55,0.5,0,10.0,55.66386542505302,9.448766675019055,0.0,486.9680918750093,30.1580338755309,586.882964985951,100.0,100.0,True,,synthetic_ltma,sim_user,llm_training,gpu:1,ltma
80.4,2026-01-01 00:01:20.400000+00:00,,syn-attack-ltma-201,ltma-irregular-primary,irregular,,0.55,0.5,0,10.0,61.96374722621027,8.088661966423862,8.929281188574315,396.4183479513255,30.13287767458933,1172.7219585946827,100.0,100.0,True,,synthetic_ltma,sim_user,llm_training,gpu:1,ltma
80.5,2026-01-01 00:01:20.500000+00:00,,syn-attack-ltma-201,ltma-irregular-primary,irregular,,0.55,0.5,0,10.0,50.743823327292176,9.572708529484645,11.781705000285214,413.1251447027849,30.419565444021497,1375.2978279830063,100.0,100.0,True,,synthetic_ltma,sim_user,llm_training,gpu:1,ltma
80.6,2026-01-01 00:01:20.600000+00:00,,syn-attack-ltma-201,ltma-irregular-primary,irregular,,0.55,0.5,0,10.0,47.09136853484483,3.6226939956176594,0.0,333.7868474663552,28.695766292634485,536.1266685565845,100.0,100.0,True,,synthetic_ltma,sim_user,llm_training,gpu:1,ltma
80.7,2026-01-01 00:01:20.700000+00:00,,syn-attack-ltma-201,ltma-irregular-primary,irregular,,0.55,0.5,0,10.0,50.70900623206499,5.801260897182629,5.603124136755536,287.6345163583061,29.236404034775298,871.4998845715796,100.0,100.0,True,,synthetic_ltma,sim_user,llm_training,gpu:1,ltma
80.8,2026-01-01 00:01:20.800000+00:00,,syn-attack-ltma-201,ltma-irregular-primary,irregular,,0.55,0.5,0,10.0,41.802847524035585,4.538033081866079,2.0313917327907736,379.97507543276424,29.05474479802982,524.8858225732009,100.0,100.0,True,,synthetic_ltma,sim_user,llm_training,gpu:1,ltma
80.9,2026-01-01 00:01:20.900000+00:00,,syn-attack-ltma-201,ltma-irregular-primary,irregular,,0.55,0.5,0,10.0,43.140142852255295,2.6038355323518454,0.0,256.90228951206063,28.865980686799237,449.1354373216274,100.0,100.0,True,,synthetic_ltma,sim_user,llm_training,gpu:1,ltma
81.0,2026-01-01 00:01:21+00:00,,syn-attack-ltma-201,ltma-irregular-primary,irregular,,0.55,0.5,0,10.0,45.042439211393514,12.323571611650694,10.250967368437088,461.2769002660701,31.98582737291839,1143.878978554043,100.0,100.0,True,,synthetic_ltma,sim_user,llm_training,gpu:1,ltma
81.1,2026-01-01 00:01:21.100000+00:00,,syn-attack-ltma-201,ltma-irregular-primary,irregular,,0.55,0.5,0,10.0,44.14841639886593,10.958401329313068,6.382754117250316,476.8973530695243,31.739747152044025,963.7554748929665,100.0,100.0,True,,synthetic_ltma,sim_user,llm_training,gpu:1,ltma
81.2,2026-01-01 00:01:21.200000+00:00,,syn-attack-ltma-201,ltma-irregular-primary,irregular,,0.55,0.5,0,10.0,47.081471158932246,0.0,0.0,277.317374765546,28.8269217186746,537.9483680976929,100.0,100.0,True,,synthetic_ltma,sim_user,llm_training,gpu:1,ltma
81.3,2026-01-01 00:01:21.300000+00:00,,syn-attack-ltma-201,ltma-irregular-primary,irregular,,0.55,0.5,0,10.0,58.35654596852007,16.406891971740098,9.673676895737916,513.3277859225909,33.38592660103053,1108.0056608044397,100.0,100.0,True,,synthetic_ltma,sim_user,llm_training,gpu:1,ltma
81.4,2026-01-01 00:01:21.400000+00:00,,syn-attack-ltma-201,ltma-irregular-primary,irregular,,0.55,0.5,0,10.0,61.50082289452121,12.945770997042345,3.8360015389312454,478.3666401577891,32.65056118480241,679.348713274686,100.0,100.0,True,,synthetic_ltma,sim_user,llm_training,gpu:1,ltma
81.5,2026-01-01 00:01:21.500000+00:00,,syn-attack-ltma-201,ltma-irregular-primary,irregular,,0.55,0.5,0,10.0,61.15584152506278,9.538714843166378,7.974277135331055,390.6247098751575,31.550664153645766,940.7452974087468,100.0,100.0,True,,synthetic_ltma,sim_user,llm_training,gpu:1,ltma
81.6,2026-01-01 00:01:21.600000+00:00,,syn-attack-ltma-201,ltma-irregular-primary,irregular,,0.55,0.5,0,10.0,55.76024104477075,12.134686880141585,9.47392347026127,463.6085678822578,31.94665634791024,1103.0279961192298,100.0,100.0,True,,synthetic_ltma,sim_user,llm_training,gpu:1,ltma
81.7,2026-01-01 00:01:21.700000+00:00,,syn-attack-ltma-201,ltma-irregular-primary,irregular,,0.55,0.5,0,10.0,54.67740801998485,24.068042754224173,17.62395090942707,768.7586032533022,35.135995309737524,1646.7010642041082,100.0,100.0,True,,synthetic_ltma,sim_user,llm_training,gpu:1,ltma
81.8,2026-01-01 00:01:21.800000+00:00,,syn-attack-ltma-201,ltma-irregular-primary,irregular,,0.55,0.5,0,10.0,47.96877360935375,0.0,3.270117082948467,210.0,28.083575917320154,578.3341049075086,100.0,100.0,True,,synthetic_ltma,sim_user,llm_training,gpu:1,ltma
81.9,2026-01-01 00:01:21.900000+00:00,,syn-attack-ltma-201,ltma-irregular-primary,irregular,,0.55,0.5,0,10.0,53.28107310830507,5.456685557124052,0.0,360.5948185814241,29.072117656155783,570.7453655178177,100.0,100.0,True,,synthetic_ltma,sim_user,llm_training,gpu:1,ltma
82.0,2026-01-01 00:01:22+00:00,,syn-attack-ltma-201,ltma-irregular-primary,irregular,,0.55,0.5,0,10.0,56.95487398010993,15.613362026123825,6.818999352380952,534.9946735328926,32.03735493075241,976.6849445451494,100.0,100.0,True,,synthetic_ltma,sim_user,llm_training,gpu:1,ltma
82.1,2026-01-01 00:01:22.100000+00:00,,syn-attack-ltma-201,ltma-irregular-primary,irregular,,0.55,0.5,0,10.0,67.22829865831122,24.21743987434934,15.21707676308729,781.4758452789744,34.647103209255654,1661.5005075778822,100.0,100.0,True,,synthetic_ltma,sim_user,llm_training,gpu:1,ltma
82.2,2026-01-01 00:01:22.200000+00:00,,syn-attack-ltma-201,ltma-irregular-primary,irregular,,0.55,0.5,0,10.0,64.81773443032534,15.274561219254762,7.197007389667968,569.7352340720801,32.074467512877334,972.5880644865546,100.0,100.0,True,,synthetic_ltma,sim_user,llm_training,gpu:1,ltma
82.3,2026-01-01 00:01:22.300000+00:00,,syn-attack-ltma-201,ltma-irregular-primary,irregular,,0.55,0.5,0,10.0,59.5001296158732,4.692501951660963,6.096556433128835,332.8180505320212,28.819899771713338,889.947859750559,100.0,100.0,True,,synthetic_ltma,sim_user,llm_training,gpu:1,ltma
82.4,2026-01-01 00:01:22.400000+00:00,,syn-attack-ltma-201,ltma-irregular-primary,irregular,,0.55,0.5,0,10.0,52.40737326950951,22.78313839117351,12.020569857658758,695.0233801278214,34.1362716920989,1234.6259205252275,100.0,100.0,True,,synthetic_ltma,sim_user,llm_training,gpu:1,ltma
82.5,2026-01-01 00:01:22.500000+00:00,,syn-attack-ltma-201,ltma-irregular-primary,irregular,,0.55,0.5,0,10.0,55.90415151408195,9.921937657830606,12.249903181654084,492.1456071093987,30.820984500126425,1355.8567757217652,100.0,100.0,True,,synthetic_ltma,sim_user,llm_training,gpu:1,ltma
82.6,2026-01-01 00:01:22.600000+00:00,,syn-attack-ltma-201,ltma-irregular-primary,irregular,,0.55,0.5,0,10.0,45.02827303677439,21.630018201538025,11.785191319719528,805.3931276987709,34.083317625909,1420.405790560927,100.0,100.0,True,,synthetic_ltma,sim_user,llm_training,gpu:1,ltma
82.7,2026-01-01 00:01:22.700000+00:00,,syn-attack-ltma-201,ltma-irregular-primary,irregular,,0.55,0.5,0,10.0,43.3887375000995,4.38216663367907,0.0,323.46672046005597,29.429543301506808,482.72664990262496,100.0,100.0,True,,synthetic_ltma,sim_user,llm_training,gpu:1,ltma
82.8,2026-01-01 00:01:22.800000+00:00,,syn-attack-ltma-201,ltma-irregular-primary,irregular,,0.55,0.5,0,10.0,52.999262266063845,4.906079233708185,0.3033936496184051,313.86585206023847,29.85916000020888,594.0252563405596,100.0,100.0,True,,synthetic_ltma,sim_user,llm_training,gpu:1,ltma
82.9,2026-01-01 00:01:22.900000+00:00,,syn-attack-ltma-201,ltma-irregular-primary,irregular,,0.55,0.5,0,10.0,50.36538283413234,4.674755639759546,4.974941214858114,349.53447823347926,29.658473706223884,833.4273522818376,100.0,100.0,True,,synthetic_ltma,sim_user,llm_training,gpu:1,ltma
83.0,2026-01-01 00:01:23+00:00,,syn-attack-ltma-201,ltma-irregular-primary,irregular,,0.55,0.5,0,10.0,45.97484087217567,13.765700978740412,5.300740943731501,525.670274096105,31.97892085132031,801.9706905139941,100.0,100.0,True,,synthetic_ltma,sim_user,llm_training,gpu:1,ltma
83.1,2026-01-01 00:01:23.100000+00:00,,syn-attack-ltma-201,ltma-irregular-primary,irregular,,0.55,0.5,0,10.0,48.912778004039204,11.444930097675861,4.817113248699599,505.73639519134224,31.35703218364571,890.9049330619589,100.0,100.0,True,,synthetic_ltma,sim_user,llm_training,gpu:1,ltma
83.2,2026-01-01 00:01:23.200000+00:00,,syn-attack-ltma-201,ltma-irregular-primary,irregular,,0.55,0.5,0,10.0,47.67917598769379,5.114897657595023,5.186625723681923,317.066722590821,29.669587214329496,794.3940799230986,100.0,100.0,True,,synthetic_ltma,sim_user,llm_training,gpu:1,ltma
83.3,2026-01-01 00:01:23.300000+00:00,,syn-attack-ltma-201,ltma-irregular-primary,irregular,,0.55,0.5,0,10.0,43.78351709628328,10.273628050534066,1.0606459722630595,435.07300422054175,30.777938339034037,585.3986098737461,100.0,100.0,True,,synthetic_ltma,sim_user,llm_training,gpu:1,ltma
83.4,2026-01-01 00:01:23.400000+00:00,,syn-attack-ltma-201,ltma-irregular-primary,irregular,,0.55,0.5,0,10.0,43.05087664090639,0.0,0.0,210.0,27.6568955369606,602.2525835532708,100.0,100.0,True,,synthetic_ltma,sim_user,llm_training,gpu:1,ltma
83.5,2026-01-01 00:01:23.500000+00:00,,syn-attack-ltma-201,ltma-irregular-primary,irregular,,0.55,0.5,0,10.0,55.56771846964558,0.0,0.17788634864389305,210.0,27.604819353858137,431.8663231899515,100.0,100.0,True,,synthetic_ltma,sim_user,llm_training,gpu:1,ltma
83.6,2026-01-01 00:01:23.600000+00:00,,syn-attack-ltma-201,ltma-irregular-primary,irregular,,0.55,0.5,0,10.0,63.94503345933285,11.625439878242979,3.888391947723671,522.7889485214445,30.84505903046455,796.4812407010023,100.0,100.0,True,,synthetic_ltma,sim_user,llm_training,gpu:1,ltma
83.7,2026-01-01 00:01:23.700000+00:00,,syn-attack-ltma-201,ltma-irregular-primary,irregular,,0.55,0.5,0,10.0,59.51296688724994,11.806995553556602,5.6208971569520285,510.9713448792619,31.077852087155087,974.4084048530352,100.0,100.0,True,,synthetic_ltma,sim_user,llm_training,gpu:1,ltma
83.8,2026-01-01 00:01:23.800000+00:00,,syn-attack-ltma-201,ltma-irregular-primary,irregular,,0.55,0.5,0,10.0,54.85902810906395,6.65312549080158,0.0,360.4286460379642,29.741108263773857,487.1278472344988,100.0,100.0,True,,synthetic_ltma,sim_user,llm_training,gpu:1,ltma
83.9,2026-01-01 00:01:23.900000+00:00,,syn-attack-ltma-201,ltma-irregular-primary,irregular,,0.55,0.5,0,10.0,57.949220850353704,8.242207536962656,13.708956313971902,362.17367637032703,30.19991675438583,1484.7229833226704,100.0,100.0,True,,synthetic_ltma,sim_user,llm_training,gpu:1,ltma
84.0,2026-01-01 00:01:24+00:00,,syn-attack-ltma-201,ltma-irregular-primary,irregular,,0.55,0.5,0,10.0,56.27014794110021,10.842755793151937,13.122497859616855,406.4801311449427,30.7592203612403,1471.6445741314292,100.0,100.0,True,,synthetic_ltma,sim_user,llm_training,gpu:1,ltma
84.1,2026-01-01 00:01:24.100000+00:00,,syn-attack-ltma-201,ltma-irregular-primary,irregular,,0.55,0.5,0,10.0,39.16096514422956,0.0,0.0,215.01439149713298,27.516459346045167,493.15366251127045,100.0,100.0,True,,synthetic_ltma,sim_user,llm_training,gpu:1,ltma
84.2,2026-01-01 00:01:24.200000+00:00,,syn-attack-ltma-201,ltma-irregular-primary,irregular,,0.55,0.5,0,10.0,179.54968063748535,84.69856368375495,41.83297731340613,2303.005996667802,51.55589319722493,3459.5038999740877,100.0,100.0,True,,synthetic_ltma,sim_user,llm_training,gpu:1,ltma
84.3,2026-01-01 00:01:24.300000+00:00,,syn-attack-ltma-201,ltma-irregular-primary,irregular,,0.55,0.5,0,10.0,177.69400749885153,79.89194963971529,41.31534975124013,2230.803367282155,50.454112486983995,3416.881480312707,100.0,100.0,True,,synthetic_ltma,sim_user,llm_training,gpu:1,ltma
84.4,2026-01-01 00:01:24.400000+00:00,,syn-attack-ltma-201,ltma-irregular-primary,irregular,,0.55,0.5,0,10.0,183.2328344473578,86.50696278171881,55.355344274209884,2443.6622426819677,52.364547077682836,4266.998882359894,100.0,100.0,True,,synthetic_ltma,sim_user,llm_training,gpu:1,ltma
84.5,2026-01-01 00:01:24.500000+00:00,,syn-attack-ltma-201,ltma-irregular-primary,irregular,,0.55,0.5,0,10.0,182.6707096923351,78.59222676174241,36.12705456161607,2190.383586705743,50.04113821573815,2967.92372111093,100.0,100.0,True,,synthetic_ltma,sim_user,llm_training,gpu:1,ltma
84.6,2026-01-01 00:01:24.600000+00:00,,syn-attack-ltma-201,ltma-irregular-primary,irregular,,0.55,0.5,0,10.0,190.48539647985183,96.86732796054415,54.46538545831445,2520.0,54.860952072289514,4254.824311758642,100.0,100.0,True,,synthetic_ltma,sim_user,llm_training,gpu:1,ltma
84.7,2026-01-01 00:01:24.700000+00:00,,syn-attack-ltma-201,ltma-irregular-primary,irregular,,0.55,0.5,0,10.0,188.74296874050805,68.24920906635289,31.239437991640138,1908.5725174842146,47.04033005176937,2651.8816907104683,100.0,100.0,True,,synthetic_ltma,sim_user,llm_training,gpu:1,ltma
84.8,2026-01-01 00:01:24.800000+00:00,,syn-attack-ltma-201,ltma-irregular-primary,irregular,,0.55,0.5,0,10.0,189.3304595884053,79.78416387161953,45.87175670254267,2145.2515072677884,50.15782759201303,3562.0664730289004,100.0,100.0,True,,synthetic_ltma,sim_user,llm_training,gpu:1,ltma
84.9,2026-01-01 00:01:24.900000+00:00,,syn-attack-ltma-201,ltma-irregular-primary,irregular,,0.55,0.5,0,10.0,193.45627528148756,82.48227822750975,52.67333047354267,2280.4990511849037,50.85801589234773,4095.4441940279403,100.0,100.0,True,,synthetic_ltma,sim_user,llm_training,gpu:1,ltma
85.0,2026-01-01 00:01:25+00:00,,syn-attack-ltma-201,ltma-irregular-primary,irregular,,0.55,0.5,0,10.0,188.66027335339388,86.25848087116474,46.85573331139564,2342.0434778548815,52.22622511070274,3875.6982058434933,100.0,100.0,True,,synthetic_ltma,sim_user,llm_training,gpu:1,ltma
85.1,2026-01-01 00:01:25.100000+00:00,,syn-attack-ltma-201,ltma-irregular-primary,irregular,,0.55,0.5,0,10.0,188.13218926833008,94.05353242525642,51.46577479778638,2511.727456430843,53.89692683052677,4293.383091189535,100.0,100.0,True,,synthetic_ltma,sim_user,llm_training,gpu:1,ltma
85.2,2026-01-01 00:01:25.200000+00:00,,syn-attack-ltma-201,ltma-irregular-primary,irregular,,0.55,0.5,0,10.0,190.78603517965388,78.32787192241786,37.27227826905689,2147.59645745009,49.41218652593811,3039.250966833585,100.0,100.0,True,,synthetic_ltma,sim_user,llm_training,gpu:1,ltma
85.3,2026-01-01 00:01:25.300000+00:00,,syn-attack-ltma-201,ltma-irregular-primary,irregular,,0.55,0.5,0,10.0,194.01452835364648,100.0,60.42864631738716,2520.0,55.39358636253064,4659.168727787504,100.0,100.0,True,,synthetic_ltma,sim_user,llm_training,gpu:1,ltma
85.4,2026-01-01 00:01:25.400000+00:00,,syn-attack-ltma-201,ltma-irregular-primary,irregular,,0.55,0.5,0,10.0,180.27170341122093,83.36304605628203,49.16108450595602,2274.9527862108807,50.49389912668958,3956.3819038283445,100.0,100.0,True,,synthetic_ltma,sim_user,llm_training,gpu:1,ltma
85.5,2026-01-01 00:01:25.500000+00:00,,syn-attack-ltma-201,ltma-irregular-primary,irregular,,0.55,0.5,0,10.0,184.22798843483505,91.13797685272188,49.09938603036556,2520.0,52.49270979034909,3824.868662730869,100.0,100.0,True,,synthetic_ltma,sim_user,llm_training,gpu:1,ltma
85.6,2026-01-01 00:01:25.600000+00:00,,syn-attack-ltma-201,ltma-irregular-primary,irregular,,0.55,0.5,0,10.0,185.59219288674433,74.58672973076816,42.970571575254354,2029.0286228834734,47.69585488117732,3302.612268028735,100.0,100.0,True,,synthetic_ltma,sim_user,llm_training,gpu:1,ltma
85.7,2026-01-01 00:01:25.700000+00:00,,syn-attack-ltma-201,ltma-irregular-primary,irregular,,0.55,0.5,0,10.0,189.6041975899717,73.94170168051251,37.55029561433611,2058.3387740213975,47.77303452346847,3108.9800283947206,100.0,100.0,True,,synthetic_ltma,sim_user,llm_training,gpu:1,ltma
85.8,2026-01-01 00:01:25.800000+00:00,,syn-attack-ltma-201,ltma-irregular-primary,irregular,,0.55,0.5,0,10.0,190.91789403142675,79.30919520263446,37.59634956014817,2209.205906666716,49.439123915035374,3061.3888421805805,100.0,100.0,True,,synthetic_ltma,sim_user,llm_training,gpu:1,ltma
85.9,2026-01-01 00:01:25.900000+00:00,,syn-attack-ltma-201,ltma-irregular-primary,irregular,,0.55,0.5,0,10.0,189.5609454438665,86.99583444059618,54.45602230367389,2416.846488446103,51.34485521492304,4155.4019695228535,100.0,100.0,True,,synthetic_ltma,sim_user,llm_training,gpu:1,ltma
86.0,2026-01-01 00:01:26+00:00,,syn-attack-ltma-201,ltma-irregular-primary,irregular,,0.55,0.5,0,10.0,185.69465676233318,73.49732356589263,40.533863765867224,2019.8184102350406,48.03113037009213,3522.498725004021,100.0,100.0,True,,synthetic_ltma,sim_user,llm_training,gpu:1,ltma
86.1,2026-01-01 00:01:26.100000+00:00,,syn-attack-ltma-201,ltma-irregular-primary,irregular,,0.55,0.5,0,10.0,183.97645651397104,69.39707457418035,43.45959849182052,1975.0196313800213,46.999120325137184,3361.5415161318874,100.0,100.0,True,,synthetic_ltma,sim_user,llm_training,gpu:1,ltma
86.2,2026-01-01 00:01:26.200000+00:00,,syn-attack-ltma-201,ltma-irregular-primary,irregular,,0.55,0.5,0,10.0,172.61479533209524,85.44130378642414,44.96982380713339,2302.79094855817,51.52893891382974,3603.5869289846464,100.0,100.0,True,,synthetic_ltma,sim_user,llm_training,gpu:1,ltma
86.3,2026-01-01 00:01:26.300000+00:00,,syn-attack-ltma-201,ltma-irregular-primary,irregular,,0.55,0.5,0,10.0,176.0086991612833,68.6920464271874,30.626127244018758,1924.3436997481265,47.078883314297926,2470.5760408149604,100.0,100.0,True,,synthetic_ltma,sim_user,llm_training,gpu:1,ltma
86.4,2026-01-01 00:01:26.400000+00:00,,syn-attack-ltma-201,ltma-irregular-primary,irregular,,0.55,0.5,0,10.0,185.3958952431579,68.96108973506766,41.31500548102207,1869.9318326794262,47.366102410203084,3423.53476794147,100.0,100.0,True,,synthetic_ltma,sim_user,llm_training,gpu:1,ltma
86.5,2026-01-01 00:01:26.500000+00:00,,syn-attack-ltma-201,ltma-irregular-primary,irregular,,0.55,0.5,0,10.0,185.48383447098547,71.86417170264775,38.20379670078077,1980.77933211016,48.218468702187025,3240.79229771347,100.0,100.0,True,,synthetic_ltma,sim_user,llm_training,gpu:1,ltma
86.6,2026-01-01 00:01:26.600000+00:00,,syn-attack-ltma-201,ltma-irregular-primary,irregular,,0.55,0.5,0,10.0,186.2351718893126,87.02521220670108,43.68702320481043,2348.3662304176405,52.20673912972212,3419.6611111669454,100.0,100.0,True,,synthetic_ltma,sim_user,llm_training,gpu:1,ltma
86.7,2026-01-01 00:01:26.700000+00:00,,syn-attack-ltma-201,ltma-irregular-primary,irregular,,0.55,0.5,0,10.0,194.2055223936896,87.89199162842696,49.14595531122497,2423.8147954490146,52.5899028618131,3957.789566360466,100.0,100.0,True,,synthetic_ltma,sim_user,llm_training,gpu:1,ltma
86.8,2026-01-01 00:01:26.800000+00:00,,syn-attack-ltma-201,ltma-irregular-primary,irregular,,0.55,0.5,0,10.0,188.67759947619635,72.41584826807141,40.49688165806713,1923.415210868693,48.40261388145411,3347.96107917595,100.0,100.0,True,,synthetic_ltma,sim_user,llm_training,gpu:1,ltma
86.9,2026-01-01 00:01:26.900000+00:00,,syn-attack-ltma-201,ltma-irregular-primary,irregular,,0.55,0.5,0,10.0,184.27025301576845,100.0,58.45968881659119,2520.0,56.02856728067285,4439.587660637036,100.0,100.0,True,,synthetic_ltma,sim_user,llm_training,gpu:1,ltma
87.0,2026-01-01 00:01:27+00:00,,syn-attack-ltma-201,ltma-irregular-primary,irregular,,0.55,0.5,0,10.0,183.06114470804346,64.92504423361943,35.01339110808781,1827.1670222285186,46.26061739567198,2788.0042525253084,100.0,100.0,True,,synthetic_ltma,sim_user,llm_training,gpu:1,ltma
87.1,2026-01-01 00:01:27.100000+00:00,,syn-attack-ltma-201,ltma-irregular-primary,irregular,,0.55,0.5,0,10.0,174.99340973211247,73.74017625298735,43.02221218391535,2042.215234497502,48.826888623048625,3445.4889891185494,100.0,100.0,True,,synthetic_ltma,sim_user,llm_training,gpu:1,ltma
87.2,2026-01-01 00:01:27.200000+00:00,,syn-attack-ltma-201,ltma-irregular-primary,irregular,,0.55,0.5,0,10.0,174.5530649424245,75.01792291392952,37.45861508700701,2056.8339066000904,49.32185305791653,3183.5476241417837,100.0,100.0,True,,synthetic_ltma,sim_user,llm_training,gpu:1,ltma
87.3,2026-01-01 00:01:27.300000+00:00,,syn-attack-ltma-201,ltma-irregular-primary,irregular,,0.55,0.5,0,10.0,180.37754199435875,83.62338953016429,42.98824063519497,2349.126745866119,51.84434660619499,3365.735638234771,100.0,100.0,True,,synthetic_ltma,sim_user,llm_training,gpu:1,ltma
87.4,2026-01-01 00:01:27.400000+00:00,,syn-attack-ltma-201,ltma-irregular-primary,irregular,,0.55,0.5,0,10.0,54.81322175730152,8.15281850851147,6.936148739834991,490.69857563010476,30.755078339820226,809.9290594164192,100.0,100.0,True,,synthetic_ltma,sim_user,llm_training,gpu:1,ltma
87.5,2026-01-01 00:01:27.500000+00:00,,syn-attack-ltma-201,ltma-irregular-primary,irregular,,0.55,0.5,0,10.0,52.6888797419478,0.0,0.0,210.0,28.456004397526026,486.52190870725644,100.0,100.0,True,,synthetic_ltma,sim_user,llm_training,gpu:1,ltma
87.6,2026-01-01 00:01:27.600000+00:00,,syn-attack-ltma-201,ltma-irregular-primary,irregular,,0.55,0.5,0,10.0,59.82231667732226,3.300224876510006,3.913284935446145,326.36438081126914,29.116170710897787,735.4869761024237,100.0,100.0,True,,synthetic_ltma,sim_user,llm_training,gpu:1,ltma
87.7,2026-01-01 00:01:27.700000+00:00,,syn-attack-ltma-201,ltma-irregular-primary,irregular,,0.55,0.5,0,10.0,61.06189108974766,1.4628751063061731,1.8570696694260462,247.04051844714382,28.473990422323332,533.329472897999,100.0,100.0,True,,synthetic_ltma,sim_user,llm_training,gpu:1,ltma
87.8,2026-01-01 00:01:27.800000+00:00,,syn-attack-ltma-201,ltma-irregular-primary,irregular,,0.55,0.5,0,10.0,59.22518638936869,26.809800580394146,16.355221976883072,879.6601973866524,35.356361201181564,1640.1128007545344,100.0,100.0,True,,synthetic_ltma,sim_user,llm_training,gpu:1,ltma
87.9,2026-01-01 00:01:27.900000+00:00,,syn-attack-ltma-201,ltma-irregular-primary,irregular,,0.55,0.5,0,10.0,62.54785494718763,0.5176832191251464,0.9665393178777445,210.0,27.755351292941114,700.5499150366779,100.0,100.0,True,,synthetic_ltma,sim_user,llm_training,gpu:1,ltma
88.0,2026-01-01 00:01:28+00:00,,syn-attack-ltma-201,ltma-irregular-primary,irregular,,0.55,0.5,0,10.0,63.25444983804307,0.0,0.0,247.98133260749216,27.595989708263932,582.0639199242535,100.0,100.0,True,,synthetic_ltma,sim_user,llm_training,gpu:1,ltma
88.1,2026-01-01 00:01:28.100000+00:00,,syn-attack-ltma-201,ltma-irregular-primary,irregular,,0.55,0.5,0,10.0,66.63823251534266,8.492560413383288,7.802048157747615,435.5598824477168,29.75097831180926,1095.1341121945873,100.0,100.0,True,,synthetic_ltma,sim_user,llm_training,gpu:1,ltma
88.2,2026-01-01 00:01:28.200000+00:00,,syn-attack-ltma-201,ltma-irregular-primary,irregular,,0.55,0.5,0,10.0,60.339844441676874,6.418146675344684,3.051881782081407,396.40252429554687,29.16469995948574,510.37043784931245,100.0,100.0,True,,synthetic_ltma,sim_user,llm_training,gpu:1,ltma
88.3,2026-01-01 00:01:28.300000+00:00,,syn-attack-ltma-201,ltma-irregular-primary,irregular,,0.55,0.5,0,10.0,63.3001878962218,5.764410059324884,7.549147655144098,292.11490729687415,28.8090163941652,947.9501569967848,100.0,100.0,True,,synthetic_ltma,sim_user,llm_training,gpu:1,ltma
88.4,2026-01-01 00:01:28.400000+00:00,,syn-attack-ltma-201,ltma-irregular-primary,irregular,,0.55,0.5,0,10.0,58.985807845683254,5.125457817553114,4.089644422726,354.19090200644195,28.515169090800104,551.4010317777862,100.0,100.0,True,,synthetic_ltma,sim_user,llm_training,gpu:1,ltma
88.5,2026-01-01 00:01:28.500000+00:00,,syn-attack-ltma-201,ltma-irregular-primary,irregular,,0.55,0.5,0,10.0,61.167654508166535,14.537442924474666,9.341447585344076,574.2719766291823,31.23561466246014,1048.3676387151886,100.0,100.0,True,,synthetic_ltma,sim_user,llm_training,gpu:1,ltma
88.6,2026-01-01 00:01:28.600000+00:00,,syn-attack-ltma-201,ltma-irregular-primary,irregular,,0.55,0.5,0,10.0,65.44636856472427,23.3080729770693,10.701923339720114,772.2750571327981,33.981591394741585,1073.8089720686064,100.0,100.0,True,,synthetic_ltma,sim_user,llm_training,gpu:1,ltma
88.7,2026-01-01 00:01:28.700000+00:00,,syn-attack-ltma-201,ltma-irregular-primary,irregular,,0.55,0.5,0,10.0,66.02345682382035,3.766084092412452,4.060200240256118,317.48868709519365,28.677574454849978,598.3155766497646,100.0,100.0,True,,synthetic_ltma,sim_user,llm_training,gpu:1,ltma
88.8,2026-01-01 00:01:28.800000+00:00,,syn-attack-ltma-201,ltma-irregular-primary,irregular,,0.55,0.5,0,10.0,45.75586936007109,9.215781837942348,5.852085424601573,436.5773114349715,30.385649781890397,778.1511782754828,100.0,100.0,True,,synthetic_ltma,sim_user,llm_training,gpu:1,ltma
88.9,2026-01-01 00:01:28.900000+00:00,,syn-attack-ltma-201,ltma-irregular-primary,irregular,,0.55,0.5,0,10.0,51.7172495480619,0.0,3.088848175141198,210.0,28.05523973235101,484.5656357298691,100.0,100.0,True,,synthetic_ltma,sim_user,llm_training,gpu:1,ltma
89.0,2026-01-01 00:01:29+00:00,,syn-attack-ltma-201,ltma-irregular-primary,irregular,,0.55,0.5,0,10.0,51.78700528731429,0.0,4.911449024014441,223.04141811224426,27.997207047770686,700.0089550246454,100.0,100.0,True,,synthetic_ltma,sim_user,llm_training,gpu:1,ltma
89.1,2026-01-01 00:01:29.100000+00:00,,syn-attack-ltma-201,ltma-irregular-primary,irregular,,0.55,0.5,0,10.0,50.920742361184764,6.882628358380572,2.1488356820213754,383.3946422032109,29.73755098085942,649.9629569214991,100.0,100.0,True,,synthetic_ltma,sim_user,llm_training,gpu:1,ltma
89.2,2026-01-01 00:01:29.200000+00:00,,syn-attack-ltma-201,ltma-irregular-primary,irregular,,0.55,0.5,0,10.0,160.2467719689016,63.129934793984816,19.820661906329875,1827.4775114562328,45.443935333561164,1904.2286638336013,100.0,100.0,True,,synthetic_ltma,sim_user,llm_training,gpu:1,ltma
89.3,2026-01-01 00:01:29.300000+00:00,,syn-attack-ltma-201,ltma-irregular-primary,irregular,,0.55,0.5,0,10.0,182.5647007760189,79.89559821383774,49.69380125466973,2242.8194490811115,50.29825743602051,4113.595058653073,100.0,100.0,True,,synthetic_ltma,sim_user,llm_training,gpu:1,ltma
89.4,2026-01-01 00:01:29.400000+00:00,,syn-attack-ltma-201,ltma-irregular-primary,irregular,,0.55,0.5,0,10.0,174.0151986824251,78.33044567421499,46.228723078669766,2141.140048940728,49.69431219355346,3703.7632982236605,100.0,100.0,True,,synthetic_ltma,sim_user,llm_training,gpu:1,ltma
89.5,2026-01-01 00:01:29.500000+00:00,,syn-attack-ltma-201,ltma-irregular-primary,irregular,,0.55,0.5,0,10.0,171.57946710161286,67.69804348720879,41.42348717020468,1927.1840792164298,46.38877752254275,3364.948995200074,100.0,100.0,True,,synthetic_ltma,sim_user,llm_training,gpu:1,ltma
89.6,2026-01-01 00:01:29.600000+00:00,,syn-attack-ltma-201,ltma-irregular-primary,irregular,,0.55,0.5,0,10.0,170.16843792427224,77.69931287910194,43.9287108420845,2154.431069998758,49.1567620900942,3603.641849656541,100.0,100.0,True,,synthetic_ltma,sim_user,llm_training,gpu:1,ltma
89.7,2026-01-01 00:01:29.700000+00:00,,syn-attack-ltma-201,ltma-irregular-primary,irregular,,0.55,0.5,0,10.0,160.21456871456962,63.30160691328955,38.513355577878535,1780.4210465643416,45.06788686443766,3014.6391214133037,100.0,100.0,True,,synthetic_ltma,sim_user,llm_training,gpu:1,ltma
89.8,2026-01-01 00:01:29.800000+00:00,,syn-attack-ltma-201,ltma-irregular-primary,irregular,,0.55,0.5,0,10.0,158.65297747316757,64.88890374894616,34.315534220984546,1844.5751518404556,45.470182972734264,2863.5430068696087,100.0,100.0,True,,synthetic_ltma,sim_user,llm_training,gpu:1,ltma
89.9,2026-01-01 00:01:29.900000+00:00,,syn-attack-ltma-201,ltma-irregular-primary,irregular,,0.55,0.5,0,10.0,161.6027727146313,69.2965599295352,39.23030960175235,2009.6068741284255,46.75960956147219,3227.8326393057478,100.0,100.0,True,,synthetic_ltma,sim_user,llm_training,gpu:1,ltma
90.0,2026-01-01 00:01:30+00:00,,syn-attack-ltma-201,ltma-irregular-primary,irregular,,0.55,0.5,0,10.0,150.9079698661184,65.58206199830906,39.08383970352596,1809.241380516833,45.86331319677974,3264.8909885967173,100.0,100.0,True,,synthetic_ltma,sim_user,llm_training,gpu:1,ltma
90.1,2026-01-01 00:01:30.100000+00:00,,syn-attack-ltma-201,ltma-irregular-primary,irregular,,0.55,0.5,0,10.0,149.2231362701155,54.13064043681916,22.67104999074346,1552.4280686502107,42.730837819481145,2094.664298243765,100.0,100.0,True,,synthetic_ltma,sim_user,llm_training,gpu:1,ltma
90.2,2026-01-01 00:01:30.200000+00:00,,syn-attack-ltma-201,ltma-irregular-primary,irregular,,0.55,0.5,0,10.0,158.81569805017483,67.76374182293787,39.6662037436834,1928.7616857360824,46.728800538021964,3357.622056492402,100.0,100.0,True,,synthetic_ltma,sim_user,llm_training,gpu:1,ltma
90.3,2026-01-01 00:01:30.300000+00:00,,syn-attack-ltma-201,ltma-irregular-primary,irregular,,0.55,0.5,0,10.0,144.53933154035244,47.388169935143765,27.148293324613007,1432.0450997010325,41.38829053189213,2464.2181764892116,100.0,100.0,True,,synthetic_ltma,sim_user,llm_training,gpu:1,ltma
90.4,2026-01-01 00:01:30.400000+00:00,,syn-attack-ltma-201,ltma-irregular-primary,irregular,,0.55,0.5,0,10.0,142.17359447824674,60.20229291205358,25.31612703504338,1719.132090284094,45.300789366276184,2342.695226853873,100.0,100.0,True,,synthetic_ltma,sim_user,llm_training,gpu:1,ltma
90.5,2026-01-01 00:01:30.500000+00:00,,syn-attack-ltma-201,ltma-irregular-primary,irregular,,0.55,0.5,0,10.0,149.60959148219627,64.76041884616959,37.227907973180166,1799.7134632652867,46.55312330190162,3226.0107142123043,100.0,100.0,True,,synthetic_ltma,sim_user,llm_training,gpu:1,ltma
90.6,2026-01-01 00:01:30.600000+00:00,,syn-attack-ltma-201,ltma-irregular-primary,irregular,,0.55,0.5,0,10.0,151.46000183202102,63.99743824679267,36.091590269611665,1877.0248210455875,46.491331758121966,2829.6169746489522,100.0,100.0,True,,synthetic_ltma,sim_user,llm_training,gpu:1,ltma
90.7,2026-01-01 00:01:30.700000+00:00,,syn-attack-ltma-201,ltma-irregular-primary,irregular,,0.55,0.5,0,10.0,148.9407250445511,56.28057307097612,21.453488838585766,1619.336324652907,44.23863959664293,1882.773237937019,100.0,100.0,True,,synthetic_ltma,sim_user,llm_training,gpu:1,ltma
90.8,2026-01-01 00:01:30.800000+00:00,,syn-attack-ltma-201,ltma-irregular-primary,irregular,,0.55,0.5,0,10.0,159.20526441425807,74.07432541433762,39.8542312864149,2141.8374124702314,49.35689000688958,3320.213818132581,100.0,100.0,True,,synthetic_ltma,sim_user,llm_training,gpu:1,ltma
90.9,2026-01-01 00:01:30.900000+00:00,,syn-attack-ltma-201,ltma-irregular-primary,irregular,,0.55,0.5,0,10.0,157.65226326450295,67.73503682661794,35.6558003580117,1911.8808293750526,47.83088812177606,3040.110794910705,100.0,100.0,True,,synthetic_ltma,sim_user,llm_training,gpu:1,ltma
91.0,2026-01-01 00:01:31+00:00,,syn-attack-ltma-201,ltma-irregular-primary,irregular,,0.55,0.5,0,10.0,160.61751168283385,68.57663864218256,40.86883748584126,1911.8540780275766,48.0541705506226,3386.3938381104836,100.0,100.0,True,,synthetic_ltma,sim_user,llm_training,gpu:1,ltma
91.1,2026-01-01 00:01:31.100000+00:00,,syn-attack-ltma-201,ltma-irregular-primary,irregular,,0.55,0.5,0,10.0,159.0562499016385,51.66358636241536,27.20857441031255,1494.417520595816,43.00256389545827,2214.2880944800177,100.0,100.0,True,,synthetic_ltma,sim_user,llm_training,gpu:1,ltma
91.2,2026-01-01 00:01:31.200000+00:00,,syn-attack-ltma-201,ltma-irregular-primary,irregular,,0.55,0.5,0,10.0,160.00051582803619,59.82303820983248,31.9556274730459,1748.848158796819,45.223038760014305,2813.1592036406873,100.0,100.0,True,,synthetic_ltma,sim_user,llm_training,gpu:1,ltma
91.3,2026-01-01 00:01:31.300000+00:00,,syn-attack-ltma-201,ltma-irregular-primary,irregular,,0.55,0.5,0,10.0,166.3803198043767,82.57040503970872,43.232907455573084,2300.238137521343,51.483199023853,3572.433885059851,100.0,100.0,True,,synthetic_ltma,sim_user,llm_training,gpu:1,ltma
91.4,2026-01-01 00:01:31.400000+00:00,,syn-attack-ltma-201,ltma-irregular-primary,irregular,,0.55,0.5,0,10.0,173.38787944686035,79.55842134843846,44.62970219362208,2200.2429915484063,50.779345931640414,3523.825920456958,100.0,100.0,True,,synthetic_ltma,sim_user,llm_training,gpu:1,ltma
91.5,2026-01-01 00:01:31.500000+00:00,,syn-attack-ltma-201,ltma-irregular-primary,irregular,,0.55,0.5,0,10.0,177.74607929987897,74.774003131394,42.97633647057808,2112.6705969524696,49.40347785136094,3510.9173096516124,100.0,100.0,True,,synthetic_ltma,sim_user,llm_training,gpu:1,ltma
91.6,2026-01-01 00:01:31.600000+00:00,,syn-attack-ltma-201,ltma-irregular-primary,irregular,,0.55,0.5,0,10.0,176.0815180552976,81.6137649553601,44.46806090843023,2220.2551404062965,51.403669387197645,3636.6983607459165,100.0,100.0,True,,synthetic_ltma,sim_user,llm_training,gpu:1,ltma
91.7,2026-01-01 00:01:31.700000+00:00,,syn-attack-ltma-201,ltma-irregular-primary,irregular,,0.55,0.5,0,10.0,171.99633487374982,68.3608677087086,41.96793701104486,1873.5340375125675,47.70291578261179,3366.7388288279494,100.0,100.0,True,,synthetic_ltma,sim_user,llm_training,gpu:1,ltma
91.8,2026-01-01 00:01:31.800000+00:00,,syn-attack-ltma-201,ltma-irregular-primary,irregular,,0.55,0.5,0,10.0,167.80069139769589,62.50868155939898,38.03859257680576,1762.948048794187,46.031246981139255,3040.855321203763,100.0,100.0,True,,synthetic_ltma,sim_user,llm_training,gpu:1,ltma
91.9,2026-01-01 00:01:31.900000+00:00,,syn-attack-ltma-201,ltma-irregular-primary,irregular,,0.55,0.5,0,10.0,163.6780231926169,65.1699904760576,40.34789842466145,1841.0474618195178,46.55449729379594,3149.8747456639016,100.0,100.0,True,,synthetic_ltma,sim_user,llm_training,gpu:1,ltma
92.0,2026-01-01 00:01:32+00:00,,syn-attack-ltma-201,ltma-irregular-primary,irregular,,0.55,0.5,0,10.0,150.4192624266664,60.17298764668669,33.55864358350459,1704.885866313227,45.42275699422513,2561.9406692317066,100.0,100.0,True,,synthetic_ltma,sim_user,llm_training,gpu:1,ltma
92.1,2026-01-01 00:01:32.100000+00:00,,syn-attack-ltma-201,ltma-irregular-primary,irregular,,0.55,0.5,0,10.0,154.5821446750703,63.7167743003189,31.220396730201095,1792.921881470908,46.20249318896638,2671.8597783750333,100.0,100.0,True,,synthetic_ltma,sim_user,llm_training,gpu:1,ltma
92.2,2026-01-01 00:01:32.200000+00:00,,syn-attack-ltma-201,ltma-irregular-primary,irregular,,0.55,0.5,0,10.0,158.41235315794282,62.22953783438516,35.0993360167887,1771.1994484311613,45.80243809281997,2853.912402778186,100.0,100.0,True,,synthetic_ltma,sim_user,llm_training,gpu:1,ltma
92.3,2026-01-01 00:01:32.300000+00:00,,syn-attack-ltma-201,ltma-irregular-primary,irregular,,0.55,0.5,0,10.0,160.35870621763232,71.20740502796923,39.38733364695358,1960.653575450276,47.95807633054259,3254.6930001397577,100.0,100.0,True,,synthetic_ltma,sim_user,llm_training,gpu:1,ltma
92.4,2026-01-01 00:01:32.400000+00:00,,syn-attack-ltma-201,ltma-irregular-primary,irregular,,0.55,0.5,0,10.0,166.5805211593769,76.4331158810809,35.493650092465515,2149.770306038451,49.38060802883015,2752.625482244822,100.0,100.0,True,,synthetic_ltma,sim_user,llm_training,gpu:1,ltma
92.5,2026-01-01 00:01:32.500000+00:00,,syn-attack-ltma-201,ltma-irregular-primary,irregular,,0.55,0.5,0,10.0,173.25353010136374,72.2762812948919,43.684523630354036,2029.3308215974546,47.980402846117634,3642.0290471160515,100.0,100.0,True,,synthetic_ltma,sim_user,llm_training,gpu:1,ltma
92.6,2026-01-01 00:01:32.600000+00:00,,syn-attack-ltma-201,ltma-irregular-primary,irregular,,0.55,0.5,0,10.0,171.97160085409362,72.41716472523004,39.19745186629599,2048.3311632412206,48.05137702460765,3405.513476546905,100.0,100.0,True,,synthetic_ltma,sim_user,llm_training,gpu:1,ltma
92.7,2026-01-01 00:01:32.700000+00:00,,syn-attack-ltma-201,ltma-irregular-primary,irregular,,0.55,0.5,0,10.0,175.792119073908,77.97480664464783,45.38119474550774,2154.0115165855045,49.326123268828965,3635.9935402955603,100.0,100.0,True,,synthetic_ltma,sim_user,llm_training,gpu:1,ltma
92.8,2026-01-01 00:01:32.800000+00:00,,syn-attack-ltma-201,ltma-irregular-primary,irregular,,0.55,0.5,0,10.0,175.5772285335733,74.96554247016267,46.639155024947115,2139.7394495818075,48.584647674009055,3587.2997962215227,100.0,100.0,True,,synthetic_ltma,sim_user,llm_training,gpu:1,ltma
92.9,2026-01-01 00:01:32.900000+00:00,,syn-attack-ltma-201,ltma-irregular-primary,irregular,,0.55,0.5,0,10.0,175.7268174585605,85.54446331470919,46.06573196595011,2283.2432679554,51.23714876209701,3794.865715225323,100.0,100.0,True,,synthetic_ltma,sim_user,llm_training,gpu:1,ltma
93.0,2026-01-01 00:01:33+00:00,,syn-attack-ltma-201,ltma-irregular-primary,irregular,,0.55,0.5,0,10.0,176.56021749647203,79.5676789617843,46.626517974419755,2182.8611572611244,49.60324288149503,3660.248243523231,100.0,100.0,True,,synthetic_ltma,sim_user,llm_training,gpu:1,ltma
93.1,2026-01-01 00:01:33.100000+00:00,,syn-attack-ltma-201,ltma-irregular-primary,irregular,,0.55,0.5,0,10.0,177.75056749839533,82.80384216542447,48.093889641581576,2265.541463405129,50.415358350821016,3820.1302278142293,100.0,100.0,True,,synthetic_ltma,sim_user,llm_training,gpu:1,ltma
93.2,2026-01-01 00:01:33.200000+00:00,,syn-attack-ltma-201,ltma-irregular-primary,irregular,,0.55,0.5,0,10.0,171.06686531771285,69.65586864252803,40.62670339406295,1965.019961029492,46.996541221262426,3375.204068374747,100.0,100.0,True,,synthetic_ltma,sim_user,llm_training,gpu:1,ltma
93.3,2026-01-01 00:01:33.300000+00:00,,syn-attack-ltma-201,ltma-irregular-primary,irregular,,0.55,0.5,0,10.0,170.25429190421025,67.4001840261475,42.6028653182281,1944.014733875882,46.3954996367708,3266.8100602510376,100.0,100.0,True,,synthetic_ltma,sim_user,llm_training,gpu:1,ltma
93.4,2026-01-01 00:01:33.400000+00:00,,syn-attack-ltma-201,ltma-irregular-primary,irregular,,0.55,0.5,0,10.0,168.48651681625404,55.07259016309577,30.000701764155675,1560.5748026763135,42.987881680253984,2429.0775255564636,100.0,100.0,True,,synthetic_ltma,sim_user,llm_training,gpu:1,ltma
93.5,2026-01-01 00:01:33.500000+00:00,,syn-attack-ltma-201,ltma-irregular-primary,irregular,,0.55,0.5,0,10.0,167.84403349008534,86.45078986284388,51.40418730493861,2447.547360002046,51.78954417930394,4097.886260014615,100.0,100.0,True,,synthetic_ltma,sim_user,llm_training,gpu:1,ltma
93.6,2026-01-01 00:01:33.600000+00:00,,syn-attack-ltma-201,ltma-irregular-primary,irregular,,0.55,0.5,0,10.0,158.30618932051263,58.84686921558695,29.34780270193552,1702.5163333169678,43.892633380184606,2489.1509768294914,100.0,100.0,True,,synthetic_ltma,sim_user,llm_training,gpu:1,ltma
93.7,2026-01-01 00:01:33.700000+00:00,,syn-attack-ltma-201,ltma-irregular-primary,irregular,,0.55,0.5,0,10.0,156.94366992175205,70.29717380701817,40.30227672328036,2013.173299793666,47.34914641779336,3210.71303420437,100.0,100.0,True,,synthetic_ltma,sim_user,llm_training,gpu:1,ltma
93.8,2026-01-01 00:01:33.800000+00:00,,syn-attack-ltma-201,ltma-irregular-primary,irregular,,0.55,0.5,0,10.0,156.31089499605926,71.7318277001184,43.51212343228193,1973.3121662531228,48.05063830812827,3357.5978794056873,100.0,100.0,True,,synthetic_ltma,sim_user,llm_training,gpu:1,ltma
93.9,2026-01-01 00:01:33.900000+00:00,,syn-attack-ltma-201,ltma-irregular-primary,irregular,,0.55,0.5,0,10.0,153.714240965012,48.372245134756625,25.780109226761883,1376.7492040788654,41.696932192705844,2409.595360222768,100.0,100.0,True,,synthetic_ltma,sim_user,llm_training,gpu:1,ltma
94.0,2026-01-01 00:01:34+00:00,,syn-attack-ltma-201,ltma-irregular-primary,irregular,,0.55,0.5,0,10.0,147.0501017675787,48.09676748008056,22.36127151977486,1390.1520346871553,41.49954902200112,2195.031669365609,100.0,100.0,True,,synthetic_ltma,sim_user,llm_training,gpu:1,ltma
94.1,2026-01-01 00:01:34.100000+00:00,,syn-attack-ltma-201,ltma-irregular-primary,irregular,,0.55,0.5,0,10.0,151.02528891020708,71.64938375227803,35.25375286481514,2015.8946270862723,47.96943962373322,2937.5440278691935,100.0,100.0,True,,synthetic_ltma,sim_user,llm_training,gpu:1,ltma
94.2,2026-01-01 00:01:34.200000+00:00,,syn-attack-ltma-201,ltma-irregular-primary,irregular,,0.55,0.5,0,10.0,154.87555276002547,62.50972947214633,35.49186990102351,1737.7445144404344,45.37991583447106,2959.152012250264,100.0,100.0,True,,synthetic_ltma,sim_user,llm_training,gpu:1,ltma
94.3,2026-01-01 00:01:34.300000+00:00,,syn-attack-ltma-201,ltma-irregular-primary,irregular,,0.55,0.5,0,10.0,152.42698914091167,48.909267360909254,28.795836886510855,1383.9705534799796,41.58699646775958,2448.513470850159,100.0,100.0,True,,synthetic_ltma,sim_user,llm_training,gpu:1,ltma
94.4,2026-01-01 00:01:34.400000+00:00,,syn-attack-ltma-201,ltma-irregular-primary,irregular,,0.55,0.5,0,10.0,151.81669626206485,61.56775004858174,27.48418759817127,1798.2412721813066,45.119926125116116,2308.836525874495,100.0,100.0,True,,synthetic_ltma,sim_user,llm_training,gpu:1,ltma
94.5,2026-01-01 00:01:34.500000+00:00,,syn-attack-ltma-201,ltma-irregular-primary,irregular,,0.55,0.5,0,10.0,162.3735514998753,64.7814921650818,34.85052604871587,1797.057752340093,46.25757731955314,2940.6702678459933,100.0,100.0,True,,synthetic_ltma,sim_user,llm_training,gpu:1,ltma
94.6,2026-01-01 00:01:34.600000+00:00,,syn-attack-ltma-201,ltma-irregular-primary,irregular,,0.55,0.5,0,10.0,161.65249556651233,55.329993022726654,29.486641171743887,1539.131236665301,43.51695537499506,2561.429763407006,100.0,100.0,True,,synthetic_ltma,sim_user,llm_training,gpu:1,ltma
94.7,2026-01-01 00:01:34.700000+00:00,,syn-attack-ltma-201,ltma-irregular-primary,irregular,,0.55,0.5,0,10.0,169.257997224901,83.08920198309535,44.77011009945062,2245.5987031039335,51.04506291390473,3317.808049377236,100.0,100.0,True,,synthetic_ltma,sim_user,llm_training,gpu:1,ltma
94.8,2026-01-01 00:01:34.800000+00:00,,syn-attack-ltma-201,ltma-irregular-primary,irregular,,0.55,0.5,0,10.0,160.57611504531044,68.23300880311567,38.915317280685365,1938.6972584734629,46.97806166866352,3375.13069809129,100.0,100.0,True,,synthetic_ltma,sim_user,llm_training,gpu:1,ltma
94.9,2026-01-01 00:01:34.900000+00:00,,syn-attack-ltma-201,ltma-irregular-primary,irregular,,0.55,0.5,0,10.0,164.31858163327033,71.13542954895198,41.543790688216944,1995.677557391283,48.034169203745684,3350.6354337938938,100.0,100.0,True,,synthetic_ltma,sim_user,llm_training,gpu:1,ltma
95.0,2026-01-01 00:01:35+00:00,,syn-attack-ltma-201,ltma-irregular-primary,irregular,,0.55,0.5,0,10.0,164.5050253042245,62.89277282141576,33.21085046523041,1735.3389357591182,46.14687240340473,2910.0975230769773,100.0,100.0,True,,synthetic_ltma,sim_user,llm_training,gpu:1,ltma
95.1,2026-01-01 00:01:35.100000+00:00,,syn-attack-ltma-201,ltma-irregular-primary,irregular,,0.55,0.5,0,10.0,161.86009718922847,68.82626547296546,43.24750906803246,2018.4658826496866,47.89172530583312,3551.58617276485,100.0,100.0,True,,synthetic_ltma,sim_user,llm_training,gpu:1,ltma
95.2,2026-01-01 00:01:35.200000+00:00,,syn-attack-ltma-201,ltma-irregular-primary,irregular,,0.55,0.5,0,10.0,154.22297983735527,75.5522812996262,33.38990190721714,2032.705485402912,49.86414928821916,2797.7046256756985,100.0,100.0,True,,synthetic_ltma,sim_user,llm_training,gpu:1,ltma
95.3,2026-01-01 00:01:35.300000+00:00,,syn-attack-ltma-201,ltma-irregular-primary,irregular,,0.55,0.5,0,10.0,177.54479584708673,72.96815187843302,44.638368128743146,2026.2775305243163,49.14220646273603,3657.9890583034253,100.0,100.0,True,,synthetic_ltma,sim_user,llm_training,gpu:1,ltma
95.4,2026-01-01 00:01:35.400000+00:00,,syn-attack-ltma-201,ltma-irregular-primary,irregular,,0.55,0.5,0,10.0,158.2253868441797,67.54044908518883,39.72192115894235,1897.2453848097696,47.84156670540077,3302.540285473463,100.0,100.0,True,,synthetic_ltma,sim_user,llm_training,gpu:1,ltma
95.5,2026-01-01 00:01:35.500000+00:00,,syn-attack-ltma-201,ltma-irregular-primary,irregular,,0.55,0.5,0,10.0,154.00637322346842,67.02930271847929,33.28183514611867,1907.9589270312733,47.754919206285,2765.1621629538768,100.0,100.0,True,,synthetic_ltma,sim_user,llm_training,gpu:1,ltma
95.6,2026-01-01 00:01:35.600000+00:00,,syn-attack-ltma-201,ltma-irregular-primary,irregular,,0.55,0.5,0,10.0,156.26583841891164,68.33689689879009,36.61409189234166,1915.6560894510487,48.23353240501754,2973.7110256699298,100.0,100.0,True,,synthetic_ltma,sim_user,llm_training,gpu:1,ltma
95.7,2026-01-01 00:01:35.700000+00:00,,syn-attack-ltma-201,ltma-irregular-primary,irregular,,0.55,0.5,0,10.0,148.29941507172992,55.14220497713791,27.163189887293083,1550.250192569838,44.2468321014913,2381.1668465401003,100.0,100.0,True,,synthetic_ltma,sim_user,llm_training,gpu:1,ltma
95.8,2026-01-01 00:01:35.800000+00:00,,syn-attack-ltma-201,ltma-irregular-primary,irregular,,0.55,0.5,0,10.0,147.44095343311142,65.5008243066924,24.431830461863257,1811.3492940224385,47.268941253478246,2006.8068448106173,100.0,100.0,True,,synthetic_ltma,sim_user,llm_training,gpu:1,ltma
95.9,2026-01-01 00:01:35.900000+00:00,,syn-attack-ltma-201,ltma-irregular-primary,irregular,,0.55,0.5,0,10.0,158.41394410485498,85.88748710942315,46.29694738834517,2309.96460437142,52.657716263540216,3790.5143497544605,100.0,100.0,True,,synthetic_ltma,sim_user,llm_training,gpu:1,ltma
96.0,2026-01-01 00:01:36+00:00,,syn-attack-ltma-201,ltma-irregular-primary,irregular,,0.55,0.5,0,10.0,165.93610588011518,68.35184158682101,35.89211918657597,1986.930478068923,47.76061060359899,2942.5156542110944,100.0,100.0,True,,synthetic_ltma,sim_user,llm_training,gpu:1,ltma
96.1,2026-01-01 00:01:36.100000+00:00,,syn-attack-ltma-201,ltma-irregular-primary,irregular,,0.55,0.5,0,10.0,165.8886615257031,61.1913087979791,26.0453323142442,1684.8132143698467,45.768769652608654,2300.3146969288778,100.0,100.0,True,,synthetic_ltma,sim_user,llm_training,gpu:1,ltma
96.2,2026-01-01 00:01:36.200000+00:00,,syn-attack-ltma-201,ltma-irregular-primary,irregular,,0.55,0.5,0,10.0,172.86966703148454,79.17147396809234,39.663903133469276,2105.414248448942,50.60574011940887,3440.662342905072,100.0,100.0,True,,synthetic_ltma,sim_user,llm_training,gpu:1,ltma
96.3,2026-01-01 00:01:36.300000+00:00,,syn-attack-ltma-201,ltma-irregular-primary,irregular,,0.55,0.5,0,10.0,171.38073703589413,81.5965778075252,42.42865378044092,2219.893137410779,50.73852061224202,3487.2443951104283,100.0,100.0,True,,synthetic_ltma,sim_user,llm_training,gpu:1,ltma
96.4,2026-01-01 00:01:36.400000+00:00,,syn-attack-ltma-201,ltma-irregular-primary,irregular,,0.55,0.5,0,10.0,168.89713505357082,60.33224281567068,38.51003117283149,1694.517784633991,44.995586209136945,3150.9892588358166,100.0,100.0,True,,synthetic_ltma,sim_user,llm_training,gpu:1,ltma
96.5,2026-01-01 00:01:36.500000+00:00,,syn-attack-ltma-201,ltma-irregular-primary,irregular,,0.55,0.5,0,10.0,164.42424750799728,93.67322143387076,49.77934114044326,2517.98687316411,54.31957234443462,3890.1535541887665,100.0,100.0,True,,synthetic_ltma,sim_user,llm_training,gpu:1,ltma
96.6,2026-01-01 00:01:36.600000+00:00,,syn-attack-ltma-201,ltma-irregular-primary,irregular,,0.55,0.5,0,10.0,169.2995785732997,80.03305033696097,42.225794748835426,2184.6735200842277,50.52078060897825,3483.424167533209,100.0,100.0,True,,synthetic_ltma,sim_user,llm_training,gpu:1,ltma
96.7,2026-01-01 00:01:36.700000+00:00,,syn-attack-ltma-201,ltma-irregular-primary,irregular,,0.55,0.5,0,10.0,168.27174670032718,99.34064641411828,49.5161729824582,2520.0,55.76725824339243,3912.7102802591567,100.0,100.0,True,,synthetic_ltma,sim_user,llm_training,gpu:1,ltma
96.8,2026-01-01 00:01:36.800000+00:00,,syn-attack-ltma-201,ltma-irregular-primary,irregular,,0.55,0.5,0,10.0,179.45581879427428,85.65624791038643,42.59180401841182,2389.0996489950785,52.10715335027683,3612.366820241112,100.0,100.0,True,,synthetic_ltma,sim_user,llm_training,gpu:1,ltma
96.9,2026-01-01 00:01:36.900000+00:00,,syn-attack-ltma-201,ltma-irregular-primary,irregular,,0.55,0.5,0,10.0,183.3887264389084,85.60023714976408,48.680021768604924,2300.8005335349544,52.12725872730759,3688.0263613654774,100.0,100.0,True,,synthetic_ltma,sim_user,llm_training,gpu:1,ltma
97.0,2026-01-01 00:01:37+00:00,,syn-attack-ltma-201,ltma-irregular-primary,irregular,,0.55,0.5,0,10.0,179.36398200018664,70.49207455922895,41.09248624714227,1996.2003937159932,47.63749853484483,3545.2993191648357,100.0,100.0,True,,synthetic_ltma,sim_user,llm_training,gpu:1,ltma
97.1,2026-01-01 00:01:37.100000+00:00,,syn-attack-ltma-201,ltma-irregular-primary,irregular,,0.55,0.5,0,10.0,184.11404916642897,86.0114965321134,44.65741359535884,2312.8693110968893,52.236920973217586,3647.7324944455645,100.0,100.0,True,,synthetic_ltma,sim_user,llm_training,gpu:1,ltma
97.2,2026-01-01 00:01:37.200000+00:00,,syn-attack-ltma-201,ltma-irregular-primary,irregular,,0.55,0.5,0,10.0,194.35765603108365,93.4006301491322,55.569224115005106,2498.774030904058,54.653487993831185,4592.290107373841,100.0,100.0,True,,synthetic_ltma,sim_user,llm_training,gpu:1,ltma
97.3,2026-01-01 00:01:37.300000+00:00,,syn-attack-ltma-201,ltma-irregular-primary,irregular,,0.55,0.5,0,10.0,192.4156021749717,92.14120067107915,49.43595107398792,2514.6674892725696,53.87503808009651,3816.7624637845533,100.0,100.0,True,,synthetic_ltma,sim_user,llm_training,gpu:1,ltma
97.4,2026-01-01 00:01:37.400000+00:00,,syn-attack-ltma-201,ltma-irregular-primary,irregular,,0.55,0.5,0,10.0,195.9050201993652,92.035109443212,48.86524783106648,2492.374185601792,53.913590706563504,3897.3717887769435,100.0,100.0,True,,synthetic_ltma,sim_user,llm_training,gpu:1,ltma
97.5,2026-01-01 00:01:37.500000+00:00,,syn-attack-ltma-201,ltma-irregular-primary,irregular,,0.55,0.5,0,10.0,199.00210205835992,92.13516624874583,56.9545759815785,2513.980417351362,53.80280855699724,4339.351152066762,100.0,100.0,True,,synthetic_ltma,sim_user,llm_training,gpu:1,ltma
97.6,2026-01-01 00:01:37.600000+00:00,,syn-attack-ltma-201,ltma-irregular-primary,irregular,,0.55,0.5,0,10.0,184.261600230863,80.0263894192658,49.901943737171564,2225.19349406433,50.203416529303034,3933.378576612488,100.0,100.0,True,,synthetic_ltma,sim_user,llm_training,gpu:1,ltma
97.7,2026-01-01 00:01:37.700000+00:00,,syn-attack-ltma-201,ltma-irregular-primary,irregular,,0.55,0.5,0,10.0,172.93363934873742,80.11659744313698,46.644627913281084,2186.852116018543,50.27457914792375,3796.2229984696633,100.0,100.0,True,,synthetic_ltma,sim_user,llm_training,gpu:1,ltma
97.8,2026-01-01 00:01:37.800000+00:00,,syn-attack-ltma-201,ltma-irregular-primary,irregular,,0.55,0.5,0,10.0,157.33994382750393,54.041626368925975,31.38903356146491,1582.1629775588365,42.87525169211353,2731.5946089608387,100.0,100.0,True,,synthetic_ltma,sim_user,llm_training,gpu:1,ltma
97.9,2026-01-01 00:01:37.900000+00:00,,syn-attack-ltma-201,ltma-irregular-primary,irregular,,0.55,0.5,0,10.0,154.67692512147636,64.27561156310314,36.17842554616892,1799.2160759197525,46.03848997266798,2941.702778263305,100.0,100.0,True,,synthetic_ltma,sim_user,llm_training,gpu:1,ltma
98.0,2026-01-01 00:01:38+00:00,,syn-attack-ltma-201,ltma-irregular-primary,irregular,,0.55,0.5,0,10.0,153.63362563270658,68.34921409011213,31.588550771415854,1911.7960970182714,46.83784147054363,2641.0748330149922,100.0,100.0,True,,synthetic_ltma,sim_user,llm_training,gpu:1,ltma
98.1,2026-01-01 00:01:38.100000+00:00,,syn-attack-ltma-201,ltma-irregular-primary,irregular,,0.55,0.5,0,10.0,165.926131388386,74.07561883112447,37.18905251192251,2067.0700701217665,48.10894314731136,3157.93578255735,100.0,100.0,True,,synthetic_ltma,sim_user,llm_training,gpu:1,ltma
98.2,2026-01-01 00:01:38.200000+00:00,,syn-attack-ltma-201,ltma-irregular-primary,irregular,,0.55,0.5,0,10.0,173.16365580533756,74.87644786866787,30.7677993796285,2096.834180090261,48.264957825208185,2550.878124656314,100.0,100.0,True,,synthetic_ltma,sim_user,llm_training,gpu:1,ltma
98.3,2026-01-01 00:01:38.300000+00:00,,syn-attack-ltma-201,ltma-irregular-primary,irregular,,0.55,0.5,0,10.0,190.6173751864725,85.86272370628663,46.67145484199029,2325.4861883561634,51.08105001793399,3973.1555860467915,100.0,100.0,True,,synthetic_ltma,sim_user,llm_training,gpu:1,ltma
98.4,2026-01-01 00:01:38.400000+00:00,,syn-attack-ltma-201,ltma-irregular-primary,irregular,,0.55,0.5,0,10.0,179.9747738050948,81.3696941850845,44.710754747617194,2249.490014563846,49.864431774376655,3519.1076286751836,100.0,100.0,True,,synthetic_ltma,sim_user,llm_training,gpu:1,ltma
98.5,2026-01-01 00:01:38.500000+00:00,,syn-attack-ltma-201,ltma-irregular-primary,irregular,,0.55,0.5,0,10.0,175.55390696037574,73.0253599323726,44.404185781058615,1986.4380331705456,47.69651352801259,3611.824031153539,100.0,100.0,True,,synthetic_ltma,sim_user,llm_training,gpu:1,ltma
98.6,2026-01-01 00:01:38.600000+00:00,,syn-attack-ltma-201,ltma-irregular-primary,irregular,,0.55,0.5,0,10.0,170.67671093164412,73.9294818905746,43.1399475420797,2070.852925508861,47.644246960657995,3322.160244830374,100.0,100.0,True,,synthetic_ltma,sim_user,llm_training,gpu:1,ltma
98.7,2026-01-01 00:01:38.700000+00:00,,syn-attack-ltma-201,ltma-irregular-primary,irregular,,0.55,0.5,0,10.0,164.84374613426124,77.774508030395,46.906498619524214,2168.846776137085,48.59288483458919,3846.4215783460913,100.0,100.0,True,,synthetic_ltma,sim_user,llm_training,gpu:1,ltma
98.8,2026-01-01 00:01:38.800000+00:00,,syn-attack-ltma-201,ltma-irregular-primary,irregular,,0.55,0.5,0,10.0,161.75248108947716,73.72347994179407,31.126036287037948,2059.735508643963,47.64718597454719,2767.762141354805,100.0,100.0,True,,synthetic_ltma,sim_user,llm_training,gpu:1,ltma
98.9,2026-01-01 00:01:38.900000+00:00,,syn-attack-ltma-201,ltma-irregular-primary,irregular,,0.55,0.5,0,10.0,169.6765708497257,72.13667084138474,35.948536204649805,1992.4272381812996,47.29235456859592,3083.1573729292286,100.0,100.0,True,,synthetic_ltma,sim_user,llm_training,gpu:1,ltma
99.0,2026-01-01 00:01:39+00:00,,syn-attack-ltma-201,ltma-irregular-primary,irregular,,0.55,0.5,0,10.0,176.56291101093217,61.892006331303776,34.21651127652774,1789.209758741222,44.836426005935046,2899.7563494618616,100.0,100.0,True,,synthetic_ltma,sim_user,llm_training,gpu:1,ltma
99.1,2026-01-01 00:01:39.100000+00:00,,syn-attack-ltma-201,ltma-irregular-primary,irregular,,0.55,0.5,0,10.0,180.90286088297614,73.79084741559092,38.20289458301961,2062.7210538494483,48.39061265296446,3196.6107480665833,100.0,100.0,True,,synthetic_ltma,sim_user,llm_training,gpu:1,ltma
99.2,2026-01-01 00:01:39.200000+00:00,,syn-attack-ltma-201,ltma-irregular-primary,irregular,,0.55,0.5,0,10.0,188.27099512988315,86.29947815461882,49.01917798386059,2371.911629251465,52.131427165727395,3724.565516863321,100.0,100.0,True,,synthetic_ltma,sim_user,llm_training,gpu:1,ltma
99.3,2026-01-01 00:01:39.300000+00:00,,syn-attack-ltma-201,ltma-irregular-primary,irregular,,0.55,0.5,0,10.0,189.21302292449832,87.67648250972714,45.4035958329416,2336.136867901152,52.77126049538087,3524.6912980762436,100.0,100.0,True,,synthetic_ltma,sim_user,llm_training,gpu:1,ltma
99.4,2026-01-01 00:01:39.400000+00:00,,syn-attack-ltma-201,ltma-irregular-primary,irregular,,0.55,0.5,0,10.0,196.15813033020868,81.35348725844395,46.75640203503778,2211.4644976581944,51.06644045284658,3825.9472545758103,100.0,100.0,True,,synthetic_ltma,sim_user,llm_training,gpu:1,ltma
99.5,2026-01-01 00:01:39.500000+00:00,,syn-attack-ltma-201,ltma-irregular-primary,irregular,,0.55,0.5,0,10.0,189.2738674113699,88.15348098410075,52.27694722893603,2465.4776026822733,53.11833128671118,4119.614020273918,100.0,100.0,True,,synthetic_ltma,sim_user,llm_training,gpu:1,ltma
99.6,2026-01-01 00:01:39.600000+00:00,,syn-attack-ltma-201,ltma-irregular-primary,irregular,,0.55,0.5,0,10.0,187.41738996782442,85.30611193163276,50.67640193926515,2364.08368470134,52.40813164981674,3917.0927360819414,100.0,100.0,True,,synthetic_ltma,sim_user,llm_training,gpu:1,ltma
99.7,2026-01-01 00:01:39.700000+00:00,,syn-attack-ltma-201,ltma-irregular-primary,irregular,,0.55,0.5,0,10.0,174.07218521462124,84.86827791005071,49.01704101152742,2321.613157597244,52.074871643264856,3930.40395432041,100.0,100.0,True,,synthetic_ltma,sim_user,llm_training,gpu:1,ltma
99.8,2026-01-01 00:01:39.800000+00:00,,syn-attack-ltma-201,ltma-irregular-primary,irregular,,0.55,0.5,0,10.0,171.46235807956947,75.66792046581286,44.586476213547364,2125.573988051729,49.80763219138909,3555.1760201849347,100.0,100.0,True,,synthetic_ltma,sim_user,llm_training,gpu:1,ltma
99.9,2026-01-01 00:01:39.900000+00:00,,syn-attack-ltma-201,ltma-irregular-primary,irregular,,0.55,0.5,0,10.0,168.3468869720037,83.50966915795203,42.20541631406823,2273.5655445784814,51.90530347150283,3347.0137901397306,100.0,100.0,True,,synthetic_ltma,sim_user,llm_training,gpu:1,ltma
100.0,2026-01-01 00:01:40+00:00,,syn-attack-ltma-201,ltma-irregular-primary,irregular,,0.55,0.5,0,10.0,169.05240639127288,75.77982952566254,43.92437439050714,2064.9139839278673,49.72021630093781,3439.614859252855,100.0,100.0,True,,synthetic_ltma,sim_user,llm_training,gpu:1,ltma
100.1,2026-01-01 00:01:40.100000+00:00,,syn-attack-ltma-201,ltma-irregular-primary,irregular,,0.55,0.5,0,10.0,166.5630447272642,75.94078266508859,34.40446688166321,2090.6014130334675,49.73064556881913,2936.6406487078266,100.0,100.0,True,,synthetic_ltma,sim_user,llm_training,gpu:1,ltma
100.2,2026-01-01 00:01:40.200000+00:00,,syn-attack-ltma-201,ltma-irregular-primary,irregular,,0.55,0.5,0,10.0,166.77332026504214,64.2745409953123,35.515629762544805,1809.309638550025,46.58211548891115,3017.1724233160157,100.0,100.0,True,,synthetic_ltma,sim_user,llm_training,gpu:1,ltma
100.3,2026-01-01 00:01:40.300000+00:00,,syn-attack-ltma-201,ltma-irregular-primary,irregular,,0.55,0.5,0,10.0,158.84274413677704,49.884956356611895,27.809620030515333,1454.9559726161744,42.733194174213544,2497.476379253471,100.0,100.0,True,,synthetic_ltma,sim_user,llm_training,gpu:1,ltma
100.4,2026-01-01 00:01:40.400000+00:00,,syn-attack-ltma-201,ltma-irregular-primary,irregular,,0.55,0.5,0,10.0,151.05227457182664,68.21268989660147,34.380010569716426,1897.333117070472,47.825693491004564,2825.0543443335846,100.0,100.0,True,,synthetic_ltma,sim_user,llm_training,gpu:1,ltma
100.5,2026-01-01 00:01:40.500000+00:00,,syn-attack-ltma-201,ltma-irregular-primary,irregular,,0.55,0.5,0,10.0,157.97849295628112,78.26699519296665,43.21784745418383,2183.2381992092305,50.76423853005707,3471.1463174847668,100.0,100.0,True,,synthetic_ltma,sim_user,llm_training,gpu:1,ltma
100.6,2026-01-01 00:01:40.600000+00:00,,syn-attack-ltma-201,ltma-irregular-primary,irregular,,0.55,0.5,0,10.0,159.98724020295003,72.66064207759368,32.775619173355956,2050.8193894349743,48.98630788893004,2549.6865368250756,100.0,100.0,True,,synthetic_ltma,sim_user,llm_training,gpu:1,ltma
100.7,2026-01-01 00:01:40.700000+00:00,,syn-attack-ltma-201,ltma-irregular-primary,irregular,,0.55,0.5,0,10.0,168.62566882750036,83.95867619988204,39.73309068483725,2298.864972221388,51.944972537759114,3199.7242281017575,100.0,100.0,True,,synthetic_ltma,sim_user,llm_training,gpu:1,ltma
100.8,2026-01-01 00:01:40.800000+00:00,,syn-attack-ltma-201,ltma-irregular-primary,irregular,,0.55,0.5,0,10.0,180.9967017170411,78.7100481326923,37.17136253656756,2171.3814358031555,50.50463330280557,3003.285254411763,100.0,100.0,True,,synthetic_ltma,sim_user,llm_training,gpu:1,ltma
100.9,2026-01-01 00:01:40.900000+00:00,,syn-attack-ltma-201,ltma-irregular-primary,irregular,,0.55,0.5,0,10.0,191.45490442355737,77.76345302905598,45.404778946278455,2162.7452598254295,50.182135446105455,3783.549788730096,100.0,100.0,True,,synthetic_ltma,sim_user,llm_training,gpu:1,ltma
101.0,2026-01-01 00:01:41+00:00,,syn-attack-ltma-201,ltma-irregular-primary,irregular,,0.55,0.5,0,10.0,178.3874422764892,81.45898470577092,46.64739772511696,2242.4903243765775,51.09583612824104,3717.2412723924726,100.0,100.0,True,,synthetic_ltma,sim_user,llm_training,gpu:1,ltma
101.1,2026-01-01 00:01:41.100000+00:00,,syn-attack-ltma-201,ltma-irregular-primary,irregular,,0.55,0.5,0,10.0,180.84196280539174,67.63437720974639,37.20986401649856,1942.7943314781778,47.10577130699898,2982.4495148454394,100.0,100.0,True,,synthetic_ltma,sim_user,llm_training,gpu:1,ltma
101.2,2026-01-01 00:01:41.200000+00:00,,syn-attack-ltma-201,ltma-irregular-primary,irregular,,0.55,0.5,0,10.0,179.98907213159538,79.10173641195445,47.37096787609433,2201.3042548971866,50.21491936257924,3667.8912520130325,100.0,100.0,True,,synthetic_ltma,sim_user,llm_training,gpu:1,ltma
101.3,2026-01-01 00:01:41.300000+00:00,,syn-attack-ltma-201,ltma-irregular-primary,irregular,,0.55,0.5,0,10.0,168.16686740201982,72.08133901866523,42.24074144594955,2037.059322270652,48.32485650048802,3478.107111725242,100.0,100.0,True,,synthetic_ltma,sim_user,llm_training,gpu:1,ltma
101.4,2026-01-01 00:01:41.400000+00:00,,syn-attack-ltma-201,ltma-irregular-primary,irregular,,0.55,0.5,0,10.0,166.8894578935895,66.6837681334894,28.421400464493388,1860.8427754455206,46.635309777694985,2496.9174261988833,100.0,100.0,True,,synthetic_ltma,sim_user,llm_training,gpu:1,ltma
101.5,2026-01-01 00:01:41.500000+00:00,,syn-attack-ltma-201,ltma-irregular-primary,irregular,,0.55,0.5,0,10.0,176.19477837973687,71.97451803532726,43.4763748304584,1985.217907619288,48.167305634715404,3529.0338655496416,100.0,100.0,True,,synthetic_ltma,sim_user,llm_training,gpu:1,ltma
101.6,2026-01-01 00:01:41.600000+00:00,,syn-attack-ltma-201,ltma-irregular-primary,irregular,,0.55,0.5,0,10.0,182.80421344641462,71.90093673983743,38.845729529885,1933.7418276421956,48.343706153536026,3224.6651559786324,100.0,100.0,True,,synthetic_ltma,sim_user,llm_training,gpu:1,ltma
101.7,2026-01-01 00:01:41.700000+00:00,,syn-attack-ltma-201,ltma-irregular-primary,irregular,,0.55,0.5,0,10.0,185.7907592376768,74.22491324815499,34.83687786135833,2130.6824554543036,48.89245748113885,2813.1861376832517,100.0,100.0,True,,synthetic_ltma,sim_user,llm_training,gpu:1,ltma
101.8,2026-01-01 00:01:41.800000+00:00,,syn-attack-ltma-201,ltma-irregular-primary,irregular,,0.55,0.5,0,10.0,197.84991597470184,73.16774304911932,41.77375573900737,2006.6683077810412,48.46810784473272,3378.3242363609975,100.0,100.0,True,,synthetic_ltma,sim_user,llm_training,gpu:1,ltma
101.9,2026-01-01 00:01:41.900000+00:00,,syn-attack-ltma-201,ltma-irregular-primary,irregular,,0.55,0.5,0,10.0,197.02593496530216,78.88544152986627,42.8867545709568,2203.017531481436,50.23907583183589,3537.006152546462,100.0,100.0,True,,synthetic_ltma,sim_user,llm_training,gpu:1,ltma
102.0,2026-01-01 00:01:42+00:00,,syn-attack-ltma-201,ltma-irregular-primary,irregular,,0.55,0.5,0,10.0,59.81775060521018,15.365032050345272,17.849020094283098,622.8218998867835,32.63366375976879,1618.477278702464,100.0,100.0,True,,synthetic_ltma,sim_user,llm_training,gpu:1,ltma
102.1,2026-01-01 00:01:42.100000+00:00,,syn-attack-ltma-201,ltma-irregular-primary,irregular,,0.55,0.5,0,10.0,55.98135449913205,6.058754028873099,5.121317198239779,294.2780875075391,29.78462502635738,803.5415666642674,100.0,100.0,True,,synthetic_ltma,sim_user,llm_training,gpu:1,ltma
102.2,2026-01-01 00:01:42.200000+00:00,,syn-attack-ltma-201,ltma-irregular-primary,irregular,,0.55,0.5,0,10.0,51.46686408589143,17.495327995068653,13.684903253015047,595.1847824725373,32.919119509641035,1362.0183437295598,100.0,100.0,True,,synthetic_ltma,sim_user,llm_training,gpu:1,ltma
102.3,2026-01-01 00:01:42.300000+00:00,,syn-attack-ltma-201,ltma-irregular-primary,irregular,,0.55,0.5,0,10.0,42.78910034183835,0.0,0.8448462208253094,251.1823655927964,27.947498564254385,477.39316832514055,100.0,100.0,True,,synthetic_ltma,sim_user,llm_training,gpu:1,ltma
102.4,2026-01-01 00:01:42.400000+00:00,,syn-attack-ltma-201,ltma-irregular-primary,irregular,,0.55,0.5,0,10.0,40.307327163403116,0.0,1.0634415812015734,210.0,28.02690402163459,536.7332323677692,100.0,100.0,True,,synthetic_ltma,sim_user,llm_training,gpu:1,ltma
102.5,2026-01-01 00:01:42.500000+00:00,,syn-attack-ltma-201,ltma-irregular-primary,irregular,,0.55,0.5,0,10.0,35.69020211328987,1.7037879233634818,7.138339069377995,210.0,28.404265650881364,901.8980257233424,100.0,100.0,True,,synthetic_ltma,sim_user,llm_training,gpu:1,ltma
102.6,2026-01-01 00:01:42.600000+00:00,,syn-attack-ltma-201,ltma-irregular-primary,irregular,,0.55,0.5,0,10.0,28.0,0.0,0.0,210.0,28.09741083686193,489.4536703448309,100.0,100.0,True,,synthetic_ltma,sim_user,llm_training,gpu:1,ltma
102.7,2026-01-01 00:01:42.700000+00:00,,syn-attack-ltma-201,ltma-irregular-primary,irregular,,0.55,0.5,0,10.0,28.0,0.0,0.0,210.0,28.402114678310117,367.5041693936911,100.0,100.0,False,,synthetic_ltma,sim_user,llm_training,gpu:1,ltma
102.8,2026-01-01 00:01:42.800000+00:00,,syn-attack-ltma-201,ltma-irregular-primary,irregular,,0.55,0.5,0,10.0,37.06946378445447,20.508119323676233,10.05616753348454,666.6579980643953,34.069552198625004,1118.622994572999,100.0,100.0,True,,synthetic_ltma,sim_user,llm_training,gpu:1,ltma
102.9,2026-01-01 00:01:42.900000+00:00,,syn-attack-ltma-201,ltma-irregular-primary,irregular,,0.55,0.5,0,10.0,48.17231169583208,0.39127476999759736,0.0,266.6978291154589,28.012613988477245,355.0681938467876,100.0,100.0,True,,synthetic_ltma,sim_user,llm_training,gpu:1,ltma
103.0,2026-01-01 00:01:43+00:00,,syn-attack-ltma-201,ltma-irregular-primary,irregular,,0.55,0.5,0,10.0,54.712404163210394,6.463669091304041,0.0,374.6136389499914,29.889239758148673,636.788681017938,100.0,100.0,True,,synthetic_ltma,sim_user,llm_training,gpu:1,ltma
103.1,2026-01-01 00:01:43.100000+00:00,,syn-attack-ltma-201,ltma-irregular-primary,irregular,,0.55,0.5,0,10.0,62.00733370483839,15.290553146870895,10.754110643947119,598.8875581453498,32.30816147858306,1228.5229377059982,100.0,100.0,True,,synthetic_ltma,sim_user,llm_training,gpu:1,ltma
103.2,2026-01-01 00:01:43.200000+00:00,,syn-attack-ltma-201,ltma-irregular-primary,irregular,,0.55,0.5,0,10.0,57.486445171066734,9.894772369200831,10.212253715973706,427.4782538203914,30.988309498178346,1341.8430090625175,100.0,100.0,True,,synthetic_ltma,sim_user,llm_training,gpu:1,ltma
103.3,2026-01-01 00:01:43.300000+00:00,,syn-attack-ltma-201,ltma-irregular-primary,irregular,,0.55,0.5,0,10.0,50.59875638671555,0.0,8.029075164943952,212.49661966484913,28.309816124084783,914.044141114805,100.0,100.0,True,,synthetic_ltma,sim_user,llm_training,gpu:1,ltma
103.4,2026-01-01 00:01:43.400000+00:00,,syn-attack-ltma-201,ltma-irregular-primary,irregular,,0.55,0.5,0,10.0,34.11544311781033,3.7682473701689645,4.738450482515393,354.69156116873916,29.266383286820606,835.127503768682,100.0,100.0,True,,synthetic_ltma,sim_user,llm_training,gpu:1,ltma
103.5,2026-01-01 00:01:43.500000+00:00,,syn-attack-ltma-201,ltma-irregular-primary,irregular,,0.55,0.5,0,10.0,30.526087105630964,0.6833330370647612,1.5490764401682826,210.0,28.286972922355186,694.2197671887512,100.0,100.0,True,,synthetic_ltma,sim_user,llm_training,gpu:1,ltma
103.6,2026-01-01 00:01:43.600000+00:00,,syn-attack-ltma-201,ltma-irregular-primary,irregular,,0.55,0.5,0,10.0,28.833762792219403,0.0,0.0,215.70553839031993,28.095348912081242,418.45742252899385,100.0,100.0,True,,synthetic_ltma,sim_user,llm_training,gpu:1,ltma
103.7,2026-01-01 00:01:43.700000+00:00,,syn-attack-ltma-201,ltma-irregular-primary,irregular,,0.55,0.5,0,10.0,28.0,0.0,0.0,223.72382003075006,28.325525769570373,536.5816617206006,100.0,100.0,True,,synthetic_ltma,sim_user,llm_training,gpu:1,ltma
103.8,2026-01-01 00:01:43.800000+00:00,,syn-attack-ltma-201,ltma-irregular-primary,irregular,,0.55,0.5,0,10.0,28.0,0.0,0.0,223.95278888624085,28.29612393873581,555.8785888216199,100.0,100.0,False,,synthetic_ltma,sim_user,llm_training,gpu:1,ltma
103.9,2026-01-01 00:01:43.900000+00:00,,syn-attack-ltma-201,ltma-irregular-primary,irregular,,0.55,0.5,0,10.0,129.35855285015373,38.288628539155546,20.73353011530855,1142.8045597323012,38.844407400177396,1900.7567842202263,100.0,100.0,True,,synthetic_ltma,sim_user,llm_training,gpu:1,ltma
104.0,2026-01-01 00:01:44+00:00,,syn-attack-ltma-201,ltma-irregular-primary,irregular,,0.55,0.5,0,10.0,128.28442331840276,52.667751420093666,28.730236289657878,1549.6881300275306,42.90634958095917,2520.4885739149167,100.0,100.0,True,,synthetic_ltma,sim_user,llm_training,gpu:1,ltma
104.1,2026-01-01 00:01:44.100000+00:00,,syn-attack-ltma-201,ltma-irregular-primary,irregular,,0.55,0.5,0,10.0,129.80105835845478,58.49149468551743,25.78255062566672,1757.802897986806,44.76107033085983,2299.855738953809,100.0,100.0,True,,synthetic_ltma,sim_user,llm_training,gpu:1,ltma
104.2,2026-01-01 00:01:44.200000+00:00,,syn-attack-ltma-201,ltma-irregular-primary,irregular,,0.55,0.5,0,10.0,135.53263304820624,47.457568654869725,20.787669742254074,1386.9532659665829,41.49143950959402,1815.2369328460093,100.0,100.0,True,,synthetic_ltma,sim_user,llm_training,gpu:1,ltma
104.3,2026-01-01 00:01:44.300000+00:00,,syn-attack-ltma-201,ltma-irregular-primary,irregular,,0.55,0.5,0,10.0,139.1672603023833,63.7213760945344,34.222004598978735,1762.3364371462123,46.30114846870277,2833.459646567514,100.0,100.0,True,,synthetic_ltma,sim_user,llm_training,gpu:1,ltma
104.4,2026-01-01 00:01:44.400000+00:00,,syn-attack-ltma-201,ltma-irregular-primary,irregular,,0.55,0.5,0,10.0,146.64161248225096,58.30030372389537,30.844843523789642,1688.505128784041,44.870863379958834,2690.7282596263567,100.0,100.0,True,,synthetic_ltma,sim_user,llm_training,gpu:1,ltma
104.5,2026-01-01 00:01:44.500000+00:00,,syn-attack-ltma-201,ltma-irregular-primary,irregular,,0.55,0.5,0,10.0,146.73692687775088,58.118464222819135,32.99199086453358,1698.1878976272696,44.514066787711386,2890.933734126536,100.0,100.0,True,,synthetic_ltma,sim_user,llm_training,gpu:1,ltma
104.6,2026-01-01 00:01:44.600000+00:00,,syn-attack-ltma-201,ltma-irregular-primary,irregular,,0.55,0.5,0,10.0,145.76496750116291,57.569538523796716,30.051786978179866,1597.4698221582703,44.01081116494224,2777.235054662491,100.0,100.0,True,,synthetic_ltma,sim_user,llm_training,gpu:1,ltma
104.7,2026-01-01 00:01:44.700000+00:00,,syn-attack-ltma-201,ltma-irregular-primary,irregular,,0.55,0.5,0,10.0,138.4369208101211,53.610137241322434,27.20043850995061,1655.2231732243076,43.070722256421675,2267.8080979898873,100.0,100.0,True,,synthetic_ltma,sim_user,llm_training,gpu:1,ltma
104.8,2026-01-01 00:01:44.800000+00:00,,syn-attack-ltma-201,ltma-irregular-primary,irregular,,0.55,0.5,0,10.0,140.76542139644062,50.93555567416534,33.41843018433215,1516.8331224904566,42.36703590315894,2813.574498718878,100.0,100.0,True,,synthetic_ltma,sim_user,llm_training,gpu:1,ltma
104.9,2026-01-01 00:01:44.900000+00:00,,syn-attack-ltma-201,ltma-irregular-primary,irregular,,0.55,0.5,0,10.0,127.85753288114199,65.62135765083245,34.95085184652162,1970.947107213728,46.578232651514526,3068.3868904463498,100.0,100.0,True,,synthetic_ltma,sim_user,llm_training,gpu:1,ltma
105.0,2026-01-01 00:01:45+00:00,,syn-attack-ltma-201,ltma-irregular-primary,irregular,,0.55,0.5,0,10.0,131.417364118457,59.35150670570406,32.860198082963656,1727.1480815700143,44.71585627558089,2744.5594968574032,100.0,100.0,True,,synthetic_ltma,sim_user,llm_training,gpu:1,ltma
105.1,2026-01-01 00:01:45.100000+00:00,,syn-attack-ltma-201,ltma-irregular-primary,irregular,,0.55,0.5,0,10.0,129.23631529697917,36.22931226222013,12.207956958444587,1139.2890228800409,38.20360521026285,1253.5768300872826,100.0,100.0,True,,synthetic_ltma,sim_user,llm_training,gpu:1,ltma
105.2,2026-01-01 00:01:45.200000+00:00,,syn-attack-ltma-201,ltma-irregular-primary,irregular,,0.55,0.5,0,10.0,146.53294218442852,62.010126153415584,33.76084956686809,1727.4935237815625,45.35606726255675,2817.493189118683,100.0,100.0,True,,synthetic_ltma,sim_user,llm_training,gpu:1,ltma
105.3,2026-01-01 00:01:45.300000+00:00,,syn-attack-ltma-201,ltma-irregular-primary,irregular,,0.55,0.5,0,10.0,147.156965501205,56.4560282566495,25.698116341949596,1644.9932453536078,43.58174052100574,2212.315900298856,100.0,100.0,True,,synthetic_ltma,sim_user,llm_training,gpu:1,ltma
105.4,2026-01-01 00:01:45.400000+00:00,,syn-attack-ltma-201,ltma-irregular-primary,irregular,,0.55,0.5,0,10.0,157.1248744271249,57.27290244983844,33.325727517070746,1672.844904183975,44.07883038918797,2738.027478408262,100.0,100.0,True,,synthetic_ltma,sim_user,llm_training,gpu:1,ltma
105.5,2026-01-01 00:01:45.500000+00:00,,syn-attack-ltma-201,ltma-irregular-primary,irregular,,0.55,0.5,0,10.0,38.18896432790696,0.0,0.0,240.23260876069287,28.24250492842219,229.7846151920742,100.0,100.0,True,,synthetic_ltma,sim_user,llm_training,gpu:1,ltma
105.6,2026-01-01 00:01:45.600000+00:00,,syn-attack-ltma-201,ltma-irregular-primary,irregular,,0.55,0.5,0,10.0,37.076736452691804,0.5563261758626021,7.001670350489071,245.19538967049374,28.0691857320105,882.7634398284268,100.0,100.0,True,,synthetic_ltma,sim_user,llm_training,gpu:1,ltma
105.7,2026-01-01 00:01:45.700000+00:00,,syn-attack-ltma-201,ltma-irregular-primary,irregular,,0.55,0.5,0,10.0,28.0,0.0,0.17529961313658493,224.1973542797493,27.70805456621297,435.4988962353432,100.0,100.0,True,,synthetic_ltma,sim_user,llm_training,gpu:1,ltma
105.8,2026-01-01 00:01:45.800000+00:00,,syn-attack-ltma-201,ltma-irregular-primary,irregular,,0.55,0.5,0,10.0,28.0,0.0,2.9538915723922643,210.0,27.61406388145416,560.1296312655,100.0,100.0,True,,synthetic_ltma,sim_user,llm_training,gpu:1,ltma
105.9,2026-01-01 00:01:45.900000+00:00,,syn-attack-ltma-201,ltma-irregular-primary,irregular,,0.55,0.5,0,10.0,28.0,0.0,0.0,234.97696261887648,27.363862535540385,324.70887073312474,100.0,100.0,True,,synthetic_ltma,sim_user,llm_training,gpu:1,ltma
106.0,2026-01-01 00:01:46+00:00,,syn-attack-ltma-201,ltma-irregular-primary,irregular,,0.55,0.5,0,10.0,28.0,0.0,0.0,210.0,27.51614792575756,552.2449417473098,100.0,100.0,False,,synthetic_ltma,sim_user,llm_training,gpu:1,ltma
106.1,2026-01-01 00:01:46.100000+00:00,,syn-attack-ltma-201,ltma-irregular-primary,irregular,,0.55,0.5,0,10.0,28.0,7.135283781918229,1.7534192043267112,388.42870213294356,29.151238303519474,580.354771549841,100.0,100.0,True,,synthetic_ltma,sim_user,llm_training,gpu:1,ltma
106.2,2026-01-01 00:01:46.200000+00:00,,syn-attack-ltma-201,ltma-irregular-primary,irregular,,0.55,0.5,0,10.0,31.88680242670395,9.636172450439776,1.1317203158004636,471.30872727018425,30.04429960636908,267.18054279102665,100.0,100.0,True,,synthetic_ltma,sim_user,llm_training,gpu:1,ltma
106.3,2026-01-01 00:01:46.300000+00:00,,syn-attack-ltma-201,ltma-irregular-primary,irregular,,0.55,0.5,0,10.0,39.146786857006575,0.0,0.0,225.57981859495357,27.481262387236157,521.1161288996881,100.0,100.0,True,,synthetic_ltma,sim_user,llm_training,gpu:1,ltma
106.4,2026-01-01 00:01:46.400000+00:00,,syn-attack-ltma-201,ltma-irregular-primary,irregular,,0.55,0.5,0,10.0,49.644743742213734,16.64691123087244,8.548620810872048,627.6650212259262,32.05291339000564,863.059297076323,100.0,100.0,True,,synthetic_ltma,sim_user,llm_training,gpu:1,ltma
106.5,2026-01-01 00:01:46.500000+00:00,,syn-attack-ltma-201,ltma-irregular-primary,irregular,,0.55,0.5,0,10.0,51.714927216484455,0.0,4.673309733887254,217.13496263677226,27.752095029506155,639.4527379423401,100.0,100.0,True,,synthetic_ltma,sim_user,llm_training,gpu:1,ltma
106.6,2026-01-01 00:01:46.600000+00:00,,syn-attack-ltma-201,ltma-irregular-primary,irregular,,0.55,0.5,0,10.0,49.701230360736105,11.58521656377244,7.760746984362074,512.9758064888947,31.049378495183333,1018.7651733563805,100.0,100.0,True,,synthetic_ltma,sim_user,llm_training,gpu:1,ltma
106.7,2026-01-01 00:01:46.700000+00:00,,syn-attack-ltma-201,ltma-irregular-primary,irregular,,0.55,0.5,0,10.0,50.400658820451525,9.199935850885133,6.941777211297602,427.58248878090075,30.259229386150228,919.9802373950811,100.0,100.0,True,,synthetic_ltma,sim_user,llm_training,gpu:1,ltma
106.8,2026-01-01 00:01:46.800000+00:00,,syn-attack-ltma-201,ltma-irregular-primary,irregular,,0.55,0.5,0,10.0,48.707179655670274,0.0,7.147627582546901,213.39392197907338,27.87340606884052,947.1196977549753,100.0,100.0,True,,synthetic_ltma,sim_user,llm_training,gpu:1,ltma
106.9,2026-01-01 00:01:46.900000+00:00,,syn-attack-ltma-201,ltma-irregular-primary,irregular,,0.55,0.5,0,10.0,34.89348617104811,5.211257972418239,3.9841644139478314,374.67470564488247,29.305129148242667,713.0180901738244,100.0,100.0,True,,synthetic_ltma,sim_user,llm_training,gpu:1,ltma
107.0,2026-01-01 00:01:47+00:00,,syn-attack-ltma-201,ltma-irregular-primary,irregular,,0.55,0.5,0,10.0,38.23593223114919,0.0,2.9952290207636305,234.1834998750921,28.14242912100159,680.8779806146595,100.0,100.0,True,,synthetic_ltma,sim_user,llm_training,gpu:1,ltma
107.1,2026-01-01 00:01:47.100000+00:00,,syn-attack-ltma-201,ltma-irregular-primary,irregular,,0.55,0.5,0,10.0,29.975561917280714,2.7411254576517585,3.479353925758547,276.5094061126022,28.942168381465468,713.7260873019341,100.0,100.0,True,,synthetic_ltma,sim_user,llm_training,gpu:1,ltma
107.2,2026-01-01 00:01:47.200000+00:00,,syn-attack-ltma-201,ltma-irregular-primary,irregular,,0.55,0.5,0,10.0,28.0,0.0,0.47057985599308605,210.0,28.210953035158727,470.81338081951725,100.0,100.0,True,,synthetic_ltma,sim_user,llm_training,gpu:1,ltma
107.3,2026-01-01 00:01:47.300000+00:00,,syn-attack-ltma-201,ltma-irregular-primary,irregular,,0.55,0.5,0,10.0,28.0,0.0,0.0,210.0,28.172000546715687,405.9199739321715,100.0,100.0,True,,synthetic_ltma,sim_user,llm_training,gpu:1,ltma
107.4,2026-01-01 00:01:47.400000+00:00,,syn-attack-ltma-201,ltma-irregular-primary,irregular,,0.55,0.5,0,10.0,28.0,5.615494812030278,6.991866392485354,365.1361407309706,29.957749110331182,944.4410160129353,100.0,100.0,True,,synthetic_ltma,sim_user,llm_training,gpu:1,ltma
107.5,2026-01-01 00:01:47.500000+00:00,,syn-attack-ltma-201,ltma-irregular-primary,irregular,,0.55,0.5,0,10.0,28.0,0.0,0.0,228.48351359412283,28.713931420415438,365.8279681513117,100.0,100.0,True,,synthetic_ltma,sim_user,llm_training,gpu:1,ltma
107.6,2026-01-01 00:01:47.600000+00:00,,syn-attack-ltma-201,ltma-irregular-primary,irregular,,0.55,0.5,0,10.0,28.0,0.0,0.0,210.0,28.768847066945913,503.6687053233021,100.0,100.0,False,,synthetic_ltma,sim_user,llm_training,gpu:1,ltma
107.7,2026-01-01 00:01:47.700000+00:00,,syn-attack-ltma-201,ltma-irregular-primary,irregular,,0.55,0.5,0,10.0,38.11836559077665,0.0,0.0,230.42249601391669,28.33399271350829,391.8407704347494,100.0,100.0,True,,synthetic_ltma,sim_user,llm_training,gpu:1,ltma
107.8,2026-01-01 00:01:47.800000+00:00,,syn-attack-ltma-201,ltma-irregular-primary,irregular,,0.55,0.5,0,10.0,35.729987940630565,9.693568380890362,3.8749185570733977,464.8167374958013,31.287082496670454,869.0379239973724,100.0,100.0,True,,synthetic_ltma,sim_user,llm_training,gpu:1,ltma
107.9,2026-01-01 00:01:47.900000+00:00,,syn-attack-ltma-201,ltma-irregular-primary,irregular,,0.55,0.5,0,10.0,40.425832076143024,0.0,0.0,252.99826568204523,28.514577387623362,381.92733056989107,100.0,100.0,True,,synthetic_ltma,sim_user,llm_training,gpu:1,ltma
108.0,2026-01-01 00:01:48+00:00,,syn-attack-ltma-201,ltma-irregular-primary,irregular,,0.55,0.5,0,10.0,35.459785750201235,6.079130236397617,6.981364376211959,371.0682876155848,30.206807794019692,845.6416377847167,100.0,100.0,True,,synthetic_ltma,sim_user,llm_training,gpu:1,ltma
108.1,2026-01-01 00:01:48.100000+00:00,,syn-attack-ltma-201,ltma-irregular-primary,irregular,,0.55,0.5,0,10.0,30.207814487780084,0.0,4.941509988636846,260.97000784242005,28.1150566670771,864.7054311309194,100.0,100.0,True,,synthetic_ltma,sim_user,llm_training,gpu:1,ltma
108.2,2026-01-01 00:01:48.200000+00:00,,syn-attack-ltma-201,ltma-irregular-primary,irregular,,0.55,0.5,0,10.0,28.0,14.333957569660623,4.4941051310841456,583.786094548612,32.64137936066283,631.2213279057701,100.0,100.0,True,,synthetic_ltma,sim_user,llm_training,gpu:1,ltma
108.3,2026-01-01 00:01:48.300000+00:00,,syn-attack-ltma-201,ltma-irregular-primary,irregular,,0.55,0.5,0,10.0,28.0,0.0,2.4566593938440793,232.19185711432874,28.285840647159482,587.9856848450852,100.0,100.0,True,,synthetic_ltma,sim_user,llm_training,gpu:1,ltma
108.4,2026-01-01 00:01:48.400000+00:00,,syn-attack-ltma-201,ltma-irregular-primary,irregular,,0.55,0.5,0,10.0,28.0,0.0,0.0,210.0,28.082738085493556,526.178317830122,100.0,100.0,True,,synthetic_ltma,sim_user,llm_training,gpu:1,ltma
108.5,2026-01-01 00:01:48.500000+00:00,,syn-attack-ltma-201,ltma-irregular-primary,irregular,,0.55,0.5,0,10.0,28.0,0.0,0.0,210.0,28.206086240010528,309.90779780153616,100.0,100.0,False,,synthetic_ltma,sim_user,llm_training,gpu:1,ltma
108.6,2026-01-01 00:01:48.600000+00:00,,syn-attack-ltma-201,ltma-irregular-primary,irregular,,0.55,0.5,0,10.0,28.45347419741003,0.0,0.0,236.0812398244417,28.572468664607513,389.34913936173064,100.0,100.0,True,,synthetic_ltma,sim_user,llm_training,gpu:1,ltma
108.7,2026-01-01 00:01:48.700000+00:00,,syn-attack-ltma-201,ltma-irregular-primary,irregular,,0.55,0.5,0,10.0,28.0,0.0,0.0,263.2342669227125,28.36720048625692,607.4691010852166,100.0,100.0,True,,synthetic_ltma,sim_user,llm_training,gpu:1,ltma
108.8,2026-01-01 00:01:48.800000+00:00,,syn-attack-ltma-201,ltma-irregular-primary,irregular,,0.55,0.5,0,10.0,31.7383333068383,0.0,4.157074182896499,233.82410026285768,28.258609854368753,838.2007318792733,100.0,100.0,True,,synthetic_ltma,sim_user,llm_training,gpu:1,ltma
108.9,2026-01-01 00:01:48.900000+00:00,,syn-attack-ltma-201,ltma-irregular-primary,irregular,,0.55,0.5,0,10.0,40.212687441114,0.0,0.0,262.2568188631983,28.28380672079715,443.09260115877834,100.0,100.0,True,,synthetic_ltma,sim_user,llm_training,gpu:1,ltma
109.0,2026-01-01 00:01:49+00:00,,syn-attack-ltma-201,ltma-irregular-primary,irregular,,0.55,0.5,0,10.0,37.99372752886126,17.38350637899195,10.935975504563714,643.8132478264083,33.2259961276797,1191.30235360384,100.0,100.0,True,,synthetic_ltma,sim_user,llm_training,gpu:1,ltma
109.1,2026-01-01 00:01:49.100000+00:00,,syn-attack-ltma-201,ltma-irregular-primary,irregular,,0.55,0.5,0,10.0,37.72985273286446,0.0,0.0,210.0,28.050431154398524,445.4446792698381,100.0,100.0,True,,synthetic_ltma,sim_user,llm_training,gpu:1,ltma
109.2,2026-01-01 00:01:49.200000+00:00,,syn-attack-ltma-201,ltma-irregular-primary,irregular,,0.55,0.5,0,10.0,42.377260482067186,9.10747167382464,5.827576987813216,455.28092773356366,30.547681313268246,990.187590174534,100.0,100.0,True,,synthetic_ltma,sim_user,llm_training,gpu:1,ltma
109.3,2026-01-01 00:01:49.300000+00:00,,syn-attack-ltma-201,ltma-irregular-primary,irregular,,0.55,0.5,0,10.0,47.42064907955512,7.646511480452881,15.424617275708659,352.30841659641317,30.18916284091074,1669.5554241079028,100.0,100.0,True,,synthetic_ltma,sim_user,llm_training,gpu:1,ltma
109.4,2026-01-01 00:01:49.400000+00:00,,syn-attack-ltma-201,ltma-irregular-primary,irregular,,0.55,0.5,0,10.0,44.12610416395543,1.836633543119807,0.0,259.3041628382238,28.668258789753573,300.37248405424214,100.0,100.0,True,,synthetic_ltma,sim_user,llm_training,gpu:1,ltma
109.5,2026-01-01 00:01:49.500000+00:00,,syn-attack-ltma-201,ltma-irregular-primary,irregular,,0.55,0.5,0,10.0,50.88041820730061,8.496251298268122,5.828089546834946,423.81489350567637,30.371589106299293,918.1082351832456,100.0,100.0,True,,synthetic_ltma,sim_user,llm_training,gpu:1,ltma
109.6,2026-01-01 00:01:49.600000+00:00,,syn-attack-ltma-201,ltma-irregular-primary,irregular,,0.55,0.5,0,10.0,52.034237259857065,12.108903298342863,6.152968012326478,493.62163566233545,31.232011550004934,841.465616332722,100.0,100.0,True,,synthetic_ltma,sim_user,llm_training,gpu:1,ltma
109.7,2026-01-01 00:01:49.700000+00:00,,syn-attack-ltma-201,ltma-irregular-primary,irregular,,0.55,0.5,0,10.0,53.39700176079788,19.454163288030177,15.721081206866202,677.7830678212285,33.27021453253095,1560.4730138092245,100.0,100.0,True,,synthetic_ltma,sim_user,llm_training,gpu:1,ltma
109.8,2026-01-01 00:01:49.800000+00:00,,syn-attack-ltma-201,ltma-irregular-primary,irregular,,0.55,0.5,0,10.0,50.346148795724645,7.309217262797093,12.493651359664899,357.7728999022361,30.028788184434298,1284.2817578515421,100.0,100.0,True,,synthetic_ltma,sim_user,llm_training,gpu:1,ltma
109.9,2026-01-01 00:01:49.900000+00:00,,syn-attack-ltma-201,ltma-irregular-primary,irregular,,0.55,0.5,0,10.0,40.27673227836465,0.0,1.3710802442286079,210.0,28.137346925305792,558.6728711330543,100.0,100.0,True,,synthetic_ltma,sim_user,llm_training,gpu:1,ltma
110.0,2026-01-01 00:01:50+00:00,,syn-attack-ltma-201,ltma-irregular-primary,irregular,,0.55,0.5,0,10.0,38.61855184304045,0.0,2.116667209917879,210.0,28.104851534174234,528.0401987451982,100.0,100.0,True,,synthetic_ltma,sim_user,llm_training,gpu:1,ltma
110.1,2026-01-01 00:01:50.100000+00:00,,syn-attack-ltma-201,ltma-irregular-primary,irregular,,0.55,0.5,0,10.0,31.888300014304775,7.606586438841555,4.812330823718093,361.1976535124277,30.47260799572699,929.334564092295,100.0,100.0,True,,synthetic_ltma,sim_user,llm_training,gpu:1,ltma
110.2,2026-01-01 00:01:50.200000+00:00,,syn-attack-ltma-201,ltma-irregular-primary,irregular,,0.55,0.5,0,10.0,32.337925619875776,5.250912381591121,5.3669157374303555,357.89612537237497,29.739657152681776,799.4039080830254,100.0,100.0,True,,synthetic_ltma,sim_user,llm_training,gpu:1,ltma
110.3,2026-01-01 00:01:50.300000+00:00,,syn-attack-ltma-201,ltma-irregular-primary,irregular,,0.55,0.5,0,10.0,28.0,1.2765747585420986,0.7845175511913155,227.14729232114854,28.637819999261175,622.4650330143111,100.0,100.0,True,,synthetic_ltma,sim_user,llm_training,gpu:1,ltma
110.4,2026-01-01 00:01:50.400000+00:00,,syn-attack-ltma-201,ltma-irregular-primary,irregular,,0.55,0.5,0,10.0,169.3070861708025,77.5559109616897,42.645014243721114,2195.1384282563486,50.07684376905466,3350.335696378041,100.0,100.0,True,,synthetic_ltma,sim_user,llm_training,gpu:1,ltma
110.5,2026-01-01 00:01:50.500000+00:00,,syn-attack-ltma-201,ltma-irregular-primary,irregular,,0.55,0.5,0,10.0,172.73557132508765,75.7819897558067,38.18821838499852,2062.219031748971,49.439931432540845,3264.502150249163,100.0,100.0,True,,synthetic_ltma,sim_user,llm_training,gpu:1,ltma
110.6,2026-01-01 00:01:50.600000+00:00,,syn-attack-ltma-201,ltma-irregular-primary,irregular,,0.55,0.5,0,10.0,180.8771951462765,79.38612792131578,44.66576664372141,2139.70305427422,50.602196069350725,3553.557136888041,100.0,100.0,True,,synthetic_ltma,sim_user,llm_training,gpu:1,ltma
110.7,2026-01-01 00:01:50.700000+00:00,,syn-attack-ltma-201,ltma-irregular-primary,irregular,,0.55,0.5,0,10.0,183.76951179312113,73.2020923853591,35.415208701189705,2055.551029440002,48.47835091639296,2909.1732293801947,100.0,100.0,True,,synthetic_ltma,sim_user,llm_training,gpu:1,ltma
110.8,2026-01-01 00:01:50.800000+00:00,,syn-attack-ltma-201,ltma-irregular-primary,irregular,,0.55,0.5,0,10.0,189.8843683701549,88.46699721636014,48.02975073622772,2433.6534744519877,52.63901547178368,3935.7932758555557,100.0,100.0,True,,synthetic_ltma,sim_user,llm_training,gpu:1,ltma
110.9,2026-01-01 00:01:50.900000+00:00,,syn-attack-ltma-201,ltma-irregular-primary,irregular,,0.55,0.5,0,10.0,195.34224930747533,78.83731137845098,46.20685543484411,2178.2726209530747,49.96629364616562,3859.094168306973,100.0,100.0,True,,synthetic_ltma,sim_user,llm_training,gpu:1,ltma
111.0,2026-01-01 00:01:51+00:00,,syn-attack-ltma-201,ltma-irregular-primary,irregular,,0.55,0.5,0,10.0,186.81249911278672,75.91915933044987,45.04834816870962,2202.394280826226,49.16023144533851,3652.3798519508227,100.0,100.0,True,,synthetic_ltma,sim_user,llm_training,gpu:1,ltma
111.1,2026-01-01 00:01:51.100000+00:00,,syn-attack-ltma-201,ltma-irregular-primary,irregular,,0.55,0.5,0,10.0,184.7170953163041,83.83742049750693,49.52424143299706,2285.3535264068205,51.685928868129885,3736.300878059097,100.0,100.0,True,,synthetic_ltma,sim_user,llm_training,gpu:1,ltma
111.2,2026-01-01 00:01:51.200000+00:00,,syn-attack-ltma-201,ltma-irregular-primary,irregular,,0.55,0.5,0,10.0,180.66639284008298,79.18269147419143,43.800252014242325,2179.6559678992157,50.38799471922288,3501.264299267152,100.0,100.0,True,,synthetic_ltma,sim_user,llm_training,gpu:1,ltma
111.3,2026-01-01 00:01:51.300000+00:00,,syn-attack-ltma-201,ltma-irregular-primary,irregular,,0.55,0.5,0,10.0,189.55370352249903,95.03550978482217,56.190666763315505,2520.0,54.99233309199654,4187.175968686655,100.0,100.0,True,,synthetic_ltma,sim_user,llm_training,gpu:1,ltma
111.4,2026-01-01 00:01:51.400000+00:00,,syn-attack-ltma-201,ltma-irregular-primary,irregular,,0.55,0.5,0,10.0,186.2546676086239,84.5061468337868,42.21658977303831,2321.010967946914,52.18507551391648,3345.91878315728,100.0,100.0,True,,synthetic_ltma,sim_user,llm_training,gpu:1,ltma
111.5,2026-01-01 00:01:51.500000+00:00,,syn-attack-ltma-201,ltma-irregular-primary,irregular,,0.55,0.5,0,10.0,185.213812126121,77.52037837145885,44.18284881086239,2117.2695388079624,50.439391165125905,3532.6783940503246,100.0,100.0,True,,synthetic_ltma,sim_user,llm_training,gpu:1,ltma
111.6,2026-01-01 00:01:51.600000+00:00,,syn-attack-ltma-201,ltma-irregular-primary,irregular,,0.55,0.5,0,10.0,182.29950081309806,89.53048601992111,49.27984207347393,2476.62041960895,54.08490953639745,4109.716795615242,100.0,100.0,True,,synthetic_ltma,sim_user,llm_training,gpu:1,ltma
111.7,2026-01-01 00:01:51.700000+00:00,,syn-attack-ltma-201,ltma-irregular-primary,irregular,,0.55,0.5,0,10.0,186.30647207540312,88.35574857902668,56.251525657248436,2442.479612575528,53.70295698666497,4515.731644076562,100.0,100.0,True,,synthetic_ltma,sim_user,llm_training,gpu:1,ltma
111.8,2026-01-01 00:01:51.800000+00:00,,syn-attack-ltma-201,ltma-irregular-primary,irregular,,0.55,0.5,0,10.0,173.11361744048162,72.72845415823356,41.17258957379582,2016.6717991080302,49.36860071304299,3375.5921218612148,100.0,100.0,True,,synthetic_ltma,sim_user,llm_training,gpu:1,ltma
111.9,2026-01-01 00:01:51.900000+00:00,,syn-attack-ltma-201,ltma-irregular-primary,irregular,,0.55,0.5,0,10.0,177.74756168912361,70.75050879607386,33.78360928354377,1942.7618692710087,48.913562134154496,2760.2806167143135,100.0,100.0,True,,synthetic_ltma,sim_user,llm_training,gpu:1,ltma
112.0,2026-01-01 00:01:52+00:00,,syn-attack-ltma-201,ltma-irregular-primary,irregular,,0.55,0.5,0,10.0,178.6266304558622,90.1150575580725,48.68132960264745,2478.8432406678826,54.192598910568194,3976.505582382243,100.0,100.0,True,,synthetic_ltma,sim_user,llm_training,gpu:1,ltma
112.1,2026-01-01 00:01:52.100000+00:00,,syn-attack-ltma-201,ltma-irregular-primary,irregular,,0.55,0.5,0,10.0,182.84353662108984,82.18943116284576,48.581404620670035,2212.627046308048,52.014135815350556,3833.9220884234583,100.0,100.0,True,,synthetic_ltma,sim_user,llm_training,gpu:1,ltma
112.2,2026-01-01 00:01:52.200000+00:00,,syn-attack-ltma-201,ltma-irregular-primary,irregular,,0.55,0.5,0,10.0,180.7398458508895,73.14366567477269,36.890834530807474,2052.0023032111094,49.5578060235168,2938.654949690501,100.0,100.0,True,,synthetic_ltma,sim_user,llm_training,gpu:1,ltma
112.3,2026-01-01 00:01:52.300000+00:00,,syn-attack-ltma-201,ltma-irregular-primary,irregular,,0.55,0.5,0,10.0,188.1819551298444,76.0018828617487,46.83459556793082,2145.25034394939,50.41225154856208,3809.727171298019,100.0,100.0,True,,synthetic_ltma,sim_user,llm_training,gpu:1,ltma
112.4,2026-01-01 00:01:52.400000+00:00,,syn-attack-ltma-201,ltma-irregular-primary,irregular,,0.55,0.5,0,10.0,178.0511120397293,70.46239782000703,34.357705552322486,1944.5588808175073,48.76638902675404,2735.4748216996486,100.0,100.0,True,,synthetic_ltma,sim_user,llm_training,gpu:1,ltma
112.5,2026-01-01 00:01:52.500000+00:00,,syn-attack-ltma-201,ltma-irregular-primary,irregular,,0.55,0.5,0,10.0,181.16769089674287,73.98237935250113,43.322445060606235,2094.8784132133787,49.24602740461939,3543.765346993925,100.0,100.0,True,,synthetic_ltma,sim_user,llm_training,gpu:1,ltma
112.6,2026-01-01 00:01:52.600000+00:00,,syn-attack-ltma-201,ltma-irregular-primary,irregular,,0.55,0.5,0,10.0,178.77928473373464,80.77252678785602,46.04903157259206,2222.7480792607494,51.38293922568166,3636.663444368575,100.0,100.0,True,,synthetic_ltma,sim_user,llm_training,gpu:1,ltma
112.7,2026-01-01 00:01:52.700000+00:00,,syn-attack-ltma-201,ltma-irregular-primary,irregular,,0.55,0.5,0,10.0,172.1053403137787,83.58710275045155,48.83648265489327,2292.0852635749225,51.92337900348412,3919.0409194372805,100.0,100.0,True,,synthetic_ltma,sim_user,llm_training,gpu:1,ltma
112.8,2026-01-01 00:01:52.800000+00:00,,syn-attack-ltma-201,ltma-irregular-primary,irregular,,0.55,0.5,0,10.0,162.8130881533007,60.50185205749639,29.867209383829483,1714.9148475803606,45.44978757634888,2529.092965820001,100.0,100.0,True,,synthetic_ltma,sim_user,llm_training,gpu:1,ltma
112.9,2026-01-01 00:01:52.900000+00:00,,syn-attack-ltma-201,ltma-irregular-primary,irregular,,0.55,0.5,0,10.0,168.2048229265868,61.75192858697515,32.164096521666266,1746.6556048027867,45.83151901707245,2675.117275613303,100.0,100.0,True,,synthetic_ltma,sim_user,llm_training,gpu:1,ltma
113.0,2026-01-01 00:01:53+00:00,,syn-attack-ltma-201,ltma-irregular-primary,irregular,,0.55,0.5,0,10.0,167.6979319228098,78.44431156390134,43.786169307702814,2146.604334833436,50.346473947497785,3385.070392790059,100.0,100.0,True,,synthetic_ltma,sim_user,llm_training,gpu:1,ltma
113.1,2026-01-01 00:01:53.100000+00:00,,syn-attack-ltma-201,ltma-irregular-primary,irregular,,0.55,0.5,0,10.0,181.11356186885945,79.101950789496,39.56859442353076,2258.669039262572,50.358319194778964,3091.5879764813462,100.0,100.0,True,,synthetic_ltma,sim_user,llm_training,gpu:1,ltma
113.2,2026-01-01 00:01:53.200000+00:00,,syn-attack-ltma-201,ltma-irregular-primary,irregular,,0.55,0.5,0,10.0,180.855166397957,93.10472382508509,46.327630778876724,2520.0,54.35080247203606,3635.265944228546,100.0,100.0,True,,synthetic_ltma,sim_user,llm_training,gpu:1,ltma
113.3,2026-01-01 00:01:53.300000+00:00,,syn-attack-ltma-201,ltma-irregular-primary,irregular,,0.55,0.5,0,10.0,78.04753320827277,30.04092957239871,17.606814328097506,900.2021029992453,36.60345898285815,1730.6819672404777,100.0,100.0,True,,synthetic_ltma,sim_user,llm_training,gpu:1,ltma
113.4,2026-01-01 00:01:53.400000+00:00,,syn-attack-ltma-201,ltma-irregular-primary,irregular,,0.55,0.5,0,10.0,79.86639598140493,16.943840873767915,7.097239109588116,643.525533733794,33.12622477746794,994.7725756185012,100.0,100.0,True,,synthetic_ltma,sim_user,llm_training,gpu:1,ltma
113.5,2026-01-01 00:01:53.500000+00:00,,syn-attack-ltma-201,ltma-irregular-primary,irregular,,0.55,0.5,0,10.0,85.98660916782691,32.41379567679394,29.649077191501775,1004.4585021717056,37.03820583272707,2638.66720304842,100.0,100.0,True,,synthetic_ltma,sim_user,llm_training,gpu:1,ltma
113.6,2026-01-01 00:01:53.600000+00:00,,syn-attack-ltma-201,ltma-irregular-primary,irregular,,0.55,0.5,0,10.0,80.27942339750174,29.659514271149103,12.159924779354576,914.9477352086199,36.50533338188819,1319.8694689689366,100.0,100.0,True,,synthetic_ltma,sim_user,llm_training,gpu:1,ltma
113.7,2026-01-01 00:01:53.700000+00:00,,syn-attack-ltma-201,ltma-irregular-primary,irregular,,0.55,0.5,0,10.0,87.19207816724662,20.62753768482596,11.14320434472766,672.9357013728178,33.593878865550096,1319.6067333580713,100.0,100.0,True,,synthetic_ltma,sim_user,llm_training,gpu:1,ltma
113.8,2026-01-01 00:01:53.800000+00:00,,syn-attack-ltma-201,ltma-irregular-primary,irregular,,0.55,0.5,0,10.0,94.84603237041827,27.589677068565415,17.774344428599335,906.8504526332417,35.49326105668278,1800.1709016202603,100.0,100.0,True,,synthetic_ltma,sim_user,llm_training,gpu:1,ltma
113.9,2026-01-01 00:01:53.900000+00:00,,syn-attack-ltma-201,ltma-irregular-primary,irregular,,0.55,0.5,0,10.0,87.69130075881773,23.46548032150792,15.784318461196756,783.4117582607144,34.2251936808496,1463.245919148425,100.0,100.0,True,,synthetic_ltma,sim_user,llm_training,gpu:1,ltma
114.0,2026-01-01 00:01:54+00:00,,syn-attack-ltma-201,ltma-irregular-primary,irregular,,0.55,0.5,0,10.0,82.69595499131302,12.489136928733293,13.934526738130788,532.4537991913992,31.413874494729242,1223.38377041057,100.0,100.0,True,,synthetic_ltma,sim_user,llm_training,gpu:1,ltma
114.1,2026-01-01 00:01:54.100000+00:00,,syn-attack-ltma-201,ltma-irregular-primary,irregular,,0.55,0.5,0,10.0,75.52398954056841,22.603300730812126,14.039552973623307,761.6575595855885,34.06427365594168,1318.3668496791672,100.0,100.0,True,,synthetic_ltma,sim_user,llm_training,gpu:1,ltma
114.2,2026-01-01 00:01:54.200000+00:00,,syn-attack-ltma-201,ltma-irregular-primary,irregular,,0.55,0.5,0,10.0,78.07807515504204,15.502105880047772,14.702512021409373,591.0738179317952,31.861744781319324,1446.4454970944614,100.0,100.0,True,,synthetic_ltma,sim_user,llm_training,gpu:1,ltma
114.3,2026-01-01 00:01:54.300000+00:00,,syn-attack-ltma-201,ltma-irregular-primary,irregular,,0.55,0.5,0,10.0,74.08461775432491,6.665280047361524,0.30364972393672796,434.58497884104145,29.78825705353602,425.8043620775529,100.0,100.0,True,,synthetic_ltma,sim_user,llm_training,gpu:1,ltma
114.4,2026-01-01 00:01:54.400000+00:00,,syn-attack-ltma-201,ltma-irregular-primary,irregular,,0.55,0.5,0,10.0,72.52338235663684,17.02583383109147,8.07972475188045,695.0931221274998,32.82223598357185,1226.2690606531498,100.0,100.0,True,,synthetic_ltma,sim_user,llm_training,gpu:1,ltma
114.5,2026-01-01 00:01:54.500000+00:00,,syn-attack-ltma-201,ltma-irregular-primary,irregular,,0.55,0.5,0,10.0,77.57668790696734,19.152737373155063,11.622869106942261,667.7789706280597,33.390000325093325,1306.218980618401,100.0,100.0,True,,synthetic_ltma,sim_user,llm_training,gpu:1,ltma
114.6,2026-01-01 00:01:54.600000+00:00,,syn-attack-ltma-201,ltma-irregular-primary,irregular,,0.55,0.5,0,10.0,79.21754376274447,43.5270631093407,27.67602696054205,1345.1341733284817,40.67072809884758,2297.0040997489114,100.0,100.0,True,,synthetic_ltma,sim_user,llm_training,gpu:1,ltma
114.7,2026-01-01 00:01:54.700000+00:00,,syn-attack-ltma-201,ltma-irregular-primary,irregular,,0.55,0.5,0,10.0,76.86514392840438,32.74385742389957,20.857594203263584,979.4897992242509,37.760617968044464,1736.7146321840676,100.0,100.0,True,,synthetic_ltma,sim_user,llm_training,gpu:1,ltma
114.8,2026-01-01 00:01:54.800000+00:00,,syn-attack-ltma-201,ltma-irregular-primary,irregular,,0.55,0.5,0,10.0,77.55841063928519,21.412214065980226,7.113433936103633,769.980739211443,34.453715203016955,885.9380986818328,100.0,100.0,True,,synthetic_ltma,sim_user,llm_training,gpu:1,ltma
114.9,2026-01-01 00:01:54.900000+00:00,,syn-attack-ltma-201,ltma-irregular-primary,irregular,,0.55,0.5,0,10.0,82.49149335117087,21.307303876142115,14.645621235267045,755.2223816181335,34.01726034792552,1468.5785869368378,100.0,100.0,True,,synthetic_ltma,sim_user,llm_training,gpu:1,ltma
115.0,2026-01-01 00:01:55+00:00,,syn-attack-ltma-201,ltma-irregular-primary,irregular,,0.55,0.5,0,10.0,74.92426899643021,23.483030556049407,15.371910237348423,741.770424654762,34.88880322496301,1416.4046692555974,100.0,100.0,True,,synthetic_ltma,sim_user,llm_training,gpu:1,ltma
115.1,2026-01-01 00:01:55.100000+00:00,,syn-attack-ltma-201,ltma-irregular-primary,irregular,,0.55,0.5,0,10.0,73.30384606374776,24.509205506302855,15.255872083587825,855.510501287826,35.32957174907781,1633.7387643899751,100.0,100.0,True,,synthetic_ltma,sim_user,llm_training,gpu:1,ltma
115.2,2026-01-01 00:01:55.200000+00:00,,syn-attack-ltma-201,ltma-irregular-primary,irregular,,0.55,0.5,0,10.0,75.09785060770174,17.976114369548654,13.313057782437923,633.7138186375961,33.460917995193256,1361.1235173905384,100.0,100.0,True,,synthetic_ltma,sim_user,llm_training,gpu:1,ltma
115.3,2026-01-01 00:01:55.300000+00:00,,syn-attack-ltma-201,ltma-irregular-primary,irregular,,0.55,0.5,0,10.0,68.8071782651008,24.22457706294333,12.771135844338088,849.5412485685302,35.1609406823947,1261.6073788566998,100.0,100.0,True,,synthetic_ltma,sim_user,llm_training,gpu:1,ltma
115.4,2026-01-01 00:01:55.400000+00:00,,syn-attack-ltma-201,ltma-irregular-primary,irregular,,0.55,0.5,0,10.0,71.40625369710351,20.856195611471225,8.091491394080826,671.1616142234391,34.229764274167735,978.6185529894487,100.0,100.0,True,,synthetic_ltma,sim_user,llm_training,gpu:1,ltma
115.5,2026-01-01 00:01:55.500000+00:00,,syn-attack-ltma-201,ltma-irregular-primary,irregular,,0.55,0.5,0,10.0,75.94502545429887,17.06623015303158,10.492317571786572,613.7648069192311,33.2017275949242,1071.0036135427174,100.0,100.0,True,,synthetic_ltma,sim_user,llm_training,gpu:1,ltma
115.6,2026-01-01 00:01:55.600000+00:00,,syn-attack-ltma-201,ltma-irregular-primary,irregular,,0.55,0.5,0,10.0,75.64094617747996,5.421651153632583,6.2527209762474945,396.84517975455816,29.80799219775692,953.5966319810789,100.0,100.0,True,,synthetic_ltma,sim_user,llm_training,gpu:1,ltma
115.7,2026-01-01 00:01:55.700000+00:00,,syn-attack-ltma-201,ltma-irregular-primary,irregular,,0.55,0.5,0,10.0,72.42927512153813,10.534340002859587,3.977854928591489,412.6977648128917,31.385403947230827,726.6055387254428,100.0,100.0,True,,synthetic_ltma,sim_user,llm_training,gpu:1,ltma
115.8,2026-01-01 00:01:55.800000+00:00,,syn-attack-ltma-201,ltma-irregular-primary,irregular,,0.55,0.5,0,10.0,75.15416652904337,9.142326347904142,6.641794144402117,394.40260645115495,31.125777564240654,1021.4394656286761,100.0,100.0,True,,synthetic_ltma,sim_user,llm_training,gpu:1,ltma
115.9,2026-01-01 00:01:55.900000+00:00,,syn-attack-ltma-201,ltma-irregular-primary,irregular,,0.55,0.5,0,10.0,76.81348725389758,23.340010846024683,13.239899570748031,784.510941197291,34.76353633204174,1412.5488857157738,100.0,100.0,True,,synthetic_ltma,sim_user,llm_training,gpu:1,ltma
116.0,2026-01-01 00:01:56+00:00,,syn-attack-ltma-201,ltma-irregular-primary,irregular,,0.55,0.5,0,10.0,76.15575312713563,20.269988579322522,12.000985308897501,767.1070221270924,33.989657085878456,1405.7897298935543,100.0,100.0,True,,synthetic_ltma,sim_user,llm_training,gpu:1,ltma
116.1,2026-01-01 00:01:56.100000+00:00,,syn-attack-ltma-201,ltma-irregular-primary,irregular,,0.55,0.5,0,10.0,68.04834339158472,28.28413301204734,16.150693451757412,888.5657987612384,36.282228929426566,1733.807974058275,100.0,100.0,True,,synthetic_ltma,sim_user,llm_training,gpu:1,ltma
116.2,2026-01-01 00:01:56.200000+00:00,,syn-attack-ltma-201,ltma-irregular-primary,irregular,,0.55,0.5,0,10.0,72.34945970703045,16.43363322586934,9.493209040834554,656.0417128436784,32.92513083432708,1151.9925566614786,100.0,100.0,True,,synthetic_ltma,sim_user,llm_training,gpu:1,ltma
116.3,2026-01-01 00:01:56.300000+00:00,,syn-attack-ltma-201,ltma-irregular-primary,irregular,,0.55,0.5,0,10.0,61.34871783267377,11.562959096230566,9.355909426693497,463.90911807167197,31.538038608298645,1116.4804429330056,100.0,100.0,True,,synthetic_ltma,sim_user,llm_training,gpu:1,ltma
116.4,2026-01-01 00:01:56.400000+00:00,,syn-attack-ltma-201,ltma-irregular-primary,irregular,,0.55,0.5,0,10.0,48.38966208497689,8.419205208679287,4.485344697906435,509.9273056953585,30.491304839290756,829.3081069259736,100.0,100.0,True,,synthetic_ltma,sim_user,llm_training,gpu:1,ltma
116.5,2026-01-01 00:01:56.500000+00:00,,syn-attack-ltma-201,ltma-irregular-primary,irregular,,0.55,0.5,0,10.0,51.50773043581931,15.693854572098775,2.727936825298693,545.1642186910819,32.617522738735296,610.8961328061266,100.0,100.0,True,,synthetic_ltma,sim_user,llm_training,gpu:1,ltma
116.6,2026-01-01 00:01:56.600000+00:00,,syn-attack-ltma-201,ltma-irregular-primary,irregular,,0.55,0.5,0,10.0,67.05094829558996,6.69806261053804,7.86261832713207,345.7080887008154,30.159021034735037,894.5599202040315,100.0,100.0,True,,synthetic_ltma,sim_user,llm_training,gpu:1,ltma
116.7,2026-01-01 00:01:56.700000+00:00,,syn-attack-ltma-201,ltma-irregular-primary,irregular,,0.55,0.5,0,10.0,60.19490094950318,26.121492885011747,5.65424695806564,824.9099663400673,35.45769926493211,875.8711370615163,100.0,100.0,True,,synthetic_ltma,sim_user,llm_training,gpu:1,ltma
116.8,2026-01-01 00:01:56.800000+00:00,,syn-attack-ltma-201,ltma-irregular-primary,irregular,,0.55,0.5,0,10.0,73.41110812544726,35.58015777352344,11.766155576123852,1091.4302446858633,38.089002712266,1333.3300147420537,100.0,100.0,True,,synthetic_ltma,sim_user,llm_training,gpu:1,ltma
116.9,2026-01-01 00:01:56.900000+00:00,,syn-attack-ltma-201,ltma-irregular-primary,irregular,,0.55,0.5,0,10.0,82.94035161112984,25.09304945758142,16.254349327171287,817.0169314108923,35.04456011519968,1590.5856463415503,100.0,100.0,True,,synthetic_ltma,sim_user,llm_training,gpu:1,ltma
117.0,2026-01-01 00:01:57+00:00,,syn-attack-ltma-201,ltma-irregular-primary,irregular,,0.55,0.5,0,10.0,78.2108587351661,27.422666112682247,22.131464722428476,912.064319124162,35.43459932453196,1965.3972905438563,100.0,100.0,True,,synthetic_ltma,sim_user,llm_training,gpu:1,ltma
117.1,2026-01-01 00:01:57.100000+00:00,,syn-attack-ltma-201,ltma-irregular-primary,irregular,,0.55,0.5,0,10.0,71.00813989494263,4.619026569120646,1.0057757159468548,290.74108049265095,29.231996975073013,465.68020234178357,100.0,100.0,True,,synthetic_ltma,sim_user,llm_training,gpu:1,ltma
117.2,2026-01-01 00:01:57.200000+00:00,,syn-attack-ltma-201,ltma-irregular-primary,irregular,,0.55,0.5,0,10.0,79.11136482940523,15.685823360223527,10.928134699385513,680.6442255588069,32.32190372136007,1217.52078334112,100.0,100.0,True,,synthetic_ltma,sim_user,llm_training,gpu:1,ltma
117.3,2026-01-01 00:01:57.300000+00:00,,syn-attack-ltma-201,ltma-irregular-primary,irregular,,0.55,0.5,0,10.0,75.11796069986279,22.312099088881517,12.409759537639621,763.5561762888799,34.089591438988926,1416.5638929315967,100.0,100.0,True,,synthetic_ltma,sim_user,llm_training,gpu:1,ltma
117.4,2026-01-01 00:01:57.400000+00:00,,syn-attack-ltma-201,ltma-irregular-primary,irregular,,0.55,0.5,0,10.0,71.95771717734691,28.493094544286436,14.183130061555925,953.963932952897,35.80204852608086,1545.7456744363474,100.0,100.0,True,,synthetic_ltma,sim_user,llm_training,gpu:1,ltma
117.5,2026-01-01 00:01:57.500000+00:00,,syn-attack-ltma-201,ltma-irregular-primary,irregular,,0.55,0.5,0,10.0,70.20693710583784,14.086674248623334,8.794403497009842,575.1534885408681,31.87944303996602,1165.8763887578996,100.0,100.0,True,,synthetic_ltma,sim_user,llm_training,gpu:1,ltma
117.6,2026-01-01 00:01:57.600000+00:00,,syn-attack-ltma-201,ltma-irregular-primary,irregular,,0.55,0.5,0,10.0,75.80836691543074,18.34097032839909,15.305532228935498,664.1002490070681,33.01690885456315,1488.9118710823882,100.0,100.0,True,,synthetic_ltma,sim_user,llm_training,gpu:1,ltma
117.7,2026-01-01 00:01:57.700000+00:00,,syn-attack-ltma-201,ltma-irregular-primary,irregular,,0.55,0.5,0,10.0,69.00981889811979,16.379495238114735,7.981817457606987,627.7824639067135,32.37385450710129,831.2765283632657,100.0,100.0,True,,synthetic_ltma,sim_user,llm_training,gpu:1,ltma
117.8,2026-01-01 00:01:57.800000+00:00,,syn-attack-ltma-201,ltma-irregular-primary,irregular,,0.55,0.5,0,10.0,66.67958069919064,11.826658935648432,4.009231184598185,526.962487537086,31.00305048138018,674.4782606721301,100.0,100.0,True,,synthetic_ltma,sim_user,llm_training,gpu:1,ltma
117.9,2026-01-01 00:01:57.900000+00:00,,syn-attack-ltma-201,ltma-irregular-primary,irregular,,0.55,0.5,0,10.0,62.30219672456947,18.648642205957294,7.309697882550667,726.335306921014,32.98995495412523,1041.1567069777682,100.0,100.0,True,,synthetic_ltma,sim_user,llm_training,gpu:1,ltma
118.0,2026-01-01 00:01:58+00:00,,syn-attack-ltma-201,ltma-irregular-primary,irregular,,0.55,0.5,0,10.0,65.06880164814807,10.215583959640103,11.333162012729819,469.78997952613133,30.53473252290842,1154.6179438955417,100.0,100.0,True,,synthetic_ltma,sim_user,llm_training,gpu:1,ltma
118.1,2026-01-01 00:01:58.100000+00:00,,syn-attack-ltma-201,ltma-irregular-primary,irregular,,0.55,0.5,0,10.0,57.56261427383312,0.0,0.0,210.0,27.737582944497007,479.90970204793337,100.0,100.0,True,,synthetic_ltma,sim_user,llm_training,gpu:1,ltma
118.2,2026-01-01 00:01:58.200000+00:00,,syn-attack-ltma-201,ltma-irregular-primary,irregular,,0.55,0.5,0,10.0,65.8749033305947,8.39203087058129,1.646846889689296,358.457861679346,30.027387948648883,595.0728418429495,100.0,100.0,True,,synthetic_ltma,sim_user,llm_training,gpu:1,ltma
118.3,2026-01-01 00:01:58.300000+00:00,,syn-attack-ltma-201,ltma-irregular-primary,irregular,,0.55,0.5,0,10.0,70.39042294190745,11.773194738318658,0.33200589721584084,554.8940660375741,30.78743940210622,395.0922050431014,100.0,100.0,True,,synthetic_ltma,sim_user,llm_training,gpu:1,ltma
118.4,2026-01-01 00:01:58.400000+00:00,,syn-attack-ltma-201,ltma-irregular-primary,irregular,,0.55,0.5,0,10.0,72.21080736003852,10.500309566152529,5.133619033640212,511.67302271940963,30.566878656113932,861.7102302791868,100.0,100.0,True,,synthetic_ltma,sim_user,llm_training,gpu:1,ltma
118.5,2026-01-01 00:01:58.500000+00:00,,syn-attack-ltma-201,ltma-irregular-primary,irregular,,0.55,0.5,0,10.0,78.74479308933579,21.397082811650783,11.227830236073235,777.2481959710024,33.79888236494817,1001.9557702050961,100.0,100.0,True,,synthetic_ltma,sim_user,llm_training,gpu:1,ltma
118.6,2026-01-01 00:01:58.600000+00:00,,syn-attack-ltma-201,ltma-irregular-primary,irregular,,0.55,0.5,0,10.0,75.74777832419147,17.886782372083978,16.317179719171055,679.7580575387914,32.97498891362513,1509.0988395085376,100.0,100.0,True,,synthetic_ltma,sim_user,llm_training,gpu:1,ltma
118.7,2026-01-01 00:01:58.700000+00:00,,syn-attack-ltma-201,ltma-irregular-primary,irregular,,0.55,0.5,0,10.0,69.21647765672634,6.595153531381298,4.421497362556575,381.3733076065987,29.77105447446802,688.3819312744554,100.0,100.0,True,,synthetic_ltma,sim_user,llm_training,gpu:1,ltma
118.8,2026-01-01 00:01:58.800000+00:00,,syn-attack-ltma-201,ltma-irregular-primary,irregular,,0.55,0.5,0,10.0,72.93556096446972,15.456016348135364,3.8745447977242566,598.8743134897186,32.14677089232026,841.0160075342842,100.0,100.0,True,,synthetic_ltma,sim_user,llm_training,gpu:1,ltma
118.9,2026-01-01 00:01:58.900000+00:00,,syn-attack-ltma-201,ltma-irregular-primary,irregular,,0.55,0.5,0,10.0,80.1177466719092,12.242570930493624,11.536850891775536,484.45308628445054,31.581726390310415,1281.9569492908302,100.0,100.0,True,,synthetic_ltma,sim_user,llm_training,gpu:1,ltma
119.0,2026-01-01 00:01:59+00:00,,syn-attack-ltma-201,ltma-irregular-primary,irregular,,0.55,0.5,0,10.0,66.50441608990205,2.7259918293115497,0.0,298.4600687657934,29.03317954505868,546.7916097951787,100.0,100.0,True,,synthetic_ltma,sim_user,llm_training,gpu:1,ltma
119.1,2026-01-01 00:01:59.100000+00:00,,syn-attack-ltma-201,ltma-irregular-primary,irregular,,0.55,0.5,0,10.0,73.47712382420801,10.470259154987982,6.795341393547308,436.6711935330867,31.38076911169179,875.5045897665224,100.0,100.0,True,,synthetic_ltma,sim_user,llm_training,gpu:1,ltma
119.2,2026-01-01 00:01:59.200000+00:00,,syn-attack-ltma-201,ltma-irregular-primary,irregular,,0.55,0.5,0,10.0,66.87352745180557,0.0,3.8933990100830065,210.0,28.381251420042375,656.3665116040761,100.0,100.0,True,,synthetic_ltma,sim_user,llm_training,gpu:1,ltma
119.3,2026-01-01 00:01:59.300000+00:00,,syn-attack-ltma-201,ltma-irregular-primary,irregular,,0.55,0.5,0,10.0,58.20189041663697,12.556722752187726,8.265088076152642,536.5332879208245,31.446780046998466,909.1063828302348,100.0,100.0,True,,synthetic_ltma,sim_user,llm_training,gpu:1,ltma
119.4,2026-01-01 00:01:59.400000+00:00,,syn-attack-ltma-201,ltma-irregular-primary,irregular,,0.55,0.5,0,10.0,57.095681369699406,16.75844963187115,2.6761420258605355,631.0574778433869,32.577062592135384,642.830361242094,100.0,100.0,True,,synthetic_ltma,sim_user,llm_training,gpu:1,ltma
119.5,2026-01-01 00:01:59.500000+00:00,,syn-attack-ltma-201,ltma-irregular-primary,irregular,,0.55,0.5,0,10.0,58.31795079886356,13.832662818859625,10.380476714339482,605.6677852740136,31.93981581522709,1185.3155519634313,100.0,100.0,True,,synthetic_ltma,sim_user,llm_training,gpu:1,ltma
119.6,2026-01-01 00:01:59.600000+00:00,,syn-attack-ltma-201,ltma-irregular-primary,irregular,,0.55,0.5,0,10.0,47.737729013798514,10.125567363473486,1.1027639312123023,474.9429260470269,31.192913916677966,536.4462058136405,100.0,100.0,True,,synthetic_ltma,sim_user,llm_training,gpu:1,ltma
119.7,2026-01-01 00:01:59.700000+00:00,,syn-attack-ltma-201,ltma-irregular-primary,irregular,,0.55,0.5,0,10.0,58.76948821638318,0.0,0.0,210.0,28.096195113074973,513.7849694601289,100.0,100.0,True,,synthetic_ltma,sim_user,llm_training,gpu:1,ltma
119.8,2026-01-01 00:01:59.800000+00:00,,syn-attack-ltma-201,ltma-irregular-primary,irregular,,0.55,0.5,0,10.0,52.111683097847106,0.0,0.43704969000142646,253.3984785275415,27.913213244809985,581.0413440420677,100.0,100.0,True,,synthetic_ltma,sim_user,llm_training,gpu:1,ltma
119.9,2026-01-01 00:01:59.900000+00:00,,syn-attack-ltma-201,ltma-irregular-primary,irregular,,0.55,0.5,0,10.0,56.51662491506909,15.28907313951184,2.8865428126997017,620.7466644488773,31.774949160859453,560.7078479611275,100.0,100.0,True,,synthetic_ltma,sim_user,llm_training,gpu:1,ltma
