timestamp,collection_timestamp,raw_timestamp,session_id,attack_id,waveform_kind,waveform_frequency_hz,waveform_amplitude_frac,waveform_duty_cycle,gpu_id,sample_hz,power_w,util_gpu_pct,mem_copy_util_pct,sm_clock_mhz,temp_c,fb_used_mb,requested_interval_ms,actual_interval_ms,value_changed,pid,process_name,id_user,job_type,gres_req,label
0.0,2026-01-01 00:00:00+00:00,,syn-attack-swma-200,swma-periodic-primary,square,0.5,0.79,0.5,0,10.0,330.94286168738756,98.05924415353311,55.18973320095995,2520.0,55.31674657208565,4417.320352696802,100.0,100.0,True,,synthetic_swma,sim_user,unknown_cuda_workload,gpu:1,swma
0.1,2026-01-01 00:00:00.100000+00:00,,syn-attack-swma-200,swma-periodic-primary,square,0.5,0.79,0.5,0,10.0,328.71625401270313,96.03133599621674,51.10557348152341,2520.0,54.879949903231456,3920.428511647576,100.0,100.0,True,,synthetic_swma,sim_user,unknown_cuda_workload,gpu:1,swma
0.2,2026-01-01 00:00:00.200000+00:00,,syn-attack-swma-200,swma-periodic-primary,square,0.5,0.79,0.5,0,10.0,328.48313427476177,98.20262153886988,51.9889542127275,2520.0,55.62768468577506,3889.5796091790644,100.0,100.0,True,,synthetic_swma,sim_user,unknown_cuda_workload,gpu:1,swma
0.3,2026-01-01 00:00:00.300000+00:00,,syn-attack-swma-200,swma-periodic-primary,square,0.5,0.79,0.5,0,10.0,330.83789144746333,97.6923040807472,54.847955841028714,2520.0,55.676170350849254,4531.952014689328,100.0,100.0,True,,synthetic_swma,sim_user,unknown_cuda_workload,gpu:1,swma
0.4,2026-01-01 00:00:00.400000+00:00,,syn-attack-swma-200,swma-periodic-primary,square,0.5,0.79,0.5,0,10.0,333.04181141342895,97.6861432696957,57.78312734957124,2520.0,55.514304548350644,4630.133334012049,100.0,100.0,True,,synthetic_swma,sim_user,unknown_cuda_workload,gpu:1,swma
0.5,2026-01-01 00:00:00.500000+00:00,,syn-attack-swma-200,swma-periodic-primary,square,0.5,0.79,0.5,0,10.0,331.13916955398906,99.31974901002009,56.14475469416314,2520.0,55.978719532858726,4572.160555560735,100.0,100.0,True,,synthetic_swma,sim_user,unknown_cuda_workload,gpu:1,swma
0.6,2026-01-01 00:00:00.600000+00:00,,syn-attack-swma-200,swma-periodic-primary,square,0.5,0.79,0.5,0,10.0,329.13370856590166,96.99723297378345,52.193422890116445,2520.0,55.21579841555025,4143.188138421098,100.0,100.0,True,,synthetic_swma,sim_user,unknown_cuda_workload,gpu:1,swma
0.7,2026-01-01 00:00:00.700000+00:00,,syn-attack-swma-200,swma-periodic-primary,square,0.5,0.79,0.5,0,10.0,325.54266426437897,97.2131071169706,47.524094600172475,2520.0,55.111596573668194,3885.4935656558955,100.0,100.0,True,,synthetic_swma,sim_user,unknown_cuda_workload,gpu:1,swma
0.8,2026-01-01 00:00:00.800000+00:00,,syn-attack-swma-200,swma-periodic-primary,square,0.5,0.79,0.5,0,10.0,327.6700679798885,98.02117751629146,50.80507160714491,2520.0,55.46238235251064,4069.954361293388,100.0,100.0,True,,synthetic_swma,sim_user,unknown_cuda_workload,gpu:1,swma
0.9,2026-01-01 00:00:00.900000+00:00,,syn-attack-swma-200,swma-periodic-primary,square,0.5,0.79,0.5,0,10.0,328.0575607841659,97.38542275014801,50.972063558135915,2520.0,55.273034629094994,3884.352127079231,100.0,100.0,True,,synthetic_swma,sim_user,unknown_cuda_workload,gpu:1,swma
1.0,2026-01-01 00:00:01+00:00,,syn-attack-swma-200,swma-periodic-primary,square,0.5,0.79,0.5,0,10.0,41.459783936973736,0.5574502132345076,4.919642866577295,210.0,28.14934976107538,709.5524574711131,100.0,100.0,True,,synthetic_swma,sim_user,unknown_cuda_workload,gpu:1,swma
1.1,2026-01-01 00:00:01.100000+00:00,,syn-attack-swma-200,swma-periodic-primary,square,0.5,0.79,0.5,0,10.0,31.60856890213759,0.3544116053407239,0.0,210.0,27.993662539388826,445.636078409725,100.0,100.0,True,,synthetic_swma,sim_user,unknown_cuda_workload,gpu:1,swma
1.2,2026-01-01 00:00:01.200000+00:00,,syn-attack-swma-200,swma-periodic-primary,square,0.5,0.79,0.5,0,10.0,39.634891239102,0.8923576169261848,2.6706516747787306,228.54145701557107,28.542718194074432,647.7806081567903,100.0,100.0,True,,synthetic_swma,sim_user,unknown_cuda_workload,gpu:1,swma
1.3,2026-01-01 00:00:01.300000+00:00,,syn-attack-swma-200,swma-periodic-primary,square,0.5,0.79,0.5,0,10.0,36.52346372243557,1.0754597281552851,0.0,239.5275836893171,28.720352412781,447.2778618976215,100.0,100.0,True,,synthetic_swma,sim_user,unknown_cuda_workload,gpu:1,swma
1.4,2026-01-01 00:00:01.400000+00:00,,syn-attack-swma-200,swma-periodic-primary,square,0.5,0.79,0.5,0,10.0,39.48264186234651,1.3046679775347867,2.694423204106152,253.2800786520872,28.91249746056968,607.9658025978753,100.0,100.0,True,,synthetic_swma,sim_user,unknown_cuda_workload,gpu:1,swma
1.5,2026-01-01 00:00:01.500000+00:00,,syn-attack-swma-200,swma-periodic-primary,square,0.5,0.79,0.5,0,10.0,32.23797165088498,2.225314125180309,0.0,308.51884751081855,29.10232717848412,524.7099040450339,100.0,100.0,True,,synthetic_swma,sim_user,unknown_cuda_workload,gpu:1,swma
1.6,2026-01-01 00:00:01.600000+00:00,,syn-attack-swma-200,swma-periodic-primary,square,0.5,0.79,0.5,0,10.0,37.40682020104962,2.671749435512278,0.6785557909312422,335.3049661307367,29.348549155670234,478.03986153627204,100.0,100.0,True,,synthetic_swma,sim_user,unknown_cuda_workload,gpu:1,swma
1.7,2026-01-01 00:00:01.700000+00:00,,syn-attack-swma-200,swma-periodic-primary,square,0.5,0.79,0.5,0,10.0,39.701912742945616,1.4381439541808216,3.0601961653936085,261.2886372508493,28.8796712551109,650.0584404493059,100.0,100.0,True,,synthetic_swma,sim_user,unknown_cuda_workload,gpu:1,swma
1.8,2026-01-01 00:00:01.800000+00:00,,syn-attack-swma-200,swma-periodic-primary,square,0.5,0.79,0.5,0,10.0,38.09506936575107,1.0068370456423896,0.680519529438076,235.41022273854338,28.666897777785664,459.15797935401156,100.0,100.0,True,,synthetic_swma,sim_user,unknown_cuda_workload,gpu:1,swma
1.9,2026-01-01 00:00:01.900000+00:00,,syn-attack-swma-200,swma-periodic-primary,square,0.5,0.79,0.5,0,10.0,40.81800174164121,0.5095101638327917,4.037566245629647,210.0,28.362623281697722,717.8628908162127,100.0,100.0,True,,synthetic_swma,sim_user,unknown_cuda_workload,gpu:1,swma
2.0,2026-01-01 00:00:02+00:00,,syn-attack-swma-200,swma-periodic-primary,square,0.5,0.79,0.5,0,10.0,331.25833759034924,98.52660086507461,55.867413929590036,2520.0,55.91841767545044,4328.867709670113,100.0,100.0,True,,synthetic_swma,sim_user,unknown_cuda_workload,gpu:1,swma
2.1,2026-01-01 00:00:02.100000+00:00,,syn-attack-swma-200,swma-periodic-primary,square,0.5,0.79,0.5,0,10.0,330.77651347029405,99.1165251570795,55.54944013011916,2520.0,55.71785077807783,4221.155524736236,100.0,100.0,True,,synthetic_swma,sim_user,unknown_cuda_workload,gpu:1,swma
2.2,2026-01-01 00:00:02.200000+00:00,,syn-attack-swma-200,swma-periodic-primary,square,0.5,0.79,0.5,0,10.0,326.12971646742994,97.7742073151712,48.61543597991741,2520.0,55.25333880319024,3799.32162516891,100.0,100.0,True,,synthetic_swma,sim_user,unknown_cuda_workload,gpu:1,swma
2.3,2026-01-01 00:00:02.300000+00:00,,syn-attack-swma-200,swma-periodic-primary,square,0.5,0.79,0.5,0,10.0,328.68637251969204,96.71508641155008,51.441794219275266,2520.0,54.75131454669148,4144.833956978557,100.0,100.0,True,,synthetic_swma,sim_user,unknown_cuda_workload,gpu:1,swma
2.4,2026-01-01 00:00:02.400000+00:00,,syn-attack-swma-200,swma-periodic-primary,square,0.5,0.79,0.5,0,10.0,327.93664642364234,99.02187144518054,51.71089119303912,2520.0,55.15167051893896,3971.632368287107,100.0,100.0,True,,synthetic_swma,sim_user,unknown_cuda_workload,gpu:1,swma
2.5,2026-01-01 00:00:02.500000+00:00,,syn-attack-swma-200,swma-periodic-primary,square,0.5,0.79,0.5,0,10.0,329.48502696035996,97.79395692664598,53.10004559013523,2520.0,54.74026408785014,4258.604618212558,100.0,100.0,True,,synthetic_swma,sim_user,unknown_cuda_workload,gpu:1,swma
2.6,2026-01-01 00:00:02.600000+00:00,,syn-attack-swma-200,swma-periodic-primary,square,0.5,0.79,0.5,0,10.0,339.20565246238937,99.14785243129674,66.805522120399,2520.0,55.41851913210946,5081.272138829815,100.0,100.0,True,,synthetic_swma,sim_user,unknown_cuda_workload,gpu:1,swma
2.7,2026-01-01 00:00:02.700000+00:00,,syn-attack-swma-200,swma-periodic-primary,square,0.5,0.79,0.5,0,10.0,329.06359438271653,97.76840123614677,52.52407985683607,2520.0,55.18839861793354,4115.890405986393,100.0,100.0,True,,synthetic_swma,sim_user,unknown_cuda_workload,gpu:1,swma
2.8,2026-01-01 00:00:02.800000+00:00,,syn-attack-swma-200,swma-periodic-primary,square,0.5,0.79,0.5,0,10.0,332.21516336813363,97.07710189667975,56.34595720068534,2520.0,55.250743602341785,4468.413001086344,100.0,100.0,True,,synthetic_swma,sim_user,unknown_cuda_workload,gpu:1,swma
2.9,2026-01-01 00:00:02.900000+00:00,,syn-attack-swma-200,swma-periodic-primary,square,0.5,0.79,0.5,0,10.0,331.7367582759258,97.52608734616337,55.95502574162428,2520.0,55.13640766190841,4332.91077855367,100.0,100.0,True,,synthetic_swma,sim_user,unknown_cuda_workload,gpu:1,swma
3.0,2026-01-01 00:00:03+00:00,,syn-attack-swma-200,swma-periodic-primary,square,0.5,0.79,0.5,0,10.0,40.5240019931908,0.0,3.365335990921064,210.0,27.897832889697817,615.1696524776609,100.0,100.0,True,,synthetic_swma,sim_user,unknown_cuda_workload,gpu:1,swma
3.1,2026-01-01 00:00:03.100000+00:00,,syn-attack-swma-200,swma-periodic-primary,square,0.5,0.79,0.5,0,10.0,40.20200159706,0.13697255174323442,3.011337032872105,210.0,27.964796572009316,546.4177507216309,100.0,100.0,True,,synthetic_swma,sim_user,unknown_cuda_workload,gpu:1,swma
3.2,2026-01-01 00:00:03.200000+00:00,,syn-attack-swma-200,swma-periodic-primary,square,0.5,0.79,0.5,0,10.0,31.645486422789126,0.8575161769354886,0.0,226.45097061612933,28.24998137370472,213.52440218744104,100.0,100.0,True,,synthetic_swma,sim_user,unknown_cuda_workload,gpu:1,swma
3.3,2026-01-01 00:00:03.300000+00:00,,syn-attack-swma-200,swma-periodic-primary,square,0.5,0.79,0.5,0,10.0,38.126120958074814,0.9312051952349195,0.6803241348122959,230.87231171409516,28.619479029826923,344.6293793615894,100.0,100.0,True,,synthetic_swma,sim_user,unknown_cuda_workload,gpu:1,swma
3.4,2026-01-01 00:00:03.400000+00:00,,syn-attack-swma-200,swma-periodic-primary,square,0.5,0.79,0.5,0,10.0,33.05356349470262,0.6825138071379329,0.0,215.95082842827597,28.43497979789581,262.888371247848,100.0,100.0,True,,synthetic_swma,sim_user,unknown_cuda_workload,gpu:1,swma
3.5,2026-01-01 00:00:03.500000+00:00,,syn-attack-swma-200,swma-periodic-primary,square,0.5,0.79,0.5,0,10.0,33.29223440567478,2.0002296610339627,0.0,295.0137796620378,28.349441464495477,469.91050929262934,100.0,100.0,True,,synthetic_swma,sim_user,unknown_cuda_workload,gpu:1,swma
3.6,2026-01-01 00:00:03.600000+00:00,,syn-attack-swma-200,swma-periodic-primary,square,0.5,0.79,0.5,0,10.0,41.34006553241465,2.022733678800948,5.565924233226719,296.3640207280569,28.440507828671233,965.9485092850929,100.0,100.0,True,,synthetic_swma,sim_user,unknown_cuda_workload,gpu:1,swma
3.7,2026-01-01 00:00:03.700000+00:00,,syn-attack-swma-200,swma-periodic-primary,square,0.5,0.79,0.5,0,10.0,37.72415821760601,0.7614931238922769,0.051032174948763,220.68958743353662,28.047108993726972,426.82345469632844,100.0,100.0,True,,synthetic_swma,sim_user,unknown_cuda_workload,gpu:1,swma
3.8,2026-01-01 00:00:03.800000+00:00,,syn-attack-swma-200,swma-periodic-primary,square,0.5,0.79,0.5,0,10.0,34.360804941033194,0.0,0.0,210.0,28.02291169336661,500.35153366340114,100.0,100.0,True,,synthetic_swma,sim_user,unknown_cuda_workload,gpu:1,swma
3.9,2026-01-01 00:00:03.900000+00:00,,syn-attack-swma-200,swma-periodic-primary,square,0.5,0.79,0.5,0,10.0,34.10393737182663,0.5379792342407526,0.0,210.0,28.334223034551776,453.7586384933234,100.0,100.0,True,,synthetic_swma,sim_user,unknown_cuda_workload,gpu:1,swma
4.0,2026-01-01 00:00:04+00:00,,syn-attack-swma-200,swma-periodic-primary,square,0.5,0.79,0.5,0,10.0,330.55010589448756,99.49069405244619,55.45335625482879,2520.0,56.106768387231995,4403.257717492428,100.0,100.0,True,,synthetic_swma,sim_user,unknown_cuda_workload,gpu:1,swma
4.1,2026-01-01 00:00:04.100000+00:00,,syn-attack-swma-200,swma-periodic-primary,square,0.5,0.79,0.5,0,10.0,324.16738652441774,97.93065667095401,46.08504320158168,2520.0,55.81058533377462,3679.12960427621,100.0,100.0,True,,synthetic_swma,sim_user,unknown_cuda_workload,gpu:1,swma
4.2,2026-01-01 00:00:04.200000+00:00,,syn-attack-swma-200,swma-periodic-primary,square,0.5,0.79,0.5,0,10.0,334.74927146779066,98.25836611580269,60.374463320745726,2520.0,55.5706534561317,4865.819852530841,100.0,100.0,True,,synthetic_swma,sim_user,unknown_cuda_workload,gpu:1,swma
4.3,2026-01-01 00:00:04.300000+00:00,,syn-attack-swma-200,swma-periodic-primary,square,0.5,0.79,0.5,0,10.0,332.34858560956803,97.81553584067301,56.929992191794206,2520.0,55.529027426104086,4355.24487353415,100.0,100.0,True,,synthetic_swma,sim_user,unknown_cuda_workload,gpu:1,swma
4.4,2026-01-01 00:00:04.400000+00:00,,syn-attack-swma-200,swma-periodic-primary,square,0.5,0.79,0.5,0,10.0,333.22961438944,99.50586712941964,59.0343794404341,2520.0,56.349835992081346,4587.464246512834,100.0,100.0,True,,synthetic_swma,sim_user,unknown_cuda_workload,gpu:1,swma
4.5,2026-01-01 00:00:04.500000+00:00,,syn-attack-swma-200,swma-periodic-primary,square,0.5,0.79,0.5,0,10.0,334.00135310002,98.16414233955935,59.32541575345101,2520.0,55.96412245520649,4746.372023158208,100.0,100.0,True,,synthetic_swma,sim_user,unknown_cuda_workload,gpu:1,swma
4.6,2026-01-01 00:00:04.600000+00:00,,syn-attack-swma-200,swma-periodic-primary,square,0.5,0.79,0.5,0,10.0,333.0229567232223,98.94981216244202,58.45300565363954,2520.0,56.0236059224043,4537.692165847832,100.0,100.0,True,,synthetic_swma,sim_user,unknown_cuda_workload,gpu:1,swma
4.7,2026-01-01 00:00:04.700000+00:00,,syn-attack-swma-200,swma-periodic-primary,square,0.5,0.79,0.5,0,10.0,334.2590759828063,97.91505214120706,59.5320466547389,2520.0,55.53869079299547,4739.844785234352,100.0,100.0,True,,synthetic_swma,sim_user,unknown_cuda_workload,gpu:1,swma
4.8,2026-01-01 00:00:04.800000+00:00,,syn-attack-swma-200,swma-periodic-primary,square,0.5,0.79,0.5,0,10.0,329.0882569796241,98.22631412275972,52.8088154070166,2520.0,55.44304853687486,4081.2158772476823,100.0,100.0,True,,synthetic_swma,sim_user,unknown_cuda_workload,gpu:1,swma
4.9,2026-01-01 00:00:04.900000+00:00,,syn-attack-swma-200,swma-periodic-primary,square,0.5,0.79,0.5,0,10.0,330.75476930591935,98.85958353246406,55.37913001741439,2520.0,55.34540898877134,4218.319782722756,100.0,100.0,True,,synthetic_swma,sim_user,unknown_cuda_workload,gpu:1,swma
5.0,2026-01-01 00:00:05+00:00,,syn-attack-swma-200,swma-periodic-primary,square,0.5,0.79,0.5,0,10.0,35.67893584643446,0.0,0.0,210.0,27.617051389462702,509.8913639399171,100.0,100.0,True,,synthetic_swma,sim_user,unknown_cuda_workload,gpu:1,swma
5.1,2026-01-01 00:00:05.100000+00:00,,syn-attack-swma-200,swma-periodic-primary,square,0.5,0.79,0.5,0,10.0,43.9762308331201,0.0,7.968307777493464,210.0,27.7042469544254,1103.756156230283,100.0,100.0,True,,synthetic_swma,sim_user,unknown_cuda_workload,gpu:1,swma
5.2,2026-01-01 00:00:05.200000+00:00,,syn-attack-swma-200,swma-periodic-primary,square,0.5,0.79,0.5,0,10.0,38.88826907784222,0.5902480812921415,1.5089952151669637,210.4148848775285,27.94750567373983,628.2251825995687,100.0,100.0,True,,synthetic_swma,sim_user,unknown_cuda_workload,gpu:1,swma
5.3,2026-01-01 00:00:05.300000+00:00,,syn-attack-swma-200,swma-periodic-primary,square,0.5,0.79,0.5,0,10.0,39.868158186460406,0.4789735950975518,2.754313059250859,210.0,28.107381639210956,597.2509876346422,100.0,100.0,True,,synthetic_swma,sim_user,unknown_cuda_workload,gpu:1,swma
5.4,2026-01-01 00:00:05.400000+00:00,,syn-attack-swma-200,swma-periodic-primary,square,0.5,0.79,0.5,0,10.0,35.776358538402974,0.8205050971370537,0.0,224.23030582822324,27.967564229996963,313.9797515918225,100.0,100.0,True,,synthetic_swma,sim_user,unknown_cuda_workload,gpu:1,swma
5.5,2026-01-01 00:00:05.500000+00:00,,syn-attack-swma-200,swma-periodic-primary,square,0.5,0.79,0.5,0,10.0,37.007643403000166,0.0,0.0,210.0,27.833691065388145,498.8922019598631,100.0,100.0,True,,synthetic_swma,sim_user,unknown_cuda_workload,gpu:1,swma
5.6,2026-01-01 00:00:05.600000+00:00,,syn-attack-swma-200,swma-periodic-primary,square,0.5,0.79,0.5,0,10.0,37.18610078991694,1.3175559230486338,0.0,254.05335538291803,28.441338324688186,487.5498652973947,100.0,100.0,True,,synthetic_swma,sim_user,unknown_cuda_workload,gpu:1,swma
5.7,2026-01-01 00:00:05.700000+00:00,,syn-attack-swma-200,swma-periodic-primary,square,0.5,0.79,0.5,0,10.0,35.50705261689973,2.0923238671566784,0.0,300.5394320294007,28.58835009852386,411.99441953196725,100.0,100.0,True,,synthetic_swma,sim_user,unknown_cuda_workload,gpu:1,swma
5.8,2026-01-01 00:00:05.800000+00:00,,syn-attack-swma-200,swma-periodic-primary,square,0.5,0.79,0.5,0,10.0,34.852436746188175,1.122311967566051,0.0,242.33871805396305,28.412256735182353,386.4926664594706,100.0,100.0,True,,synthetic_swma,sim_user,unknown_cuda_workload,gpu:1,swma
5.9,2026-01-01 00:00:05.900000+00:00,,syn-attack-swma-200,swma-periodic-primary,square,0.5,0.79,0.5,0,10.0,41.11252651491487,0.0,4.150035353219828,210.0,27.91771198186657,802.9396388833912,100.0,100.0,True,,synthetic_swma,sim_user,unknown_cuda_workload,gpu:1,swma
6.0,2026-01-01 00:00:06+00:00,,syn-attack-swma-200,swma-periodic-primary,square,0.5,0.79,0.5,0,10.0,328.40183148087283,97.44007426937311,51.461149489318956,2520.0,54.91767021863074,4115.031314225077,100.0,100.0,True,,synthetic_swma,sim_user,unknown_cuda_workload,gpu:1,swma
6.1,2026-01-01 00:00:06.100000+00:00,,syn-attack-swma-200,swma-periodic-primary,square,0.5,0.79,0.5,0,10.0,330.8336768343832,99.40463390032863,55.7841177576917,2520.0,55.62216610559898,4385.3426894593595,100.0,100.0,True,,synthetic_swma,sim_user,unknown_cuda_workload,gpu:1,swma
6.2,2026-01-01 00:00:06.200000+00:00,,syn-attack-swma-200,swma-periodic-primary,square,0.5,0.79,0.5,0,10.0,330.0540465649866,96.92606179959421,53.381396076425645,2520.0,54.746143405508676,4096.040547476207,100.0,100.0,True,,synthetic_swma,sim_user,unknown_cuda_workload,gpu:1,swma
6.3,2026-01-01 00:00:06.300000+00:00,,syn-attack-swma-200,swma-periodic-primary,square,0.5,0.79,0.5,0,10.0,328.3476944950768,97.16260148765137,51.236356811643994,2520.0,54.61997836830966,3926.8485949720957,100.0,100.0,True,,synthetic_swma,sim_user,unknown_cuda_workload,gpu:1,swma
6.4,2026-01-01 00:00:06.400000+00:00,,syn-attack-swma-200,swma-periodic-primary,square,0.5,0.79,0.5,0,10.0,328.68662091887205,97.08925961575451,51.64792068049437,2520.0,54.38524259207742,3955.3705421270515,100.0,100.0,True,,synthetic_swma,sim_user,unknown_cuda_workload,gpu:1,swma
6.5,2026-01-01 00:00:06.500000+00:00,,syn-attack-swma-200,swma-periodic-primary,square,0.5,0.79,0.5,0,10.0,332.51194173203845,98.42300658864119,57.481909266470566,2520.0,54.562329223678304,4500.591262681992,100.0,100.0,True,,synthetic_swma,sim_user,unknown_cuda_workload,gpu:1,swma
6.6,2026-01-01 00:00:06.600000+00:00,,syn-attack-swma-200,swma-periodic-primary,square,0.5,0.79,0.5,0,10.0,330.0889491113085,98.78795638178305,54.451974825058684,2520.0,54.81585217690265,4253.386035238502,100.0,100.0,True,,synthetic_swma,sim_user,unknown_cuda_workload,gpu:1,swma
6.7,2026-01-01 00:00:06.700000+00:00,,syn-attack-swma-200,swma-periodic-primary,square,0.5,0.79,0.5,0,10.0,326.8085688535376,97.18908981209806,49.19875786803746,2520.0,54.594291074500845,3910.93266317887,100.0,100.0,True,,synthetic_swma,sim_user,unknown_cuda_workload,gpu:1,swma
6.8,2026-01-01 00:00:06.800000+00:00,,syn-attack-swma-200,swma-periodic-primary,square,0.5,0.79,0.5,0,10.0,327.38514279596654,100.0,51.51352372795538,2520.0,55.253185029499946,4122.208607011702,100.0,100.0,True,,synthetic_swma,sim_user,unknown_cuda_workload,gpu:1,swma
6.9,2026-01-01 00:00:06.900000+00:00,,syn-attack-swma-200,swma-periodic-primary,square,0.5,0.79,0.5,0,10.0,328.108152982096,97.59966204051935,51.15735143174697,2520.0,54.76741957333435,3887.2915077813504,100.0,100.0,True,,synthetic_swma,sim_user,unknown_cuda_workload,gpu:1,swma
7.0,2026-01-01 00:00:07+00:00,,syn-attack-swma-200,swma-periodic-primary,square,0.5,0.79,0.5,0,10.0,34.92809547737785,2.1235914876299415,0.0,302.4154892577965,27.957287756651716,378.683715674676,100.0,100.0,True,,synthetic_swma,sim_user,unknown_cuda_workload,gpu:1,swma
7.1,2026-01-01 00:00:07.100000+00:00,,syn-attack-swma-200,swma-periodic-primary,square,0.5,0.79,0.5,0,10.0,41.947582709178825,1.4091082375255342,6.038453142877476,259.54649425153207,27.655149126289853,927.9505470517886,100.0,100.0,True,,synthetic_swma,sim_user,unknown_cuda_workload,gpu:1,swma
7.2,2026-01-01 00:00:07.200000+00:00,,syn-attack-swma-200,swma-periodic-primary,square,0.5,0.79,0.5,0,10.0,37.959098179291495,1.5216915454944704,0.7823945890772863,266.3014927296682,28.060152131493634,498.2949943994607,100.0,100.0,True,,synthetic_swma,sim_user,unknown_cuda_workload,gpu:1,swma
7.3,2026-01-01 00:00:07.300000+00:00,,syn-attack-swma-200,swma-periodic-primary,square,0.5,0.79,0.5,0,10.0,43.0982559986503,0.0,6.797674664867072,210.0,27.937133603535827,910.5427742644264,100.0,100.0,True,,synthetic_swma,sim_user,unknown_cuda_workload,gpu:1,swma
7.4,2026-01-01 00:00:07.400000+00:00,,syn-attack-swma-200,swma-periodic-primary,square,0.5,0.79,0.5,0,10.0,35.4999028338783,0.0,0.0,210.0,28.220571650149942,476.31530472556193,100.0,100.0,True,,synthetic_swma,sim_user,unknown_cuda_workload,gpu:1,swma
7.5,2026-01-01 00:00:07.500000+00:00,,syn-attack-swma-200,swma-periodic-primary,square,0.5,0.79,0.5,0,10.0,36.223621673168644,2.47828575177851,0.0,323.6971451067106,28.979401606875882,542.7002044288225,100.0,100.0,True,,synthetic_swma,sim_user,unknown_cuda_workload,gpu:1,swma
7.6,2026-01-01 00:00:07.600000+00:00,,syn-attack-swma-200,swma-periodic-primary,square,0.5,0.79,0.5,0,10.0,44.863340343714434,0.0,9.15112045828591,210.0,27.911893196921056,1210.6598463966309,100.0,100.0,True,,synthetic_swma,sim_user,unknown_cuda_workload,gpu:1,swma
7.7,2026-01-01 00:00:07.700000+00:00,,syn-attack-swma-200,swma-periodic-primary,square,0.5,0.79,0.5,0,10.0,33.62007031152807,1.6807352519822463,0.0,275.8441151189348,28.6546245920006,477.4932023085571,100.0,100.0,True,,synthetic_swma,sim_user,unknown_cuda_workload,gpu:1,swma
7.8,2026-01-01 00:00:07.800000+00:00,,syn-attack-swma-200,swma-periodic-primary,square,0.5,0.79,0.5,0,10.0,35.7730506747494,1.377845996454775,0.0,257.6707597872865,28.759290755507028,429.8681278283026,100.0,100.0,True,,synthetic_swma,sim_user,unknown_cuda_workload,gpu:1,swma
7.9,2026-01-01 00:00:07.900000+00:00,,syn-attack-swma-200,swma-periodic-primary,square,0.5,0.79,0.5,0,10.0,35.06623822997514,0.0,0.0,210.0,28.30000416137029,551.5953346410142,100.0,100.0,True,,synthetic_swma,sim_user,unknown_cuda_workload,gpu:1,swma
8.0,2026-01-01 00:00:08+00:00,,syn-attack-swma-200,swma-periodic-primary,square,0.5,0.79,0.5,0,10.0,329.2937101294756,99.0096142483245,53.51356800921257,2520.0,56.13807023683474,4200.726645791428,100.0,100.0,True,,synthetic_swma,sim_user,unknown_cuda_workload,gpu:1,swma
8.1,2026-01-01 00:00:08.100000+00:00,,syn-attack-swma-200,swma-periodic-primary,square,0.5,0.79,0.5,0,10.0,330.88582573272186,97.58744945172039,54.85419817540869,2520.0,55.65571033277236,4300.8477105607035,100.0,100.0,True,,synthetic_swma,sim_user,unknown_cuda_workload,gpu:1,swma
8.2,2026-01-01 00:00:08.200000+00:00,,syn-attack-swma-200,swma-periodic-primary,square,0.5,0.79,0.5,0,10.0,332.98270216852006,98.67395131929686,58.247609450306726,2520.0,55.81587284468159,4542.707531362809,100.0,100.0,True,,synthetic_swma,sim_user,unknown_cuda_workload,gpu:1,swma
8.3,2026-01-01 00:00:08.300000+00:00,,syn-attack-swma-200,swma-periodic-primary,square,0.5,0.79,0.5,0,10.0,333.3522868979018,97.97713795701603,58.3571417402279,2520.0,55.37070586888795,4501.014672441849,100.0,100.0,True,,synthetic_swma,sim_user,unknown_cuda_workload,gpu:1,swma
8.4,2026-01-01 00:00:08.400000+00:00,,syn-attack-swma-200,swma-periodic-primary,square,0.5,0.79,0.5,0,10.0,328.5624693733318,98.46605549028247,52.23962301743108,2520.0,55.4409449744423,4146.62359169647,100.0,100.0,True,,synthetic_swma,sim_user,unknown_cuda_workload,gpu:1,swma
8.5,2026-01-01 00:00:08.500000+00:00,,syn-attack-swma-200,swma-periodic-primary,square,0.5,0.79,0.5,0,10.0,330.52025317813553,99.09000720672032,55.19317486787692,2520.0,55.90054267494591,4216.461708305028,100.0,100.0,True,,synthetic_swma,sim_user,unknown_cuda_workload,gpu:1,swma
8.6,2026-01-01 00:00:08.600000+00:00,,syn-attack-swma-200,swma-periodic-primary,square,0.5,0.79,0.5,0,10.0,325.7659085853666,99.06335669030629,48.839390960157324,2520.0,55.64675329459236,3846.123451413437,100.0,100.0,True,,synthetic_swma,sim_user,unknown_cuda_workload,gpu:1,swma
8.7,2026-01-01 00:00:08.700000+00:00,,syn-attack-swma-200,swma-periodic-primary,square,0.5,0.79,0.5,0,10.0,331.613621886011,97.17096453762827,55.5955263437102,2520.0,55.166219236589775,4377.351361589435,100.0,100.0,True,,synthetic_swma,sim_user,unknown_cuda_workload,gpu:1,swma
8.8,2026-01-01 00:00:08.800000+00:00,,syn-attack-swma-200,swma-periodic-primary,square,0.5,0.79,0.5,0,10.0,325.23761855592375,99.02195344768217,48.112232470790204,2520.0,55.73334668412962,3843.60610050389,100.0,100.0,True,,synthetic_swma,sim_user,unknown_cuda_workload,gpu:1,swma
8.9,2026-01-01 00:00:08.900000+00:00,,syn-attack-swma-200,swma-periodic-primary,square,0.5,0.79,0.5,0,10.0,334.6554174639158,99.07959815329966,60.70100226953584,2520.0,55.61384164029736,4599.835035471269,100.0,100.0,True,,synthetic_swma,sim_user,unknown_cuda_workload,gpu:1,swma
9.0,2026-01-01 00:00:09+00:00,,syn-attack-swma-200,swma-periodic-primary,square,0.5,0.79,0.5,0,10.0,31.85343082435761,0.0,0.0,210.0,27.748784637145608,606.6357855383869,100.0,100.0,True,,synthetic_swma,sim_user,unknown_cuda_workload,gpu:1,swma
9.1,2026-01-01 00:00:09.100000+00:00,,syn-attack-swma-200,swma-periodic-primary,square,0.5,0.79,0.5,0,10.0,40.22132720238755,2.003937529386066,4.063935244345738,295.236251763164,28.188538758607475,701.1289547703932,100.0,100.0,True,,synthetic_swma,sim_user,unknown_cuda_workload,gpu:1,swma
9.2,2026-01-01 00:00:09.200000+00:00,,syn-attack-swma-200,swma-periodic-primary,square,0.5,0.79,0.5,0,10.0,38.607265698466655,0.38833411046832833,1.0232713587131173,210.0,27.860489027636394,361.782837376736,100.0,100.0,True,,synthetic_swma,sim_user,unknown_cuda_workload,gpu:1,swma
9.3,2026-01-01 00:00:09.300000+00:00,,syn-attack-swma-200,swma-periodic-primary,square,0.5,0.79,0.5,0,10.0,35.00681643342538,0.5185415155359241,0.0,210.0,28.06034604440595,514.7970122598894,100.0,100.0,True,,synthetic_swma,sim_user,unknown_cuda_workload,gpu:1,swma
9.4,2026-01-01 00:00:09.400000+00:00,,syn-attack-swma-200,swma-periodic-primary,square,0.5,0.79,0.5,0,10.0,44.45915045803561,1.5904018717784991,9.48692164019232,270.42411230670996,28.253632338601065,1143.2424356273327,100.0,100.0,True,,synthetic_swma,sim_user,unknown_cuda_workload,gpu:1,swma
9.5,2026-01-01 00:00:09.500000+00:00,,syn-attack-swma-200,swma-periodic-primary,square,0.5,0.79,0.5,0,10.0,36.48025997375894,0.0,0.0,210.0,28.02539645963886,328.85291011451113,100.0,100.0,True,,synthetic_swma,sim_user,unknown_cuda_workload,gpu:1,swma
9.6,2026-01-01 00:00:09.600000+00:00,,syn-attack-swma-200,swma-periodic-primary,square,0.5,0.79,0.5,0,10.0,44.68722575402983,1.9545232161021286,9.991288774229282,292.27139296612773,28.34692295167836,1185.7385873727565,100.0,100.0,True,,synthetic_swma,sim_user,unknown_cuda_workload,gpu:1,swma
9.7,2026-01-01 00:00:09.700000+00:00,,syn-attack-swma-200,swma-periodic-primary,square,0.5,0.79,0.5,0,10.0,37.484091910045706,0.6677647170522583,0.0,215.0658830231355,27.838855035673046,345.17783375732904,100.0,100.0,True,,synthetic_swma,sim_user,unknown_cuda_workload,gpu:1,swma
9.8,2026-01-01 00:00:09.800000+00:00,,syn-attack-swma-200,swma-periodic-primary,square,0.5,0.79,0.5,0,10.0,38.7626217633381,1.122411134226815,1.6341551416088855,242.34466805360893,28.125807821425592,611.9908704527801,100.0,100.0,True,,synthetic_swma,sim_user,unknown_cuda_workload,gpu:1,swma
9.9,2026-01-01 00:00:09.900000+00:00,,syn-attack-swma-200,swma-periodic-primary,square,0.5,0.79,0.5,0,10.0,31.37320450357492,2.470487840612509,0.0,323.22927043675054,28.60678433273633,642.3703327272376,100.0,100.0,True,,synthetic_swma,sim_user,unknown_cuda_workload,gpu:1,swma
10.0,2026-01-01 00:00:10+00:00,,syn-attack-swma-200,swma-periodic-primary,square,0.5,0.79,0.5,0,10.0,327.8966916755714,96.41122393002863,50.22176206227762,2520.0,55.12009228856191,4175.295363933392,100.0,100.0,True,,synthetic_swma,sim_user,unknown_cuda_workload,gpu:1,swma
10.1,2026-01-01 00:00:10.100000+00:00,,syn-attack-swma-200,swma-periodic-primary,square,0.5,0.79,0.5,0,10.0,330.57215654785955,98.9820237396754,55.20298845396753,2520.0,55.785566431673224,4232.104305378386,100.0,100.0,True,,synthetic_swma,sim_user,unknown_cuda_workload,gpu:1,swma
10.2,2026-01-01 00:00:10.200000+00:00,,syn-attack-swma-200,swma-periodic-primary,square,0.5,0.79,0.5,0,10.0,327.42484197917963,98.14553961882855,50.5465027625952,2520.0,55.306192484617256,3974.420165433992,100.0,100.0,True,,synthetic_swma,sim_user,unknown_cuda_workload,gpu:1,swma
10.3,2026-01-01 00:00:10.300000+00:00,,syn-attack-swma-200,swma-periodic-primary,square,0.5,0.79,0.5,0,10.0,327.6642719586134,99.42622326584096,51.57011874103045,2520.0,55.74217758063992,3821.969061089574,100.0,100.0,True,,synthetic_swma,sim_user,unknown_cuda_workload,gpu:1,swma
10.4,2026-01-01 00:00:10.400000+00:00,,syn-attack-swma-200,swma-periodic-primary,square,0.5,0.79,0.5,0,10.0,326.33701137413067,98.33724948790918,49.201502383857616,2520.0,55.378163021984165,3856.219539744231,100.0,100.0,True,,synthetic_swma,sim_user,unknown_cuda_workload,gpu:1,swma
10.5,2026-01-01 00:00:10.500000+00:00,,syn-attack-swma-200,swma-periodic-primary,square,0.5,0.79,0.5,0,10.0,329.323118169624,96.73018985444938,52.29909531277918,2520.0,54.848590706034976,4140.332000356628,100.0,100.0,True,,synthetic_swma,sim_user,unknown_cuda_workload,gpu:1,swma
10.6,2026-01-01 00:00:10.600000+00:00,,syn-attack-swma-200,swma-periodic-primary,square,0.5,0.79,0.5,0,10.0,327.7970544214492,98.75996318305044,51.380718979276715,2520.0,55.46283919119876,4092.465070760387,100.0,100.0,True,,synthetic_swma,sim_user,unknown_cuda_workload,gpu:1,swma
10.7,2026-01-01 00:00:10.700000+00:00,,syn-attack-swma-200,swma-periodic-primary,square,0.5,0.79,0.5,0,10.0,338.05608342540677,99.13487531669492,65.26562599139127,2520.0,55.22328008634334,5165.9681483221875,100.0,100.0,True,,synthetic_swma,sim_user,unknown_cuda_workload,gpu:1,swma
10.8,2026-01-01 00:00:10.800000+00:00,,syn-attack-swma-200,swma-periodic-primary,square,0.5,0.79,0.5,0,10.0,327.40230040362684,97.83523285232305,50.34577860694681,2520.0,55.014721797016236,3874.854652540822,100.0,100.0,True,,synthetic_swma,sim_user,unknown_cuda_workload,gpu:1,swma
10.9,2026-01-01 00:00:10.900000+00:00,,syn-attack-swma-200,swma-periodic-primary,square,0.5,0.79,0.5,0,10.0,330.0880542627716,97.6630183643191,53.83206578407098,2520.0,54.85448303372162,4096.1049068332295,100.0,100.0,True,,synthetic_swma,sim_user,unknown_cuda_workload,gpu:1,swma
11.0,2026-01-01 00:00:11+00:00,,syn-attack-swma-200,swma-periodic-primary,square,0.5,0.79,0.5,0,10.0,39.445995079500165,2.947577808651603,3.5491612340919376,351.8546685190962,28.567939784808193,743.6257349836472,100.0,100.0,True,,synthetic_swma,sim_user,unknown_cuda_workload,gpu:1,swma
11.1,2026-01-01 00:00:11.100000+00:00,,syn-attack-swma-200,swma-periodic-primary,square,0.5,0.79,0.5,0,10.0,37.63292923280381,1.492199980226526,0.33128229952967087,264.53199881359154,28.259678142686234,362.320601989931,100.0,100.0,True,,synthetic_swma,sim_user,unknown_cuda_workload,gpu:1,swma
11.2,2026-01-01 00:00:11.200000+00:00,,syn-attack-swma-200,swma-periodic-primary,square,0.5,0.79,0.5,0,10.0,39.255222469243925,1.7270538364536432,2.6235095690414076,278.6232301872186,28.15744853051429,488.2129045170986,100.0,100.0,True,,synthetic_swma,sim_user,unknown_cuda_workload,gpu:1,swma
11.3,2026-01-01 00:00:11.300000+00:00,,syn-attack-swma-200,swma-periodic-primary,square,0.5,0.79,0.5,0,10.0,34.1457393419193,0.0,0.0,210.0,27.871017090386495,460.53169259328376,100.0,100.0,True,,synthetic_swma,sim_user,unknown_cuda_workload,gpu:1,swma
11.4,2026-01-01 00:00:11.400000+00:00,,syn-attack-swma-200,swma-periodic-primary,square,0.5,0.79,0.5,0,10.0,35.17790407799458,0.311864400858032,0.0,210.0,28.182703898505697,376.32269365772135,100.0,100.0,True,,synthetic_swma,sim_user,unknown_cuda_workload,gpu:1,swma
11.5,2026-01-01 00:00:11.500000+00:00,,syn-attack-swma-200,swma-periodic-primary,square,0.5,0.79,0.5,0,10.0,34.30901641303059,1.0099810354078524,0.0,235.59886212447114,28.447958013428256,417.85797590521844,100.0,100.0,True,,synthetic_swma,sim_user,unknown_cuda_workload,gpu:1,swma
11.6,2026-01-01 00:00:11.600000+00:00,,syn-attack-swma-200,swma-periodic-primary,square,0.5,0.79,0.5,0,10.0,32.58707086485167,1.0203617606157735,0.0,236.22170563694644,28.636881514929286,359.2306389352625,100.0,100.0,True,,synthetic_swma,sim_user,unknown_cuda_workload,gpu:1,swma
11.7,2026-01-01 00:00:11.700000+00:00,,syn-attack-swma-200,swma-periodic-primary,square,0.5,0.79,0.5,0,10.0,40.19452219351762,0.952303849963876,3.4497967088369554,232.13823099783255,28.466927830526625,783.273902882303,100.0,100.0,True,,synthetic_swma,sim_user,unknown_cuda_workload,gpu:1,swma
11.8,2026-01-01 00:00:11.800000+00:00,,syn-attack-swma-200,swma-periodic-primary,square,0.5,0.79,0.5,0,10.0,37.67750781313553,1.3021213107966163,0.2861771384521749,253.12727864779697,28.654638248249917,563.1803784752904,100.0,100.0,True,,synthetic_swma,sim_user,unknown_cuda_workload,gpu:1,swma
11.9,2026-01-01 00:00:11.900000+00:00,,syn-attack-swma-200,swma-periodic-primary,square,0.5,0.79,0.5,0,10.0,29.387954559705125,0.0,0.0,210.0,28.108518406800968,455.83260045939534,100.0,100.0,True,,synthetic_swma,sim_user,unknown_cuda_workload,gpu:1,swma
12.0,2026-01-01 00:00:12+00:00,,syn-attack-swma-200,swma-periodic-primary,square,0.5,0.79,0.5,0,10.0,328.9409254779908,97.01859647074492,51.94812869623073,2520.0,55.27340286993632,4257.482588678127,100.0,100.0,True,,synthetic_swma,sim_user,unknown_cuda_workload,gpu:1,swma
12.1,2026-01-01 00:00:12.100000+00:00,,syn-attack-swma-200,swma-periodic-primary,square,0.5,0.79,0.5,0,10.0,333.42768759907744,96.04647681885139,57.3958123824715,2520.0,55.28623436826248,4376.93484950863,100.0,100.0,True,,synthetic_swma,sim_user,unknown_cuda_workload,gpu:1,swma
12.2,2026-01-01 00:00:12.200000+00:00,,syn-attack-swma-200,swma-periodic-primary,square,0.5,0.79,0.5,0,10.0,328.8020620091388,100.0,53.402749345518416,2520.0,56.127326423536566,4277.781570731695,100.0,100.0,True,,synthetic_swma,sim_user,unknown_cuda_workload,gpu:1,swma
12.3,2026-01-01 00:00:12.300000+00:00,,syn-attack-swma-200,swma-periodic-primary,square,0.5,0.79,0.5,0,10.0,330.8630214269178,98.1416567762028,55.12860646280191,2520.0,55.4378986191264,4400.027020122299,100.0,100.0,True,,synthetic_swma,sim_user,unknown_cuda_workload,gpu:1,swma
12.4,2026-01-01 00:00:12.400000+00:00,,syn-attack-swma-200,swma-periodic-primary,square,0.5,0.79,0.5,0,10.0,330.9340780775871,98.08737535865383,55.193493884042404,2520.0,55.361254018930964,4173.593430548584,100.0,100.0,True,,synthetic_swma,sim_user,unknown_cuda_workload,gpu:1,swma
12.5,2026-01-01 00:00:12.500000+00:00,,syn-attack-swma-200,swma-periodic-primary,square,0.5,0.79,0.5,0,10.0,330.4061188951011,98.35990558075682,54.63943992955102,2520.0,55.298922982754334,4235.779787221346,100.0,100.0,True,,synthetic_swma,sim_user,unknown_cuda_workload,gpu:1,swma
12.6,2026-01-01 00:00:12.600000+00:00,,syn-attack-swma-200,swma-periodic-primary,square,0.5,0.79,0.5,0,10.0,326.7566471501844,97.97242262461535,49.56036197711764,2520.0,55.355668982468984,3901.955541764361,100.0,100.0,True,,synthetic_swma,sim_user,unknown_cuda_workload,gpu:1,swma
12.7,2026-01-01 00:00:12.700000+00:00,,syn-attack-swma-200,swma-periodic-primary,square,0.5,0.79,0.5,0,10.0,327.64250630832646,98.49723095624309,51.030152103702335,2520.0,55.5730099597496,4033.334558090911,100.0,100.0,True,,synthetic_swma,sim_user,unknown_cuda_workload,gpu:1,swma
12.8,2026-01-01 00:00:12.800000+00:00,,syn-attack-swma-200,swma-periodic-primary,square,0.5,0.79,0.5,0,10.0,328.3002088274855,97.89113640530056,51.57373679289597,2520.0,55.382019286270676,3919.6960363046273,100.0,100.0,True,,synthetic_swma,sim_user,unknown_cuda_workload,gpu:1,swma
12.9,2026-01-01 00:00:12.900000+00:00,,syn-attack-swma-200,swma-periodic-primary,square,0.5,0.79,0.5,0,10.0,332.6471964439176,98.9650657149906,57.96038140180164,2520.0,55.587025482225926,4352.984397405004,100.0,100.0,True,,synthetic_swma,sim_user,unknown_cuda_workload,gpu:1,swma
13.0,2026-01-01 00:00:13+00:00,,syn-attack-swma-200,swma-periodic-primary,square,0.5,0.79,0.5,0,10.0,36.82387131236825,1.1363396311418819,0.0,243.18037786851292,28.185728217270487,528.8766168885493,100.0,100.0,True,,synthetic_swma,sim_user,unknown_cuda_workload,gpu:1,swma
13.1,2026-01-01 00:00:13.100000+00:00,,syn-attack-swma-200,swma-periodic-primary,square,0.5,0.79,0.5,0,10.0,32.130198848081555,0.9607007840794957,0.0,232.64204704476975,28.280846190442567,393.9023107804147,100.0,100.0,True,,synthetic_swma,sim_user,unknown_cuda_workload,gpu:1,swma
13.2,2026-01-01 00:00:13.200000+00:00,,syn-attack-swma-200,swma-periodic-primary,square,0.5,0.79,0.5,0,10.0,39.95921286995254,2.0631541562005484,3.7470186125136893,298.7892493720329,28.897769805056367,964.6521677261998,100.0,100.0,True,,synthetic_swma,sim_user,unknown_cuda_workload,gpu:1,swma
13.3,2026-01-01 00:00:13.300000+00:00,,syn-attack-swma-200,swma-periodic-primary,square,0.5,0.79,0.5,0,10.0,36.27642427811137,2.1897789386431263,0.0,306.38673631858757,28.942650650359425,445.0168132214062,100.0,100.0,True,,synthetic_swma,sim_user,unknown_cuda_workload,gpu:1,swma
13.4,2026-01-01 00:00:13.400000+00:00,,syn-attack-swma-200,swma-periodic-primary,square,0.5,0.79,0.5,0,10.0,36.49790389754851,1.7472739000902675,0.0,279.83643400541604,29.315130872478548,667.865768885392,100.0,100.0,True,,synthetic_swma,sim_user,unknown_cuda_workload,gpu:1,swma
13.5,2026-01-01 00:00:13.500000+00:00,,syn-attack-swma-200,swma-periodic-primary,square,0.5,0.79,0.5,0,10.0,36.29474992241559,1.5931983232426379,0.0,270.59189939455825,29.10003299423829,454.699093157487,100.0,100.0,True,,synthetic_swma,sim_user,unknown_cuda_workload,gpu:1,swma
13.6,2026-01-01 00:00:13.600000+00:00,,syn-attack-swma-200,swma-periodic-primary,square,0.5,0.79,0.5,0,10.0,41.14316129970408,0.667852330771989,4.558200514863369,215.07113984631934,28.725024328294936,742.5208552190223,100.0,100.0,True,,synthetic_swma,sim_user,unknown_cuda_workload,gpu:1,swma
13.7,2026-01-01 00:00:13.700000+00:00,,syn-attack-swma-200,swma-periodic-primary,square,0.5,0.79,0.5,0,10.0,36.755007542636804,1.4368010227424692,0.0,261.20806136454814,29.06311812883577,476.62303833894674,100.0,100.0,True,,synthetic_swma,sim_user,unknown_cuda_workload,gpu:1,swma
13.8,2026-01-01 00:00:13.800000+00:00,,syn-attack-swma-200,swma-periodic-primary,square,0.5,0.79,0.5,0,10.0,36.70922314852491,0.6190297963415643,0.0,212.14178778049384,28.743272250590177,348.4360302688524,100.0,100.0,True,,synthetic_swma,sim_user,unknown_cuda_workload,gpu:1,swma
13.9,2026-01-01 00:00:13.900000+00:00,,syn-attack-swma-200,swma-periodic-primary,square,0.5,0.79,0.5,0,10.0,40.00722854625034,2.3188741827268897,3.951685528833578,314.1324509636134,29.05645147766991,608.9938383079668,100.0,100.0,True,,synthetic_swma,sim_user,unknown_cuda_workload,gpu:1,swma
14.0,2026-01-01 00:00:14+00:00,,syn-attack-swma-200,swma-periodic-primary,square,0.5,0.79,0.5,0,10.0,329.28542549621073,98.2718512215352,53.09675216679201,2520.0,55.720730185501466,4108.480422199222,100.0,100.0,True,,synthetic_swma,sim_user,unknown_cuda_workload,gpu:1,swma
14.1,2026-01-01 00:00:14.100000+00:00,,syn-attack-swma-200,swma-periodic-primary,square,0.5,0.79,0.5,0,10.0,325.6773439734035,97.96995741250251,48.119935208081,2520.0,55.50657723063757,3804.8114493267317,100.0,100.0,True,,synthetic_swma,sim_user,unknown_cuda_workload,gpu:1,swma
14.2,2026-01-01 00:00:14.200000+00:00,,syn-attack-swma-200,swma-periodic-primary,square,0.5,0.79,0.5,0,10.0,321.77712312735736,99.17586136150746,43.58288791863894,2520.0,55.89838243972333,3635.066519876818,100.0,100.0,True,,synthetic_swma,sim_user,unknown_cuda_workload,gpu:1,swma
14.3,2026-01-01 00:00:14.300000+00:00,,syn-attack-swma-200,swma-periodic-primary,square,0.5,0.79,0.5,0,10.0,330.0813880025844,99.26127000866434,54.702215841544565,2520.0,55.77930675419579,4197.1163748013605,100.0,100.0,True,,synthetic_swma,sim_user,unknown_cuda_workload,gpu:1,swma
14.4,2026-01-01 00:00:14.400000+00:00,,syn-attack-swma-200,swma-periodic-primary,square,0.5,0.79,0.5,0,10.0,334.30590014759287,98.15838471750328,59.72831179141728,2520.0,55.50488734606498,4601.698320336428,100.0,100.0,True,,synthetic_swma,sim_user,unknown_cuda_workload,gpu:1,swma
14.5,2026-01-01 00:00:14.500000+00:00,,syn-attack-swma-200,swma-periodic-primary,square,0.5,0.79,0.5,0,10.0,323.6866380112493,99.2279624496895,46.15756336232824,2520.0,55.69987344221493,3622.219970868088,100.0,100.0,True,,synthetic_swma,sim_user,unknown_cuda_workload,gpu:1,swma
14.6,2026-01-01 00:00:14.600000+00:00,,syn-attack-swma-200,swma-periodic-primary,square,0.5,0.79,0.5,0,10.0,324.27654185251646,99.49075870535256,47.08863975796586,2520.0,55.65847093595143,3573.6860443730975,100.0,100.0,True,,synthetic_swma,sim_user,unknown_cuda_workload,gpu:1,swma
14.7,2026-01-01 00:00:14.700000+00:00,,syn-attack-swma-200,swma-periodic-primary,square,0.5,0.79,0.5,0,10.0,326.42918802374777,96.35103137684035,48.23198462225925,2520.0,55.012478352694124,3911.252358141411,100.0,100.0,True,,synthetic_swma,sim_user,unknown_cuda_workload,gpu:1,swma
14.8,2026-01-01 00:00:14.800000+00:00,,syn-attack-swma-200,swma-periodic-primary,square,0.5,0.79,0.5,0,10.0,330.5287163360051,96.33032599903378,53.68663441414209,2520.0,55.01063144005082,4353.814432054029,100.0,100.0,True,,synthetic_swma,sim_user,unknown_cuda_workload,gpu:1,swma
14.9,2026-01-01 00:00:14.900000+00:00,,syn-attack-swma-200,swma-periodic-primary,square,0.5,0.79,0.5,0,10.0,329.83542401665215,98.60148359630647,54.01138133350474,2520.0,55.74278742753059,4320.014330329343,100.0,100.0,True,,synthetic_swma,sim_user,unknown_cuda_workload,gpu:1,swma
15.0,2026-01-01 00:00:15+00:00,,syn-attack-swma-200,swma-periodic-primary,square,0.5,0.79,0.5,0,10.0,32.897988505717606,1.1356306391729887,0.0,243.13783835037933,28.479264844329638,298.9937118979145,100.0,100.0,True,,synthetic_swma,sim_user,unknown_cuda_workload,gpu:1,swma
15.1,2026-01-01 00:00:15.100000+00:00,,syn-attack-swma-200,swma-periodic-primary,square,0.5,0.79,0.5,0,10.0,36.446617777833744,1.0880404656811367,0.0,240.28242794086822,28.570328102922744,397.1844151790947,100.0,100.0,True,,synthetic_swma,sim_user,unknown_cuda_workload,gpu:1,swma
15.2,2026-01-01 00:00:15.200000+00:00,,syn-attack-swma-200,swma-periodic-primary,square,0.5,0.79,0.5,0,10.0,40.96032092096768,0.5480788618338832,4.248537935298882,210.0,28.260770037026173,721.7799651078371,100.0,100.0,True,,synthetic_swma,sim_user,unknown_cuda_workload,gpu:1,swma
15.3,2026-01-01 00:00:15.300000+00:00,,syn-attack-swma-200,swma-periodic-primary,square,0.5,0.79,0.5,0,10.0,34.568765385287975,2.5470294687721866,0.0,327.8217681263312,28.808948959638446,321.6329763387683,100.0,100.0,True,,synthetic_swma,sim_user,unknown_cuda_workload,gpu:1,swma
15.4,2026-01-01 00:00:15.400000+00:00,,syn-attack-swma-200,swma-periodic-primary,square,0.5,0.79,0.5,0,10.0,40.76720839864854,2.7141700222437946,5.182404710432144,337.8502013346277,28.83066121787867,711.7328847810385,100.0,100.0,True,,synthetic_swma,sim_user,unknown_cuda_workload,gpu:1,swma
15.5,2026-01-01 00:00:15.500000+00:00,,syn-attack-swma-200,swma-periodic-primary,square,0.5,0.79,0.5,0,10.0,34.63091268080802,0.8778575287617627,0.0,227.67145172570577,28.336227448253403,397.66333856788,100.0,100.0,True,,synthetic_swma,sim_user,unknown_cuda_workload,gpu:1,swma
15.6,2026-01-01 00:00:15.600000+00:00,,syn-attack-swma-200,swma-periodic-primary,square,0.5,0.79,0.5,0,10.0,35.97039737135839,0.0,0.0,210.0,27.973671336866015,409.6409277455629,100.0,100.0,True,,synthetic_swma,sim_user,unknown_cuda_workload,gpu:1,swma
15.7,2026-01-01 00:00:15.700000+00:00,,syn-attack-swma-200,swma-periodic-primary,square,0.5,0.79,0.5,0,10.0,39.59123170084021,3.0962312729892014,3.8245694679310125,360.77387637935215,28.740952930528742,684.7506589745352,100.0,100.0,True,,synthetic_swma,sim_user,unknown_cuda_workload,gpu:1,swma
15.8,2026-01-01 00:00:15.800000+00:00,,syn-attack-swma-200,swma-periodic-primary,square,0.5,0.79,0.5,0,10.0,37.764088503237694,2.102951561184221,0.842074696301579,301.1770936710532,28.535260116296598,561.6996476209148,100.0,100.0,True,,synthetic_swma,sim_user,unknown_cuda_workload,gpu:1,swma
15.9,2026-01-01 00:00:15.900000+00:00,,syn-attack-swma-200,swma-periodic-primary,square,0.5,0.79,0.5,0,10.0,31.80550327630503,0.8229768472007553,0.0,224.3786108320453,27.956383996344062,422.73041716483704,100.0,100.0,True,,synthetic_swma,sim_user,unknown_cuda_workload,gpu:1,swma
16.0,2026-01-01 00:00:16+00:00,,syn-attack-swma-200,swma-periodic-primary,square,0.5,0.79,0.5,0,10.0,332.8603409914479,97.40465924625732,57.38635057403877,2520.0,54.92808601718827,4389.390696338393,100.0,100.0,True,,synthetic_swma,sim_user,unknown_cuda_workload,gpu:1,swma
16.1,2026-01-01 00:00:16.100000+00:00,,syn-attack-swma-200,swma-periodic-primary,square,0.5,0.79,0.5,0,10.0,331.1507814500718,98.04452007199691,55.45886130636068,2520.0,54.94960122481001,4292.200217924764,100.0,100.0,True,,synthetic_swma,sim_user,unknown_cuda_workload,gpu:1,swma
16.2,2026-01-01 00:00:16.200000+00:00,,syn-attack-swma-200,swma-periodic-primary,square,0.5,0.79,0.5,0,10.0,334.0620992009576,99.11288759392502,59.928220444602246,2520.0,55.365176578968196,4507.066963921791,100.0,100.0,True,,synthetic_swma,sim_user,unknown_cuda_workload,gpu:1,swma
16.3,2026-01-01 00:00:16.300000+00:00,,syn-attack-swma-200,swma-periodic-primary,square,0.5,0.79,0.5,0,10.0,326.2488129420693,97.64233740550483,48.70170282912006,2520.0,55.108570281886664,3912.0810733828157,100.0,100.0,True,,synthetic_swma,sim_user,unknown_cuda_workload,gpu:1,swma
16.4,2026-01-01 00:00:16.400000+00:00,,syn-attack-swma-200,swma-periodic-primary,square,0.5,0.79,0.5,0,10.0,333.85694516017674,97.89200293798211,58.98319516279247,2520.0,55.205529558597874,4638.335972667727,100.0,100.0,True,,synthetic_swma,sim_user,unknown_cuda_workload,gpu:1,swma
16.5,2026-01-01 00:00:16.500000+00:00,,syn-attack-swma-200,swma-periodic-primary,square,0.5,0.79,0.5,0,10.0,330.1172100219468,98.96062380062604,54.584623119606746,2520.0,55.55631492264206,4243.259084376509,100.0,100.0,True,,synthetic_swma,sim_user,unknown_cuda_workload,gpu:1,swma
16.6,2026-01-01 00:00:16.600000+00:00,,syn-attack-swma-200,swma-periodic-primary,square,0.5,0.79,0.5,0,10.0,336.7149579976574,98.17218951013011,62.9479815607814,2520.0,55.38518014227701,4863.305323909008,100.0,100.0,True,,synthetic_swma,sim_user,unknown_cuda_workload,gpu:1,swma
16.7,2026-01-01 00:00:16.700000+00:00,,syn-attack-swma-200,swma-periodic-primary,square,0.5,0.79,0.5,0,10.0,326.71097176296,98.04526099756777,49.53952256594232,2520.0,55.35520998128029,3928.2667241940358,100.0,100.0,True,,synthetic_swma,sim_user,unknown_cuda_workload,gpu:1,swma
16.8,2026-01-01 00:00:16.800000+00:00,,syn-attack-swma-200,swma-periodic-primary,square,0.5,0.79,0.5,0,10.0,327.68546732326905,95.47158795344124,49.42332980541809,2508.2952772064746,54.80794806926674,3920.2501783161088,100.0,100.0,True,,synthetic_swma,sim_user,unknown_cuda_workload,gpu:1,swma
16.9,2026-01-01 00:00:16.900000+00:00,,syn-attack-swma-200,swma-periodic-primary,square,0.5,0.79,0.5,0,10.0,329.28161198966825,98.54983790258117,53.24456016597734,2520.0,55.41751816278013,4084.6452429082883,100.0,100.0,True,,synthetic_swma,sim_user,unknown_cuda_workload,gpu:1,swma
17.0,2026-01-01 00:00:17+00:00,,syn-attack-swma-200,swma-periodic-primary,square,0.5,0.79,0.5,0,10.0,34.661160945069916,1.45700742129214,0.0,262.4204452775284,28.227951413116845,383.08050182170456,100.0,100.0,True,,synthetic_swma,sim_user,unknown_cuda_workload,gpu:1,swma
17.1,2026-01-01 00:00:17.100000+00:00,,syn-attack-swma-200,swma-periodic-primary,square,0.5,0.79,0.5,0,10.0,40.25999280368868,0.8636251227258792,3.488317555750806,226.81750736355275,27.869359166660598,694.2804944868732,100.0,100.0,True,,synthetic_swma,sim_user,unknown_cuda_workload,gpu:1,swma
17.2,2026-01-01 00:00:17.200000+00:00,,syn-attack-swma-200,swma-periodic-primary,square,0.5,0.79,0.5,0,10.0,39.40276884945554,0.0,1.8703584659407229,210.0,27.35779396161226,608.1662128205646,100.0,100.0,True,,synthetic_swma,sim_user,unknown_cuda_workload,gpu:1,swma
17.3,2026-01-01 00:00:17.300000+00:00,,syn-attack-swma-200,swma-periodic-primary,square,0.5,0.79,0.5,0,10.0,31.473106821653126,2.154235930086489,0.0,304.2541558051893,27.96209628386727,409.7121107901234,100.0,100.0,True,,synthetic_swma,sim_user,unknown_cuda_workload,gpu:1,swma
17.4,2026-01-01 00:00:17.400000+00:00,,syn-attack-swma-200,swma-periodic-primary,square,0.5,0.79,0.5,0,10.0,36.581723067795885,0.0,0.0,210.0,27.345016262253104,336.9022292644164,100.0,100.0,True,,synthetic_swma,sim_user,unknown_cuda_workload,gpu:1,swma
17.5,2026-01-01 00:00:17.500000+00:00,,syn-attack-swma-200,swma-periodic-primary,square,0.5,0.79,0.5,0,10.0,39.71139852844446,2.4603015508250206,3.635030557546374,322.6180930495012,28.094013364930507,650.8571940780872,100.0,100.0,True,,synthetic_swma,sim_user,unknown_cuda_workload,gpu:1,swma
17.6,2026-01-01 00:00:17.600000+00:00,,syn-attack-swma-200,swma-periodic-primary,square,0.5,0.79,0.5,0,10.0,38.96826918893912,1.0284739995147993,1.8566862849852992,236.70843997088795,27.726771013857363,679.6471692906943,100.0,100.0,True,,synthetic_swma,sim_user,unknown_cuda_workload,gpu:1,swma
17.7,2026-01-01 00:00:17.700000+00:00,,syn-attack-swma-200,swma-periodic-primary,square,0.5,0.79,0.5,0,10.0,35.02027932027225,1.5972514549762677,0.0,270.83508729857607,27.740260202262753,499.50066188668757,100.0,100.0,True,,synthetic_swma,sim_user,unknown_cuda_workload,gpu:1,swma
17.8,2026-01-01 00:00:17.800000+00:00,,syn-attack-swma-200,swma-periodic-primary,square,0.5,0.79,0.5,0,10.0,38.319620616645146,1.759778370543634,1.3940389259925252,280.58670223261805,27.984250265480952,651.896023441552,100.0,100.0,True,,synthetic_swma,sim_user,unknown_cuda_workload,gpu:1,swma
17.9,2026-01-01 00:00:17.900000+00:00,,syn-attack-swma-200,swma-periodic-primary,square,0.5,0.79,0.5,0,10.0,38.08279246055708,0.9991394625581246,0.6599166518164132,234.94836775348747,28.01870811794016,426.6286354026266,100.0,100.0,True,,synthetic_swma,sim_user,unknown_cuda_workload,gpu:1,swma
18.0,2026-01-01 00:00:18+00:00,,syn-attack-swma-200,swma-periodic-primary,square,0.5,0.79,0.5,0,10.0,328.63861811572406,96.89889184973268,51.479214671651704,2520.0,54.743251342022376,4061.2145685092996,100.0,100.0,True,,synthetic_swma,sim_user,unknown_cuda_workload,gpu:1,swma
18.1,2026-01-01 00:00:18.100000+00:00,,syn-attack-swma-200,swma-periodic-primary,square,0.5,0.79,0.5,0,10.0,330.2622214963218,100.0,55.349628661762395,2520.0,56.00171446610056,4324.1075676654655,100.0,100.0,True,,synthetic_swma,sim_user,unknown_cuda_workload,gpu:1,swma
18.2,2026-01-01 00:00:18.200000+00:00,,syn-attack-swma-200,swma-periodic-primary,square,0.5,0.79,0.5,0,10.0,327.09312698995666,98.53862771503566,50.32041456321179,2520.0,55.510673067725186,3873.8330889585627,100.0,100.0,True,,synthetic_swma,sim_user,unknown_cuda_workload,gpu:1,swma
18.3,2026-01-01 00:00:18.300000+00:00,,syn-attack-swma-200,swma-periodic-primary,square,0.5,0.79,0.5,0,10.0,332.6710450171548,97.68324831499622,57.28717992945438,2520.0,55.32042428222171,4624.150476742329,100.0,100.0,True,,synthetic_swma,sim_user,unknown_cuda_workload,gpu:1,swma
18.4,2026-01-01 00:00:18.400000+00:00,,syn-attack-swma-200,swma-periodic-primary,square,0.5,0.79,0.5,0,10.0,328.233515644733,98.43550095644484,51.78421305235535,2520.0,55.8135911985983,4032.986923937848,100.0,100.0,True,,synthetic_swma,sim_user,unknown_cuda_workload,gpu:1,swma
18.5,2026-01-01 00:00:18.500000+00:00,,syn-attack-swma-200,swma-periodic-primary,square,0.5,0.79,0.5,0,10.0,333.4535624354377,99.42103421160456,59.28631873029941,2520.0,55.83548986687418,4491.848161229271,100.0,100.0,True,,synthetic_swma,sim_user,unknown_cuda_workload,gpu:1,swma
18.6,2026-01-01 00:00:18.600000+00:00,,syn-attack-swma-200,swma-periodic-primary,square,0.5,0.79,0.5,0,10.0,322.01324295350616,96.48978102747814,42.4203701697879,2520.0,55.03863719508923,3461.882346796729,100.0,100.0,True,,synthetic_swma,sim_user,unknown_cuda_workload,gpu:1,swma
18.7,2026-01-01 00:00:18.700000+00:00,,syn-attack-swma-200,swma-periodic-primary,square,0.5,0.79,0.5,0,10.0,328.98854657638435,97.7426430655606,52.409849121237436,2520.0,55.482133804516195,3974.8419332618223,100.0,100.0,True,,synthetic_swma,sim_user,unknown_cuda_workload,gpu:1,swma
18.8,2026-01-01 00:00:18.800000+00:00,,syn-attack-swma-200,swma-periodic-primary,square,0.5,0.79,0.5,0,10.0,329.99550076433263,98.18440646368258,53.99542457413558,2520.0,55.68636177930052,4270.620305821769,100.0,100.0,True,,synthetic_swma,sim_user,unknown_cuda_workload,gpu:1,swma
18.9,2026-01-01 00:00:18.900000+00:00,,syn-attack-swma-200,swma-periodic-primary,square,0.5,0.79,0.5,0,10.0,330.4936282487206,99.22644271682857,55.23271449254984,2520.0,56.196755820125546,4285.027107623318,100.0,100.0,True,,synthetic_swma,sim_user,unknown_cuda_workload,gpu:1,swma
19.0,2026-01-01 00:00:19+00:00,,syn-attack-swma-200,swma-periodic-primary,square,0.5,0.79,0.5,0,10.0,35.27621322664043,1.9694042874276905,0.0,293.1642572456614,28.924355676994637,591.5477772998845,100.0,100.0,True,,synthetic_swma,sim_user,unknown_cuda_workload,gpu:1,swma
19.1,2026-01-01 00:00:19.100000+00:00,,syn-attack-swma-200,swma-periodic-primary,square,0.5,0.79,0.5,0,10.0,40.224023486371124,0.5493135158071398,3.267487082188758,210.0,28.627316633196177,586.7760363384218,100.0,100.0,True,,synthetic_swma,sim_user,unknown_cuda_workload,gpu:1,swma
19.2,2026-01-01 00:00:19.200000+00:00,,syn-attack-swma-200,swma-periodic-primary,square,0.5,0.79,0.5,0,10.0,37.37775553953487,0.7174500316677122,0.0,218.04700190006272,28.69542991813783,578.8935640482505,100.0,100.0,True,,synthetic_swma,sim_user,unknown_cuda_workload,gpu:1,swma
19.3,2026-01-01 00:00:19.300000+00:00,,syn-attack-swma-200,swma-periodic-primary,square,0.5,0.79,0.5,0,10.0,37.00469104789844,1.6219541827598656,0.0,272.31725096559194,28.689583666637688,361.35646688777064,100.0,100.0,True,,synthetic_swma,sim_user,unknown_cuda_workload,gpu:1,swma
19.4,2026-01-01 00:00:19.400000+00:00,,syn-attack-swma-200,swma-periodic-primary,square,0.5,0.79,0.5,0,10.0,40.55657917975086,1.2157427169093449,4.077430733967956,247.94456301456069,28.780028621098648,590.1291248970065,100.0,100.0,True,,synthetic_swma,sim_user,unknown_cuda_workload,gpu:1,swma
19.5,2026-01-01 00:00:19.500000+00:00,,syn-attack-swma-200,swma-periodic-primary,square,0.5,0.79,0.5,0,10.0,40.353949795264406,1.3940969841369562,3.9053530682945303,258.6458190482174,28.908050087428087,762.0351743878957,100.0,100.0,True,,synthetic_swma,sim_user,unknown_cuda_workload,gpu:1,swma
19.6,2026-01-01 00:00:19.600000+00:00,,syn-attack-swma-200,swma-periodic-primary,square,0.5,0.79,0.5,0,10.0,38.56995561851461,0.8237714251102184,1.213015108496769,224.4262855066131,28.750857466581223,578.6335923828382,100.0,100.0,True,,synthetic_swma,sim_user,unknown_cuda_workload,gpu:1,swma
19.7,2026-01-01 00:00:19.700000+00:00,,syn-attack-swma-200,swma-periodic-primary,square,0.5,0.79,0.5,0,10.0,36.95059438078393,0.4468409343638763,0.0,210.0,28.746843167747123,368.89986077861886,100.0,100.0,True,,synthetic_swma,sim_user,unknown_cuda_workload,gpu:1,swma
19.8,2026-01-01 00:00:19.800000+00:00,,syn-attack-swma-200,swma-periodic-primary,square,0.5,0.79,0.5,0,10.0,37.318535428100645,1.6803057675509432,0.015548742953879202,275.8183460530566,29.232999733215404,213.92622019572067,100.0,100.0,True,,synthetic_swma,sim_user,unknown_cuda_workload,gpu:1,swma
19.9,2026-01-01 00:00:19.900000+00:00,,syn-attack-swma-200,swma-periodic-primary,square,0.5,0.79,0.5,0,10.0,39.97560455271003,2.3002466980941514,3.8992750875651607,313.0148018856491,29.142713350894635,753.7919785310231,100.0,100.0,True,,synthetic_swma,sim_user,unknown_cuda_workload,gpu:1,swma
20.0,2026-01-01 00:00:20+00:00,,syn-attack-swma-200,swma-periodic-primary,square,0.5,0.79,0.5,0,10.0,330.6739999251159,98.3609282381691,54.997177097814145,2520.0,56.43269099036468,4305.353061655768,100.0,100.0,True,,synthetic_swma,sim_user,unknown_cuda_workload,gpu:1,swma
20.1,2026-01-01 00:00:20.100000+00:00,,syn-attack-swma-200,swma-periodic-primary,square,0.5,0.79,0.5,0,10.0,326.8124115959016,96.72249487661101,48.947254310004894,2520.0,55.80906017712361,3708.8358846647766,100.0,100.0,True,,synthetic_swma,sim_user,unknown_cuda_workload,gpu:1,swma
20.2,2026-01-01 00:00:20.200000+00:00,,syn-attack-swma-200,swma-periodic-primary,square,0.5,0.79,0.5,0,10.0,331.04145024863107,97.76530566800632,55.159518448911534,2520.0,56.08906276382814,4326.1481233732275,100.0,100.0,True,,synthetic_swma,sim_user,unknown_cuda_workload,gpu:1,swma
20.3,2026-01-01 00:00:20.300000+00:00,,syn-attack-swma-200,swma-periodic-primary,square,0.5,0.79,0.5,0,10.0,325.3312099312138,97.31041011167444,47.29567213637263,2520.0,55.76284680033703,3590.000899770732,100.0,100.0,True,,synthetic_swma,sim_user,unknown_cuda_workload,gpu:1,swma
20.4,2026-01-01 00:00:20.400000+00:00,,syn-attack-swma-200,swma-periodic-primary,square,0.5,0.79,0.5,0,10.0,329.5479920806651,98.43330557336914,53.535640839573176,2520.0,56.21469566071582,4141.870961998094,100.0,100.0,True,,synthetic_swma,sim_user,unknown_cuda_workload,gpu:1,swma
20.5,2026-01-01 00:00:20.500000+00:00,,syn-attack-swma-200,swma-periodic-primary,square,0.5,0.79,0.5,0,10.0,329.80414701909615,97.43866451139633,53.33012817339616,2520.0,55.57964551008693,4290.455425376621,100.0,100.0,True,,synthetic_swma,sim_user,unknown_cuda_workload,gpu:1,swma
20.6,2026-01-01 00:00:20.600000+00:00,,syn-attack-swma-200,swma-periodic-primary,square,0.5,0.79,0.5,0,10.0,330.3828145196531,97.89200731559686,54.35102338311575,2520.0,55.59505017377522,4321.83843620227,100.0,100.0,True,,synthetic_swma,sim_user,unknown_cuda_workload,gpu:1,swma
20.7,2026-01-01 00:00:20.700000+00:00,,syn-attack-swma-200,swma-periodic-primary,square,0.5,0.79,0.5,0,10.0,328.7259596848649,97.98424209493163,52.19261273203225,2520.0,55.7349397090368,4169.945891040799,100.0,100.0,True,,synthetic_swma,sim_user,unknown_cuda_workload,gpu:1,swma
20.8,2026-01-01 00:00:20.800000+00:00,,syn-attack-swma-200,swma-periodic-primary,square,0.5,0.79,0.5,0,10.0,327.7909952304864,97.31314500412377,50.57689005958323,2520.0,55.89946854925962,4115.093176869655,100.0,100.0,True,,synthetic_swma,sim_user,unknown_cuda_workload,gpu:1,swma
20.9,2026-01-01 00:00:20.900000+00:00,,syn-attack-swma-200,swma-periodic-primary,square,0.5,0.79,0.5,0,10.0,335.38204257128905,97.41379957353975,60.75364652716556,2520.0,55.34923729565363,4565.567901914059,100.0,100.0,True,,synthetic_swma,sim_user,unknown_cuda_workload,gpu:1,swma
21.0,2026-01-01 00:00:21+00:00,,syn-attack-swma-200,swma-periodic-primary,square,0.5,0.79,0.5,0,10.0,34.11377257428805,1.418610199556529,0.0,260.11661197339174,28.497100036390755,434.5129979688022,100.0,100.0,True,,synthetic_swma,sim_user,unknown_cuda_workload,gpu:1,swma
21.1,2026-01-01 00:00:21.100000+00:00,,syn-attack-swma-200,swma-periodic-primary,square,0.5,0.79,0.5,0,10.0,37.25644048286022,1.1321175189344146,0.0,242.92705113606488,28.256890622550074,413.215331756242,100.0,100.0,True,,synthetic_swma,sim_user,unknown_cuda_workload,gpu:1,swma
21.2,2026-01-01 00:00:21.200000+00:00,,syn-attack-swma-200,swma-periodic-primary,square,0.5,0.79,0.5,0,10.0,40.26369421881624,0.6995600017181656,3.403016959366648,216.97360010308992,28.25428932664812,669.4248480719452,100.0,100.0,True,,synthetic_swma,sim_user,unknown_cuda_workload,gpu:1,swma
21.3,2026-01-01 00:00:21.300000+00:00,,syn-attack-swma-200,swma-periodic-primary,square,0.5,0.79,0.5,0,10.0,35.7801780905423,0.447985972904428,0.0,210.0,27.98370787786343,515.87096191693,100.0,100.0,True,,synthetic_swma,sim_user,unknown_cuda_workload,gpu:1,swma
21.4,2026-01-01 00:00:21.400000+00:00,,syn-attack-swma-200,swma-periodic-primary,square,0.5,0.79,0.5,0,10.0,37.06718019087806,0.43254910237488997,0.0,210.0,28.46049541498063,466.3334284042426,100.0,100.0,True,,synthetic_swma,sim_user,unknown_cuda_workload,gpu:1,swma
21.5,2026-01-01 00:00:21.500000+00:00,,syn-attack-swma-200,swma-periodic-primary,square,0.5,0.79,0.5,0,10.0,40.719870178019654,0.6783657387613632,3.9995947270116226,215.70194432568178,28.335384508466024,665.5563544678434,100.0,100.0,True,,synthetic_swma,sim_user,unknown_cuda_workload,gpu:1,swma
21.6,2026-01-01 00:00:21.600000+00:00,,syn-attack-swma-200,swma-periodic-primary,square,0.5,0.79,0.5,0,10.0,38.849027342504385,0.1146414828851654,1.1950892722593547,210.0,27.839024829726835,427.7457660667824,100.0,100.0,True,,synthetic_swma,sim_user,unknown_cuda_workload,gpu:1,swma
21.7,2026-01-01 00:00:21.700000+00:00,,syn-attack-swma-200,swma-periodic-primary,square,0.5,0.79,0.5,0,10.0,36.373798830276,1.3714590728496179,0.0,257.28754437097706,28.15896909865767,462.29145145541946,100.0,100.0,True,,synthetic_swma,sim_user,unknown_cuda_workload,gpu:1,swma
21.8,2026-01-01 00:00:21.800000+00:00,,syn-attack-swma-200,swma-periodic-primary,square,0.5,0.79,0.5,0,10.0,35.61096692540653,3.083396513421487,0.0,360.0037908052892,28.742001647612867,472.6475114055871,100.0,100.0,True,,synthetic_swma,sim_user,unknown_cuda_workload,gpu:1,swma
21.9,2026-01-01 00:00:21.900000+00:00,,syn-attack-swma-200,swma-periodic-primary,square,0.5,0.79,0.5,0,10.0,36.751095290871284,2.8726876107113366,0.0,347.3612566426802,28.939173254420783,690.0565817679477,100.0,100.0,True,,synthetic_swma,sim_user,unknown_cuda_workload,gpu:1,swma
22.0,2026-01-01 00:00:22+00:00,,syn-attack-swma-200,swma-periodic-primary,square,0.5,0.79,0.5,0,10.0,337.119854440308,98.76684744587001,63.81490534897256,2520.0,55.93114728275221,4942.442632493175,100.0,100.0,True,,synthetic_swma,sim_user,unknown_cuda_workload,gpu:1,swma
22.1,2026-01-01 00:00:22.100000+00:00,,syn-attack-swma-200,swma-periodic-primary,square,0.5,0.79,0.5,0,10.0,327.80207731114615,99.08471226537516,51.56602816081785,2520.0,56.06971862513397,3989.760625464233,100.0,100.0,True,,synthetic_swma,sim_user,unknown_cuda_workload,gpu:1,swma
22.2,2026-01-01 00:00:22.200000+00:00,,syn-attack-swma-200,swma-periodic-primary,square,0.5,0.79,0.5,0,10.0,329.1698367552664,96.27008568230728,51.84166279895747,2520.0,54.963566742778355,4026.5814651114883,100.0,100.0,True,,synthetic_swma,sim_user,unknown_cuda_workload,gpu:1,swma
22.3,2026-01-01 00:00:22.300000+00:00,,syn-attack-swma-200,swma-periodic-primary,square,0.5,0.79,0.5,0,10.0,333.82306758920475,98.55863778302059,59.304674232934346,2520.0,55.57901644273925,4612.448505311842,100.0,100.0,True,,synthetic_swma,sim_user,unknown_cuda_workload,gpu:1,swma
22.4,2026-01-01 00:00:22.400000+00:00,,syn-attack-swma-200,swma-periodic-primary,square,0.5,0.79,0.5,0,10.0,326.8796221707362,98.56402782402297,50.0497115308609,2520.0,55.742023327412646,3864.980113620046,100.0,100.0,True,,synthetic_swma,sim_user,unknown_cuda_workload,gpu:1,swma
22.5,2026-01-01 00:00:22.500000+00:00,,syn-attack-swma-200,swma-periodic-primary,square,0.5,0.79,0.5,0,10.0,328.54947561549454,96.79454890169873,51.30296938326038,2520.0,55.368262765632885,4065.131729640506,100.0,100.0,True,,synthetic_swma,sim_user,unknown_cuda_workload,gpu:1,swma
22.6,2026-01-01 00:00:22.600000+00:00,,syn-attack-swma-200,swma-periodic-primary,square,0.5,0.79,0.5,0,10.0,329.1183434111627,99.288288773081,53.433016706744816,2520.0,55.82835085778081,4115.7898664380045,100.0,100.0,True,,synthetic_swma,sim_user,unknown_cuda_workload,gpu:1,swma
22.7,2026-01-01 00:00:22.700000+00:00,,syn-attack-swma-200,swma-periodic-primary,square,0.5,0.79,0.5,0,10.0,330.65901276928673,97.71269699582069,54.62066704008371,2520.0,55.46311168957532,4103.493000856961,100.0,100.0,True,,synthetic_swma,sim_user,unknown_cuda_workload,gpu:1,swma
22.8,2026-01-01 00:00:22.800000+00:00,,syn-attack-swma-200,swma-periodic-primary,square,0.5,0.79,0.5,0,10.0,328.17239451147975,98.08670007384515,51.51087772258783,2520.0,55.26384159916347,4147.2068228801545,100.0,100.0,True,,synthetic_swma,sim_user,unknown_cuda_workload,gpu:1,swma
22.9,2026-01-01 00:00:22.900000+00:00,,syn-attack-swma-200,swma-periodic-primary,square,0.5,0.79,0.5,0,10.0,335.7492042165706,98.83704542926024,62.02598060818727,2520.0,55.626788510569405,4788.495049413931,100.0,100.0,True,,synthetic_swma,sim_user,unknown_cuda_workload,gpu:1,swma
23.0,2026-01-01 00:00:23+00:00,,syn-attack-swma-200,swma-periodic-primary,square,0.5,0.79,0.5,0,10.0,38.729481272963724,2.127102702696234,2.1425481837678935,302.626162161774,28.281091102427176,600.267213447859,100.0,100.0,True,,synthetic_swma,sim_user,unknown_cuda_workload,gpu:1,swma
23.1,2026-01-01 00:00:23.100000+00:00,,syn-attack-swma-200,swma-periodic-primary,square,0.5,0.79,0.5,0,10.0,39.95115801936866,0.7891446634717058,3.0355735907343173,222.34867980830234,28.278949091937776,616.2488950182587,100.0,100.0,True,,synthetic_swma,sim_user,unknown_cuda_workload,gpu:1,swma
23.2,2026-01-01 00:00:23.200000+00:00,,syn-attack-swma-200,swma-periodic-primary,square,0.5,0.79,0.5,0,10.0,37.73579081136426,1.149693746994305,0.2800526426658825,243.98162481965832,28.069080500274957,381.2057629253072,100.0,100.0,True,,synthetic_swma,sim_user,unknown_cuda_workload,gpu:1,swma
23.3,2026-01-01 00:00:23.300000+00:00,,syn-attack-swma-200,swma-periodic-primary,square,0.5,0.79,0.5,0,10.0,43.308230666076454,1.4882430651317091,7.896174573924384,264.29458390790256,28.28960940383627,919.3988050524205,100.0,100.0,True,,synthetic_swma,sim_user,unknown_cuda_workload,gpu:1,swma
23.4,2026-01-01 00:00:23.400000+00:00,,syn-attack-swma-200,swma-periodic-primary,square,0.5,0.79,0.5,0,10.0,33.96783096087559,2.545843313064302,0.0,327.7505987838581,28.423986728791483,268.83093903979045,100.0,100.0,True,,synthetic_swma,sim_user,unknown_cuda_workload,gpu:1,swma
23.5,2026-01-01 00:00:23.500000+00:00,,syn-attack-swma-200,swma-periodic-primary,square,0.5,0.79,0.5,0,10.0,33.25227593272758,1.706571632705349,0.0,277.39429796232093,28.219070770061094,511.4148224934017,100.0,100.0,True,,synthetic_swma,sim_user,unknown_cuda_workload,gpu:1,swma
23.6,2026-01-01 00:00:23.600000+00:00,,syn-attack-swma-200,swma-periodic-primary,square,0.5,0.79,0.5,0,10.0,37.46708569781933,1.0269030076073289,0.0,236.61418045643975,27.827502074442762,481.93932658493264,100.0,100.0,True,,synthetic_swma,sim_user,unknown_cuda_workload,gpu:1,swma
23.7,2026-01-01 00:00:23.700000+00:00,,syn-attack-swma-200,swma-periodic-primary,square,0.5,0.79,0.5,0,10.0,35.42049307780536,1.8761095680073996,0.0,287.566574080444,28.204503695301128,508.38323475089464,100.0,100.0,True,,synthetic_swma,sim_user,unknown_cuda_workload,gpu:1,swma
23.8,2026-01-01 00:00:23.800000+00:00,,syn-attack-swma-200,swma-periodic-primary,square,0.5,0.79,0.5,0,10.0,37.848239599443104,1.0353274144972362,0.3670828772309519,237.11964486983416,27.86361131064066,466.78012336912406,100.0,100.0,True,,synthetic_swma,sim_user,unknown_cuda_workload,gpu:1,swma
23.9,2026-01-01 00:00:23.900000+00:00,,syn-attack-swma-200,swma-periodic-primary,square,0.5,0.79,0.5,0,10.0,37.50888567460127,0.0,0.0,210.0,27.73448611651848,371.6506453182363,100.0,100.0,True,,synthetic_swma,sim_user,unknown_cuda_workload,gpu:1,swma
24.0,2026-01-01 00:00:24+00:00,,syn-attack-swma-200,swma-periodic-primary,square,0.5,0.79,0.5,0,10.0,329.8908150801047,98.31083366509954,53.925378622610964,2520.0,55.42555080243069,4184.6997975367185,100.0,100.0,True,,synthetic_swma,sim_user,unknown_cuda_workload,gpu:1,swma
24.1,2026-01-01 00:00:24.100000+00:00,,syn-attack-swma-200,swma-periodic-primary,square,0.5,0.79,0.5,0,10.0,326.73296526239324,97.37370463597331,49.199491232976314,2520.0,55.21537489594169,3910.9581089547373,100.0,100.0,True,,synthetic_swma,sim_user,unknown_cuda_workload,gpu:1,swma
24.2,2026-01-01 00:00:24.200000+00:00,,syn-attack-swma-200,swma-periodic-primary,square,0.5,0.79,0.5,0,10.0,328.82418941267605,97.68981901302477,52.16165300739839,2520.0,54.8285400882121,3917.8123996773124,100.0,100.0,True,,synthetic_swma,sim_user,unknown_cuda_workload,gpu:1,swma
24.3,2026-01-01 00:00:24.300000+00:00,,syn-attack-swma-200,swma-periodic-primary,square,0.5,0.79,0.5,0,10.0,330.65175189697914,98.69500087021238,55.15125300792235,2520.0,55.080281642657575,4428.967044258869,100.0,100.0,True,,synthetic_swma,sim_user,unknown_cuda_workload,gpu:1,swma
24.4,2026-01-01 00:00:24.400000+00:00,,syn-attack-swma-200,swma-periodic-primary,square,0.5,0.79,0.5,0,10.0,326.2896539726435,95.57990814961346,47.62182144581214,2514.7944889768078,54.26559393362827,3739.5333389319862,100.0,100.0,True,,synthetic_swma,sim_user,unknown_cuda_workload,gpu:1,swma
24.5,2026-01-01 00:00:24.500000+00:00,,syn-attack-swma-200,swma-periodic-primary,square,0.5,0.79,0.5,0,10.0,329.3961633350011,98.43021755729434,53.33150410318008,2520.0,55.24730998543753,4215.56561392332,100.0,100.0,True,,synthetic_swma,sim_user,unknown_cuda_workload,gpu:1,swma
24.6,2026-01-01 00:00:24.600000+00:00,,syn-attack-swma-200,swma-periodic-primary,square,0.5,0.79,0.5,0,10.0,330.91095437738375,97.67767932440735,54.93732946493568,2520.0,55.20560159851847,4289.154318333154,100.0,100.0,True,,synthetic_swma,sim_user,unknown_cuda_workload,gpu:1,swma
24.7,2026-01-01 00:00:24.700000+00:00,,syn-attack-swma-200,swma-periodic-primary,square,0.5,0.79,0.5,0,10.0,335.220051792094,97.29795986227442,60.473946980376276,2520.0,55.15387375908485,4785.187408681429,100.0,100.0,True,,synthetic_swma,sim_user,unknown_cuda_workload,gpu:1,swma
24.8,2026-01-01 00:00:24.800000+00:00,,syn-attack-swma-200,swma-periodic-primary,square,0.5,0.79,0.5,0,10.0,332.477015228179,96.9614550047079,56.63148722349471,2520.0,55.05899475064888,4349.932337087498,100.0,100.0,True,,synthetic_swma,sim_user,unknown_cuda_workload,gpu:1,swma
24.9,2026-01-01 00:00:24.900000+00:00,,syn-attack-swma-200,swma-periodic-primary,square,0.5,0.79,0.5,0,10.0,328.9926555296511,97.61673871548588,52.346080333051965,2520.0,54.6981967565019,4266.227634280861,100.0,100.0,True,,synthetic_swma,sim_user,unknown_cuda_workload,gpu:1,swma
25.0,2026-01-01 00:00:25+00:00,,syn-attack-swma-200,swma-periodic-primary,square,0.5,0.79,0.5,0,10.0,36.46965692272433,0.5340673354482035,0.0,210.0,27.592706876334677,428.4154559532778,100.0,100.0,True,,synthetic_swma,sim_user,unknown_cuda_workload,gpu:1,swma
25.1,2026-01-01 00:00:25.100000+00:00,,syn-attack-swma-200,swma-periodic-primary,square,0.5,0.79,0.5,0,10.0,38.92821507488864,0.0,1.237620099851518,210.0,27.470451362768053,699.9280751664458,100.0,100.0,True,,synthetic_swma,sim_user,unknown_cuda_workload,gpu:1,swma
25.2,2026-01-01 00:00:25.200000+00:00,,syn-attack-swma-200,swma-periodic-primary,square,0.5,0.79,0.5,0,10.0,39.28740292337388,0.8635353296613114,2.1914816624788975,226.8121197796787,28.01314138270081,538.1158734522902,100.0,100.0,True,,synthetic_swma,sim_user,unknown_cuda_workload,gpu:1,swma
25.3,2026-01-01 00:00:25.300000+00:00,,syn-attack-swma-200,swma-periodic-primary,square,0.5,0.79,0.5,0,10.0,41.697147104942395,1.6637712459894418,5.844603658550718,274.8262747593665,28.224455475990347,776.161257985359,100.0,100.0,True,,synthetic_swma,sim_user,unknown_cuda_workload,gpu:1,swma
25.4,2026-01-01 00:00:25.400000+00:00,,syn-attack-swma-200,swma-periodic-primary,square,0.5,0.79,0.5,0,10.0,32.30927000183859,0.8824391957657922,0.0,227.9463517459475,28.027101513056813,623.1947764861297,100.0,100.0,True,,synthetic_swma,sim_user,unknown_cuda_workload,gpu:1,swma
25.5,2026-01-01 00:00:25.500000+00:00,,syn-attack-swma-200,swma-periodic-primary,square,0.5,0.79,0.5,0,10.0,40.633789336451194,0.6893574672055462,3.890865722231308,216.36144803233276,28.089376116203702,813.1079529889884,100.0,100.0,True,,synthetic_swma,sim_user,unknown_cuda_workload,gpu:1,swma
25.6,2026-01-01 00:00:25.600000+00:00,,syn-attack-swma-200,swma-periodic-primary,square,0.5,0.79,0.5,0,10.0,38.61286867528452,2.2381230767981597,2.0481259259516746,309.28738460788963,28.404019748818964,452.42931289990645,100.0,100.0,True,,synthetic_swma,sim_user,unknown_cuda_workload,gpu:1,swma
25.7,2026-01-01 00:00:25.700000+00:00,,syn-attack-swma-200,swma-periodic-primary,square,0.5,0.79,0.5,0,10.0,37.25759800209178,1.1381354055870303,0.0,243.28812433522182,28.241802224346095,411.2458068871149,100.0,100.0,True,,synthetic_swma,sim_user,unknown_cuda_workload,gpu:1,swma
25.8,2026-01-01 00:00:25.800000+00:00,,syn-attack-swma-200,swma-periodic-primary,square,0.5,0.79,0.5,0,10.0,34.31171328513633,0.8666086759270675,0.0,226.99652055562404,28.128739076869554,453.2717915861439,100.0,100.0,True,,synthetic_swma,sim_user,unknown_cuda_workload,gpu:1,swma
25.9,2026-01-01 00:00:25.900000+00:00,,syn-attack-swma-200,swma-periodic-primary,square,0.5,0.79,0.5,0,10.0,36.36081677735178,1.7788254224474618,0.0,281.7295253468477,28.41086635869139,534.2392995922739,100.0,100.0,True,,synthetic_swma,sim_user,unknown_cuda_workload,gpu:1,swma
26.0,2026-01-01 00:00:26+00:00,,syn-attack-swma-200,swma-periodic-primary,square,0.5,0.79,0.5,0,10.0,329.6815317665852,97.8051600372965,53.368213709293336,2520.0,55.741091168119866,4198.189233815358,100.0,100.0,True,,synthetic_swma,sim_user,unknown_cuda_workload,gpu:1,swma
26.1,2026-01-01 00:00:26.100000+00:00,,syn-attack-swma-200,swma-periodic-primary,square,0.5,0.79,0.5,0,10.0,332.20088520020835,96.85863490383363,56.20676279738632,2520.0,55.14923719304296,4313.488224269491,100.0,100.0,True,,synthetic_swma,sim_user,unknown_cuda_workload,gpu:1,swma
26.2,2026-01-01 00:00:26.200000+00:00,,syn-attack-swma-200,swma-periodic-primary,square,0.5,0.79,0.5,0,10.0,332.62348420427213,97.31161428431504,57.01936679540278,2520.0,55.390861293335774,4592.1346331439545,100.0,100.0,True,,synthetic_swma,sim_user,unknown_cuda_workload,gpu:1,swma
26.3,2026-01-01 00:00:26.300000+00:00,,syn-attack-swma-200,swma-periodic-primary,square,0.5,0.79,0.5,0,10.0,326.9639552798974,97.32365445718364,49.479950324647525,2520.0,55.47931338262018,3855.2462203545124,100.0,100.0,True,,synthetic_swma,sim_user,unknown_cuda_workload,gpu:1,swma
26.4,2026-01-01 00:00:26.400000+00:00,,syn-attack-swma-200,swma-periodic-primary,square,0.5,0.79,0.5,0,10.0,333.4059479399765,100.0,59.54126391996869,2520.0,56.01003953721585,4557.978691842627,100.0,100.0,True,,synthetic_swma,sim_user,unknown_cuda_workload,gpu:1,swma
26.5,2026-01-01 00:00:26.500000+00:00,,syn-attack-swma-200,swma-periodic-primary,square,0.5,0.79,0.5,0,10.0,328.15811981564286,97.14409469552612,50.97341183672988,2520.0,55.32759643316989,3875.892187470048,100.0,100.0,True,,synthetic_swma,sim_user,unknown_cuda_workload,gpu:1,swma
26.6,2026-01-01 00:00:26.600000+00:00,,syn-attack-swma-200,swma-periodic-primary,square,0.5,0.79,0.5,0,10.0,331.27314689452936,98.87420394321965,56.07834136147667,2520.0,55.86908615946879,4358.795919879869,100.0,100.0,True,,synthetic_swma,sim_user,unknown_cuda_workload,gpu:1,swma
26.7,2026-01-01 00:00:26.700000+00:00,,syn-attack-swma-200,swma-periodic-primary,square,0.5,0.79,0.5,0,10.0,323.1660349013813,97.71367149280972,44.6305658562204,2520.0,55.96909321367855,3650.54202137065,100.0,100.0,True,,synthetic_swma,sim_user,unknown_cuda_workload,gpu:1,swma
26.8,2026-01-01 00:00:26.800000+00:00,,syn-attack-swma-200,swma-periodic-primary,square,0.5,0.79,0.5,0,10.0,328.7524076213332,98.9117132091433,52.73798576013974,2520.0,56.28737590194858,4141.740794020482,100.0,100.0,True,,synthetic_swma,sim_user,unknown_cuda_workload,gpu:1,swma
26.9,2026-01-01 00:00:26.900000+00:00,,syn-attack-swma-200,swma-periodic-primary,square,0.5,0.79,0.5,0,10.0,326.74165282760237,96.61750496679454,48.79516483520678,2520.0,55.46450011218893,3938.2485779041685,100.0,100.0,True,,synthetic_swma,sim_user,unknown_cuda_workload,gpu:1,swma
27.0,2026-01-01 00:00:27+00:00,,syn-attack-swma-200,swma-periodic-primary,square,0.5,0.79,0.5,0,10.0,36.33205546245194,0.0,0.0,210.0,28.750505246336306,522.519534080461,100.0,100.0,True,,synthetic_swma,sim_user,unknown_cuda_workload,gpu:1,swma
27.1,2026-01-01 00:00:27.100000+00:00,,syn-attack-swma-200,swma-periodic-primary,square,0.5,0.79,0.5,0,10.0,37.220351115206874,0.012649103295133246,0.0,210.0,28.57433155403766,512.5386215326693,100.0,100.0,True,,synthetic_swma,sim_user,unknown_cuda_workload,gpu:1,swma
27.2,2026-01-01 00:00:27.200000+00:00,,syn-attack-swma-200,swma-periodic-primary,square,0.5,0.79,0.5,0,10.0,39.145317060747175,0.0,1.5270894143295701,210.0,28.355505518599127,524.4471355917267,100.0,100.0,True,,synthetic_swma,sim_user,unknown_cuda_workload,gpu:1,swma
27.3,2026-01-01 00:00:27.300000+00:00,,syn-attack-swma-200,swma-periodic-primary,square,0.5,0.79,0.5,0,10.0,36.96516302303398,1.493598813784416,0.0,264.615928827065,28.93357851065553,401.18898781158373,100.0,100.0,True,,synthetic_swma,sim_user,unknown_cuda_workload,gpu:1,swma
27.4,2026-01-01 00:00:27.400000+00:00,,syn-attack-swma-200,swma-periodic-primary,square,0.5,0.79,0.5,0,10.0,33.67383522566336,0.6764516824126672,0.0,215.58710094476,28.620472286419517,377.04496396082743,100.0,100.0,True,,synthetic_swma,sim_user,unknown_cuda_workload,gpu:1,swma
27.5,2026-01-01 00:00:27.500000+00:00,,syn-attack-swma-200,swma-periodic-primary,square,0.5,0.79,0.5,0,10.0,36.09932707721148,0.9654604965764834,0.0,232.92762979458902,28.626393573258316,597.5207818577917,100.0,100.0,True,,synthetic_swma,sim_user,unknown_cuda_workload,gpu:1,swma
27.6,2026-01-01 00:00:27.600000+00:00,,syn-attack-swma-200,swma-periodic-primary,square,0.5,0.79,0.5,0,10.0,32.40999804178452,0.15175130443437201,0.0,210.0,28.215842183421252,365.9807283154441,100.0,100.0,True,,synthetic_swma,sim_user,unknown_cuda_workload,gpu:1,swma
27.7,2026-01-01 00:00:27.700000+00:00,,syn-attack-swma-200,swma-periodic-primary,square,0.5,0.79,0.5,0,10.0,32.822129609069854,1.646251431236093,0.0,273.7750858741656,28.699161500744662,420.3657624060613,100.0,100.0,True,,synthetic_swma,sim_user,unknown_cuda_workload,gpu:1,swma
27.8,2026-01-01 00:00:27.800000+00:00,,syn-attack-swma-200,swma-periodic-primary,square,0.5,0.79,0.5,0,10.0,43.83516532960628,3.176752520725521,9.527434325874076,365.6051512435313,28.959449147475528,1286.8310177903256,100.0,100.0,True,,synthetic_swma,sim_user,unknown_cuda_workload,gpu:1,swma
27.9,2026-01-01 00:00:27.900000+00:00,,syn-attack-swma-200,swma-periodic-primary,square,0.5,0.79,0.5,0,10.0,36.87308790758106,0.9697353356896342,0.0,233.18412014137803,28.11494221395174,495.33558762521636,100.0,100.0,True,,synthetic_swma,sim_user,unknown_cuda_workload,gpu:1,swma
28.0,2026-01-01 00:00:28+00:00,,syn-attack-swma-200,swma-periodic-primary,square,0.5,0.79,0.5,0,10.0,332.34595863887375,97.42400622870092,56.7111482776172,2520.0,55.11931072578967,4466.608239397651,100.0,100.0,True,,synthetic_swma,sim_user,unknown_cuda_workload,gpu:1,swma
28.1,2026-01-01 00:00:28.100000+00:00,,syn-attack-swma-200,swma-periodic-primary,square,0.5,0.79,0.5,0,10.0,331.4400995782999,98.18901110483664,55.9240888787267,2520.0,55.570268996825995,4256.792206020322,100.0,100.0,True,,synthetic_swma,sim_user,unknown_cuda_workload,gpu:1,swma
28.2,2026-01-01 00:00:28.200000+00:00,,syn-attack-swma-200,swma-periodic-primary,square,0.5,0.79,0.5,0,10.0,332.342672876554,99.28468416289755,57.73014012499896,2520.0,55.48360206237293,4828.265850522362,100.0,100.0,True,,synthetic_swma,sim_user,unknown_cuda_workload,gpu:1,swma
28.3,2026-01-01 00:00:28.300000+00:00,,syn-attack-swma-200,swma-periodic-primary,square,0.5,0.79,0.5,0,10.0,323.8934430214163,98.11846715219106,45.82308096226017,2520.0,55.079796238178254,3567.661987978274,100.0,100.0,True,,synthetic_swma,sim_user,unknown_cuda_workload,gpu:1,swma
28.4,2026-01-01 00:00:28.400000+00:00,,syn-attack-swma-200,swma-periodic-primary,square,0.5,0.79,0.5,0,10.0,331.8168691646832,98.19864718223187,56.431748169805196,2520.0,55.16027487105383,4248.8280012405485,100.0,100.0,True,,synthetic_swma,sim_user,unknown_cuda_workload,gpu:1,swma
28.5,2026-01-01 00:00:28.500000+00:00,,syn-attack-swma-200,swma-periodic-primary,square,0.5,0.79,0.5,0,10.0,334.69215315582824,98.03304859139074,60.174380933035884,2520.0,55.128586933156996,4725.542408167542,100.0,100.0,True,,synthetic_swma,sim_user,unknown_cuda_workload,gpu:1,swma
28.6,2026-01-01 00:00:28.600000+00:00,,syn-attack-swma-200,swma-periodic-primary,square,0.5,0.79,0.5,0,10.0,333.9286302673908,97.01404939935868,58.59590085950168,2520.0,54.85082110155024,4563.947491743716,100.0,100.0,True,,synthetic_swma,sim_user,unknown_cuda_workload,gpu:1,swma
28.7,2026-01-01 00:00:28.700000+00:00,,syn-attack-swma-200,swma-periodic-primary,square,0.5,0.79,0.5,0,10.0,330.2006470362159,98.10399395623702,54.22472605755161,2520.0,55.39592040775918,4136.266368446259,100.0,100.0,True,,synthetic_swma,sim_user,unknown_cuda_workload,gpu:1,swma
28.8,2026-01-01 00:00:28.800000+00:00,,syn-attack-swma-200,swma-periodic-primary,square,0.5,0.79,0.5,0,10.0,333.02070128739683,98.86324318534356,58.402385468468054,2520.0,55.78201206422539,4620.164177379074,100.0,100.0,True,,synthetic_swma,sim_user,unknown_cuda_workload,gpu:1,swma
28.9,2026-01-01 00:00:28.900000+00:00,,syn-attack-swma-200,swma-periodic-primary,square,0.5,0.79,0.5,0,10.0,327.47381337905676,98.90046904534556,51.02700914701573,2520.0,55.770795166505856,4126.684189154412,100.0,100.0,True,,synthetic_swma,sim_user,unknown_cuda_workload,gpu:1,swma
29.0,2026-01-01 00:00:29+00:00,,syn-attack-swma-200,swma-periodic-primary,square,0.5,0.79,0.5,0,10.0,42.47110101267215,0.01595847205779377,5.970245176527986,210.0,28.0135485141649,929.3072593533207,100.0,100.0,True,,synthetic_swma,sim_user,unknown_cuda_workload,gpu:1,swma
29.1,2026-01-01 00:00:29.100000+00:00,,syn-attack-swma-200,swma-periodic-primary,square,0.5,0.79,0.5,0,10.0,35.468624402403094,0.5476263528551688,0.0,210.0,28.498056161390664,287.572321812209,100.0,100.0,True,,synthetic_swma,sim_user,unknown_cuda_workload,gpu:1,swma
29.2,2026-01-01 00:00:29.200000+00:00,,syn-attack-swma-200,swma-periodic-primary,square,0.5,0.79,0.5,0,10.0,32.25696366801162,0.36150023988454016,0.0,210.0,28.47951639690776,383.82766831617096,100.0,100.0,True,,synthetic_swma,sim_user,unknown_cuda_workload,gpu:1,swma
29.3,2026-01-01 00:00:29.300000+00:00,,syn-attack-swma-200,swma-periodic-primary,square,0.5,0.79,0.5,0,10.0,37.29124223830841,0.5367487110428967,0.0,210.0,28.649124813599737,410.18557524036686,100.0,100.0,True,,synthetic_swma,sim_user,unknown_cuda_workload,gpu:1,swma
29.4,2026-01-01 00:00:29.400000+00:00,,syn-attack-swma-200,swma-periodic-primary,square,0.5,0.79,0.5,0,10.0,34.39764451915921,0.3065102684810451,0.0,210.0,28.57592060070561,161.22085633206973,100.0,100.0,True,,synthetic_swma,sim_user,unknown_cuda_workload,gpu:1,swma
29.5,2026-01-01 00:00:29.500000+00:00,,syn-attack-swma-200,swma-periodic-primary,square,0.5,0.79,0.5,0,10.0,39.47401758387081,0.5896826061867909,2.2896822118971523,210.38095637120745,28.69783727179337,652.8568339462087,100.0,100.0,True,,synthetic_swma,sim_user,unknown_cuda_workload,gpu:1,swma
29.6,2026-01-01 00:00:29.600000+00:00,,syn-attack-swma-200,swma-periodic-primary,square,0.5,0.79,0.5,0,10.0,38.02657214958713,0.6713548274253351,0.40467468786677435,215.28128964552013,28.771717225387945,492.6357052644809,100.0,100.0,True,,synthetic_swma,sim_user,unknown_cuda_workload,gpu:1,swma
29.7,2026-01-01 00:00:29.700000+00:00,,syn-attack-swma-200,swma-periodic-primary,square,0.5,0.79,0.5,0,10.0,36.51895768943723,0.7671892682348238,0.0,221.03135609408943,28.61099825369915,390.10439853147983,100.0,100.0,True,,synthetic_swma,sim_user,unknown_cuda_workload,gpu:1,swma
29.8,2026-01-01 00:00:29.800000+00:00,,syn-attack-swma-200,swma-periodic-primary,square,0.5,0.79,0.5,0,10.0,38.15422985997727,1.8271474181100427,1.2105708932635513,284.62884508660255,28.884493448668962,527.1604153599591,100.0,100.0,True,,synthetic_swma,sim_user,unknown_cuda_workload,gpu:1,swma
29.9,2026-01-01 00:00:29.900000+00:00,,syn-attack-swma-200,swma-periodic-primary,square,0.5,0.79,0.5,0,10.0,35.07848103226014,0.0,0.0,210.0,28.179355192249517,529.6978017867419,100.0,100.0,True,,synthetic_swma,sim_user,unknown_cuda_workload,gpu:1,swma
30.0,2026-01-01 00:00:30+00:00,,syn-attack-swma-200,swma-periodic-primary,square,0.5,0.79,0.5,0,10.0,335.9164321586382,97.60169750601688,61.569509839826914,2520.0,55.19093152470516,4726.04696942081,100.0,100.0,True,,synthetic_swma,sim_user,unknown_cuda_workload,gpu:1,swma
30.1,2026-01-01 00:00:30.100000+00:00,,syn-attack-swma-200,swma-periodic-primary,square,0.5,0.79,0.5,0,10.0,329.6767903015217,98.37268199855323,53.67402883456651,2520.0,55.44659125328459,4097.007701447807,100.0,100.0,True,,synthetic_swma,sim_user,unknown_cuda_workload,gpu:1,swma
30.2,2026-01-01 00:00:30.200000+00:00,,syn-attack-swma-200,swma-periodic-primary,square,0.5,0.79,0.5,0,10.0,333.1904053159009,96.57060104737756,57.36770433059217,2520.0,54.809782909300175,4395.291528949313,100.0,100.0,True,,synthetic_swma,sim_user,unknown_cuda_workload,gpu:1,swma
30.3,2026-01-01 00:00:30.300000+00:00,,syn-attack-swma-200,swma-periodic-primary,square,0.5,0.79,0.5,0,10.0,331.0259651280249,98.63851079326905,55.619134440331145,2520.0,55.30759879170681,4342.484546868124,100.0,100.0,True,,synthetic_swma,sim_user,unknown_cuda_workload,gpu:1,swma
30.4,2026-01-01 00:00:30.400000+00:00,,syn-attack-swma-200,swma-periodic-primary,square,0.5,0.79,0.5,0,10.0,324.369373538487,97.98373859148015,46.383554276630086,2520.0,55.18814665578734,3903.6511852996236,100.0,100.0,True,,synthetic_swma,sim_user,unknown_cuda_workload,gpu:1,swma
30.5,2026-01-01 00:00:30.500000+00:00,,syn-attack-swma-200,swma-periodic-primary,square,0.5,0.79,0.5,0,10.0,330.87243732969284,99.3239691487803,55.79143280475296,2520.0,55.45500608467242,4307.942010501339,100.0,100.0,True,,synthetic_swma,sim_user,unknown_cuda_workload,gpu:1,swma
30.6,2026-01-01 00:00:30.600000+00:00,,syn-attack-swma-200,swma-periodic-primary,square,0.5,0.79,0.5,0,10.0,329.5284080602637,98.00275710983614,53.272727157428136,2520.0,55.038795390254464,4229.870523129759,100.0,100.0,True,,synthetic_swma,sim_user,unknown_cuda_workload,gpu:1,swma
30.7,2026-01-01 00:00:30.700000+00:00,,syn-attack-swma-200,swma-periodic-primary,square,0.5,0.79,0.5,0,10.0,331.6232556878737,99.48350155391434,56.88026677181787,2520.0,55.533828046569894,4250.349586189796,100.0,100.0,True,,synthetic_swma,sim_user,unknown_cuda_workload,gpu:1,swma
30.8,2026-01-01 00:00:30.800000+00:00,,syn-attack-swma-200,swma-periodic-primary,square,0.5,0.79,0.5,0,10.0,327.68253052467895,97.53845398795472,50.55619039294705,2520.0,54.76685688913213,3976.441813784682,100.0,100.0,True,,synthetic_swma,sim_user,unknown_cuda_workload,gpu:1,swma
30.9,2026-01-01 00:00:30.900000+00:00,,syn-attack-swma-200,swma-periodic-primary,square,0.5,0.79,0.5,0,10.0,328.87349988332767,98.82118449430341,52.8496513163038,2520.0,55.20150284966496,4226.966465259653,100.0,100.0,True,,synthetic_swma,sim_user,unknown_cuda_workload,gpu:1,swma
31.0,2026-01-01 00:00:31+00:00,,syn-attack-swma-200,swma-periodic-primary,square,0.5,0.79,0.5,0,10.0,38.203501201690315,1.7240643534327478,1.2195703299750944,278.4438612059649,28.07308044322965,609.4523623502666,100.0,100.0,True,,synthetic_swma,sim_user,unknown_cuda_workload,gpu:1,swma
31.1,2026-01-01 00:00:31.100000+00:00,,syn-attack-swma-200,swma-periodic-primary,square,0.5,0.79,0.5,0,10.0,38.8029841006815,1.413624806087149,1.8481391109232617,259.81748836522894,27.90104149773621,691.9794231823618,100.0,100.0,True,,synthetic_swma,sim_user,unknown_cuda_workload,gpu:1,swma
31.2,2026-01-01 00:00:31.200000+00:00,,syn-attack-swma-200,swma-periodic-primary,square,0.5,0.79,0.5,0,10.0,36.91007824078479,1.5467026520516236,0.0,267.80215912309745,27.936841479247963,474.8589309340152,100.0,100.0,True,,synthetic_swma,sim_user,unknown_cuda_workload,gpu:1,swma
31.3,2026-01-01 00:00:31.300000+00:00,,syn-attack-swma-200,swma-periodic-primary,square,0.5,0.79,0.5,0,10.0,39.00831996159793,0.9467511474443224,1.865139746558282,231.80506884665934,27.53458336819657,497.71120181936453,100.0,100.0,True,,synthetic_swma,sim_user,unknown_cuda_workload,gpu:1,swma
31.4,2026-01-01 00:00:31.400000+00:00,,syn-attack-swma-200,swma-periodic-primary,square,0.5,0.79,0.5,0,10.0,37.152513477982744,1.623820829677137,0.0,272.4292497806282,27.939117281895392,417.0679572265749,100.0,100.0,True,,synthetic_swma,sim_user,unknown_cuda_workload,gpu:1,swma
31.5,2026-01-01 00:00:31.500000+00:00,,syn-attack-swma-200,swma-periodic-primary,square,0.5,0.79,0.5,0,10.0,32.82019115147058,1.349951732327141,0.0,255.9971039396285,28.182894148268318,708.2866370747217,100.0,100.0,True,,synthetic_swma,sim_user,unknown_cuda_workload,gpu:1,swma
31.6,2026-01-01 00:00:31.600000+00:00,,syn-attack-swma-200,swma-periodic-primary,square,0.5,0.79,0.5,0,10.0,40.59119931182032,0.6513893023774067,3.813196532068,214.08335814264439,28.02079575170627,908.6264940066883,100.0,100.0,True,,synthetic_swma,sim_user,unknown_cuda_workload,gpu:1,swma
31.7,2026-01-01 00:00:31.700000+00:00,,syn-attack-swma-200,swma-periodic-primary,square,0.5,0.79,0.5,0,10.0,43.24547662140334,0.0,6.993968828537788,210.0,28.283583768997488,900.4779553347671,100.0,100.0,True,,synthetic_swma,sim_user,unknown_cuda_workload,gpu:1,swma
31.8,2026-01-01 00:00:31.800000+00:00,,syn-attack-swma-200,swma-periodic-primary,square,0.5,0.79,0.5,0,10.0,39.46632944666933,2.5607736119973197,3.3635314154909612,328.6464167198392,29.055448589850744,795.3486410065126,100.0,100.0,True,,synthetic_swma,sim_user,unknown_cuda_workload,gpu:1,swma
31.9,2026-01-01 00:00:31.900000+00:00,,syn-attack-swma-200,swma-periodic-primary,square,0.5,0.79,0.5,0,10.0,35.83875698351262,3.355209735221534,0.0,376.312584113292,29.110209843178506,593.5754949852499,100.0,100.0,True,,synthetic_swma,sim_user,unknown_cuda_workload,gpu:1,swma
32.0,2026-01-01 00:00:32+00:00,,syn-attack-swma-200,swma-periodic-primary,square,0.5,0.79,0.5,0,10.0,329.9486972506337,97.94094189772959,53.799114377929556,2520.0,55.68822634491683,4087.1211735208076,100.0,100.0,True,,synthetic_swma,sim_user,unknown_cuda_workload,gpu:1,swma
32.1,2026-01-01 00:00:32.100000+00:00,,syn-attack-swma-200,swma-periodic-primary,square,0.5,0.79,0.5,0,10.0,332.38005584445347,97.38229363477929,56.73366929173321,2520.0,55.903522465498384,4371.840292073371,100.0,100.0,True,,synthetic_swma,sim_user,unknown_cuda_workload,gpu:1,swma
32.2,2026-01-01 00:00:32.200000+00:00,,syn-attack-swma-200,swma-periodic-primary,square,0.5,0.79,0.5,0,10.0,331.1534517762495,98.06776585196141,55.47520692024478,2520.0,56.19049600037452,4286.752821031328,100.0,100.0,True,,synthetic_swma,sim_user,unknown_cuda_workload,gpu:1,swma
32.3,2026-01-01 00:00:32.300000+00:00,,syn-attack-swma-200,swma-periodic-primary,square,0.5,0.79,0.5,0,10.0,331.16114599244685,98.17317433952462,55.54344054333432,2520.0,55.90789763947361,4433.318705254048,100.0,100.0,True,,synthetic_swma,sim_user,unknown_cuda_workload,gpu:1,swma
32.4,2026-01-01 00:00:32.400000+00:00,,syn-attack-swma-200,swma-periodic-primary,square,0.5,0.79,0.5,0,10.0,332.63572737885465,98.56631595203584,57.72577694542589,2520.0,55.777396576485195,4468.1278919664865,100.0,100.0,True,,synthetic_swma,sim_user,unknown_cuda_workload,gpu:1,swma
32.5,2026-01-01 00:00:32.500000+00:00,,syn-attack-swma-200,swma-periodic-primary,square,0.5,0.79,0.5,0,10.0,334.2035109975744,98.08968139486358,59.554006097274176,2520.0,55.71217174813128,4597.019308260998,100.0,100.0,True,,synthetic_swma,sim_user,unknown_cuda_workload,gpu:1,swma
32.6,2026-01-01 00:00:32.600000+00:00,,syn-attack-swma-200,swma-periodic-primary,square,0.5,0.79,0.5,0,10.0,325.0133733365225,97.61699996693554,47.04051443051122,2520.0,55.336877648546576,3633.183460446971,100.0,100.0,True,,synthetic_swma,sim_user,unknown_cuda_workload,gpu:1,swma
32.7,2026-01-01 00:00:32.700000+00:00,,syn-attack-swma-200,swma-periodic-primary,square,0.5,0.79,0.5,0,10.0,328.1842905686302,97.48705280747545,51.19693313561843,2520.0,55.27622194104731,4306.686679302851,100.0,100.0,True,,synthetic_swma,sim_user,unknown_cuda_workload,gpu:1,swma
32.8,2026-01-01 00:00:32.800000+00:00,,syn-attack-swma-200,swma-periodic-primary,square,0.5,0.79,0.5,0,10.0,329.4490969891764,95.843944946959,51.97963237306261,2520.0,54.990189832932266,3913.796020852662,100.0,100.0,True,,synthetic_swma,sim_user,unknown_cuda_workload,gpu:1,swma
32.9,2026-01-01 00:00:32.900000+00:00,,syn-attack-swma-200,swma-periodic-primary,square,0.5,0.79,0.5,0,10.0,335.2592322096829,97.11899081653155,60.42775456200293,2520.0,55.13283313932587,4722.793261586199,100.0,100.0,True,,synthetic_swma,sim_user,unknown_cuda_workload,gpu:1,swma
33.0,2026-01-01 00:00:33+00:00,,syn-attack-swma-200,swma-periodic-primary,square,0.5,0.79,0.5,0,10.0,42.990758234943414,1.4871794003866692,7.472292983470551,264.23076402320015,28.137984271334123,873.5674586500845,100.0,100.0,True,,synthetic_swma,sim_user,unknown_cuda_workload,gpu:1,swma
33.1,2026-01-01 00:00:33.100000+00:00,,syn-attack-swma-200,swma-periodic-primary,square,0.5,0.79,0.5,0,10.0,42.09116047666901,0.18583141022596084,5.557087911182958,210.0,27.93344951843769,927.8092066321924,100.0,100.0,True,,synthetic_swma,sim_user,unknown_cuda_workload,gpu:1,swma
33.2,2026-01-01 00:00:33.200000+00:00,,syn-attack-swma-200,swma-periodic-primary,square,0.5,0.79,0.5,0,10.0,36.09533783465329,1.746081566000079,0.0,279.7648939600047,28.438618431380878,466.66962536766056,100.0,100.0,True,,synthetic_swma,sim_user,unknown_cuda_workload,gpu:1,swma
33.3,2026-01-01 00:00:33.300000+00:00,,syn-attack-swma-200,swma-periodic-primary,square,0.5,0.79,0.5,0,10.0,39.32037635501375,1.4588030407283243,2.5628434790855756,262.52818244369945,28.430541260005143,621.8405730626691,100.0,100.0,True,,synthetic_swma,sim_user,unknown_cuda_workload,gpu:1,swma
33.4,2026-01-01 00:00:33.400000+00:00,,syn-attack-swma-200,swma-periodic-primary,square,0.5,0.79,0.5,0,10.0,36.58460875567019,1.9839786778620963,0.0,294.0387206717258,28.522878472933403,536.259362420571,100.0,100.0,True,,synthetic_swma,sim_user,unknown_cuda_workload,gpu:1,swma
33.5,2026-01-01 00:00:33.500000+00:00,,syn-attack-swma-200,swma-periodic-primary,square,0.5,0.79,0.5,0,10.0,38.146220571426795,1.4983840773212178,1.0190720044290607,264.90304463927305,28.584172638445946,461.71813806541707,100.0,100.0,True,,synthetic_swma,sim_user,unknown_cuda_workload,gpu:1,swma
33.6,2026-01-01 00:00:33.600000+00:00,,syn-attack-swma-200,swma-periodic-primary,square,0.5,0.79,0.5,0,10.0,34.40587318371975,1.451588026349443,0.0,262.09528158096657,28.577641105560865,427.05592404209045,100.0,100.0,True,,synthetic_swma,sim_user,unknown_cuda_workload,gpu:1,swma
33.7,2026-01-01 00:00:33.700000+00:00,,syn-attack-swma-200,swma-periodic-primary,square,0.5,0.79,0.5,0,10.0,42.859367397976825,2.71864381658229,7.974410629756032,338.11862899493735,28.615258067834855,1092.0694835273096,100.0,100.0,True,,synthetic_swma,sim_user,unknown_cuda_workload,gpu:1,swma
33.8,2026-01-01 00:00:33.800000+00:00,,syn-attack-swma-200,swma-periodic-primary,square,0.5,0.79,0.5,0,10.0,37.10710619087869,0.5095354661859415,0.0,210.0,28.03492418561409,343.8300774572484,100.0,100.0,True,,synthetic_swma,sim_user,unknown_cuda_workload,gpu:1,swma
33.9,2026-01-01 00:00:33.900000+00:00,,syn-attack-swma-200,swma-periodic-primary,square,0.5,0.79,0.5,0,10.0,34.17738091679681,1.4914851897733952,0.0,264.48911138640375,28.463388497016815,535.4517760854851,100.0,100.0,True,,synthetic_swma,sim_user,unknown_cuda_workload,gpu:1,swma
34.0,2026-01-01 00:00:34+00:00,,syn-attack-swma-200,swma-periodic-primary,square,0.5,0.79,0.5,0,10.0,332.6957808743579,97.73609130826257,57.34922471868834,2520.0,54.99904431828642,4503.284270805285,100.0,100.0,True,,synthetic_swma,sim_user,unknown_cuda_workload,gpu:1,swma
34.1,2026-01-01 00:00:34.100000+00:00,,syn-attack-swma-200,swma-periodic-primary,square,0.5,0.79,0.5,0,10.0,333.57858869080366,97.87011880852195,58.60001693242529,2520.0,55.082703900120855,4650.614727142402,100.0,100.0,True,,synthetic_swma,sim_user,unknown_cuda_workload,gpu:1,swma
34.2,2026-01-01 00:00:34.200000+00:00,,syn-attack-swma-200,swma-periodic-primary,square,0.5,0.79,0.5,0,10.0,325.0755102878074,97.51031786347166,47.064688541985944,2520.0,54.81702617382364,3652.587986647049,100.0,100.0,True,,synthetic_swma,sim_user,unknown_cuda_workload,gpu:1,swma
34.3,2026-01-01 00:00:34.300000+00:00,,syn-attack-swma-200,swma-periodic-primary,square,0.5,0.79,0.5,0,10.0,334.31962437489835,98.86970687032465,60.13783794520971,2520.0,55.0734477622346,4616.758474149283,100.0,100.0,True,,synthetic_swma,sim_user,unknown_cuda_workload,gpu:1,swma
34.4,2026-01-01 00:00:34.400000+00:00,,syn-attack-swma-200,swma-periodic-primary,square,0.5,0.79,0.5,0,10.0,328.52653805760207,98.47677741516807,52.1976116551452,2520.0,54.60684141394343,4039.6273983610204,100.0,100.0,True,,synthetic_swma,sim_user,unknown_cuda_workload,gpu:1,swma
34.5,2026-01-01 00:00:34.500000+00:00,,syn-attack-swma-200,swma-periodic-primary,square,0.5,0.79,0.5,0,10.0,325.1115053470718,97.70246273608167,47.218361634274004,2520.0,54.34774636041563,3916.259636293587,100.0,100.0,True,,synthetic_swma,sim_user,unknown_cuda_workload,gpu:1,swma
34.6,2026-01-01 00:00:34.600000+00:00,,syn-attack-swma-200,swma-periodic-primary,square,0.5,0.79,0.5,0,10.0,331.1146194539185,97.5639403185683,55.14632644710391,2520.0,54.564234054594124,4396.471069595254,100.0,100.0,True,,synthetic_swma,sim_user,unknown_cuda_workload,gpu:1,swma
34.7,2026-01-01 00:00:34.700000+00:00,,syn-attack-swma-200,swma-periodic-primary,square,0.5,0.79,0.5,0,10.0,326.27078778022775,97.97304662864146,48.912892686056445,2520.0,54.71134990053955,3894.18458914279,100.0,100.0,True,,synthetic_swma,sim_user,unknown_cuda_workload,gpu:1,swma
34.8,2026-01-01 00:00:34.800000+00:00,,syn-attack-swma-200,swma-periodic-primary,square,0.5,0.79,0.5,0,10.0,333.03387528568976,98.09366959048245,57.99668532235166,2520.0,54.60305674593882,4524.32550128452,100.0,100.0,True,,synthetic_swma,sim_user,unknown_cuda_workload,gpu:1,swma
34.9,2026-01-01 00:00:34.900000+00:00,,syn-attack-swma-200,swma-periodic-primary,square,0.5,0.79,0.5,0,10.0,329.25630608369715,98.3950593395076,53.12569074832538,2520.0,54.95982193255104,4122.425576649731,100.0,100.0,True,,synthetic_swma,sim_user,unknown_cuda_workload,gpu:1,swma
35.0,2026-01-01 00:00:35+00:00,,syn-attack-swma-200,swma-periodic-primary,square,0.5,0.79,0.5,0,10.0,38.167475471721424,0.7091294089921585,0.6133218039075854,217.5477645395295,27.612452834489247,489.6698170663672,100.0,100.0,True,,synthetic_swma,sim_user,unknown_cuda_workload,gpu:1,swma
35.1,2026-01-01 00:00:35.100000+00:00,,syn-attack-swma-200,swma-periodic-primary,square,0.5,0.79,0.5,0,10.0,34.637001119029975,1.602479093585401,0.0,271.148745615124,28.083884822293573,475.58574912483283,100.0,100.0,True,,synthetic_swma,sim_user,unknown_cuda_workload,gpu:1,swma
35.2,2026-01-01 00:00:35.200000+00:00,,syn-attack-swma-200,swma-periodic-primary,square,0.5,0.79,0.5,0,10.0,35.0227420381307,2.6855379546859126,0.0,336.13227728115476,28.586309364295804,380.6455779841598,100.0,100.0,True,,synthetic_swma,sim_user,unknown_cuda_workload,gpu:1,swma
35.3,2026-01-01 00:00:35.300000+00:00,,syn-attack-swma-200,swma-periodic-primary,square,0.5,0.79,0.5,0,10.0,41.236148461779536,0.0,4.314864615706051,210.0,28.18923584172046,758.3651946821882,100.0,100.0,True,,synthetic_swma,sim_user,unknown_cuda_workload,gpu:1,swma
35.4,2026-01-01 00:00:35.400000+00:00,,syn-attack-swma-200,swma-periodic-primary,square,0.5,0.79,0.5,0,10.0,41.32785845810024,0.2599731645225377,4.580129851287712,210.0,28.126208326573707,748.5958546639764,100.0,100.0,True,,synthetic_swma,sim_user,unknown_cuda_workload,gpu:1,swma
35.5,2026-01-01 00:00:35.500000+00:00,,syn-attack-swma-200,swma-periodic-primary,square,0.5,0.79,0.5,0,10.0,35.55414548376046,2.360920881825585,0.0,316.6552529095351,28.809664305710307,461.77028030207794,100.0,100.0,True,,synthetic_swma,sim_user,unknown_cuda_workload,gpu:1,swma
35.6,2026-01-01 00:00:35.600000+00:00,,syn-attack-swma-200,swma-periodic-primary,square,0.5,0.79,0.5,0,10.0,41.343937450206035,1.3545906757206743,5.203608138587747,256.27544054324045,28.600985111332605,898.5692694364221,100.0,100.0,True,,synthetic_swma,sim_user,unknown_cuda_workload,gpu:1,swma
35.7,2026-01-01 00:00:35.700000+00:00,,syn-attack-swma-200,swma-periodic-primary,square,0.5,0.79,0.5,0,10.0,38.63789399566375,0.0,0.8505253275516697,210.0,28.228140250148883,576.1099899873591,100.0,100.0,True,,synthetic_swma,sim_user,unknown_cuda_workload,gpu:1,swma
35.8,2026-01-01 00:00:35.800000+00:00,,syn-attack-swma-200,swma-periodic-primary,square,0.5,0.79,0.5,0,10.0,36.991241700982094,2.8305698289065564,0.21180234054140024,344.83418973439336,28.916724688813655,523.5093598499377,100.0,100.0,True,,synthetic_swma,sim_user,unknown_cuda_workload,gpu:1,swma
35.9,2026-01-01 00:00:35.900000+00:00,,syn-attack-swma-200,swma-periodic-primary,square,0.5,0.79,0.5,0,10.0,38.55092523966797,1.9755098673662899,1.821097413275417,293.5305920419774,28.51539785032333,581.8010691892088,100.0,100.0,True,,synthetic_swma,sim_user,unknown_cuda_workload,gpu:1,swma
36.0,2026-01-01 00:00:36+00:00,,syn-attack-swma-200,swma-periodic-primary,square,0.5,0.79,0.5,0,10.0,336.56369529485397,96.81616667430431,62.00048539733936,2520.0,55.1298035755333,4777.617877385425,100.0,100.0,True,,synthetic_swma,sim_user,unknown_cuda_workload,gpu:1,swma
36.1,2026-01-01 00:00:36.100000+00:00,,syn-attack-swma-200,swma-periodic-primary,square,0.5,0.79,0.5,0,10.0,334.6939184037083,98.48194425311745,60.42362721082569,2520.0,55.316954344781855,4704.538072214653,100.0,100.0,True,,synthetic_swma,sim_user,unknown_cuda_workload,gpu:1,swma
36.2,2026-01-01 00:00:36.200000+00:00,,syn-attack-swma-200,swma-periodic-primary,square,0.5,0.79,0.5,0,10.0,327.66173233285315,98.24835189413041,50.918903318909294,2520.0,55.03825090369439,4082.987871167823,100.0,100.0,True,,synthetic_swma,sim_user,unknown_cuda_workload,gpu:1,swma
36.3,2026-01-01 00:00:36.300000+00:00,,syn-attack-swma-200,swma-periodic-primary,square,0.5,0.79,0.5,0,10.0,327.37227600421875,98.20224590606443,50.507603253960475,2520.0,55.08080307507886,4098.516190853874,100.0,100.0,True,,synthetic_swma,sim_user,unknown_cuda_workload,gpu:1,swma
36.4,2026-01-01 00:00:36.400000+00:00,,syn-attack-swma-200,swma-periodic-primary,square,0.5,0.79,0.5,0,10.0,330.0657438741074,98.889089501387,54.47665772457273,2520.0,55.02770090551185,4297.479786780951,100.0,100.0,True,,synthetic_swma,sim_user,unknown_cuda_workload,gpu:1,swma
36.5,2026-01-01 00:00:36.500000+00:00,,syn-attack-swma-200,swma-periodic-primary,square,0.5,0.79,0.5,0,10.0,330.25668864715215,97.60628141967076,54.02570631035509,2520.0,54.794432780205504,4038.8432505060177,100.0,100.0,True,,synthetic_swma,sim_user,unknown_cuda_workload,gpu:1,swma
36.6,2026-01-01 00:00:36.600000+00:00,,syn-attack-swma-200,swma-periodic-primary,square,0.5,0.79,0.5,0,10.0,329.825205516748,98.38928096812478,53.881045221465975,2520.0,54.89279133877327,4329.743518809147,100.0,100.0,True,,synthetic_swma,sim_user,unknown_cuda_workload,gpu:1,swma
36.7,2026-01-01 00:00:36.700000+00:00,,syn-attack-swma-200,swma-periodic-primary,square,0.5,0.79,0.5,0,10.0,333.9861662486234,98.2879468810048,59.37325911605052,2520.0,54.82899012124739,4433.628133175645,100.0,100.0,True,,synthetic_swma,sim_user,unknown_cuda_workload,gpu:1,swma
36.8,2026-01-01 00:00:36.800000+00:00,,syn-attack-swma-200,swma-periodic-primary,square,0.5,0.79,0.5,0,10.0,332.6128522459351,96.72089112442761,56.68029311301525,2520.0,54.330266704154816,4318.815661115986,100.0,100.0,True,,synthetic_swma,sim_user,unknown_cuda_workload,gpu:1,swma
36.9,2026-01-01 00:00:36.900000+00:00,,syn-attack-swma-200,swma-periodic-primary,square,0.5,0.79,0.5,0,10.0,329.5226818625119,98.48314184236563,53.52930382998363,2520.0,54.413976363164025,4135.544085468631,100.0,100.0,True,,synthetic_swma,sim_user,unknown_cuda_workload,gpu:1,swma
37.0,2026-01-01 00:00:37+00:00,,syn-attack-swma-200,swma-periodic-primary,square,0.5,0.79,0.5,0,10.0,35.531755447646226,1.5826685601222668,0.0,269.960113607336,27.469281116327195,563.8255615053035,100.0,100.0,True,,synthetic_swma,sim_user,unknown_cuda_workload,gpu:1,swma
37.1,2026-01-01 00:00:37.100000+00:00,,syn-attack-swma-200,swma-periodic-primary,square,0.5,0.79,0.5,0,10.0,40.83655924034589,2.433063754005437,5.120264051830843,320.9838252403262,27.840799783292738,744.487147622949,100.0,100.0,True,,synthetic_swma,sim_user,unknown_cuda_workload,gpu:1,swma
37.2,2026-01-01 00:00:37.200000+00:00,,syn-attack-swma-200,swma-periodic-primary,square,0.5,0.79,0.5,0,10.0,40.312498207552736,1.469340290394327,3.8914681031205243,263.1604174236596,28.0006286727707,821.4706662098322,100.0,100.0,True,,synthetic_swma,sim_user,unknown_cuda_workload,gpu:1,swma
37.3,2026-01-01 00:00:37.300000+00:00,,syn-attack-swma-200,swma-periodic-primary,square,0.5,0.79,0.5,0,10.0,36.38827543278054,0.5554454521617549,0.0,210.0,28.048437034455638,335.9341653379824,100.0,100.0,True,,synthetic_swma,sim_user,unknown_cuda_workload,gpu:1,swma
37.4,2026-01-01 00:00:37.400000+00:00,,syn-attack-swma-200,swma-periodic-primary,square,0.5,0.79,0.5,0,10.0,35.75564109661014,1.5404937956153362,0.0,267.42962773692017,28.401079741844352,442.7978092048553,100.0,100.0,True,,synthetic_swma,sim_user,unknown_cuda_workload,gpu:1,swma
37.5,2026-01-01 00:00:37.500000+00:00,,syn-attack-swma-200,swma-periodic-primary,square,0.5,0.79,0.5,0,10.0,40.85465763061621,0.38532712876790787,4.018140094977293,210.0,28.216748222240827,720.1785318825164,100.0,100.0,True,,synthetic_swma,sim_user,unknown_cuda_workload,gpu:1,swma
37.6,2026-01-01 00:00:37.600000+00:00,,syn-attack-swma-200,swma-periodic-primary,square,0.5,0.79,0.5,0,10.0,34.17309338250647,0.9396967675436415,0.0,231.3818060526185,28.53054289422813,314.1718083816036,100.0,100.0,True,,synthetic_swma,sim_user,unknown_cuda_workload,gpu:1,swma
37.7,2026-01-01 00:00:37.700000+00:00,,syn-attack-swma-200,swma-periodic-primary,square,0.5,0.79,0.5,0,10.0,39.7130277580558,0.8535814342447419,2.75350679957568,226.2148860546845,28.792012130319502,836.0677742050782,100.0,100.0,True,,synthetic_swma,sim_user,unknown_cuda_workload,gpu:1,swma
37.8,2026-01-01 00:00:37.800000+00:00,,syn-attack-swma-200,swma-periodic-primary,square,0.5,0.79,0.5,0,10.0,39.376994841426075,1.0641823449020111,2.4212934115975444,238.85094069412068,29.151079912611856,633.1375035553141,100.0,100.0,True,,synthetic_swma,sim_user,unknown_cuda_workload,gpu:1,swma
37.9,2026-01-01 00:00:37.900000+00:00,,syn-attack-swma-200,swma-periodic-primary,square,0.5,0.79,0.5,0,10.0,40.515896551770645,0.34323931170249167,3.543310357130567,210.0,29.13791297963331,731.7993295248688,100.0,100.0,True,,synthetic_swma,sim_user,unknown_cuda_workload,gpu:1,swma
38.0,2026-01-01 00:00:38+00:00,,syn-attack-swma-200,swma-periodic-primary,square,0.5,0.79,0.5,0,10.0,326.4425579934226,97.31110905224011,48.77785396996219,2520.0,56.185276867506396,3980.2267889279065,100.0,100.0,True,,synthetic_swma,sim_user,unknown_cuda_workload,gpu:1,swma
38.1,2026-01-01 00:00:38.100000+00:00,,syn-attack-swma-200,swma-periodic-primary,square,0.5,0.79,0.5,0,10.0,329.8908141594813,98.17007824573177,53.847961914460875,2520.0,56.30980263659195,4405.88422682328,100.0,100.0,True,,synthetic_swma,sim_user,unknown_cuda_workload,gpu:1,swma
38.2,2026-01-01 00:00:38.200000+00:00,,syn-attack-swma-200,swma-periodic-primary,square,0.5,0.79,0.5,0,10.0,333.4179012256151,97.07277411315631,57.9472273963894,2520.0,55.798009916544466,4701.068186257061,100.0,100.0,True,,synthetic_swma,sim_user,unknown_cuda_workload,gpu:1,swma
38.3,2026-01-01 00:00:38.300000+00:00,,syn-attack-swma-200,swma-periodic-primary,square,0.5,0.79,0.5,0,10.0,332.3904620005285,97.16225178528653,56.626521149278915,2520.0,55.634288167553144,4434.250164996225,100.0,100.0,True,,synthetic_swma,sim_user,unknown_cuda_workload,gpu:1,swma
38.4,2026-01-01 00:00:38.400000+00:00,,syn-attack-swma-200,swma-periodic-primary,square,0.5,0.79,0.5,0,10.0,333.8437513687568,97.75333974174954,58.889338682971285,2520.0,55.98660316612599,4818.524112388215,100.0,100.0,True,,synthetic_swma,sim_user,unknown_cuda_workload,gpu:1,swma
38.5,2026-01-01 00:00:38.500000+00:00,,syn-attack-swma-200,swma-periodic-primary,square,0.5,0.79,0.5,0,10.0,329.16727560484543,98.17972996169888,52.88855228539494,2520.0,56.015596479854906,4276.684374062535,100.0,100.0,True,,synthetic_swma,sim_user,unknown_cuda_workload,gpu:1,swma
38.6,2026-01-01 00:00:38.600000+00:00,,syn-attack-swma-200,swma-periodic-primary,square,0.5,0.79,0.5,0,10.0,330.8319994025075,97.72439106572506,54.85774762282546,2520.0,55.99885176614729,4488.186563501937,100.0,100.0,True,,synthetic_swma,sim_user,unknown_cuda_workload,gpu:1,swma
38.7,2026-01-01 00:00:38.700000+00:00,,syn-attack-swma-200,swma-periodic-primary,square,0.5,0.79,0.5,0,10.0,333.82087973237907,97.2980444615619,58.60843076369784,2520.0,55.989609456130154,4487.062150147378,100.0,100.0,True,,synthetic_swma,sim_user,unknown_cuda_workload,gpu:1,swma
38.8,2026-01-01 00:00:38.800000+00:00,,syn-attack-swma-200,swma-periodic-primary,square,0.5,0.79,0.5,0,10.0,326.55534510725903,97.31072169400619,48.92802374138209,2520.0,56.06673487368678,3721.733949351773,100.0,100.0,True,,synthetic_swma,sim_user,unknown_cuda_workload,gpu:1,swma
38.9,2026-01-01 00:00:38.900000+00:00,,syn-attack-swma-200,swma-periodic-primary,square,0.5,0.79,0.5,0,10.0,327.730261191484,98.42600491704826,51.10798429302184,2520.0,56.44188532137068,3943.4434188533764,100.0,100.0,True,,synthetic_swma,sim_user,unknown_cuda_workload,gpu:1,swma
39.0,2026-01-01 00:00:39+00:00,,syn-attack-swma-200,swma-periodic-primary,square,0.5,0.79,0.5,0,10.0,37.75400703441763,0.8243969504120924,0.12542770195016362,224.46381702472553,28.9884414636596,530.5708701510264,100.0,100.0,True,,synthetic_swma,sim_user,unknown_cuda_workload,gpu:1,swma
39.1,2026-01-01 00:00:39.100000+00:00,,syn-attack-swma-200,swma-periodic-primary,square,0.5,0.79,0.5,0,10.0,34.9276530459822,0.1391036217485463,0.0,210.0,29.011537420461526,437.0537281850347,100.0,100.0,True,,synthetic_swma,sim_user,unknown_cuda_workload,gpu:1,swma
39.2,2026-01-01 00:00:39.200000+00:00,,syn-attack-swma-200,swma-periodic-primary,square,0.5,0.79,0.5,0,10.0,38.66208057175764,2.6506371698053606,2.3406245390698004,334.0382301883217,29.947064285781117,792.535859839726,100.0,100.0,True,,synthetic_swma,sim_user,unknown_cuda_workload,gpu:1,swma
39.3,2026-01-01 00:00:39.300000+00:00,,syn-attack-swma-200,swma-periodic-primary,square,0.5,0.79,0.5,0,10.0,35.48544859719546,0.5969874896523452,0.0,210.8192493791407,29.259860129885027,396.98852453594907,100.0,100.0,True,,synthetic_swma,sim_user,unknown_cuda_workload,gpu:1,swma
39.4,2026-01-01 00:00:39.400000+00:00,,syn-attack-swma-200,swma-periodic-primary,square,0.5,0.79,0.5,0,10.0,38.237589212659,0.2670894657185158,0.46368482302385583,210.0,29.07498778623324,520.7340767608547,100.0,100.0,True,,synthetic_swma,sim_user,unknown_cuda_workload,gpu:1,swma
39.5,2026-01-01 00:00:39.500000+00:00,,syn-attack-swma-200,swma-periodic-primary,square,0.5,0.79,0.5,0,10.0,33.925543754118145,0.0,0.0,210.0,28.653282983179825,502.95880294460164,100.0,100.0,True,,synthetic_swma,sim_user,unknown_cuda_workload,gpu:1,swma
39.6,2026-01-01 00:00:39.600000+00:00,,syn-attack-swma-200,swma-periodic-primary,square,0.5,0.79,0.5,0,10.0,34.684521259366385,0.9238907951665762,0.0,230.43344770999457,28.70230832092123,562.2265747616951,100.0,100.0,True,,synthetic_swma,sim_user,unknown_cuda_workload,gpu:1,swma
39.7,2026-01-01 00:00:39.700000+00:00,,syn-attack-swma-200,swma-periodic-primary,square,0.5,0.79,0.5,0,10.0,35.424935651874094,0.0,0.0,210.0,28.173252938395013,265.60915972230003,100.0,100.0,True,,synthetic_swma,sim_user,unknown_cuda_workload,gpu:1,swma
39.8,2026-01-01 00:00:39.800000+00:00,,syn-attack-swma-200,swma-periodic-primary,square,0.5,0.79,0.5,0,10.0,38.07929161624069,2.306057258251573,1.3740536470259472,313.3634354950944,28.870252185080858,585.8859755615129,100.0,100.0,True,,synthetic_swma,sim_user,unknown_cuda_workload,gpu:1,swma
39.9,2026-01-01 00:00:39.900000+00:00,,syn-attack-swma-200,swma-periodic-primary,square,0.5,0.79,0.5,0,10.0,37.57752910022277,1.2990069319125892,0.15115927951561403,252.94041591475536,28.441916165702654,543.9127877562247,100.0,100.0,True,,synthetic_swma,sim_user,unknown_cuda_workload,gpu:1,swma
40.0,2026-01-01 00:00:40+00:00,,syn-attack-swma-200,swma-periodic-primary,square,0.5,0.79,0.5,0,10.0,324.66872035598067,98.23426829179434,46.92047470179441,2520.0,55.255537884108875,3664.8034274647584,100.0,100.0,True,,synthetic_swma,sim_user,unknown_cuda_workload,gpu:1,swma
40.1,2026-01-01 00:00:40.100000+00:00,,syn-attack-swma-200,swma-periodic-primary,square,0.5,0.79,0.5,0,10.0,331.5599717389849,98.3397212386469,56.166808999902386,2520.0,55.05157842410872,4258.861784285903,100.0,100.0,True,,synthetic_swma,sim_user,unknown_cuda_workload,gpu:1,swma
40.2,2026-01-01 00:00:40.200000+00:00,,syn-attack-swma-200,swma-periodic-primary,square,0.5,0.79,0.5,0,10.0,328.9555322553762,97.5338266740931,52.25098101125287,2520.0,54.87312014078626,4097.57228224889,100.0,100.0,True,,synthetic_swma,sim_user,unknown_cuda_workload,gpu:1,swma
40.3,2026-01-01 00:00:40.300000+00:00,,syn-attack-swma-200,swma-periodic-primary,square,0.5,0.79,0.5,0,10.0,329.75502925837316,99.70765553594225,54.51258288926579,2520.0,55.58247623129245,4107.98639742383,100.0,100.0,True,,synthetic_swma,sim_user,unknown_cuda_workload,gpu:1,swma
40.4,2026-01-01 00:00:40.400000+00:00,,syn-attack-swma-200,swma-periodic-primary,square,0.5,0.79,0.5,0,10.0,330.7406144963344,97.26376369519298,54.48255602746865,2520.0,55.04402702275594,4248.268762731591,100.0,100.0,True,,synthetic_swma,sim_user,unknown_cuda_workload,gpu:1,swma
40.5,2026-01-01 00:00:40.500000+00:00,,syn-attack-swma-200,swma-periodic-primary,square,0.5,0.79,0.5,0,10.0,332.67801642124937,99.08309760484526,58.066392244330764,2520.0,55.583189603661516,4601.699520023512,100.0,100.0,True,,synthetic_swma,sim_user,unknown_cuda_workload,gpu:1,swma
40.6,2026-01-01 00:00:40.600000+00:00,,syn-attack-swma-200,swma-periodic-primary,square,0.5,0.79,0.5,0,10.0,326.0018325098056,99.62221304307668,49.46132718676628,2520.0,55.58812643097843,3870.660823773674,100.0,100.0,True,,synthetic_swma,sim_user,unknown_cuda_workload,gpu:1,swma
40.7,2026-01-01 00:00:40.700000+00:00,,syn-attack-swma-200,swma-periodic-primary,square,0.5,0.79,0.5,0,10.0,334.76181150028117,98.62937925749851,60.5952405919991,2520.0,55.22677540058606,4526.666886508707,100.0,100.0,True,,synthetic_swma,sim_user,unknown_cuda_workload,gpu:1,swma
40.8,2026-01-01 00:00:40.800000+00:00,,syn-attack-swma-200,swma-periodic-primary,square,0.5,0.79,0.5,0,10.0,331.6147053564108,99.71229308793615,56.99470167357933,2520.0,55.606320461628364,4356.959069520623,100.0,100.0,True,,synthetic_swma,sim_user,unknown_cuda_workload,gpu:1,swma
40.9,2026-01-01 00:00:40.900000+00:00,,syn-attack-swma-200,swma-periodic-primary,square,0.5,0.79,0.5,0,10.0,328.9855356361895,98.60852705145221,52.882070726551405,2520.0,55.651363285359004,4104.099551055397,100.0,100.0,True,,synthetic_swma,sim_user,unknown_cuda_workload,gpu:1,swma
41.0,2026-01-01 00:00:41+00:00,,syn-attack-swma-200,swma-periodic-primary,square,0.5,0.79,0.5,0,10.0,34.7240814924352,0.0,0.0,210.0,28.53771733396745,257.7846966928814,100.0,100.0,True,,synthetic_swma,sim_user,unknown_cuda_workload,gpu:1,swma
41.1,2026-01-01 00:00:41.100000+00:00,,syn-attack-swma-200,swma-periodic-primary,square,0.5,0.79,0.5,0,10.0,38.66160778997008,0.7523586700173434,1.2959409884696453,220.14152020104058,28.758748078902887,468.0065678470324,100.0,100.0,True,,synthetic_swma,sim_user,unknown_cuda_workload,gpu:1,swma
41.2,2026-01-01 00:00:41.200000+00:00,,syn-attack-swma-200,swma-periodic-primary,square,0.5,0.79,0.5,0,10.0,40.192155501334724,0.37603257980289995,3.129691920671232,210.0,28.58995831727262,625.26609053203,100.0,100.0,True,,synthetic_swma,sim_user,unknown_cuda_workload,gpu:1,swma
41.3,2026-01-01 00:00:41.300000+00:00,,syn-attack-swma-200,swma-periodic-primary,square,0.5,0.79,0.5,0,10.0,36.90758033633076,1.80081502210649,0.0,283.0489013263894,28.863018898852633,486.5465497698642,100.0,100.0,True,,synthetic_swma,sim_user,unknown_cuda_workload,gpu:1,swma
41.4,2026-01-01 00:00:41.400000+00:00,,syn-attack-swma-200,swma-periodic-primary,square,0.5,0.79,0.5,0,10.0,33.22342045169404,0.8705446637732435,0.0,227.23267982639462,28.544367606668608,540.6825546812595,100.0,100.0,True,,synthetic_swma,sim_user,unknown_cuda_workload,gpu:1,swma
41.5,2026-01-01 00:00:41.500000+00:00,,syn-attack-swma-200,swma-periodic-primary,square,0.5,0.79,0.5,0,10.0,32.726509406808084,1.4986923727884878,0.0,264.92154236730926,28.834892622852504,658.8801572594638,100.0,100.0,True,,synthetic_swma,sim_user,unknown_cuda_workload,gpu:1,swma
41.6,2026-01-01 00:00:41.600000+00:00,,syn-attack-swma-200,swma-periodic-primary,square,0.5,0.79,0.5,0,10.0,43.74165680665991,0.3153381713143072,7.828978403102752,210.0,28.440833719827257,1002.7754304992625,100.0,100.0,True,,synthetic_swma,sim_user,unknown_cuda_workload,gpu:1,swma
41.7,2026-01-01 00:00:41.700000+00:00,,syn-attack-swma-200,swma-periodic-primary,square,0.5,0.79,0.5,0,10.0,36.91816249379784,0.0,0.0,210.0,28.40560605133905,558.8123769029485,100.0,100.0,True,,synthetic_swma,sim_user,unknown_cuda_workload,gpu:1,swma
41.8,2026-01-01 00:00:41.800000+00:00,,syn-attack-swma-200,swma-periodic-primary,square,0.5,0.79,0.5,0,10.0,38.473187798110594,0.1737286805486319,0.7264678384492054,210.0,28.13775954669337,388.44364528096474,100.0,100.0,True,,synthetic_swma,sim_user,unknown_cuda_workload,gpu:1,swma
41.9,2026-01-01 00:00:41.900000+00:00,,syn-attack-swma-200,swma-periodic-primary,square,0.5,0.79,0.5,0,10.0,37.97423153837256,0.32603315859350956,0.14496028838984165,210.0,27.590098120804633,455.9727262678321,100.0,100.0,True,,synthetic_swma,sim_user,unknown_cuda_workload,gpu:1,swma
42.0,2026-01-01 00:00:42+00:00,,syn-attack-swma-200,swma-periodic-primary,square,0.5,0.79,0.5,0,10.0,335.3058271900272,98.03041638656241,60.9911652659789,2520.0,54.772073705138105,4635.286409686682,100.0,100.0,True,,synthetic_swma,sim_user,unknown_cuda_workload,gpu:1,swma
42.1,2026-01-01 00:00:42.100000+00:00,,syn-attack-swma-200,swma-periodic-primary,square,0.5,0.79,0.5,0,10.0,330.34298656407066,96.75806364048586,53.674250421028084,2520.0,54.361364941990104,4193.218015027922,100.0,100.0,True,,synthetic_swma,sim_user,unknown_cuda_workload,gpu:1,swma
42.2,2026-01-01 00:00:42.200000+00:00,,syn-attack-swma-200,swma-periodic-primary,square,0.5,0.79,0.5,0,10.0,321.49563680462325,99.36253386804883,43.31024270025785,2520.0,55.08577124060492,3483.797078573526,100.0,100.0,True,,synthetic_swma,sim_user,unknown_cuda_workload,gpu:1,swma
42.3,2026-01-01 00:00:42.300000+00:00,,syn-attack-swma-200,swma-periodic-primary,square,0.5,0.79,0.5,0,10.0,327.0461424350559,96.37610234235936,49.06837953503886,2520.0,54.41089531676631,3822.5623002465304,100.0,100.0,True,,synthetic_swma,sim_user,unknown_cuda_workload,gpu:1,swma
42.4,2026-01-01 00:00:42.400000+00:00,,syn-attack-swma-200,swma-periodic-primary,square,0.5,0.79,0.5,0,10.0,329.2937979042372,98.17444208977575,53.054340355026234,2520.0,55.140321411358336,4211.057434992456,100.0,100.0,True,,synthetic_swma,sim_user,unknown_cuda_workload,gpu:1,swma
42.5,2026-01-01 00:00:42.500000+00:00,,syn-attack-swma-200,swma-periodic-primary,square,0.5,0.79,0.5,0,10.0,324.3580996891883,99.12734961021431,46.997508537868946,2520.0,55.45574006687866,3722.266515795206,100.0,100.0,True,,synthetic_swma,sim_user,unknown_cuda_workload,gpu:1,swma
42.6,2026-01-01 00:00:42.600000+00:00,,syn-attack-swma-200,swma-periodic-primary,square,0.5,0.79,0.5,0,10.0,330.5702641866371,97.95408475135189,54.63509886209295,2520.0,54.960300042273836,4233.352156237727,100.0,100.0,True,,synthetic_swma,sim_user,unknown_cuda_workload,gpu:1,swma
42.7,2026-01-01 00:00:42.700000+00:00,,syn-attack-swma-200,swma-periodic-primary,square,0.5,0.79,0.5,0,10.0,333.18189485514085,98.52035687991062,58.42872275747197,2520.0,55.305007543429845,4507.236336069895,100.0,100.0,True,,synthetic_swma,sim_user,unknown_cuda_workload,gpu:1,swma
42.8,2026-01-01 00:00:42.800000+00:00,,syn-attack-swma-200,swma-periodic-primary,square,0.5,0.79,0.5,0,10.0,326.9778193245788,97.31439633061393,49.49334374794271,2520.0,55.18042260962207,4055.8648311499164,100.0,100.0,True,,synthetic_swma,sim_user,unknown_cuda_workload,gpu:1,swma
42.9,2026-01-01 00:00:42.900000+00:00,,syn-attack-swma-200,swma-periodic-primary,square,0.5,0.79,0.5,0,10.0,331.70891945204335,97.81322118005717,56.07583091842256,2520.0,55.41595573232611,4401.574736508229,100.0,100.0,True,,synthetic_swma,sim_user,unknown_cuda_workload,gpu:1,swma
43.0,2026-01-01 00:00:43+00:00,,syn-attack-swma-200,swma-periodic-primary,square,0.5,0.79,0.5,0,10.0,40.219294629377664,0.16353689771780566,3.0490047995816805,210.0,28.350663601552046,517.7103401120941,100.0,100.0,True,,synthetic_swma,sim_user,unknown_cuda_workload,gpu:1,swma
43.1,2026-01-01 00:00:43.100000+00:00,,syn-attack-swma-200,swma-periodic-primary,square,0.5,0.79,0.5,0,10.0,41.62811621649197,0.8022097623503873,5.2787036579486735,223.13258574102323,28.686861534570205,879.0711386682144,100.0,100.0,True,,synthetic_swma,sim_user,unknown_cuda_workload,gpu:1,swma
43.2,2026-01-01 00:00:43.200000+00:00,,syn-attack-swma-200,swma-periodic-primary,square,0.5,0.79,0.5,0,10.0,37.37793194552677,2.1192882589208795,0.3361844697755032,302.15729553525273,28.877378092143072,487.2397537377223,100.0,100.0,True,,synthetic_swma,sim_user,unknown_cuda_workload,gpu:1,swma
43.3,2026-01-01 00:00:43.300000+00:00,,syn-attack-swma-200,swma-periodic-primary,square,0.5,0.79,0.5,0,10.0,36.191238206212134,0.07255953043819441,0.0,210.0,28.070061847380547,554.6357318668782,100.0,100.0,True,,synthetic_swma,sim_user,unknown_cuda_workload,gpu:1,swma
43.4,2026-01-01 00:00:43.400000+00:00,,syn-attack-swma-200,swma-periodic-primary,square,0.5,0.79,0.5,0,10.0,34.07546496414058,0.7414470461299226,0.0,219.48682276779533,28.478766975125616,453.8879416024727,100.0,100.0,True,,synthetic_swma,sim_user,unknown_cuda_workload,gpu:1,swma
43.5,2026-01-01 00:00:43.500000+00:00,,syn-attack-swma-200,swma-periodic-primary,square,0.5,0.79,0.5,0,10.0,41.7375063849948,1.2610566849310358,5.6769230233718035,250.66340109586216,28.655420673999206,822.5034571042825,100.0,100.0,True,,synthetic_swma,sim_user,unknown_cuda_workload,gpu:1,swma
43.6,2026-01-01 00:00:43.600000+00:00,,syn-attack-swma-200,swma-periodic-primary,square,0.5,0.79,0.5,0,10.0,32.66803672407199,0.6374326832502073,0.0,213.24596099501244,28.32651014859835,441.63789887560495,100.0,100.0,True,,synthetic_swma,sim_user,unknown_cuda_workload,gpu:1,swma
43.7,2026-01-01 00:00:43.700000+00:00,,syn-attack-swma-200,swma-periodic-primary,square,0.5,0.79,0.5,0,10.0,37.841064835814926,2.4515582329510517,1.1364434758763087,322.0934939770631,28.56101049093968,594.2379838491449,100.0,100.0,True,,synthetic_swma,sim_user,unknown_cuda_workload,gpu:1,swma
43.8,2026-01-01 00:00:43.800000+00:00,,syn-attack-swma-200,swma-periodic-primary,square,0.5,0.79,0.5,0,10.0,47.86365427478795,0.0,13.151539033050593,210.0,27.72675870250087,1434.3115923344856,100.0,100.0,True,,synthetic_swma,sim_user,unknown_cuda_workload,gpu:1,swma
43.9,2026-01-01 00:00:43.900000+00:00,,syn-attack-swma-200,swma-periodic-primary,square,0.5,0.79,0.5,0,10.0,42.31507566077709,0.6562784544336747,6.114387364307975,214.3767072660205,27.875060475696046,792.0614959661652,100.0,100.0,True,,synthetic_swma,sim_user,unknown_cuda_workload,gpu:1,swma
44.0,2026-01-01 00:00:44+00:00,,syn-attack-swma-200,swma-periodic-primary,square,0.5,0.79,0.5,0,10.0,331.0194725944478,96.33624240272108,54.34423011409364,2520.0,54.74179794525764,4188.348919718747,100.0,100.0,True,,synthetic_swma,sim_user,unknown_cuda_workload,gpu:1,swma
44.1,2026-01-01 00:00:44.100000+00:00,,syn-attack-swma-200,swma-periodic-primary,square,0.5,0.79,0.5,0,10.0,334.1583365087101,96.7578624678568,58.76127303560131,2520.0,54.85529489721673,4589.762766478465,100.0,100.0,True,,synthetic_swma,sim_user,unknown_cuda_workload,gpu:1,swma
44.2,2026-01-01 00:00:44.200000+00:00,,syn-attack-swma-200,swma-periodic-primary,square,0.5,0.79,0.5,0,10.0,328.11772520816885,97.2568777395285,50.98158303429918,2520.0,54.76032282834537,3972.7576737385248,100.0,100.0,True,,synthetic_swma,sim_user,unknown_cuda_workload,gpu:1,swma
44.3,2026-01-01 00:00:44.300000+00:00,,syn-attack-swma-200,swma-periodic-primary,square,0.5,0.79,0.5,0,10.0,332.2246892466257,98.1613349006096,56.95498652416957,2520.0,54.864114048317106,4318.233481553032,100.0,100.0,True,,synthetic_swma,sim_user,unknown_cuda_workload,gpu:1,swma
44.4,2026-01-01 00:00:44.400000+00:00,,syn-attack-swma-200,swma-periodic-primary,square,0.5,0.79,0.5,0,10.0,327.06181758897776,97.70873812400824,49.82222942017485,2520.0,54.982465185160166,3950.923232589831,100.0,100.0,True,,synthetic_swma,sim_user,unknown_cuda_workload,gpu:1,swma
44.5,2026-01-01 00:00:44.500000+00:00,,syn-attack-swma-200,swma-periodic-primary,square,0.5,0.79,0.5,0,10.0,329.5812538458641,98.69311671477038,53.722885987609246,2520.0,55.43698124019392,4188.506677132366,100.0,100.0,True,,synthetic_swma,sim_user,unknown_cuda_workload,gpu:1,swma
44.6,2026-01-01 00:00:44.600000+00:00,,syn-attack-swma-200,swma-periodic-primary,square,0.5,0.79,0.5,0,10.0,334.4553950071632,99.11433936882244,60.45341332906995,2520.0,55.53301668863549,4692.482999200307,100.0,100.0,True,,synthetic_swma,sim_user,unknown_cuda_workload,gpu:1,swma
44.7,2026-01-01 00:00:44.700000+00:00,,syn-attack-swma-200,swma-periodic-primary,square,0.5,0.79,0.5,0,10.0,337.49283055631486,96.99593434008627,63.33820462880057,2520.0,54.96297548671567,5083.081379764783,100.0,100.0,True,,synthetic_swma,sim_user,unknown_cuda_workload,gpu:1,swma
44.8,2026-01-01 00:00:44.800000+00:00,,syn-attack-swma-200,swma-periodic-primary,square,0.5,0.79,0.5,0,10.0,328.7952385532103,97.88922581085441,52.23272560025033,2520.0,55.04613612116216,3966.883555039692,100.0,100.0,True,,synthetic_swma,sim_user,unknown_cuda_workload,gpu:1,swma
44.9,2026-01-01 00:00:44.900000+00:00,,syn-attack-swma-200,swma-periodic-primary,square,0.5,0.79,0.5,0,10.0,331.633788653413,98.73785408562773,56.48420461831253,2520.0,55.05165438504712,4400.794076083594,100.0,100.0,True,,synthetic_swma,sim_user,unknown_cuda_workload,gpu:1,swma
45.0,2026-01-01 00:00:45+00:00,,syn-attack-swma-200,swma-periodic-primary,square,0.5,0.79,0.5,0,10.0,39.804608449585956,0.0,2.4061445994479462,210.0,27.51435573846296,617.93761176597,100.0,100.0,True,,synthetic_swma,sim_user,unknown_cuda_workload,gpu:1,swma
45.1,2026-01-01 00:00:45.100000+00:00,,syn-attack-swma-200,swma-periodic-primary,square,0.5,0.79,0.5,0,10.0,34.05685455176611,0.0,0.0,210.0,27.85823741063973,570.5511230674349,100.0,100.0,True,,synthetic_swma,sim_user,unknown_cuda_workload,gpu:1,swma
45.2,2026-01-01 00:00:45.200000+00:00,,syn-attack-swma-200,swma-periodic-primary,square,0.5,0.79,0.5,0,10.0,35.85544983053704,3.3589594530405567,0.0,376.5375671824334,28.839013714552998,358.0145852767,100.0,100.0,True,,synthetic_swma,sim_user,unknown_cuda_workload,gpu:1,swma
45.3,2026-01-01 00:00:45.300000+00:00,,syn-attack-swma-200,swma-periodic-primary,square,0.5,0.79,0.5,0,10.0,35.74775121556915,0.26437567978282295,0.0,210.0,27.87406179650294,623.0508267247308,100.0,100.0,True,,synthetic_swma,sim_user,unknown_cuda_workload,gpu:1,swma
45.4,2026-01-01 00:00:45.400000+00:00,,syn-attack-swma-200,swma-periodic-primary,square,0.5,0.79,0.5,0,10.0,41.66790745728685,2.0683263165170374,6.028122750466838,299.0995789910222,28.25899227701503,721.3986471515102,100.0,100.0,True,,synthetic_swma,sim_user,unknown_cuda_workload,gpu:1,swma
45.5,2026-01-01 00:00:45.500000+00:00,,syn-attack-swma-200,swma-periodic-primary,square,0.5,0.79,0.5,0,10.0,41.92763129576556,2.307484204899363,6.5059580403820565,313.44905229396176,28.61290742109305,993.505719010187,100.0,100.0,True,,synthetic_swma,sim_user,unknown_cuda_workload,gpu:1,swma
45.6,2026-01-01 00:00:45.600000+00:00,,syn-attack-swma-200,swma-periodic-primary,square,0.5,0.79,0.5,0,10.0,44.147065793164906,1.5021852704726308,9.022289622979823,265.1311162283578,28.5873976894896,1045.7518773261434,100.0,100.0,True,,synthetic_swma,sim_user,unknown_cuda_workload,gpu:1,swma
45.7,2026-01-01 00:00:45.700000+00:00,,syn-attack-swma-200,swma-periodic-primary,square,0.5,0.79,0.5,0,10.0,42.66310505611332,0.7750703602173685,6.643762106270639,221.50422161304212,28.339812654665725,1013.2671741394581,100.0,100.0,True,,synthetic_swma,sim_user,unknown_cuda_workload,gpu:1,swma
45.8,2026-01-01 00:00:45.800000+00:00,,syn-attack-swma-200,swma-periodic-primary,square,0.5,0.79,0.5,0,10.0,35.42013627470948,0.20121380973576364,0.0,210.0,28.08447800806833,443.95277907448923,100.0,100.0,True,,synthetic_swma,sim_user,unknown_cuda_workload,gpu:1,swma
45.9,2026-01-01 00:00:45.900000+00:00,,syn-attack-swma-200,swma-periodic-primary,square,0.5,0.79,0.5,0,10.0,34.84137269025695,0.05160442372468532,0.0,210.0,27.94816133501398,309.1489092295624,100.0,100.0,True,,synthetic_swma,sim_user,unknown_cuda_workload,gpu:1,swma
46.0,2026-01-01 00:00:46+00:00,,syn-attack-swma-200,swma-periodic-primary,square,0.5,0.79,0.5,0,10.0,335.29904449508444,96.86210928487316,60.339552766792856,2520.0,54.88169369516375,4771.499207689387,100.0,100.0,True,,synthetic_swma,sim_user,unknown_cuda_workload,gpu:1,swma
46.1,2026-01-01 00:00:46.100000+00:00,,syn-attack-swma-200,swma-periodic-primary,square,0.5,0.79,0.5,0,10.0,333.6629752652,95.88126657032623,57.618663633946085,2520.0,54.4507428190272,4329.310891956629,100.0,100.0,True,,synthetic_swma,sim_user,unknown_cuda_workload,gpu:1,swma
46.2,2026-01-01 00:00:46.200000+00:00,,syn-attack-swma-200,swma-periodic-primary,square,0.5,0.79,0.5,0,10.0,332.151025444975,96.69208231241092,56.04867919845931,2520.0,54.60570171998978,4361.871768812058,100.0,100.0,True,,synthetic_swma,sim_user,unknown_cuda_workload,gpu:1,swma
46.3,2026-01-01 00:00:46.300000+00:00,,syn-attack-swma-200,swma-periodic-primary,square,0.5,0.79,0.5,0,10.0,331.9086626074911,98.55427861487625,56.749736714836786,2520.0,55.23475969127128,4311.921865143405,100.0,100.0,True,,synthetic_swma,sim_user,unknown_cuda_workload,gpu:1,swma
46.4,2026-01-01 00:00:46.400000+00:00,,syn-attack-swma-200,swma-periodic-primary,square,0.5,0.79,0.5,0,10.0,324.3303651008133,98.64629474678291,46.695948911815016,2520.0,55.278289983872966,3878.2220993070655,100.0,100.0,True,,synthetic_swma,sim_user,unknown_cuda_workload,gpu:1,swma
46.5,2026-01-01 00:00:46.500000+00:00,,syn-attack-swma-200,swma-periodic-primary,square,0.5,0.79,0.5,0,10.0,329.1848146073607,98.37171133015546,53.017527374733106,2520.0,55.10833015921075,4168.122880500501,100.0,100.0,True,,synthetic_swma,sim_user,unknown_cuda_workload,gpu:1,swma
46.6,2026-01-01 00:00:46.600000+00:00,,syn-attack-swma-200,swma-periodic-primary,square,0.5,0.79,0.5,0,10.0,325.61303313855495,97.46377948715974,47.755789569344444,2520.0,54.972467162929135,3786.7467499839404,100.0,100.0,True,,synthetic_swma,sim_user,unknown_cuda_workload,gpu:1,swma
46.7,2026-01-01 00:00:46.700000+00:00,,syn-attack-swma-200,swma-periodic-primary,square,0.5,0.79,0.5,0,10.0,327.2151793336112,99.63175736124494,51.084372326833034,2520.0,55.82546139910466,4106.256243382675,100.0,100.0,True,,synthetic_swma,sim_user,unknown_cuda_workload,gpu:1,swma
46.8,2026-01-01 00:00:46.800000+00:00,,syn-attack-swma-200,swma-periodic-primary,square,0.5,0.79,0.5,0,10.0,325.7870062591653,99.72857098851273,49.2333890559024,2520.0,56.04863920090259,3834.873839831669,100.0,100.0,True,,synthetic_swma,sim_user,unknown_cuda_workload,gpu:1,swma
46.9,2026-01-01 00:00:46.900000+00:00,,syn-attack-swma-200,swma-periodic-primary,square,0.5,0.79,0.5,0,10.0,329.5857182913212,99.40592262941024,54.12088183460394,2520.0,56.094504707816014,4400.155731178089,100.0,100.0,True,,synthetic_swma,sim_user,unknown_cuda_workload,gpu:1,swma
47.0,2026-01-01 00:00:47+00:00,,syn-attack-swma-200,swma-periodic-primary,square,0.5,0.79,0.5,0,10.0,41.76486319602442,1.5140377530217375,5.852538358861187,265.84226518130424,28.821943287994905,730.487446297981,100.0,100.0,True,,synthetic_swma,sim_user,unknown_cuda_workload,gpu:1,swma
47.1,2026-01-01 00:00:47.100000+00:00,,syn-attack-swma-200,swma-periodic-primary,square,0.5,0.79,0.5,0,10.0,37.72721163068389,0.5610106074603176,0.0,210.0,28.594450420392064,255.10185529954944,100.0,100.0,True,,synthetic_swma,sim_user,unknown_cuda_workload,gpu:1,swma
47.2,2026-01-01 00:00:47.200000+00:00,,syn-attack-swma-200,swma-periodic-primary,square,0.5,0.79,0.5,0,10.0,37.33403609273192,0.8271317684181242,0.0,224.62790610508745,28.516598765016884,463.68847888272774,100.0,100.0,True,,synthetic_swma,sim_user,unknown_cuda_workload,gpu:1,swma
47.3,2026-01-01 00:00:47.300000+00:00,,syn-attack-swma-200,swma-periodic-primary,square,0.5,0.79,0.5,0,10.0,41.26428204755784,1.09648794451599,4.95544443289425,240.7892766709594,28.401011416035,976.8346691814246,100.0,100.0,True,,synthetic_swma,sim_user,unknown_cuda_workload,gpu:1,swma
47.4,2026-01-01 00:00:47.400000+00:00,,syn-attack-swma-200,swma-periodic-primary,square,0.5,0.79,0.5,0,10.0,36.13607198109229,1.268338037192407,0.0,251.1002822315444,28.512276223245014,335.04802848397145,100.0,100.0,True,,synthetic_swma,sim_user,unknown_cuda_workload,gpu:1,swma
47.5,2026-01-01 00:00:47.500000+00:00,,syn-attack-swma-200,swma-periodic-primary,square,0.5,0.79,0.5,0,10.0,34.162537764893365,1.403281166696047,0.0,259.1968700017628,28.442730515308327,458.2140772299285,100.0,100.0,True,,synthetic_swma,sim_user,unknown_cuda_workload,gpu:1,swma
47.6,2026-01-01 00:00:47.600000+00:00,,syn-attack-swma-200,swma-periodic-primary,square,0.5,0.79,0.5,0,10.0,34.07350831428985,2.418314009057646,0.0,320.0988405434588,28.644909467448446,406.71206458618593,100.0,100.0,True,,synthetic_swma,sim_user,unknown_cuda_workload,gpu:1,swma
47.7,2026-01-01 00:00:47.700000+00:00,,syn-attack-swma-200,swma-periodic-primary,square,0.5,0.79,0.5,0,10.0,37.6252751970839,1.6716924667128006,0.4197977861372406,275.301548002768,28.256324903037676,499.6773039605392,100.0,100.0,True,,synthetic_swma,sim_user,unknown_cuda_workload,gpu:1,swma
47.8,2026-01-01 00:00:47.800000+00:00,,syn-attack-swma-200,swma-periodic-primary,square,0.5,0.79,0.5,0,10.0,38.45100324766058,0.11102956071430858,0.6624039219403064,210.0,27.962667222892044,478.00788915447765,100.0,100.0,True,,synthetic_swma,sim_user,unknown_cuda_workload,gpu:1,swma
47.9,2026-01-01 00:00:47.900000+00:00,,syn-attack-swma-200,swma-periodic-primary,square,0.5,0.79,0.5,0,10.0,37.76750447349871,0.3902897603507438,0.0,210.0,27.92393996760034,506.1768920935139,100.0,100.0,True,,synthetic_swma,sim_user,unknown_cuda_workload,gpu:1,swma
48.0,2026-01-01 00:00:48+00:00,,syn-attack-swma-200,swma-periodic-primary,square,0.5,0.79,0.5,0,10.0,332.3806540973633,98.63375428694557,57.422770320971125,2520.0,55.674746880393705,4451.534964118718,100.0,100.0,True,,synthetic_swma,sim_user,unknown_cuda_workload,gpu:1,swma
48.1,2026-01-01 00:00:48.100000+00:00,,syn-attack-swma-200,swma-periodic-primary,square,0.5,0.79,0.5,0,10.0,333.2230934777548,98.02364081524944,58.21046041872695,2520.0,55.643397888470105,4458.484678959201,100.0,100.0,True,,synthetic_swma,sim_user,unknown_cuda_workload,gpu:1,swma
48.2,2026-01-01 00:00:48.200000+00:00,,syn-attack-swma-200,swma-periodic-primary,square,0.5,0.79,0.5,0,10.0,331.47913185497765,97.71482949245954,55.715332027489644,2520.0,55.714520712945564,4258.941439992423,100.0,100.0,True,,synthetic_swma,sim_user,unknown_cuda_workload,gpu:1,swma
48.3,2026-01-01 00:00:48.300000+00:00,,syn-attack-swma-200,swma-periodic-primary,square,0.5,0.79,0.5,0,10.0,327.0121969886798,97.22145170377547,49.48806108864957,2520.0,55.530402918056424,3913.3404048723287,100.0,100.0,True,,synthetic_swma,sim_user,unknown_cuda_workload,gpu:1,swma
48.4,2026-01-01 00:00:48.400000+00:00,,syn-attack-swma-200,swma-periodic-primary,square,0.5,0.79,0.5,0,10.0,330.7065509029526,97.60902761720061,54.62703306006378,2520.0,55.75973218220251,4184.674659127558,100.0,100.0,True,,synthetic_swma,sim_user,unknown_cuda_workload,gpu:1,swma
48.5,2026-01-01 00:00:48.500000+00:00,,syn-attack-swma-200,swma-periodic-primary,square,0.5,0.79,0.5,0,10.0,329.35601954005784,97.65917666530584,52.85390655266198,2520.0,55.83074984858616,4128.8412935131855,100.0,100.0,True,,synthetic_swma,sim_user,unknown_cuda_workload,gpu:1,swma
48.6,2026-01-01 00:00:48.600000+00:00,,syn-attack-swma-200,swma-periodic-primary,square,0.5,0.79,0.5,0,10.0,327.0987892514339,97.06818007276493,49.51921804193263,2520.0,55.85688195916729,3974.39944755831,100.0,100.0,True,,synthetic_swma,sim_user,unknown_cuda_workload,gpu:1,swma
48.7,2026-01-01 00:00:48.700000+00:00,,syn-attack-swma-200,swma-periodic-primary,square,0.5,0.79,0.5,0,10.0,326.2538098262125,97.4935938822793,48.626556403536966,2520.0,55.742016784058706,3872.384129904337,100.0,100.0,True,,synthetic_swma,sim_user,unknown_cuda_workload,gpu:1,swma
48.8,2026-01-01 00:00:48.800000+00:00,,syn-attack-swma-200,swma-periodic-primary,square,0.5,0.79,0.5,0,10.0,334.87112120255773,98.9809443344095,60.934347654002174,2520.0,56.3215622945266,4814.25121911129,100.0,100.0,True,,synthetic_swma,sim_user,unknown_cuda_workload,gpu:1,swma
48.9,2026-01-01 00:00:48.900000+00:00,,syn-attack-swma-200,swma-periodic-primary,square,0.5,0.79,0.5,0,10.0,333.1328602003941,98.16145396286629,58.1659466134352,2520.0,55.99907588911122,4466.651325601917,100.0,100.0,True,,synthetic_swma,sim_user,unknown_cuda_workload,gpu:1,swma
49.0,2026-01-01 00:00:49+00:00,,syn-attack-swma-200,swma-periodic-primary,square,0.5,0.79,0.5,0,10.0,41.86100183320127,2.2840064732900744,6.404206004577901,312.04038839740446,29.057080671580824,979.4837499808082,100.0,100.0,True,,synthetic_swma,sim_user,unknown_cuda_workload,gpu:1,swma
49.1,2026-01-01 00:00:49.100000+00:00,,syn-attack-swma-200,swma-periodic-primary,square,0.5,0.79,0.5,0,10.0,32.70759545736418,0.0,0.0,210.0,28.276869872449577,574.1385556436261,100.0,100.0,True,,synthetic_swma,sim_user,unknown_cuda_workload,gpu:1,swma
49.2,2026-01-01 00:00:49.200000+00:00,,syn-attack-swma-200,swma-periodic-primary,square,0.5,0.79,0.5,0,10.0,43.75538100045249,0.0,7.673841333936652,210.0,28.30737682141622,820.0431001048164,100.0,100.0,True,,synthetic_swma,sim_user,unknown_cuda_workload,gpu:1,swma
49.3,2026-01-01 00:00:49.300000+00:00,,syn-attack-swma-200,swma-periodic-primary,square,0.5,0.79,0.5,0,10.0,39.99472443861735,0.42030069715756146,2.8907979682597915,210.0,28.259787878334098,622.0430033037669,100.0,100.0,True,,synthetic_swma,sim_user,unknown_cuda_workload,gpu:1,swma
49.4,2026-01-01 00:00:49.400000+00:00,,syn-attack-swma-200,swma-periodic-primary,square,0.5,0.79,0.5,0,10.0,38.96551005298042,0.0,1.2873467373072291,210.0,28.18801652204859,521.5794532362111,100.0,100.0,True,,synthetic_swma,sim_user,unknown_cuda_workload,gpu:1,swma
49.5,2026-01-01 00:00:49.500000+00:00,,syn-attack-swma-200,swma-periodic-primary,square,0.5,0.79,0.5,0,10.0,38.81129194556712,0.294821679563921,1.2438745178496464,210.0,27.987336619991964,709.1916567749054,100.0,100.0,True,,synthetic_swma,sim_user,unknown_cuda_workload,gpu:1,swma
49.6,2026-01-01 00:00:49.600000+00:00,,syn-attack-swma-200,swma-periodic-primary,square,0.5,0.79,0.5,0,10.0,33.86730197574152,0.93889246276476,0.0,231.3335477658856,28.1866998785147,424.2660808818739,100.0,100.0,True,,synthetic_swma,sim_user,unknown_cuda_workload,gpu:1,swma
49.7,2026-01-01 00:00:49.700000+00:00,,syn-attack-swma-200,swma-periodic-primary,square,0.5,0.79,0.5,0,10.0,37.35478705314686,0.28292293749557285,0.0,210.0,28.065513319935206,603.9397240714421,100.0,100.0,True,,synthetic_swma,sim_user,unknown_cuda_workload,gpu:1,swma
49.8,2026-01-01 00:00:49.800000+00:00,,syn-attack-swma-200,swma-periodic-primary,square,0.5,0.79,0.5,0,10.0,37.60916140225847,0.0,0.0,210.0,27.79357273446307,343.8667895007335,100.0,100.0,True,,synthetic_swma,sim_user,unknown_cuda_workload,gpu:1,swma
49.9,2026-01-01 00:00:49.900000+00:00,,syn-attack-swma-200,swma-periodic-primary,square,0.5,0.79,0.5,0,10.0,33.365246874172655,0.46008167559535784,0.0,210.0,28.210971739420458,456.6414787880467,100.0,100.0,True,,synthetic_swma,sim_user,unknown_cuda_workload,gpu:1,swma
50.0,2026-01-01 00:00:50+00:00,,syn-attack-swma-200,swma-periodic-primary,square,0.5,0.79,0.5,0,10.0,329.89279657954665,97.251783900331,53.34554325124422,2520.0,55.38119691576276,4322.468090556274,100.0,100.0,True,,synthetic_swma,sim_user,unknown_cuda_workload,gpu:1,swma
50.1,2026-01-01 00:00:50.100000+00:00,,syn-attack-swma-200,swma-periodic-primary,square,0.5,0.79,0.5,0,10.0,332.73797478662823,98.29214194294666,57.711311117458294,2520.0,55.462761128654854,4626.962064312265,100.0,100.0,True,,synthetic_swma,sim_user,unknown_cuda_workload,gpu:1,swma
50.2,2026-01-01 00:00:50.200000+00:00,,syn-attack-swma-200,swma-periodic-primary,square,0.5,0.79,0.5,0,10.0,327.7074320781555,99.75228878467937,51.80700160244763,2520.0,55.84147181783962,4098.905657625837,100.0,100.0,True,,synthetic_swma,sim_user,unknown_cuda_workload,gpu:1,swma
50.3,2026-01-01 00:00:50.300000+00:00,,syn-attack-swma-200,swma-periodic-primary,square,0.5,0.79,0.5,0,10.0,333.97658483581597,97.70908893696627,59.04211202975272,2520.0,55.050267343108814,4683.12253251778,100.0,100.0,True,,synthetic_swma,sim_user,unknown_cuda_workload,gpu:1,swma
50.4,2026-01-01 00:00:50.400000+00:00,,syn-attack-swma-200,swma-periodic-primary,square,0.5,0.79,0.5,0,10.0,329.1854511018388,98.19975205185769,52.923798430973484,2520.0,55.43111107388613,4123.308345933089,100.0,100.0,True,,synthetic_swma,sim_user,unknown_cuda_workload,gpu:1,swma
50.5,2026-01-01 00:00:50.500000+00:00,,syn-attack-swma-200,swma-periodic-primary,square,0.5,0.79,0.5,0,10.0,331.84208518686347,97.95407460058358,56.33085461280563,2520.0,55.4306746771767,4458.237436916445,100.0,100.0,True,,synthetic_swma,sim_user,unknown_cuda_workload,gpu:1,swma
50.6,2026-01-01 00:00:50.600000+00:00,,syn-attack-swma-200,swma-periodic-primary,square,0.5,0.79,0.5,0,10.0,325.6221362224734,99.0840181986072,48.65905830586514,2520.0,55.591807582716264,3784.535184842721,100.0,100.0,True,,synthetic_swma,sim_user,unknown_cuda_workload,gpu:1,swma
50.7,2026-01-01 00:00:50.700000+00:00,,syn-attack-swma-200,swma-periodic-primary,square,0.5,0.79,0.5,0,10.0,331.56064110355237,97.15161920959386,55.51424537001312,2520.0,55.04721385271462,4270.008363842644,100.0,100.0,True,,synthetic_swma,sim_user,unknown_cuda_workload,gpu:1,swma
50.8,2026-01-01 00:00:50.800000+00:00,,syn-attack-swma-200,swma-periodic-primary,square,0.5,0.79,0.5,0,10.0,330.3669470441462,98.3644459451422,54.58970799535643,2520.0,55.133354488079405,4253.167395868428,100.0,100.0,True,,synthetic_swma,sim_user,unknown_cuda_workload,gpu:1,swma
50.9,2026-01-01 00:00:50.900000+00:00,,syn-attack-swma-200,swma-periodic-primary,square,0.5,0.79,0.5,0,10.0,330.42632550181384,97.85965008688802,54.39124155020686,2520.0,55.03353296457758,4241.677430703457,100.0,100.0,True,,synthetic_swma,sim_user,unknown_cuda_workload,gpu:1,swma
51.0,2026-01-01 00:00:51+00:00,,syn-attack-swma-200,swma-periodic-primary,square,0.5,0.79,0.5,0,10.0,41.77187403222155,1.4392197492567624,5.820736238386612,261.35318495540577,28.245489540335324,904.2467196836349,100.0,100.0,True,,synthetic_swma,sim_user,unknown_cuda_workload,gpu:1,swma
51.1,2026-01-01 00:00:51.100000+00:00,,syn-attack-swma-200,swma-periodic-primary,square,0.5,0.79,0.5,0,10.0,44.4303384957978,2.7065292053310532,10.062375723995808,337.3917523198632,28.771932303463707,987.0734913350607,100.0,100.0,True,,synthetic_swma,sim_user,unknown_cuda_workload,gpu:1,swma
51.2,2026-01-01 00:00:51.200000+00:00,,syn-attack-swma-200,swma-periodic-primary,square,0.5,0.79,0.5,0,10.0,33.02911698820692,2.028012560551547,0.0,296.6807536330928,28.69947278647959,374.28117488682085,100.0,100.0,True,,synthetic_swma,sim_user,unknown_cuda_workload,gpu:1,swma
51.3,2026-01-01 00:00:51.300000+00:00,,syn-attack-swma-200,swma-periodic-primary,square,0.5,0.79,0.5,0,10.0,39.95736159304092,0.0,2.6098154573878936,210.0,27.973916547239604,775.72960613229,100.0,100.0,True,,synthetic_swma,sim_user,unknown_cuda_workload,gpu:1,swma
51.4,2026-01-01 00:00:51.400000+00:00,,syn-attack-swma-200,swma-periodic-primary,square,0.5,0.79,0.5,0,10.0,33.286288705671964,1.2051507775366739,0.0,247.30904665220044,28.12986401246134,492.1573463359658,100.0,100.0,True,,synthetic_swma,sim_user,unknown_cuda_workload,gpu:1,swma
51.5,2026-01-01 00:00:51.500000+00:00,,syn-attack-swma-200,swma-periodic-primary,square,0.5,0.79,0.5,0,10.0,35.214111043129016,0.6950317931435197,0.0,216.7019075886112,28.099190616140074,368.44923332217,100.0,100.0,True,,synthetic_swma,sim_user,unknown_cuda_workload,gpu:1,swma
51.6,2026-01-01 00:00:51.600000+00:00,,syn-attack-swma-200,swma-periodic-primary,square,0.5,0.79,0.5,0,10.0,36.59184656637031,0.0,0.0,210.0,27.883018345529052,301.37455962682577,100.0,100.0,True,,synthetic_swma,sim_user,unknown_cuda_workload,gpu:1,swma
51.7,2026-01-01 00:00:51.700000+00:00,,syn-attack-swma-200,swma-periodic-primary,square,0.5,0.79,0.5,0,10.0,29.367638856713178,0.8296183846046811,0.0,224.77710307628087,28.35544026272193,211.4165562468422,100.0,100.0,True,,synthetic_swma,sim_user,unknown_cuda_workload,gpu:1,swma
51.8,2026-01-01 00:00:51.800000+00:00,,syn-attack-swma-200,swma-periodic-primary,square,0.5,0.79,0.5,0,10.0,43.325815973542845,0.4456729155779776,7.346208068291677,210.0,28.153183911592595,1061.630262430152,100.0,100.0,True,,synthetic_swma,sim_user,unknown_cuda_workload,gpu:1,swma
51.9,2026-01-01 00:00:51.900000+00:00,,syn-attack-swma-200,swma-periodic-primary,square,0.5,0.79,0.5,0,10.0,38.1768432369248,1.2772903940108296,0.9383006992723617,251.63742364064976,28.278322051251568,433.3457706891399,100.0,100.0,True,,synthetic_swma,sim_user,unknown_cuda_workload,gpu:1,swma
52.0,2026-01-01 00:00:52+00:00,,syn-attack-swma-200,swma-periodic-primary,square,0.5,0.79,0.5,0,10.0,330.28815125553643,98.21878424982128,54.40453301145032,2520.0,55.52835045507995,4621.449387324668,100.0,100.0,True,,synthetic_swma,sim_user,unknown_cuda_workload,gpu:1,swma
52.1,2026-01-01 00:00:52.100000+00:00,,syn-attack-swma-200,swma-periodic-primary,square,0.5,0.79,0.5,0,10.0,331.69050561167023,97.67709104414278,55.976407556505485,2520.0,55.49374867673306,4410.284194656507,100.0,100.0,True,,synthetic_swma,sim_user,unknown_cuda_workload,gpu:1,swma
52.2,2026-01-01 00:00:52.200000+00:00,,syn-attack-swma-200,swma-periodic-primary,square,0.5,0.79,0.5,0,10.0,333.05789434585404,97.44681934905881,57.67294310312107,2520.0,55.62867881659241,4543.021192080818,100.0,100.0,True,,synthetic_swma,sim_user,unknown_cuda_workload,gpu:1,swma
52.3,2026-01-01 00:00:52.300000+00:00,,syn-attack-swma-200,swma-periodic-primary,square,0.5,0.79,0.5,0,10.0,333.507553453234,98.67723421087302,58.94921675362548,2520.0,56.15899564494176,4600.414752897844,100.0,100.0,True,,synthetic_swma,sim_user,unknown_cuda_workload,gpu:1,swma
52.4,2026-01-01 00:00:52.400000+00:00,,syn-attack-swma-200,swma-periodic-primary,square,0.5,0.79,0.5,0,10.0,330.89927004213365,98.63798858175495,55.44992044281008,2520.0,56.02391519523051,4313.002840754845,100.0,100.0,True,,synthetic_swma,sim_user,unknown_cuda_workload,gpu:1,swma
52.5,2026-01-01 00:00:52.500000+00:00,,syn-attack-swma-200,swma-periodic-primary,square,0.5,0.79,0.5,0,10.0,331.6198858391851,98.84114291446888,56.522476388537996,2520.0,56.16789015783888,4343.525496589371,100.0,100.0,True,,synthetic_swma,sim_user,unknown_cuda_workload,gpu:1,swma
52.6,2026-01-01 00:00:52.600000+00:00,,syn-attack-swma-200,swma-periodic-primary,square,0.5,0.79,0.5,0,10.0,328.611148966597,98.12161179990963,52.1150851120796,2520.0,56.08022741939447,4076.4530941695025,100.0,100.0,True,,synthetic_swma,sim_user,unknown_cuda_workload,gpu:1,swma
52.7,2026-01-01 00:00:52.700000+00:00,,syn-attack-swma-200,swma-periodic-primary,square,0.5,0.79,0.5,0,10.0,326.5150320519885,98.72480908073216,49.652021063720674,2520.0,56.326421583282674,3821.7197860713527,100.0,100.0,True,,synthetic_swma,sim_user,unknown_cuda_workload,gpu:1,swma
52.8,2026-01-01 00:00:52.800000+00:00,,syn-attack-swma-200,swma-periodic-primary,square,0.5,0.79,0.5,0,10.0,324.40919164511484,98.41870863449402,46.67587860912482,2520.0,56.20833406078561,3553.547246707115,100.0,100.0,True,,synthetic_swma,sim_user,unknown_cuda_workload,gpu:1,swma
52.9,2026-01-01 00:00:52.900000+00:00,,syn-attack-swma-200,swma-periodic-primary,square,0.5,0.79,0.5,0,10.0,330.28499209443686,97.74836989941714,54.14159290392859,2520.0,55.78778384120245,4128.4408722979315,100.0,100.0,True,,synthetic_swma,sim_user,unknown_cuda_workload,gpu:1,swma
53.0,2026-01-01 00:00:53+00:00,,syn-attack-swma-200,swma-periodic-primary,square,0.5,0.79,0.5,0,10.0,38.13479424115794,0.39692315539018996,0.39803339034185703,210.0,28.43138378304438,378.68699852344696,100.0,100.0,True,,synthetic_swma,sim_user,unknown_cuda_workload,gpu:1,swma
53.1,2026-01-01 00:00:53.100000+00:00,,syn-attack-swma-200,swma-periodic-primary,square,0.5,0.79,0.5,0,10.0,38.958255620474795,1.2046378885456168,1.9402249993331444,247.278273312737,28.505316716685872,503.702105865881,100.0,100.0,True,,synthetic_swma,sim_user,unknown_cuda_workload,gpu:1,swma
53.2,2026-01-01 00:00:53.200000+00:00,,syn-attack-swma-200,swma-periodic-primary,square,0.5,0.79,0.5,0,10.0,37.526040925648,1.1618676831003378,0.007081793235846012,244.71206098602028,28.529689934860443,551.0482586403754,100.0,100.0,True,,synthetic_swma,sim_user,unknown_cuda_workload,gpu:1,swma
53.3,2026-01-01 00:00:53.300000+00:00,,syn-attack-swma-200,swma-periodic-primary,square,0.5,0.79,0.5,0,10.0,42.70391105590411,0.9334821799325257,6.785296606835036,231.00893079595153,28.522503813169667,945.0079212803589,100.0,100.0,True,,synthetic_swma,sim_user,unknown_cuda_workload,gpu:1,swma
53.4,2026-01-01 00:00:53.400000+00:00,,syn-attack-swma-200,swma-periodic-primary,square,0.5,0.79,0.5,0,10.0,36.658590863999564,0.3890648873439444,0.0,210.0,28.287652591170303,600.9641856143793,100.0,100.0,True,,synthetic_swma,sim_user,unknown_cuda_workload,gpu:1,swma
53.5,2026-01-01 00:00:53.500000+00:00,,syn-attack-swma-200,swma-periodic-primary,square,0.5,0.79,0.5,0,10.0,33.75764993745622,1.3613841397124422,0.0,256.68304838274656,28.401403079749944,443.08869595128846,100.0,100.0,True,,synthetic_swma,sim_user,unknown_cuda_workload,gpu:1,swma
53.6,2026-01-01 00:00:53.600000+00:00,,syn-attack-swma-200,swma-periodic-primary,square,0.5,0.79,0.5,0,10.0,34.96351479962468,0.7096990566460697,0.0,217.58194339876417,28.168442875956742,440.6881572948686,100.0,100.0,True,,synthetic_swma,sim_user,unknown_cuda_workload,gpu:1,swma
53.7,2026-01-01 00:00:53.700000+00:00,,syn-attack-swma-200,swma-periodic-primary,square,0.5,0.79,0.5,0,10.0,34.77521382910797,2.2836090028807425,0.0,312.01654017284454,28.400403512371053,466.1509876959606,100.0,100.0,True,,synthetic_swma,sim_user,unknown_cuda_workload,gpu:1,swma
53.8,2026-01-01 00:00:53.800000+00:00,,syn-attack-swma-200,swma-periodic-primary,square,0.5,0.79,0.5,0,10.0,40.39963083503936,1.7469832249651223,4.160348553783293,279.81899349790734,28.274584430319507,753.952663519009,100.0,100.0,True,,synthetic_swma,sim_user,unknown_cuda_workload,gpu:1,swma
53.9,2026-01-01 00:00:53.900000+00:00,,syn-attack-swma-200,swma-periodic-primary,square,0.5,0.79,0.5,0,10.0,44.01795551005492,2.5315946859613896,9.416317757351983,326.8956811576834,28.454317838836896,1043.0273437005678,100.0,100.0,True,,synthetic_swma,sim_user,unknown_cuda_workload,gpu:1,swma
54.0,2026-01-01 00:00:54+00:00,,syn-attack-swma-200,swma-periodic-primary,square,0.5,0.79,0.5,0,10.0,329.62972033400604,97.4310279711321,53.0933591627974,2520.0,55.206814771379356,4059.8108068779125,100.0,100.0,True,,synthetic_swma,sim_user,unknown_cuda_workload,gpu:1,swma
54.1,2026-01-01 00:00:54.100000+00:00,,syn-attack-swma-200,swma-periodic-primary,square,0.5,0.79,0.5,0,10.0,331.40024880972203,98.95422514747169,56.29182224407213,2520.0,55.502629884991684,4526.753120190939,100.0,100.0,True,,synthetic_swma,sim_user,unknown_cuda_workload,gpu:1,swma
54.2,2026-01-01 00:00:54.200000+00:00,,syn-attack-swma-200,swma-periodic-primary,square,0.5,0.79,0.5,0,10.0,332.16024628541504,98.46585675272414,57.036549594551666,2520.0,55.239565703043986,4591.223193339844,100.0,100.0,True,,synthetic_swma,sim_user,unknown_cuda_workload,gpu:1,swma
54.3,2026-01-01 00:00:54.300000+00:00,,syn-attack-swma-200,swma-periodic-primary,square,0.5,0.79,0.5,0,10.0,329.62656584184913,98.01359637028162,53.409565792787106,2520.0,55.24485420768617,4272.086881419193,100.0,100.0,True,,synthetic_swma,sim_user,unknown_cuda_workload,gpu:1,swma
54.4,2026-01-01 00:00:54.400000+00:00,,syn-attack-swma-200,swma-periodic-primary,square,0.5,0.79,0.5,0,10.0,329.4231872666009,97.98798254377458,53.12430675454392,2520.0,55.25421992336381,4117.934497373826,100.0,100.0,True,,synthetic_swma,sim_user,unknown_cuda_workload,gpu:1,swma
54.5,2026-01-01 00:00:54.500000+00:00,,syn-attack-swma-200,swma-periodic-primary,square,0.5,0.79,0.5,0,10.0,329.3788300679663,97.19209598388846,52.62742621509371,2520.0,54.9765742654038,4150.8711993614,100.0,100.0,True,,synthetic_swma,sim_user,unknown_cuda_workload,gpu:1,swma
54.6,2026-01-01 00:00:54.600000+00:00,,syn-attack-swma-200,swma-periodic-primary,square,0.5,0.79,0.5,0,10.0,326.2899809000513,98.01095979534614,48.95933575417545,2520.0,55.46204172553778,3769.197383488838,100.0,100.0,True,,synthetic_swma,sim_user,unknown_cuda_workload,gpu:1,swma
54.7,2026-01-01 00:00:54.700000+00:00,,syn-attack-swma-200,swma-periodic-primary,square,0.5,0.79,0.5,0,10.0,329.27094426563184,98.27147392801861,53.077236347919374,2520.0,55.61665413290973,4231.381958123697,100.0,100.0,True,,synthetic_swma,sim_user,unknown_cuda_workload,gpu:1,swma
54.8,2026-01-01 00:00:54.800000+00:00,,syn-attack-swma-200,swma-periodic-primary,square,0.5,0.79,0.5,0,10.0,332.978001727828,97.74183728586017,57.72867947766041,2520.0,55.343184232107404,4467.781672274999,100.0,100.0,True,,synthetic_swma,sim_user,unknown_cuda_workload,gpu:1,swma
54.9,2026-01-01 00:00:54.900000+00:00,,syn-attack-swma-200,swma-periodic-primary,square,0.5,0.79,0.5,0,10.0,334.3290709841689,97.42780903373195,59.357389614111064,2520.0,55.0192412717,4553.655145720371,100.0,100.0,True,,synthetic_swma,sim_user,unknown_cuda_workload,gpu:1,swma
55.0,2026-01-01 00:00:55+00:00,,syn-attack-swma-200,swma-periodic-primary,square,0.5,0.79,0.5,0,10.0,39.080046376561214,2.073686260696831,2.5805892787982048,299.4211756418099,28.03031079055277,731.0221918184021,100.0,100.0,True,,synthetic_swma,sim_user,unknown_cuda_workload,gpu:1,swma
55.1,2026-01-01 00:00:55.100000+00:00,,syn-attack-swma-200,swma-periodic-primary,square,0.5,0.79,0.5,0,10.0,36.29083777044421,1.4867491174775807,0.0,264.20494704865484,27.876196270906714,431.0205585030209,100.0,100.0,True,,synthetic_swma,sim_user,unknown_cuda_workload,gpu:1,swma
55.2,2026-01-01 00:00:55.200000+00:00,,syn-attack-swma-200,swma-periodic-primary,square,0.5,0.79,0.5,0,10.0,40.303760058893126,1.3697374958301978,3.825035701230778,257.18424974981184,27.813067026532327,614.9933640302636,100.0,100.0,True,,synthetic_swma,sim_user,unknown_cuda_workload,gpu:1,swma
55.3,2026-01-01 00:00:55.300000+00:00,,syn-attack-swma-200,swma-periodic-primary,square,0.5,0.79,0.5,0,10.0,30.583564700784834,1.15900756153777,0.0,244.5404536922662,27.376998564115507,592.483073866025,100.0,100.0,True,,synthetic_swma,sim_user,unknown_cuda_workload,gpu:1,swma
55.4,2026-01-01 00:00:55.400000+00:00,,syn-attack-swma-200,swma-periodic-primary,square,0.5,0.79,0.5,0,10.0,36.52447573369846,1.731121697927899,0.0,278.86730187567395,27.340441873485542,473.1175740494919,100.0,100.0,True,,synthetic_swma,sim_user,unknown_cuda_workload,gpu:1,swma
55.5,2026-01-01 00:00:55.500000+00:00,,syn-attack-swma-200,swma-periodic-primary,square,0.5,0.79,0.5,0,10.0,41.11265921689743,0.6213033248940781,4.491929117888309,212.27819949364468,27.435750613248,888.6725794204526,100.0,100.0,True,,synthetic_swma,sim_user,unknown_cuda_workload,gpu:1,swma
55.6,2026-01-01 00:00:55.600000+00:00,,syn-attack-swma-200,swma-periodic-primary,square,0.5,0.79,0.5,0,10.0,42.60234371523235,1.2458088473369222,6.8216531530117805,249.74853084021532,27.706841555666248,896.6542073508582,100.0,100.0,True,,synthetic_swma,sim_user,unknown_cuda_workload,gpu:1,swma
55.7,2026-01-01 00:00:55.700000+00:00,,syn-attack-swma-200,swma-periodic-primary,square,0.5,0.79,0.5,0,10.0,37.904311746995525,0.08874607200377416,0.0,210.0,27.53133379596108,359.42340282686814,100.0,100.0,True,,synthetic_swma,sim_user,unknown_cuda_workload,gpu:1,swma
55.8,2026-01-01 00:00:55.800000+00:00,,syn-attack-swma-200,swma-periodic-primary,square,0.5,0.79,0.5,0,10.0,34.12055208622685,1.9954778617974074,0.0,294.72867170784446,28.226646760174237,488.7969078414596,100.0,100.0,True,,synthetic_swma,sim_user,unknown_cuda_workload,gpu:1,swma
55.9,2026-01-01 00:00:55.900000+00:00,,syn-attack-swma-200,swma-periodic-primary,square,0.5,0.79,0.5,0,10.0,38.6667044097505,1.3817620016966352,1.6489083139338172,257.9057201017981,28.467322260568938,608.2821525226548,100.0,100.0,True,,synthetic_swma,sim_user,unknown_cuda_workload,gpu:1,swma
56.0,2026-01-01 00:00:56+00:00,,syn-attack-swma-200,swma-periodic-primary,square,0.5,0.79,0.5,0,10.0,326.04085129686166,97.6105788744596,48.406953443435,2520.0,55.372568167600775,3878.1710897536905,100.0,100.0,True,,synthetic_swma,sim_user,unknown_cuda_workload,gpu:1,swma
56.1,2026-01-01 00:00:56.100000+00:00,,syn-attack-swma-200,swma-periodic-primary,square,0.5,0.79,0.5,0,10.0,325.2727845991564,98.1452889663641,47.676955063708775,2520.0,55.61852211839038,3711.225418727642,100.0,100.0,True,,synthetic_swma,sim_user,unknown_cuda_workload,gpu:1,swma
56.2,2026-01-01 00:00:56.200000+00:00,,syn-attack-swma-200,swma-periodic-primary,square,0.5,0.79,0.5,0,10.0,333.75593110592115,98.82950936475743,59.364138291844796,2520.0,55.98246888269884,4727.970893829264,100.0,100.0,True,,synthetic_swma,sim_user,unknown_cuda_workload,gpu:1,swma
56.3,2026-01-01 00:00:56.300000+00:00,,syn-attack-swma-200,swma-periodic-primary,square,0.5,0.79,0.5,0,10.0,332.25850578182707,97.24308176307042,56.49503601212486,2520.0,55.92628323304178,4382.299554771255,100.0,100.0,True,,synthetic_swma,sim_user,unknown_cuda_workload,gpu:1,swma
56.4,2026-01-01 00:00:56.400000+00:00,,syn-attack-swma-200,swma-periodic-primary,square,0.5,0.79,0.5,0,10.0,329.9093213790654,98.75481439404626,54.194243088812584,2520.0,56.2434353516591,4350.289446284755,100.0,100.0,True,,synthetic_swma,sim_user,unknown_cuda_workload,gpu:1,swma
56.5,2026-01-01 00:00:56.500000+00:00,,syn-attack-swma-200,swma-periodic-primary,square,0.5,0.79,0.5,0,10.0,331.1875770125647,97.00160005903402,54.934316049221636,2520.0,55.63769407006783,4167.474324963131,100.0,100.0,True,,synthetic_swma,sim_user,unknown_cuda_workload,gpu:1,swma
56.6,2026-01-01 00:00:56.600000+00:00,,syn-attack-swma-200,swma-periodic-primary,square,0.5,0.79,0.5,0,10.0,325.8504775513647,99.09223942593177,48.968035086082075,2520.0,56.24420916109573,3834.207372233239,100.0,100.0,True,,synthetic_swma,sim_user,unknown_cuda_workload,gpu:1,swma
56.7,2026-01-01 00:00:56.700000+00:00,,syn-attack-swma-200,swma-periodic-primary,square,0.5,0.79,0.5,0,10.0,328.197955948962,97.88728872561518,51.43528339770432,2520.0,56.05851331541388,4134.419986868415,100.0,100.0,True,,synthetic_swma,sim_user,unknown_cuda_workload,gpu:1,swma
56.8,2026-01-01 00:00:56.800000+00:00,,syn-attack-swma-200,swma-periodic-primary,square,0.5,0.79,0.5,0,10.0,332.9355420129783,98.98769077738751,58.357285944867584,2520.0,56.49764877710196,4491.531419520509,100.0,100.0,True,,synthetic_swma,sim_user,unknown_cuda_workload,gpu:1,swma
56.9,2026-01-01 00:00:56.900000+00:00,,syn-attack-swma-200,swma-periodic-primary,square,0.5,0.79,0.5,0,10.0,326.51502171220295,99.37458137701599,50.00938204029609,2520.0,56.727077188437136,4198.787134990607,100.0,100.0,True,,synthetic_swma,sim_user,unknown_cuda_workload,gpu:1,swma
57.0,2026-01-01 00:00:57+00:00,,syn-attack-swma-200,swma-periodic-primary,square,0.5,0.79,0.5,0,10.0,38.74885525316941,1.106163079076691,1.6068633643847294,241.36978474460147,29.042047280076805,607.5511674966247,100.0,100.0,True,,synthetic_swma,sim_user,unknown_cuda_workload,gpu:1,swma
57.1,2026-01-01 00:00:57.100000+00:00,,syn-attack-swma-200,swma-periodic-primary,square,0.5,0.79,0.5,0,10.0,32.5009283039009,2.488698523769897,0.0,324.3219114261938,29.33692882913514,480.28300556585634,100.0,100.0,True,,synthetic_swma,sim_user,unknown_cuda_workload,gpu:1,swma
57.2,2026-01-01 00:00:57.200000+00:00,,syn-attack-swma-200,swma-periodic-primary,square,0.5,0.79,0.5,0,10.0,40.16116647309575,0.8262793294515017,3.3360089286593255,224.5767597670901,28.939572950295258,619.4807718648988,100.0,100.0,True,,synthetic_swma,sim_user,unknown_cuda_workload,gpu:1,swma
57.3,2026-01-01 00:00:57.300000+00:00,,syn-attack-swma-200,swma-periodic-primary,square,0.5,0.79,0.5,0,10.0,39.90942271211729,2.4176926807722867,3.8756279239144797,320.0615608463372,29.265499342102665,673.0556357197208,100.0,100.0,True,,synthetic_swma,sim_user,unknown_cuda_workload,gpu:1,swma
57.4,2026-01-01 00:00:57.400000+00:00,,syn-attack-swma-200,swma-periodic-primary,square,0.5,0.79,0.5,0,10.0,40.10798694883994,1.1604770451459558,3.44891163995019,244.62862270875735,28.905878711510617,725.7648134425998,100.0,100.0,True,,synthetic_swma,sim_user,unknown_cuda_workload,gpu:1,swma
57.5,2026-01-01 00:00:57.500000+00:00,,syn-attack-swma-200,swma-periodic-primary,square,0.5,0.79,0.5,0,10.0,43.75312915581324,2.820226104380868,9.221963231827136,344.21356626285205,29.289619260603644,1286.2302706310704,100.0,100.0,True,,synthetic_swma,sim_user,unknown_cuda_workload,gpu:1,swma
57.6,2026-01-01 00:00:57.600000+00:00,,syn-attack-swma-200,swma-periodic-primary,square,0.5,0.79,0.5,0,10.0,39.025556192364604,0.9728077292412349,1.9024525075688157,233.3684637544741,28.507098891174657,795.3163242626304,100.0,100.0,True,,synthetic_swma,sim_user,unknown_cuda_workload,gpu:1,swma
57.7,2026-01-01 00:00:57.700000+00:00,,syn-attack-swma-200,swma-periodic-primary,square,0.5,0.79,0.5,0,10.0,42.55921398815348,1.587658844271603,6.952164348554021,270.2595306562962,28.272301739500623,965.1274700710745,100.0,100.0,True,,synthetic_swma,sim_user,unknown_cuda_workload,gpu:1,swma
57.8,2026-01-01 00:00:57.800000+00:00,,syn-attack-swma-200,swma-periodic-primary,square,0.5,0.79,0.5,0,10.0,38.657085066174524,0.2659534860491022,1.0223878388930339,210.0,27.7995781727287,439.40394156083846,100.0,100.0,True,,synthetic_swma,sim_user,unknown_cuda_workload,gpu:1,swma
57.9,2026-01-01 00:00:57.900000+00:00,,syn-attack-swma-200,swma-periodic-primary,square,0.5,0.79,0.5,0,10.0,41.65510363104623,0.0,4.873471508061645,210.0,27.66495881947993,674.8339516394847,100.0,100.0,True,,synthetic_swma,sim_user,unknown_cuda_workload,gpu:1,swma
58.0,2026-01-01 00:00:58+00:00,,syn-attack-swma-200,swma-periodic-primary,square,0.5,0.79,0.5,0,10.0,334.676174146282,98.17042681498145,60.22863360994911,2520.0,54.99999281664065,4660.159081714883,100.0,100.0,True,,synthetic_swma,sim_user,unknown_cuda_workload,gpu:1,swma
58.1,2026-01-01 00:00:58.100000+00:00,,syn-attack-swma-200,swma-periodic-primary,square,0.5,0.79,0.5,0,10.0,329.6166711546638,97.77649487800635,53.26596705578851,2520.0,54.71994911017525,4235.9994771668935,100.0,100.0,True,,synthetic_swma,sim_user,unknown_cuda_workload,gpu:1,swma
58.2,2026-01-01 00:00:58.200000+00:00,,syn-attack-swma-200,swma-periodic-primary,square,0.5,0.79,0.5,0,10.0,329.1188747699533,98.43013207878734,52.96173900327082,2520.0,54.68625748699792,4103.748382017457,100.0,100.0,True,,synthetic_swma,sim_user,unknown_cuda_workload,gpu:1,swma
58.3,2026-01-01 00:00:58.300000+00:00,,syn-attack-swma-200,swma-periodic-primary,square,0.5,0.79,0.5,0,10.0,329.76487301648405,98.30063940378471,53.75184902739365,2520.0,54.83145306077636,4281.24874512474,100.0,100.0,True,,synthetic_swma,sim_user,unknown_cuda_workload,gpu:1,swma
58.4,2026-01-01 00:00:58.400000+00:00,,syn-attack-swma-200,swma-periodic-primary,square,0.5,0.79,0.5,0,10.0,337.04070303762717,95.9576330026807,62.16430220164393,2520.0,54.315361715279174,4837.148900665868,100.0,100.0,True,,synthetic_swma,sim_user,unknown_cuda_workload,gpu:1,swma
58.5,2026-01-01 00:00:58.500000+00:00,,syn-attack-swma-200,swma-periodic-primary,square,0.5,0.79,0.5,0,10.0,330.90796050273843,100.0,56.210614003651216,2520.0,55.53814051008611,4231.776835972588,100.0,100.0,True,,synthetic_swma,sim_user,unknown_cuda_workload,gpu:1,swma
58.6,2026-01-01 00:00:58.600000+00:00,,syn-attack-swma-200,swma-periodic-primary,square,0.5,0.79,0.5,0,10.0,331.59395009322185,97.57679810198137,55.79250574705218,2520.0,55.34986669757427,4299.26347057431,100.0,100.0,True,,synthetic_swma,sim_user,unknown_cuda_workload,gpu:1,swma
58.7,2026-01-01 00:00:58.700000+00:00,,syn-attack-swma-200,swma-periodic-primary,square,0.5,0.79,0.5,0,10.0,332.59429325817035,98.69155118779318,57.73941083084672,2520.0,55.82301283363096,4491.84028164489,100.0,100.0,True,,synthetic_swma,sim_user,unknown_cuda_workload,gpu:1,swma
58.8,2026-01-01 00:00:58.800000+00:00,,syn-attack-swma-200,swma-periodic-primary,square,0.5,0.79,0.5,0,10.0,324.748887456366,97.67241487562701,46.718344790082845,2520.0,55.508381618739016,3728.6311607580274,100.0,100.0,True,,synthetic_swma,sim_user,unknown_cuda_workload,gpu:1,swma
58.9,2026-01-01 00:00:58.900000+00:00,,syn-attack-swma-200,swma-periodic-primary,square,0.5,0.79,0.5,0,10.0,330.7650590992747,97.93514210178114,54.8844069550126,2520.0,55.67387449635258,4407.0035905839195,100.0,100.0,True,,synthetic_swma,sim_user,unknown_cuda_workload,gpu:1,swma
59.0,2026-01-01 00:00:59+00:00,,syn-attack-swma-200,swma-periodic-primary,square,0.5,0.79,0.5,0,10.0,34.72973434961646,1.985545076252742,0.0,294.13270457516455,28.894629581252875,441.81321907530696,100.0,100.0,True,,synthetic_swma,sim_user,unknown_cuda_workload,gpu:1,swma
59.1,2026-01-01 00:00:59.100000+00:00,,syn-attack-swma-200,swma-periodic-primary,square,0.5,0.79,0.5,0,10.0,39.100861537388674,0.0,1.4678153831848952,210.0,28.35568293230101,371.769699976726,100.0,100.0,True,,synthetic_swma,sim_user,unknown_cuda_workload,gpu:1,swma
59.2,2026-01-01 00:00:59.200000+00:00,,syn-attack-swma-200,swma-periodic-primary,square,0.5,0.79,0.5,0,10.0,36.2614868912451,1.5292915330314307,0.0,266.75749198188583,28.51357950660905,483.9902165942551,100.0,100.0,True,,synthetic_swma,sim_user,unknown_cuda_workload,gpu:1,swma
59.3,2026-01-01 00:00:59.300000+00:00,,syn-attack-swma-200,swma-periodic-primary,square,0.5,0.79,0.5,0,10.0,38.60241580024551,0.8586167167206027,1.275460261190341,226.51700300323617,28.379032746242416,471.62289671979465,100.0,100.0,True,,synthetic_swma,sim_user,unknown_cuda_workload,gpu:1,swma
59.4,2026-01-01 00:00:59.400000+00:00,,syn-attack-swma-200,swma-periodic-primary,square,0.5,0.79,0.5,0,10.0,32.3609753385966,0.0,0.0,210.0,28.145980145257717,669.9657892581965,100.0,100.0,True,,synthetic_swma,sim_user,unknown_cuda_workload,gpu:1,swma
59.5,2026-01-01 00:00:59.500000+00:00,,syn-attack-swma-200,swma-periodic-primary,square,0.5,0.79,0.5,0,10.0,33.95865047409587,0.0,0.0,210.0,27.925342931409343,284.85668114195835,100.0,100.0,True,,synthetic_swma,sim_user,unknown_cuda_workload,gpu:1,swma
59.6,2026-01-01 00:00:59.600000+00:00,,syn-attack-swma-200,swma-periodic-primary,square,0.5,0.79,0.5,0,10.0,34.56311873499344,2.323598105772959,0.0,314.41588634637753,28.535645031608354,460.8860119509343,100.0,100.0,True,,synthetic_swma,sim_user,unknown_cuda_workload,gpu:1,swma
59.7,2026-01-01 00:00:59.700000+00:00,,syn-attack-swma-200,swma-periodic-primary,square,0.5,0.79,0.5,0,10.0,39.56958446192526,2.0096874740911823,3.198107393317159,295.581248445471,28.443767577816036,740.8578815203653,100.0,100.0,True,,synthetic_swma,sim_user,unknown_cuda_workload,gpu:1,swma
59.8,2026-01-01 00:00:59.800000+00:00,,syn-attack-swma-200,swma-periodic-primary,square,0.5,0.79,0.5,0,10.0,36.79040251631615,0.8901839079302264,0.0,228.41103447581358,28.427940170683517,239.7367735455285,100.0,100.0,True,,synthetic_swma,sim_user,unknown_cuda_workload,gpu:1,swma
59.9,2026-01-01 00:00:59.900000+00:00,,syn-attack-swma-200,swma-periodic-primary,square,0.5,0.79,0.5,0,10.0,36.78102673661351,2.403728420254215,0.0,319.2237052152529,28.719701078773756,623.1036629304973,100.0,100.0,True,,synthetic_swma,sim_user,unknown_cuda_workload,gpu:1,swma
60.0,2026-01-01 00:01:00+00:00,,syn-attack-swma-200,swma-periodic-primary,square,0.5,0.79,0.5,0,10.0,330.7899495980294,98.42412744448967,55.1865362251752,2520.0,55.64655661278572,4345.9431871546385,100.0,100.0,True,,synthetic_swma,sim_user,unknown_cuda_workload,gpu:1,swma
60.1,2026-01-01 00:01:00.100000+00:00,,syn-attack-swma-200,swma-periodic-primary,square,0.5,0.79,0.5,0,10.0,328.587557515239,97.68459024444402,51.843267988096216,2520.0,55.8259988483187,4184.936694230343,100.0,100.0,True,,synthetic_swma,sim_user,unknown_cuda_workload,gpu:1,swma
60.2,2026-01-01 00:01:00.200000+00:00,,syn-attack-swma-200,swma-periodic-primary,square,0.5,0.79,0.5,0,10.0,334.2033711670597,97.67195176895237,59.324068362336725,2520.0,55.84876905052019,4515.988326144315,100.0,100.0,True,,synthetic_swma,sim_user,unknown_cuda_workload,gpu:1,swma
60.3,2026-01-01 00:01:00.300000+00:00,,syn-attack-swma-200,swma-periodic-primary,square,0.5,0.79,0.5,0,10.0,328.84448507790086,97.04066796809559,51.83168081965375,2520.0,55.6147593043996,4018.5061869569754,100.0,100.0,True,,synthetic_swma,sim_user,unknown_cuda_workload,gpu:1,swma
60.4,2026-01-01 00:01:00.400000+00:00,,syn-attack-swma-200,swma-periodic-primary,square,0.5,0.79,0.5,0,10.0,332.04573426749823,98.0721683970558,56.66733830837833,2520.0,55.68221255131217,4530.795187999748,100.0,100.0,True,,synthetic_swma,sim_user,unknown_cuda_workload,gpu:1,swma
60.5,2026-01-01 00:01:00.500000+00:00,,syn-attack-swma-200,swma-periodic-primary,square,0.5,0.79,0.5,0,10.0,331.63077273348466,96.88439374819056,55.460780206151064,2520.0,55.24363835730584,4216.484414381841,100.0,100.0,True,,synthetic_swma,sim_user,unknown_cuda_workload,gpu:1,swma
60.6,2026-01-01 00:01:00.600000+00:00,,syn-attack-swma-200,swma-periodic-primary,square,0.5,0.79,0.5,0,10.0,330.63597361983693,98.00078518922639,54.7483966805238,2520.0,55.694837932055655,4262.55199760046,100.0,100.0,True,,synthetic_swma,sim_user,unknown_cuda_workload,gpu:1,swma
60.7,2026-01-01 00:01:00.700000+00:00,,syn-attack-swma-200,swma-periodic-primary,square,0.5,0.79,0.5,0,10.0,323.0605341629881,97.51657365119475,44.381494392141306,2520.0,55.615164199619116,3366.335760311561,100.0,100.0,True,,synthetic_swma,sim_user,unknown_cuda_workload,gpu:1,swma
60.8,2026-01-01 00:01:00.800000+00:00,,syn-attack-swma-200,swma-periodic-primary,square,0.5,0.79,0.5,0,10.0,334.0400050230621,98.10443106412438,59.34411044935128,2520.0,55.76038796781278,4628.262552314669,100.0,100.0,True,,synthetic_swma,sim_user,unknown_cuda_workload,gpu:1,swma
60.9,2026-01-01 00:01:00.900000+00:00,,syn-attack-swma-200,swma-periodic-primary,square,0.5,0.79,0.5,0,10.0,330.79285769916527,98.20326734710515,55.06894063979488,2520.0,55.83591384710519,4299.361319176917,100.0,100.0,True,,synthetic_swma,sim_user,unknown_cuda_workload,gpu:1,swma
61.0,2026-01-01 00:01:01+00:00,,syn-attack-swma-200,swma-periodic-primary,square,0.5,0.79,0.5,0,10.0,36.037081075134154,1.0399067341184307,0.0,237.39440404710584,28.346510727355717,420.55568906813306,100.0,100.0,True,,synthetic_swma,sim_user,unknown_cuda_workload,gpu:1,swma
61.1,2026-01-01 00:01:01.100000+00:00,,syn-attack-swma-200,swma-periodic-primary,square,0.5,0.79,0.5,0,10.0,41.916698204290064,2.061575826048407,6.356130976713373,298.6945495629044,28.579679973559205,870.8264724011775,100.0,100.0,True,,synthetic_swma,sim_user,unknown_cuda_workload,gpu:1,swma
61.2,2026-01-01 00:01:01.200000+00:00,,syn-attack-swma-200,swma-periodic-primary,square,0.5,0.79,0.5,0,10.0,34.944116580189885,0.9097921729337135,0.0,229.5875303760228,28.474453329109398,422.9765977789549,100.0,100.0,True,,synthetic_swma,sim_user,unknown_cuda_workload,gpu:1,swma
61.3,2026-01-01 00:01:01.300000+00:00,,syn-attack-swma-200,swma-periodic-primary,square,0.5,0.79,0.5,0,10.0,38.88616440524462,1.5798925128539472,2.0504934223958355,269.7935507712368,28.94016040110763,531.3020275306694,100.0,100.0,True,,synthetic_swma,sim_user,unknown_cuda_workload,gpu:1,swma
61.4,2026-01-01 00:01:01.400000+00:00,,syn-attack-swma-200,swma-periodic-primary,square,0.5,0.79,0.5,0,10.0,34.50728522203849,0.0,0.0,210.0,28.53538409730141,429.69426331881385,100.0,100.0,True,,synthetic_swma,sim_user,unknown_cuda_workload,gpu:1,swma
61.5,2026-01-01 00:01:01.500000+00:00,,syn-attack-swma-200,swma-periodic-primary,square,0.5,0.79,0.5,0,10.0,40.495170551245764,1.16580158422645,3.9680849396522273,244.948095053587,29.11033227734603,668.6503204237115,100.0,100.0,True,,synthetic_swma,sim_user,unknown_cuda_workload,gpu:1,swma
61.6,2026-01-01 00:01:01.600000+00:00,,syn-attack-swma-200,swma-periodic-primary,square,0.5,0.79,0.5,0,10.0,34.96284903271264,2.0795439298380183,0.0,299.77263579028113,29.18540690994325,718.3556500691423,100.0,100.0,True,,synthetic_swma,sim_user,unknown_cuda_workload,gpu:1,swma
61.7,2026-01-01 00:01:01.700000+00:00,,syn-attack-swma-200,swma-periodic-primary,square,0.5,0.79,0.5,0,10.0,45.41718112244772,1.6898011471047125,10.818965460837891,276.38806882628273,28.931554393589334,890.8511749286024,100.0,100.0,True,,synthetic_swma,sim_user,unknown_cuda_workload,gpu:1,swma
61.8,2026-01-01 00:01:01.800000+00:00,,syn-attack-swma-200,swma-periodic-primary,square,0.5,0.79,0.5,0,10.0,37.63326200258105,1.6143976803887763,0.3989347276552231,271.8638608233266,28.8891197014187,387.3457537656293,100.0,100.0,True,,synthetic_swma,sim_user,unknown_cuda_workload,gpu:1,swma
61.9,2026-01-01 00:01:01.900000+00:00,,syn-attack-swma-200,swma-periodic-primary,square,0.5,0.79,0.5,0,10.0,37.40819815191804,0.8971713429656385,0.0,228.8302805779383,28.69387109638288,392.27025367743204,100.0,100.0,True,,synthetic_swma,sim_user,unknown_cuda_workload,gpu:1,swma
62.0,2026-01-01 00:01:02+00:00,,syn-attack-swma-200,swma-periodic-primary,square,0.5,0.79,0.5,0,10.0,333.77514776845123,99.7974928891173,59.92215144694946,2520.0,56.264064975073076,4792.34928083232,100.0,100.0,True,,synthetic_swma,sim_user,unknown_cuda_workload,gpu:1,swma
62.1,2026-01-01 00:01:02.100000+00:00,,syn-attack-swma-200,swma-periodic-primary,square,0.5,0.79,0.5,0,10.0,324.40366580757467,97.70848454679583,46.277887577503954,2520.0,55.66717862670261,3745.125418981866,100.0,100.0,True,,synthetic_swma,sim_user,unknown_cuda_workload,gpu:1,swma
62.2,2026-01-01 00:01:02.200000+00:00,,syn-attack-swma-200,swma-periodic-primary,square,0.5,0.79,0.5,0,10.0,333.582818449483,97.36429095599881,58.32745129177668,2520.0,55.64688513598092,4494.830687222186,100.0,100.0,True,,synthetic_swma,sim_user,unknown_cuda_workload,gpu:1,swma
62.3,2026-01-01 00:01:02.300000+00:00,,syn-attack-swma-200,swma-periodic-primary,square,0.5,0.79,0.5,0,10.0,326.9946948566132,96.98821372309422,49.33644402318609,2520.0,55.72173174627945,3833.035592623968,100.0,100.0,True,,synthetic_swma,sim_user,unknown_cuda_workload,gpu:1,swma
62.4,2026-01-01 00:01:02.400000+00:00,,syn-attack-swma-200,swma-periodic-primary,square,0.5,0.79,0.5,0,10.0,328.7054064924999,97.70193746420796,52.00994092864759,2520.0,55.63016659295666,4041.57786266125,100.0,100.0,True,,synthetic_swma,sim_user,unknown_cuda_workload,gpu:1,swma
62.5,2026-01-01 00:01:02.500000+00:00,,syn-attack-swma-200,swma-periodic-primary,square,0.5,0.79,0.5,0,10.0,324.784972004937,97.13142618652742,46.46891374250607,2520.0,55.51026799154564,3807.3890885735354,100.0,100.0,True,,synthetic_swma,sim_user,unknown_cuda_workload,gpu:1,swma
62.6,2026-01-01 00:01:02.600000+00:00,,syn-attack-swma-200,swma-periodic-primary,square,0.5,0.79,0.5,0,10.0,327.21035170845624,98.11842089756789,50.24560043827068,2520.0,55.819835956755476,3909.449868462956,100.0,100.0,True,,synthetic_swma,sim_user,unknown_cuda_workload,gpu:1,swma
62.7,2026-01-01 00:01:02.700000+00:00,,syn-attack-swma-200,swma-periodic-primary,square,0.5,0.79,0.5,0,10.0,330.81909302993824,97.14511138876708,54.52193530373956,2520.0,55.53288059164577,4124.4685297183005,100.0,100.0,True,,synthetic_swma,sim_user,unknown_cuda_workload,gpu:1,swma
62.8,2026-01-01 00:01:02.800000+00:00,,syn-attack-swma-200,swma-periodic-primary,square,0.5,0.79,0.5,0,10.0,334.51391694642575,98.31012118359949,60.089122579547364,2520.0,55.83900202826405,4612.570195685328,100.0,100.0,True,,synthetic_swma,sim_user,unknown_cuda_workload,gpu:1,swma
62.9,2026-01-01 00:01:02.900000+00:00,,syn-attack-swma-200,swma-periodic-primary,square,0.5,0.79,0.5,0,10.0,329.5980333526326,98.87277839329812,53.84407258649083,2520.0,56.053267305388594,4252.114769409057,100.0,100.0,True,,synthetic_swma,sim_user,unknown_cuda_workload,gpu:1,swma
63.0,2026-01-01 00:01:03+00:00,,syn-attack-swma-200,swma-periodic-primary,square,0.5,0.79,0.5,0,10.0,36.168384954269115,1.4523808338193263,0.0,262.14285002915955,28.617939334886266,492.65380958698404,100.0,100.0,True,,synthetic_swma,sim_user,unknown_cuda_workload,gpu:1,swma
63.1,2026-01-01 00:01:03.100000+00:00,,syn-attack-swma-200,swma-periodic-primary,square,0.5,0.79,0.5,0,10.0,39.854002659954936,0.0,2.4720035466065786,210.0,28.201055313883263,524.4106580955736,100.0,100.0,True,,synthetic_swma,sim_user,unknown_cuda_workload,gpu:1,swma
63.2,2026-01-01 00:01:03.200000+00:00,,syn-attack-swma-200,swma-periodic-primary,square,0.5,0.79,0.5,0,10.0,41.49790849359347,0.0,4.663877991457966,210.0,28.234021689697062,734.9792694356909,100.0,100.0,True,,synthetic_swma,sim_user,unknown_cuda_workload,gpu:1,swma
63.3,2026-01-01 00:01:03.300000+00:00,,syn-attack-swma-200,swma-periodic-primary,square,0.5,0.79,0.5,0,10.0,35.86428259391095,0.6144754653594218,0.0,211.8685279215653,28.381472612283304,332.4252378212612,100.0,100.0,True,,synthetic_swma,sim_user,unknown_cuda_workload,gpu:1,swma
63.4,2026-01-01 00:01:03.400000+00:00,,syn-attack-swma-200,swma-periodic-primary,square,0.5,0.79,0.5,0,10.0,34.956475309322194,0.8436291564501016,0.0,225.61774938700609,28.499910693099515,461.44483622319376,100.0,100.0,True,,synthetic_swma,sim_user,unknown_cuda_workload,gpu:1,swma
63.5,2026-01-01 00:01:03.500000+00:00,,syn-attack-swma-200,swma-periodic-primary,square,0.5,0.79,0.5,0,10.0,43.3354595719149,0.31261673439195015,7.285885299802112,210.0,28.461767521665124,807.7116873780608,100.0,100.0,True,,synthetic_swma,sim_user,unknown_cuda_workload,gpu:1,swma
63.6,2026-01-01 00:01:03.600000+00:00,,syn-attack-swma-200,swma-periodic-primary,square,0.5,0.79,0.5,0,10.0,43.665312505084934,0.5229663277582226,7.841381487046938,210.0,28.563833958942887,1200.9824483055384,100.0,100.0,True,,synthetic_swma,sim_user,unknown_cuda_workload,gpu:1,swma
63.7,2026-01-01 00:01:03.700000+00:00,,syn-attack-swma-200,swma-periodic-primary,square,0.5,0.79,0.5,0,10.0,34.8629245483532,1.325255252298965,0.0,254.5153151379379,28.8700117207429,440.7728285801701,100.0,100.0,True,,synthetic_swma,sim_user,unknown_cuda_workload,gpu:1,swma
63.8,2026-01-01 00:01:03.800000+00:00,,syn-attack-swma-200,swma-periodic-primary,square,0.5,0.79,0.5,0,10.0,33.70683096765303,0.16099450204742283,0.0,210.0,28.742243543641933,471.6798968605121,100.0,100.0,True,,synthetic_swma,sim_user,unknown_cuda_workload,gpu:1,swma
63.9,2026-01-01 00:01:03.900000+00:00,,syn-attack-swma-200,swma-periodic-primary,square,0.5,0.79,0.5,0,10.0,38.99382193999454,0.0,1.325095919992717,210.0,28.618528455404746,516.0873058862915,100.0,100.0,True,,synthetic_swma,sim_user,unknown_cuda_workload,gpu:1,swma
64.0,2026-01-01 00:01:04+00:00,,syn-attack-swma-200,swma-periodic-primary,square,0.5,0.79,0.5,0,10.0,334.52995731417764,98.4510587472593,60.18802539656282,2520.0,55.77308275937817,4822.867522773113,100.0,100.0,True,,synthetic_swma,sim_user,unknown_cuda_workload,gpu:1,swma
64.1,2026-01-01 00:01:04.100000+00:00,,syn-attack-swma-200,swma-periodic-primary,square,0.5,0.79,0.5,0,10.0,334.084310820947,97.11935686621717,58.861394037682146,2520.0,55.44064282503366,4616.656333881666,100.0,100.0,True,,synthetic_swma,sim_user,unknown_cuda_workload,gpu:1,swma
64.2,2026-01-01 00:01:04.200000+00:00,,syn-attack-swma-200,swma-periodic-primary,square,0.5,0.79,0.5,0,10.0,333.1066496228256,97.69079804596704,57.872138422382704,2520.0,55.92228734663455,4603.246651801403,100.0,100.0,True,,synthetic_swma,sim_user,unknown_cuda_workload,gpu:1,swma
64.3,2026-01-01 00:01:04.300000+00:00,,syn-attack-swma-200,swma-periodic-primary,square,0.5,0.79,0.5,0,10.0,330.8324724991468,98.12258600957344,55.077385637461106,2520.0,55.97289986012888,4182.917176759902,100.0,100.0,True,,synthetic_swma,sim_user,unknown_cuda_workload,gpu:1,swma
64.4,2026-01-01 00:01:04.400000+00:00,,syn-attack-swma-200,swma-periodic-primary,square,0.5,0.79,0.5,0,10.0,330.183855331651,97.24237772780548,53.72844819249432,2520.0,55.85988058743506,4313.769328609143,100.0,100.0,True,,synthetic_swma,sim_user,unknown_cuda_workload,gpu:1,swma
64.5,2026-01-01 00:01:04.500000+00:00,,syn-attack-swma-200,swma-periodic-primary,square,0.5,0.79,0.5,0,10.0,332.17601447096956,96.65085259244667,56.059321553805056,2520.0,55.65239564753549,4392.760778067072,100.0,100.0,True,,synthetic_swma,sim_user,unknown_cuda_workload,gpu:1,swma
64.6,2026-01-01 00:01:04.600000+00:00,,syn-attack-swma-200,swma-periodic-primary,square,0.5,0.79,0.5,0,10.0,325.3435531561473,98.41384920160581,47.91902126907962,2520.0,56.226555077184386,3886.7272845602365,100.0,100.0,True,,synthetic_swma,sim_user,unknown_cuda_workload,gpu:1,swma
64.7,2026-01-01 00:01:04.700000+00:00,,syn-attack-swma-200,swma-periodic-primary,square,0.5,0.79,0.5,0,10.0,333.40524849822134,96.90568510393321,57.83845813812505,2520.0,55.80746739055164,4463.968370778239,100.0,100.0,True,,synthetic_swma,sim_user,unknown_cuda_workload,gpu:1,swma
64.8,2026-01-01 00:01:04.800000+00:00,,syn-attack-swma-200,swma-periodic-primary,square,0.5,0.79,0.5,0,10.0,331.23604961728364,99.8051379657003,56.54089203751334,2520.0,56.846876406697724,4538.830158049118,100.0,100.0,True,,synthetic_swma,sim_user,unknown_cuda_workload,gpu:1,swma
64.9,2026-01-01 00:01:04.900000+00:00,,syn-attack-swma-200,swma-periodic-primary,square,0.5,0.79,0.5,0,10.0,326.76369398435634,98.50864421168164,49.864679628900035,2520.0,56.71539944767616,3920.060679710439,100.0,100.0,True,,synthetic_swma,sim_user,unknown_cuda_workload,gpu:1,swma
65.0,2026-01-01 00:01:05+00:00,,syn-attack-swma-200,swma-periodic-primary,square,0.5,0.79,0.5,0,10.0,35.39828656113896,0.03303452581795341,0.0,210.0,29.053046357445595,494.0588947197051,100.0,100.0,True,,synthetic_swma,sim_user,unknown_cuda_workload,gpu:1,swma
65.1,2026-01-01 00:01:05.100000+00:00,,syn-attack-swma-200,swma-periodic-primary,square,0.5,0.79,0.5,0,10.0,38.612266526884135,2.7132530005410653,2.3086445194764305,337.7951800324639,29.58207517932765,466.39973061637454,100.0,100.0,True,,synthetic_swma,sim_user,unknown_cuda_workload,gpu:1,swma
65.2,2026-01-01 00:01:05.200000+00:00,,syn-attack-swma-200,swma-periodic-primary,square,0.5,0.79,0.5,0,10.0,36.651994288476295,0.0,0.0,210.0,28.751920306380374,496.6568208170528,100.0,100.0,True,,synthetic_swma,sim_user,unknown_cuda_workload,gpu:1,swma
65.3,2026-01-01 00:01:05.300000+00:00,,syn-attack-swma-200,swma-periodic-primary,square,0.5,0.79,0.5,0,10.0,40.39642220574518,3.3544623745963817,5.040183913688253,376.26774247578294,29.549377658047487,865.0841737072972,100.0,100.0,True,,synthetic_swma,sim_user,unknown_cuda_workload,gpu:1,swma
65.4,2026-01-01 00:01:05.400000+00:00,,syn-attack-swma-200,swma-periodic-primary,square,0.5,0.79,0.5,0,10.0,40.20306873000294,0.0,2.9374249733372486,210.0,28.531727302404896,605.2211744396606,100.0,100.0,True,,synthetic_swma,sim_user,unknown_cuda_workload,gpu:1,swma
65.5,2026-01-01 00:01:05.500000+00:00,,syn-attack-swma-200,swma-periodic-primary,square,0.5,0.79,0.5,0,10.0,38.90100189587406,1.5454122229213418,2.051312583772148,267.7247333752805,29.10194083120876,625.8279396798653,100.0,100.0,True,,synthetic_swma,sim_user,unknown_cuda_workload,gpu:1,swma
65.6,2026-01-01 00:01:05.600000+00:00,,syn-attack-swma-200,swma-periodic-primary,square,0.5,0.79,0.5,0,10.0,40.144410971750254,0.0,2.859214629000335,210.0,28.490828697232818,675.8346869095348,100.0,100.0,True,,synthetic_swma,sim_user,unknown_cuda_workload,gpu:1,swma
65.7,2026-01-01 00:01:05.700000+00:00,,syn-attack-swma-200,swma-periodic-primary,square,0.5,0.79,0.5,0,10.0,32.12122976924992,1.3855130252579737,0.0,258.1307815154784,28.77298799159491,401.9689113028836,100.0,100.0,True,,synthetic_swma,sim_user,unknown_cuda_workload,gpu:1,swma
65.8,2026-01-01 00:01:05.800000+00:00,,syn-attack-swma-200,swma-periodic-primary,square,0.5,0.79,0.5,0,10.0,38.820801777110525,2.4446246866882175,2.4389459471592203,321.677481201293,29.011863414641667,762.5297104018325,100.0,100.0,True,,synthetic_swma,sim_user,unknown_cuda_workload,gpu:1,swma
65.9,2026-01-01 00:01:05.900000+00:00,,syn-attack-swma-200,swma-periodic-primary,square,0.5,0.79,0.5,0,10.0,42.63655158225873,1.8417964514771488,7.195056824657403,285.5077870886289,29.003067525378913,1066.1960074546632,100.0,100.0,True,,synthetic_swma,sim_user,unknown_cuda_workload,gpu:1,swma
66.0,2026-01-01 00:01:06+00:00,,syn-attack-swma-200,swma-periodic-primary,square,0.5,0.79,0.5,0,10.0,327.0176955470215,98.63810007640672,50.27454910471906,2520.0,56.004847232451375,3955.2845924451954,100.0,100.0,True,,synthetic_swma,sim_user,unknown_cuda_workload,gpu:1,swma
66.1,2026-01-01 00:01:06.100000+00:00,,syn-attack-swma-200,swma-periodic-primary,square,0.5,0.79,0.5,0,10.0,327.95692279635114,99.58825401593519,52.04943677056587,2520.0,56.253404178747076,4013.0500109558693,100.0,100.0,True,,synthetic_swma,sim_user,unknown_cuda_workload,gpu:1,swma
66.2,2026-01-01 00:01:06.200000+00:00,,syn-attack-swma-200,swma-periodic-primary,square,0.5,0.79,0.5,0,10.0,329.64115008104966,98.7040262145533,53.808747859403894,2520.0,55.96595528001012,4287.11724357857,100.0,100.0,True,,synthetic_swma,sim_user,unknown_cuda_workload,gpu:1,swma
66.3,2026-01-01 00:01:06.300000+00:00,,syn-attack-swma-200,swma-periodic-primary,square,0.5,0.79,0.5,0,10.0,331.38415671223026,98.28053753030305,55.89983792464036,2520.0,55.77944038390169,4367.464612516983,100.0,100.0,True,,synthetic_swma,sim_user,unknown_cuda_workload,gpu:1,swma
66.4,2026-01-01 00:01:06.400000+00:00,,syn-attack-swma-200,swma-periodic-primary,square,0.5,0.79,0.5,0,10.0,331.7743733448756,96.36260898769937,55.36526606973547,2520.0,54.93460634438358,4348.1929735379335,100.0,100.0,True,,synthetic_swma,sim_user,unknown_cuda_workload,gpu:1,swma
66.5,2026-01-01 00:01:06.500000+00:00,,syn-attack-swma-200,swma-periodic-primary,square,0.5,0.79,0.5,0,10.0,327.6252440598925,98.82792072864129,51.18901514727605,2520.0,55.55360754899142,4154.713973570155,100.0,100.0,True,,synthetic_swma,sim_user,unknown_cuda_workload,gpu:1,swma
66.6,2026-01-01 00:01:06.600000+00:00,,syn-attack-swma-200,swma-periodic-primary,square,0.5,0.79,0.5,0,10.0,332.93854954392987,97.11185663267301,57.32958720654336,2520.0,55.084897941086446,4367.844193983122,100.0,100.0,True,,synthetic_swma,sim_user,unknown_cuda_workload,gpu:1,swma
66.7,2026-01-01 00:01:06.700000+00:00,,syn-attack-swma-200,swma-periodic-primary,square,0.5,0.79,0.5,0,10.0,330.0098343742916,97.04025500958178,53.38525275432545,2520.0,55.06716792508947,4121.173787921299,100.0,100.0,True,,synthetic_swma,sim_user,unknown_cuda_workload,gpu:1,swma
66.8,2026-01-01 00:01:06.800000+00:00,,syn-attack-swma-200,swma-periodic-primary,square,0.5,0.79,0.5,0,10.0,329.62167284408883,96.8265756921147,52.75018042278153,2520.0,54.79457368751908,4177.211342337852,100.0,100.0,True,,synthetic_swma,sim_user,unknown_cuda_workload,gpu:1,swma
66.9,2026-01-01 00:01:06.900000+00:00,,syn-attack-swma-200,swma-periodic-primary,square,0.5,0.79,0.5,0,10.0,331.5501423119299,97.9753455327357,55.95329645891117,2520.0,55.265260457591715,4361.486598599546,100.0,100.0,True,,synthetic_swma,sim_user,unknown_cuda_workload,gpu:1,swma
67.0,2026-01-01 00:01:07+00:00,,syn-attack-swma-200,swma-periodic-primary,square,0.5,0.79,0.5,0,10.0,32.67486413200478,0.889094909308778,0.0,228.3456945585267,28.079952957527816,592.2513942126516,100.0,100.0,True,,synthetic_swma,sim_user,unknown_cuda_workload,gpu:1,swma
67.1,2026-01-01 00:01:07.100000+00:00,,syn-attack-swma-200,swma-periodic-primary,square,0.5,0.79,0.5,0,10.0,40.136377748371125,0.0,2.8485036644948356,210.0,27.68342899916074,740.6572623004164,100.0,100.0,True,,synthetic_swma,sim_user,unknown_cuda_workload,gpu:1,swma
67.2,2026-01-01 00:01:07.200000+00:00,,syn-attack-swma-200,swma-periodic-primary,square,0.5,0.79,0.5,0,10.0,37.601267772999094,2.531476290765613,0.8606689905865472,326.8885774459368,28.529536564434718,439.0501444319034,100.0,100.0,True,,synthetic_swma,sim_user,unknown_cuda_workload,gpu:1,swma
67.3,2026-01-01 00:01:07.300000+00:00,,syn-attack-swma-200,swma-periodic-primary,square,0.5,0.79,0.5,0,10.0,37.560027885523226,2.407692917602559,0.7376016187123795,319.4615750561536,28.568510593094146,337.5344059736434,100.0,100.0,True,,synthetic_swma,sim_user,unknown_cuda_workload,gpu:1,swma
67.4,2026-01-01 00:01:07.400000+00:00,,syn-attack-swma-200,swma-periodic-primary,square,0.5,0.79,0.5,0,10.0,46.15012692608044,1.956528013854276,11.942926309060438,292.39168083125656,28.816308245660778,1270.5526685339944,100.0,100.0,True,,synthetic_swma,sim_user,unknown_cuda_workload,gpu:1,swma
67.5,2026-01-01 00:01:07.500000+00:00,,syn-attack-swma-200,swma-periodic-primary,square,0.5,0.79,0.5,0,10.0,37.03559344956353,0.0,0.0,210.0,28.132173425327718,527.8619068728468,100.0,100.0,True,,synthetic_swma,sim_user,unknown_cuda_workload,gpu:1,swma
67.6,2026-01-01 00:01:07.600000+00:00,,syn-attack-swma-200,swma-periodic-primary,square,0.5,0.79,0.5,0,10.0,43.73656626011192,3.3617214591786992,9.497701816030848,376.70328755072194,29.220196820810525,992.9133438347792,100.0,100.0,True,,synthetic_swma,sim_user,unknown_cuda_workload,gpu:1,swma
67.7,2026-01-01 00:01:07.700000+00:00,,syn-attack-swma-200,swma-periodic-primary,square,0.5,0.79,0.5,0,10.0,37.163088366353236,0.10540059354748377,0.0,210.0,28.429201293330262,521.5779538606148,100.0,100.0,True,,synthetic_swma,sim_user,unknown_cuda_workload,gpu:1,swma
67.8,2026-01-01 00:01:07.800000+00:00,,syn-attack-swma-200,swma-periodic-primary,square,0.5,0.79,0.5,0,10.0,41.56938307474727,0.0,4.759177432996365,210.0,28.04135777930328,709.4214022741257,100.0,100.0,True,,synthetic_swma,sim_user,unknown_cuda_workload,gpu:1,swma
67.9,2026-01-01 00:01:07.900000+00:00,,syn-attack-swma-200,swma-periodic-primary,square,0.5,0.79,0.5,0,10.0,45.502677502042644,0.5641522491972235,10.313853739781996,210.0,28.338198250741527,1059.984383974555,100.0,100.0,True,,synthetic_swma,sim_user,unknown_cuda_workload,gpu:1,swma
68.0,2026-01-01 00:01:08+00:00,,syn-attack-swma-200,swma-periodic-primary,square,0.5,0.79,0.5,0,10.0,330.4971850075266,100.0,55.66291334336878,2520.0,56.51739030284405,4331.783655011933,100.0,100.0,True,,synthetic_swma,sim_user,unknown_cuda_workload,gpu:1,swma
68.1,2026-01-01 00:01:08.100000+00:00,,syn-attack-swma-200,swma-periodic-primary,square,0.5,0.79,0.5,0,10.0,328.32965660833634,95.76910072844697,50.44588087842761,2520.0,55.20486526951731,4124.516917015948,100.0,100.0,True,,synthetic_swma,sim_user,unknown_cuda_workload,gpu:1,swma
68.2,2026-01-01 00:01:08.200000+00:00,,syn-attack-swma-200,swma-periodic-primary,square,0.5,0.79,0.5,0,10.0,330.3426342838121,96.0960100334651,53.30965123015533,2520.0,55.22935297837731,4117.753344334085,100.0,100.0,True,,synthetic_swma,sim_user,unknown_cuda_workload,gpu:1,swma
68.3,2026-01-01 00:01:08.300000+00:00,,syn-attack-swma-200,swma-periodic-primary,square,0.5,0.79,0.5,0,10.0,326.9847725076933,97.69685222678407,49.71296540165566,2520.0,55.420561491556214,3766.81592633471,100.0,100.0,True,,synthetic_swma,sim_user,unknown_cuda_workload,gpu:1,swma
68.4,2026-01-01 00:01:08.400000+00:00,,syn-attack-swma-200,swma-periodic-primary,square,0.5,0.79,0.5,0,10.0,331.3920914242093,98.2273185573212,55.88114710547238,2520.0,55.75545047022191,4383.87862154823,100.0,100.0,True,,synthetic_swma,sim_user,unknown_cuda_workload,gpu:1,swma
68.5,2026-01-01 00:01:08.500000+00:00,,syn-attack-swma-200,swma-periodic-primary,square,0.5,0.79,0.5,0,10.0,326.23147646780177,97.31895575249267,48.50072762093997,2520.0,55.37340766723059,3681.757720683989,100.0,100.0,True,,synthetic_swma,sim_user,unknown_cuda_workload,gpu:1,swma
68.6,2026-01-01 00:01:08.600000+00:00,,syn-attack-swma-200,swma-periodic-primary,square,0.5,0.79,0.5,0,10.0,329.242651107572,96.70215133030301,52.17638470842929,2520.0,54.91655279125691,4099.443870330677,100.0,100.0,True,,synthetic_swma,sim_user,unknown_cuda_workload,gpu:1,swma
68.7,2026-01-01 00:01:08.700000+00:00,,syn-attack-swma-200,swma-periodic-primary,square,0.5,0.79,0.5,0,10.0,332.22613436528064,96.95240270832934,56.29200064328863,2520.0,55.17309387254636,4397.122764480491,100.0,100.0,True,,synthetic_swma,sim_user,unknown_cuda_workload,gpu:1,swma
68.8,2026-01-01 00:01:08.800000+00:00,,syn-attack-swma-200,swma-periodic-primary,square,0.5,0.79,0.5,0,10.0,325.74048647067144,96.22200578399662,47.242751808760055,2520.0,55.04635077796591,3664.033635446537,100.0,100.0,True,,synthetic_swma,sim_user,unknown_cuda_workload,gpu:1,swma
68.9,2026-01-01 00:01:08.900000+00:00,,syn-attack-swma-200,swma-periodic-primary,square,0.5,0.79,0.5,0,10.0,325.7399873715655,97.36289832552585,47.86957724112659,2520.0,55.23014471541623,3901.6469996967708,100.0,100.0,True,,synthetic_swma,sim_user,unknown_cuda_workload,gpu:1,swma
69.0,2026-01-01 00:01:09+00:00,,syn-attack-swma-200,swma-periodic-primary,square,0.5,0.79,0.5,0,10.0,36.34306811499225,0.3255491987520537,0.0,210.0,27.874405633191635,578.5050587803707,100.0,100.0,True,,synthetic_swma,sim_user,unknown_cuda_workload,gpu:1,swma
69.1,2026-01-01 00:01:09.100000+00:00,,syn-attack-swma-200,swma-periodic-primary,square,0.5,0.79,0.5,0,10.0,36.79946809149449,1.1505380201870528,0.0,244.03228121122316,28.095217080399497,369.5242178191228,100.0,100.0,True,,synthetic_swma,sim_user,unknown_cuda_workload,gpu:1,swma
69.2,2026-01-01 00:01:09.200000+00:00,,syn-attack-swma-200,swma-periodic-primary,square,0.5,0.79,0.5,0,10.0,39.56285603173042,2.813792482539001,3.6313939077036754,343.82754895234007,28.42772745908157,723.7604846846349,100.0,100.0,True,,synthetic_swma,sim_user,unknown_cuda_workload,gpu:1,swma
69.3,2026-01-01 00:01:09.300000+00:00,,syn-attack-swma-200,swma-periodic-primary,square,0.5,0.79,0.5,0,10.0,35.801749098283935,1.589383048971078,0.0,270.3629829382647,28.008355930980123,598.2045804968185,100.0,100.0,True,,synthetic_swma,sim_user,unknown_cuda_workload,gpu:1,swma
69.4,2026-01-01 00:01:09.400000+00:00,,syn-attack-swma-200,swma-periodic-primary,square,0.5,0.79,0.5,0,10.0,34.096005129070186,0.6449628637696743,0.0,213.69777182618046,28.056460189149465,387.6440709857909,100.0,100.0,True,,synthetic_swma,sim_user,unknown_cuda_workload,gpu:1,swma
69.5,2026-01-01 00:01:09.500000+00:00,,syn-attack-swma-200,swma-periodic-primary,square,0.5,0.79,0.5,0,10.0,42.94151595857137,1.3717147315244964,7.343131047100307,257.3028838914698,28.3798214765909,1019.3641900834764,100.0,100.0,True,,synthetic_swma,sim_user,unknown_cuda_workload,gpu:1,swma
69.6,2026-01-01 00:01:09.600000+00:00,,syn-attack-swma-200,swma-periodic-primary,square,0.5,0.79,0.5,0,10.0,40.439496255318,0.8822428653169091,3.7378952496816273,227.93457191901456,28.381092027294798,820.5015844659911,100.0,100.0,True,,synthetic_swma,sim_user,unknown_cuda_workload,gpu:1,swma
69.7,2026-01-01 00:01:09.700000+00:00,,syn-attack-swma-200,swma-periodic-primary,square,0.5,0.79,0.5,0,10.0,38.30493238820876,2.5718929205196233,1.8211176238974747,329.31357523117737,28.747972995054255,735.5109225443613,100.0,100.0,True,,synthetic_swma,sim_user,unknown_cuda_workload,gpu:1,swma
69.8,2026-01-01 00:01:09.800000+00:00,,syn-attack-swma-200,swma-periodic-primary,square,0.5,0.79,0.5,0,10.0,36.72892026695275,1.0154584151389432,0.0,235.92750490833657,28.503721550757515,502.8800317684078,100.0,100.0,True,,synthetic_swma,sim_user,unknown_cuda_workload,gpu:1,swma
69.9,2026-01-01 00:01:09.900000+00:00,,syn-attack-swma-200,swma-periodic-primary,square,0.5,0.79,0.5,0,10.0,42.1862019023192,0.0,5.581602536425594,210.0,28.392432028061894,740.5629933905619,100.0,100.0,True,,synthetic_swma,sim_user,unknown_cuda_workload,gpu:1,swma
70.0,2026-01-01 00:01:10+00:00,,syn-attack-swma-200,swma-periodic-primary,square,0.5,0.79,0.5,0,10.0,332.46985286569367,99.46537315520521,57.99909238962109,2520.0,56.483548941550794,4597.432550903097,100.0,100.0,True,,synthetic_swma,sim_user,unknown_cuda_workload,gpu:1,swma
70.1,2026-01-01 00:01:10.100000+00:00,,syn-attack-swma-200,swma-periodic-primary,square,0.5,0.79,0.5,0,10.0,331.75353365778693,97.93367768887977,56.20156760593314,2520.0,56.23796692939763,4221.600510025376,100.0,100.0,True,,synthetic_swma,sim_user,unknown_cuda_workload,gpu:1,swma
70.2,2026-01-01 00:01:10.200000+00:00,,syn-attack-swma-200,swma-periodic-primary,square,0.5,0.79,0.5,0,10.0,327.8799537169018,99.45202837008935,51.8718872260849,2520.0,56.56321986571408,3937.6131446788313,100.0,100.0,True,,synthetic_swma,sim_user,unknown_cuda_workload,gpu:1,swma
70.3,2026-01-01 00:01:10.300000+00:00,,syn-attack-swma-200,swma-periodic-primary,square,0.5,0.79,0.5,0,10.0,324.1733519198697,100.0,47.23113589315958,2520.0,56.394992864687744,3731.856546358726,100.0,100.0,True,,synthetic_swma,sim_user,unknown_cuda_workload,gpu:1,swma
70.4,2026-01-01 00:01:10.400000+00:00,,syn-attack-swma-200,swma-periodic-primary,square,0.5,0.79,0.5,0,10.0,325.6413417173139,96.83514427337994,47.44778497344414,2520.0,55.31779511566655,3796.416440860715,100.0,100.0,True,,synthetic_swma,sim_user,unknown_cuda_workload,gpu:1,swma
70.5,2026-01-01 00:01:10.500000+00:00,,syn-attack-swma-200,swma-periodic-primary,square,0.5,0.79,0.5,0,10.0,325.63357376757654,97.74490970195056,47.937798692841504,2520.0,55.54355112175434,3752.45967102309,100.0,100.0,True,,synthetic_swma,sim_user,unknown_cuda_workload,gpu:1,swma
70.6,2026-01-01 00:01:10.600000+00:00,,syn-attack-swma-200,swma-periodic-primary,square,0.5,0.79,0.5,0,10.0,332.12512620431556,98.976859917356,57.2707745602999,2520.0,55.87637082634657,4568.12634713193,100.0,100.0,True,,synthetic_swma,sim_user,unknown_cuda_workload,gpu:1,swma
70.7,2026-01-01 00:01:10.700000+00:00,,syn-attack-swma-200,swma-periodic-primary,square,0.5,0.79,0.5,0,10.0,329.6056455885305,96.71307663393266,52.666386266703604,2520.0,54.809624548548335,4242.183315863437,100.0,100.0,True,,synthetic_swma,sim_user,unknown_cuda_workload,gpu:1,swma
70.8,2026-01-01 00:01:10.800000+00:00,,syn-attack-swma-200,swma-periodic-primary,square,0.5,0.79,0.5,0,10.0,332.88078477500073,98.10000353097642,57.796048308704655,2520.0,55.209635207982124,4654.849631649351,100.0,100.0,True,,synthetic_swma,sim_user,unknown_cuda_workload,gpu:1,swma
70.9,2026-01-01 00:01:10.900000+00:00,,syn-attack-swma-200,swma-periodic-primary,square,0.5,0.79,0.5,0,10.0,335.9918375642566,97.52126280588745,61.6258112955803,2520.0,54.77341442223439,4782.200168474403,100.0,100.0,True,,synthetic_swma,sim_user,unknown_cuda_workload,gpu:1,swma
71.0,2026-01-01 00:01:11+00:00,,syn-attack-swma-200,swma-periodic-primary,square,0.5,0.79,0.5,0,10.0,34.626177613086995,1.0302704998345205,0.0,236.8162299900712,27.68103508713346,534.5823693155386,100.0,100.0,True,,synthetic_swma,sim_user,unknown_cuda_workload,gpu:1,swma
71.1,2026-01-01 00:01:11.100000+00:00,,syn-attack-swma-200,swma-periodic-primary,square,0.5,0.79,0.5,0,10.0,37.594029613055774,0.0,0.0,210.0,27.40536655084354,330.14715137176427,100.0,100.0,True,,synthetic_swma,sim_user,unknown_cuda_workload,gpu:1,swma
71.2,2026-01-01 00:01:11.200000+00:00,,syn-attack-swma-200,swma-periodic-primary,square,0.5,0.79,0.5,0,10.0,36.069235174622186,2.839178553199223,0.0,345.35071319195333,28.12685285907383,330.56929913797165,100.0,100.0,True,,synthetic_swma,sim_user,unknown_cuda_workload,gpu:1,swma
71.3,2026-01-01 00:01:11.300000+00:00,,syn-attack-swma-200,swma-periodic-primary,square,0.5,0.79,0.5,0,10.0,39.68017069502935,2.540107631811012,3.6372867908685222,327.4064579086607,28.132859083220882,814.1937138126966,100.0,100.0,True,,synthetic_swma,sim_user,unknown_cuda_workload,gpu:1,swma
71.4,2026-01-01 00:01:11.400000+00:00,,syn-attack-swma-200,swma-periodic-primary,square,0.5,0.79,0.5,0,10.0,36.86162946619536,0.6079251151033618,0.0,211.47550690620173,27.45188077002154,468.60289712184203,100.0,100.0,True,,synthetic_swma,sim_user,unknown_cuda_workload,gpu:1,swma
71.5,2026-01-01 00:01:11.500000+00:00,,syn-attack-swma-200,swma-periodic-primary,square,0.5,0.79,0.5,0,10.0,39.541796029194636,0.1929085925807036,2.161827764845565,210.0,27.2895009258486,723.3026942188053,100.0,100.0,True,,synthetic_swma,sim_user,unknown_cuda_workload,gpu:1,swma
71.6,2026-01-01 00:01:11.600000+00:00,,syn-attack-swma-200,swma-periodic-primary,square,0.5,0.79,0.5,0,10.0,35.164833543086466,1.77186954896076,0.0,281.3121729376456,27.987093151219845,406.08173022641506,100.0,100.0,True,,synthetic_swma,sim_user,unknown_cuda_workload,gpu:1,swma
71.7,2026-01-01 00:01:11.700000+00:00,,syn-attack-swma-200,swma-periodic-primary,square,0.5,0.79,0.5,0,10.0,33.51758974568039,1.6206398804848263,0.0,272.2383928290896,28.1643536031471,506.89947622962643,100.0,100.0,True,,synthetic_swma,sim_user,unknown_cuda_workload,gpu:1,swma
71.8,2026-01-01 00:01:11.800000+00:00,,syn-attack-swma-200,swma-periodic-primary,square,0.5,0.79,0.5,0,10.0,37.949178260876174,0.04678284774560071,0.0,210.0,27.86772820757976,404.4386376733608,100.0,100.0,True,,synthetic_swma,sim_user,unknown_cuda_workload,gpu:1,swma
71.9,2026-01-01 00:01:11.900000+00:00,,syn-attack-swma-200,swma-periodic-primary,square,0.5,0.79,0.5,0,10.0,39.510123043776225,0.0,2.013497391701636,210.0,27.950264969520866,554.3127314719893,100.0,100.0,True,,synthetic_swma,sim_user,unknown_cuda_workload,gpu:1,swma
72.0,2026-01-01 00:01:12+00:00,,syn-attack-swma-200,swma-periodic-primary,square,0.5,0.79,0.5,0,10.0,328.8308316986381,98.90776440186853,52.84037935254521,2520.0,55.503610840515826,3832.5484586664215,100.0,100.0,True,,synthetic_swma,sim_user,unknown_cuda_workload,gpu:1,swma
72.1,2026-01-01 00:01:12.100000+00:00,,syn-attack-swma-200,swma-periodic-primary,square,0.5,0.79,0.5,0,10.0,332.88345995145755,96.78480757396164,57.07625743428897,2520.0,55.02258152674281,4485.764041841704,100.0,100.0,True,,synthetic_swma,sim_user,unknown_cuda_workload,gpu:1,swma
72.2,2026-01-01 00:01:12.200000+00:00,,syn-attack-swma-200,swma-periodic-primary,square,0.5,0.79,0.5,0,10.0,332.35302631024825,99.08170850182991,57.6323080896708,2520.0,55.72202151153846,4496.844010381713,100.0,100.0,True,,synthetic_swma,sim_user,unknown_cuda_workload,gpu:1,swma
72.3,2026-01-01 00:01:12.300000+00:00,,syn-attack-swma-200,swma-periodic-primary,square,0.5,0.79,0.5,0,10.0,327.38157598547747,98.55904248972831,50.7162413499872,2520.0,55.437700994420425,4006.396353906651,100.0,100.0,True,,synthetic_swma,sim_user,unknown_cuda_workload,gpu:1,swma
72.4,2026-01-01 00:01:12.400000+00:00,,syn-attack-swma-200,swma-periodic-primary,square,0.5,0.79,0.5,0,10.0,331.68225548748524,98.64270818826158,56.49649682019084,2520.0,55.65657174961461,4287.0001412723705,100.0,100.0,True,,synthetic_swma,sim_user,unknown_cuda_workload,gpu:1,swma
72.5,2026-01-01 00:01:12.500000+00:00,,syn-attack-swma-200,swma-periodic-primary,square,0.5,0.79,0.5,0,10.0,325.2709429885334,97.98917881135758,47.58863899762456,2520.0,55.74273068874668,3818.185480534996,100.0,100.0,True,,synthetic_swma,sim_user,unknown_cuda_workload,gpu:1,swma
72.6,2026-01-01 00:01:12.600000+00:00,,syn-attack-swma-200,swma-periodic-primary,square,0.5,0.79,0.5,0,10.0,323.8208968013762,97.79219415087232,45.546902518148016,2520.0,55.65049623125873,3606.4167076083477,100.0,100.0,True,,synthetic_swma,sim_user,unknown_cuda_workload,gpu:1,swma
72.7,2026-01-01 00:01:12.700000+00:00,,syn-attack-swma-200,swma-periodic-primary,square,0.5,0.79,0.5,0,10.0,326.7401746810456,98.70066355668311,49.938931197569794,2520.0,56.03682956322545,3811.7996373630035,100.0,100.0,True,,synthetic_swma,sim_user,unknown_cuda_workload,gpu:1,swma
72.8,2026-01-01 00:01:12.800000+00:00,,syn-attack-swma-200,swma-periodic-primary,square,0.5,0.79,0.5,0,10.0,328.9305763099885,98.13501807290724,52.548361686750305,2520.0,55.42842596722926,4129.08641647522,100.0,100.0,True,,synthetic_swma,sim_user,unknown_cuda_workload,gpu:1,swma
72.9,2026-01-01 00:01:12.900000+00:00,,syn-attack-swma-200,swma-periodic-primary,square,0.5,0.79,0.5,0,10.0,329.4868559625017,97.66698772605312,53.032651199331454,2520.0,55.37277916808346,4165.930303857844,100.0,100.0,True,,synthetic_swma,sim_user,unknown_cuda_workload,gpu:1,swma
73.0,2026-01-01 00:01:13+00:00,,syn-attack-swma-200,swma-periodic-primary,square,0.5,0.79,0.5,0,10.0,36.67295696153777,1.203687234262065,0.0,247.2212340557239,28.495684346950277,575.1434661875893,100.0,100.0,True,,synthetic_swma,sim_user,unknown_cuda_workload,gpu:1,swma
73.1,2026-01-01 00:01:13.100000+00:00,,syn-attack-swma-200,swma-periodic-primary,square,0.5,0.79,0.5,0,10.0,35.69432593092255,1.0892663746052293,0.0,240.35598247631376,28.657237022984937,520.8520650310167,100.0,100.0,True,,synthetic_swma,sim_user,unknown_cuda_workload,gpu:1,swma
73.2,2026-01-01 00:01:13.200000+00:00,,syn-attack-swma-200,swma-periodic-primary,square,0.5,0.79,0.5,0,10.0,38.90065805200062,1.1939677976465206,1.8575596913730834,246.63806785879123,28.974717573309672,492.5066464190712,100.0,100.0,True,,synthetic_swma,sim_user,unknown_cuda_workload,gpu:1,swma
73.3,2026-01-01 00:01:13.300000+00:00,,syn-attack-swma-200,swma-periodic-primary,square,0.5,0.79,0.5,0,10.0,36.944778453276804,0.8042441639364317,0.0,223.2546498361859,28.534145181314074,470.3918528625861,100.0,100.0,True,,synthetic_swma,sim_user,unknown_cuda_workload,gpu:1,swma
73.4,2026-01-01 00:01:13.400000+00:00,,syn-attack-swma-200,swma-periodic-primary,square,0.5,0.79,0.5,0,10.0,41.76434772874811,0.0,5.019130304997487,210.0,28.021802016412973,829.8109079347204,100.0,100.0,True,,synthetic_swma,sim_user,unknown_cuda_workload,gpu:1,swma
73.5,2026-01-01 00:01:13.500000+00:00,,syn-attack-swma-200,swma-periodic-primary,square,0.5,0.79,0.5,0,10.0,42.05125199801875,0.6263491949309659,5.7461613879036975,212.58095169585795,27.969012822570637,862.7709143955819,100.0,100.0,True,,synthetic_swma,sim_user,unknown_cuda_workload,gpu:1,swma
73.6,2026-01-01 00:01:13.600000+00:00,,syn-attack-swma-200,swma-periodic-primary,square,0.5,0.79,0.5,0,10.0,28.524040570531618,1.9182474980661115,0.0,290.0948498839667,28.108229462076704,474.6513821763501,100.0,100.0,True,,synthetic_swma,sim_user,unknown_cuda_workload,gpu:1,swma
73.7,2026-01-01 00:01:13.700000+00:00,,syn-attack-swma-200,swma-periodic-primary,square,0.5,0.79,0.5,0,10.0,37.821621076468894,0.9292272514891023,0.27323642361086886,230.75363508934615,27.997586459786223,384.0070385319308,100.0,100.0,True,,synthetic_swma,sim_user,unknown_cuda_workload,gpu:1,swma
73.8,2026-01-01 00:01:13.800000+00:00,,syn-attack-swma-200,swma-periodic-primary,square,0.5,0.79,0.5,0,10.0,39.222020054847036,0.8719971780686487,2.1089585210671347,227.31983068411893,28.037398180675655,814.3773996928269,100.0,100.0,True,,synthetic_swma,sim_user,unknown_cuda_workload,gpu:1,swma
73.9,2026-01-01 00:01:13.900000+00:00,,syn-attack-swma-200,swma-periodic-primary,square,0.5,0.79,0.5,0,10.0,40.634941417072696,2.612245188831997,4.949990076621191,331.7347113299198,28.251006158705525,582.6997687222627,100.0,100.0,True,,synthetic_swma,sim_user,unknown_cuda_workload,gpu:1,swma
74.0,2026-01-01 00:01:14+00:00,,syn-attack-swma-200,swma-periodic-primary,square,0.5,0.79,0.5,0,10.0,325.83223186392706,99.55381622602887,49.19757474288534,2520.0,55.371919435265816,3817.8324075184487,100.0,100.0,True,,synthetic_swma,sim_user,unknown_cuda_workload,gpu:1,swma
74.1,2026-01-01 00:01:14.100000+00:00,,syn-attack-swma-200,swma-periodic-primary,square,0.5,0.79,0.5,0,10.0,334.97261967781935,98.81419684368011,60.97796783444986,2520.0,54.960718066283945,4699.3224995734,100.0,100.0,True,,synthetic_swma,sim_user,unknown_cuda_workload,gpu:1,swma
74.2,2026-01-01 00:01:14.200000+00:00,,syn-attack-swma-200,swma-periodic-primary,square,0.5,0.79,0.5,0,10.0,329.03723420112476,98.01771698498584,52.6260566099086,2520.0,54.816158639517404,4022.338983396688,100.0,100.0,True,,synthetic_swma,sim_user,unknown_cuda_workload,gpu:1,swma
74.3,2026-01-01 00:01:14.300000+00:00,,syn-attack-swma-200,swma-periodic-primary,square,0.5,0.79,0.5,0,10.0,332.54826189275093,98.31329898056507,57.46999696297871,2520.0,54.96231691950348,4430.9755517112,100.0,100.0,True,,synthetic_swma,sim_user,unknown_cuda_workload,gpu:1,swma
74.4,2026-01-01 00:01:14.400000+00:00,,syn-attack-swma-200,swma-periodic-primary,square,0.5,0.79,0.5,0,10.0,332.0012580084963,98.16024412277952,56.65647827885714,2520.0,55.13859730917721,4472.157893776115,100.0,100.0,True,,synthetic_swma,sim_user,unknown_cuda_workload,gpu:1,swma
74.5,2026-01-01 00:01:14.500000+00:00,,syn-attack-swma-200,swma-periodic-primary,square,0.5,0.79,0.5,0,10.0,331.64158729327863,97.82202160585777,55.99089494092666,2520.0,55.13242125131915,4375.672292292282,100.0,100.0,True,,synthetic_swma,sim_user,unknown_cuda_workload,gpu:1,swma
74.6,2026-01-01 00:01:14.600000+00:00,,syn-attack-swma-200,swma-periodic-primary,square,0.5,0.79,0.5,0,10.0,330.4221167031267,95.98077026635234,53.352245917329356,2520.0,54.406918422439205,4055.5998749807914,100.0,100.0,True,,synthetic_swma,sim_user,unknown_cuda_workload,gpu:1,swma
74.7,2026-01-01 00:01:14.700000+00:00,,syn-attack-swma-200,swma-periodic-primary,square,0.5,0.79,0.5,0,10.0,327.15547207766616,98.78992363377816,50.54175410213285,2520.0,54.97876226089144,3998.4826095532903,100.0,100.0,True,,synthetic_swma,sim_user,unknown_cuda_workload,gpu:1,swma
74.8,2026-01-01 00:01:14.800000+00:00,,syn-attack-swma-200,swma-periodic-primary,square,0.5,0.79,0.5,0,10.0,330.76293135215957,97.72983463838628,54.768650853991886,2520.0,54.91183039380614,4129.164142304894,100.0,100.0,True,,synthetic_swma,sim_user,unknown_cuda_workload,gpu:1,swma
74.9,2026-01-01 00:01:14.900000+00:00,,syn-attack-swma-200,swma-periodic-primary,square,0.5,0.79,0.5,0,10.0,331.01333085065187,98.69236829930509,55.63191036548699,2520.0,55.00439274470928,4342.326869798162,100.0,100.0,True,,synthetic_swma,sim_user,unknown_cuda_workload,gpu:1,swma
75.0,2026-01-01 00:01:15+00:00,,syn-attack-swma-200,swma-periodic-primary,square,0.5,0.79,0.5,0,10.0,32.725770660674044,2.126053011247758,0.0,302.5631806748655,28.18750657811338,361.62669143581303,100.0,100.0,True,,synthetic_swma,sim_user,unknown_cuda_workload,gpu:1,swma
75.1,2026-01-01 00:01:15.100000+00:00,,syn-attack-swma-200,swma-periodic-primary,square,0.5,0.79,0.5,0,10.0,42.15040524521407,2.1201284046737063,6.699944282855958,302.2077042804224,28.048265055908526,979.8025875733458,100.0,100.0,True,,synthetic_swma,sim_user,unknown_cuda_workload,gpu:1,swma
75.2,2026-01-01 00:01:15.200000+00:00,,syn-attack-swma-200,swma-periodic-primary,square,0.5,0.79,0.5,0,10.0,37.914405509884695,0.0,0.0,210.0,27.3152449016791,512.8325331322355,100.0,100.0,True,,synthetic_swma,sim_user,unknown_cuda_workload,gpu:1,swma
75.3,2026-01-01 00:01:15.300000+00:00,,syn-attack-swma-200,swma-periodic-primary,square,0.5,0.79,0.5,0,10.0,35.8591671880823,1.8474958070855876,0.0,285.84974842513526,27.85594850314468,259.7881391050824,100.0,100.0,True,,synthetic_swma,sim_user,unknown_cuda_workload,gpu:1,swma
75.4,2026-01-01 00:01:15.400000+00:00,,syn-attack-swma-200,swma-periodic-primary,square,0.5,0.79,0.5,0,10.0,37.58239810514476,1.762497677945369,0.41257119639630624,280.7498606767221,27.77023490061903,617.0942885109545,100.0,100.0,True,,synthetic_swma,sim_user,unknown_cuda_workload,gpu:1,swma
75.5,2026-01-01 00:01:15.500000+00:00,,syn-attack-swma-200,swma-periodic-primary,square,0.5,0.79,0.5,0,10.0,37.78485022116675,0.5101591465051079,0.0,210.0,27.546511965075037,406.6358960666168,100.0,100.0,True,,synthetic_swma,sim_user,unknown_cuda_workload,gpu:1,swma
75.6,2026-01-01 00:01:15.600000+00:00,,syn-attack-swma-200,swma-periodic-primary,square,0.5,0.79,0.5,0,10.0,39.09804386348351,0.0,1.4640584846446776,210.0,27.71676168623683,586.9926285718852,100.0,100.0,True,,synthetic_swma,sim_user,unknown_cuda_workload,gpu:1,swma
75.7,2026-01-01 00:01:15.700000+00:00,,syn-attack-swma-200,swma-periodic-primary,square,0.5,0.79,0.5,0,10.0,39.44932044693426,0.3745961894720825,2.1384551667886567,210.0,27.620386378877644,479.42641208064674,100.0,100.0,True,,synthetic_swma,sim_user,unknown_cuda_workload,gpu:1,swma
75.8,2026-01-01 00:01:15.800000+00:00,,syn-attack-swma-200,swma-periodic-primary,square,0.5,0.79,0.5,0,10.0,39.95801680091518,1.9210100348124828,3.667244587033779,290.26060208874895,28.290653691192546,782.7419616063181,100.0,100.0,True,,synthetic_swma,sim_user,unknown_cuda_workload,gpu:1,swma
75.9,2026-01-01 00:01:15.900000+00:00,,syn-attack-swma-200,swma-periodic-primary,square,0.5,0.79,0.5,0,10.0,36.09769588067153,0.0,0.0,210.0,27.880780264080407,704.4158444771665,100.0,100.0,True,,synthetic_swma,sim_user,unknown_cuda_workload,gpu:1,swma
76.0,2026-01-01 00:01:16+00:00,,syn-attack-swma-200,swma-periodic-primary,square,0.5,0.79,0.5,0,10.0,327.79345796663574,97.63403028403299,50.75666061173248,2520.0,55.5381112686999,4004.1298212013644,100.0,100.0,True,,synthetic_swma,sim_user,unknown_cuda_workload,gpu:1,swma
76.1,2026-01-01 00:01:16.100000+00:00,,syn-attack-swma-200,swma-periodic-primary,square,0.5,0.79,0.5,0,10.0,327.99307998164625,98.65857389739644,51.58632228576307,2520.0,55.96730559665978,4099.002424980086,100.0,100.0,True,,synthetic_swma,sim_user,unknown_cuda_workload,gpu:1,swma
76.2,2026-01-01 00:01:16.200000+00:00,,syn-attack-swma-200,swma-periodic-primary,square,0.5,0.79,0.5,0,10.0,332.5932398408511,99.53373554651222,58.201207671716496,2520.0,56.33320686681448,4495.9600027076385,100.0,100.0,True,,synthetic_swma,sim_user,unknown_cuda_workload,gpu:1,swma
76.3,2026-01-01 00:01:16.300000+00:00,,syn-attack-swma-200,swma-periodic-primary,square,0.5,0.79,0.5,0,10.0,328.8137398350862,97.80160532562735,52.20920270921001,2520.0,55.787532446296375,4173.701156424184,100.0,100.0,True,,synthetic_swma,sim_user,unknown_cuda_workload,gpu:1,swma
76.4,2026-01-01 00:01:16.400000+00:00,,syn-attack-swma-200,swma-periodic-primary,square,0.5,0.79,0.5,0,10.0,328.24336322703584,100.0,52.65781763604781,2520.0,56.56040114935943,4042.8892088367916,100.0,100.0,True,,synthetic_swma,sim_user,unknown_cuda_workload,gpu:1,swma
76.5,2026-01-01 00:01:16.500000+00:00,,syn-attack-swma-200,swma-periodic-primary,square,0.5,0.79,0.5,0,10.0,330.87473759569843,97.20254696975043,54.627717627627284,2520.0,55.83810893777597,4279.279339389706,100.0,100.0,True,,synthetic_swma,sim_user,unknown_cuda_workload,gpu:1,swma
76.6,2026-01-01 00:01:16.600000+00:00,,syn-attack-swma-200,swma-periodic-primary,square,0.5,0.79,0.5,0,10.0,334.26411219690317,98.31453511016052,59.75847723979251,2520.0,56.10877318102514,4582.2621218226095,100.0,100.0,True,,synthetic_swma,sim_user,unknown_cuda_workload,gpu:1,swma
76.7,2026-01-01 00:01:16.700000+00:00,,syn-attack-swma-200,swma-periodic-primary,square,0.5,0.79,0.5,0,10.0,329.2026420882462,97.45053780421438,52.53465190997954,2520.0,55.68469350658134,4022.2502849523353,100.0,100.0,True,,synthetic_swma,sim_user,unknown_cuda_workload,gpu:1,swma
76.8,2026-01-01 00:01:16.800000+00:00,,syn-attack-swma-200,swma-periodic-primary,square,0.5,0.79,0.5,0,10.0,331.2025318686804,99.37452491560748,56.25936452849134,2520.0,56.146279841224086,4436.847588021273,100.0,100.0,True,,synthetic_swma,sim_user,unknown_cuda_workload,gpu:1,swma
76.9,2026-01-01 00:01:16.900000+00:00,,syn-attack-swma-200,swma-periodic-primary,square,0.5,0.79,0.5,0,10.0,334.4817221074203,96.5965774728239,59.103747086613524,2520.0,55.21630138465632,4669.588733771751,100.0,100.0,True,,synthetic_swma,sim_user,unknown_cuda_workload,gpu:1,swma
77.0,2026-01-01 00:01:17+00:00,,syn-attack-swma-200,swma-periodic-primary,square,0.5,0.79,0.5,0,10.0,36.856106922177275,0.03454796869460541,0.0,210.0,28.193761678201852,660.0164376315033,100.0,100.0,True,,synthetic_swma,sim_user,unknown_cuda_workload,gpu:1,swma
77.1,2026-01-01 00:01:17.100000+00:00,,syn-attack-swma-200,swma-periodic-primary,square,0.5,0.79,0.5,0,10.0,34.31082974150173,0.0,0.0,210.0,27.816543515867824,476.8976558296766,100.0,100.0,True,,synthetic_swma,sim_user,unknown_cuda_workload,gpu:1,swma
77.2,2026-01-01 00:01:17.200000+00:00,,syn-attack-swma-200,swma-periodic-primary,square,0.5,0.79,0.5,0,10.0,39.039104470253335,2.2521618147103735,2.62416162509515,310.1297088826224,28.37250619004352,518.752311365112,100.0,100.0,True,,synthetic_swma,sim_user,unknown_cuda_workload,gpu:1,swma
77.3,2026-01-01 00:01:17.300000+00:00,,syn-attack-swma-200,swma-periodic-primary,square,0.5,0.79,0.5,0,10.0,40.28062527360534,1.0161698663130119,3.5997271246126115,235.97019197878072,27.86085521950977,696.6377366100348,100.0,100.0,True,,synthetic_swma,sim_user,unknown_cuda_workload,gpu:1,swma
77.4,2026-01-01 00:01:17.400000+00:00,,syn-attack-swma-200,swma-periodic-primary,square,0.5,0.79,0.5,0,10.0,37.23360834722081,0.8762284081932759,0.0,227.57370449159657,27.716845487704568,323.8293686960163,100.0,100.0,True,,synthetic_swma,sim_user,unknown_cuda_workload,gpu:1,swma
77.5,2026-01-01 00:01:17.500000+00:00,,syn-attack-swma-200,swma-periodic-primary,square,0.5,0.79,0.5,0,10.0,36.93531778766802,0.0,0.0,210.0,27.639274522426987,498.5038773827583,100.0,100.0,True,,synthetic_swma,sim_user,unknown_cuda_workload,gpu:1,swma
77.6,2026-01-01 00:01:17.600000+00:00,,syn-attack-swma-200,swma-periodic-primary,square,0.5,0.79,0.5,0,10.0,37.40131239084091,1.5765171769478812,0.06883430177587513,269.59103061687284,28.137098540594987,405.69888905927894,100.0,100.0,True,,synthetic_swma,sim_user,unknown_cuda_workload,gpu:1,swma
77.7,2026-01-01 00:01:17.700000+00:00,,syn-attack-swma-200,swma-periodic-primary,square,0.5,0.79,0.5,0,10.0,36.257577990318104,0.0,0.0,210.0,27.67542631319174,284.51490397566806,100.0,100.0,True,,synthetic_swma,sim_user,unknown_cuda_workload,gpu:1,swma
77.8,2026-01-01 00:01:17.800000+00:00,,syn-attack-swma-200,swma-periodic-primary,square,0.5,0.79,0.5,0,10.0,35.48326461102786,0.0,0.0,210.0,27.857981246778525,446.9340504558593,100.0,100.0,True,,synthetic_swma,sim_user,unknown_cuda_workload,gpu:1,swma
77.9,2026-01-01 00:01:17.900000+00:00,,syn-attack-swma-200,swma-periodic-primary,square,0.5,0.79,0.5,0,10.0,38.27503812503865,1.3485813806400275,1.1084372594035483,255.91488283840167,28.200677036515753,329.8663747018025,100.0,100.0,True,,synthetic_swma,sim_user,unknown_cuda_workload,gpu:1,swma
78.0,2026-01-01 00:01:18+00:00,,syn-attack-swma-200,swma-periodic-primary,square,0.5,0.79,0.5,0,10.0,328.77573460896105,98.67307321448914,52.63783641325043,2520.0,55.70077136425022,4048.334019850146,100.0,100.0,True,,synthetic_swma,sim_user,unknown_cuda_workload,gpu:1,swma
78.1,2026-01-01 00:01:18.100000+00:00,,syn-attack-swma-200,swma-periodic-primary,square,0.5,0.79,0.5,0,10.0,332.9505586463678,97.37617897541878,57.49097663163742,2520.0,55.48312079308581,4363.518013154197,100.0,100.0,True,,synthetic_swma,sim_user,unknown_cuda_workload,gpu:1,swma
78.2,2026-01-01 00:01:18.200000+00:00,,syn-attack-swma-200,swma-periodic-primary,square,0.5,0.79,0.5,0,10.0,329.3653097649969,97.9129407445827,53.005863762849685,2520.0,55.89849505510214,4033.4591698029108,100.0,100.0,True,,synthetic_swma,sim_user,unknown_cuda_workload,gpu:1,swma
78.3,2026-01-01 00:01:18.300000+00:00,,syn-attack-swma-200,swma-periodic-primary,square,0.5,0.79,0.5,0,10.0,330.55549855786984,97.80254197213544,54.53206282850095,2520.0,56.07310298554,4293.85781093314,100.0,100.0,True,,synthetic_swma,sim_user,unknown_cuda_workload,gpu:1,swma
78.4,2026-01-01 00:01:18.400000+00:00,,syn-attack-swma-200,swma-periodic-primary,square,0.5,0.79,0.5,0,10.0,325.3478573704957,97.47296471226076,47.40727375240434,2520.0,55.67349163593431,3599.676207302023,100.0,100.0,True,,synthetic_swma,sim_user,unknown_cuda_workload,gpu:1,swma
78.5,2026-01-01 00:01:18.500000+00:00,,syn-attack-swma-200,swma-periodic-primary,square,0.5,0.79,0.5,0,10.0,334.8745729357919,97.3051862193974,60.01728300172443,2520.0,55.18484633965401,4579.661133552595,100.0,100.0,True,,synthetic_swma,sim_user,unknown_cuda_workload,gpu:1,swma
78.6,2026-01-01 00:01:18.600000+00:00,,syn-attack-swma-200,swma-periodic-primary,square,0.5,0.79,0.5,0,10.0,328.3625991788946,98.23436059820517,51.845697234205645,2520.0,55.366144422813576,4125.2483574550815,100.0,100.0,True,,synthetic_swma,sim_user,unknown_cuda_workload,gpu:1,swma
78.7,2026-01-01 00:01:18.700000+00:00,,syn-attack-swma-200,swma-periodic-primary,square,0.5,0.79,0.5,0,10.0,332.5735929834543,99.97925328076546,58.4200466156934,2520.0,55.5845050103152,4523.852902367337,100.0,100.0,True,,synthetic_swma,sim_user,unknown_cuda_workload,gpu:1,swma
78.8,2026-01-01 00:01:18.800000+00:00,,syn-attack-swma-200,swma-periodic-primary,square,0.5,0.79,0.5,0,10.0,326.37115299976216,97.03776550501014,48.53230836077178,2520.0,54.7983766226524,3866.679284013085,100.0,100.0,True,,synthetic_swma,sim_user,unknown_cuda_workload,gpu:1,swma
78.9,2026-01-01 00:01:18.900000+00:00,,syn-attack-swma-200,swma-periodic-primary,square,0.5,0.79,0.5,0,10.0,329.6602435591087,98.7870695246752,53.87987965071636,2520.0,55.243407070473346,4285.532083109979,100.0,100.0,True,,synthetic_swma,sim_user,unknown_cuda_workload,gpu:1,swma
79.0,2026-01-01 00:01:19+00:00,,syn-attack-swma-200,swma-periodic-primary,square,0.5,0.79,0.5,0,10.0,38.63052005600759,0.0,0.840693408010117,210.0,27.268743021111355,360.5063707336175,100.0,100.0,True,,synthetic_swma,sim_user,unknown_cuda_workload,gpu:1,swma
79.1,2026-01-01 00:01:19.100000+00:00,,syn-attack-swma-200,swma-periodic-primary,square,0.5,0.79,0.5,0,10.0,41.60590856348965,1.1777525828385624,5.455642005214079,245.66515497031375,27.67842012767133,731.8238384674905,100.0,100.0,True,,synthetic_swma,sim_user,unknown_cuda_workload,gpu:1,swma
79.2,2026-01-01 00:01:19.200000+00:00,,syn-attack-swma-200,swma-periodic-primary,square,0.5,0.79,0.5,0,10.0,38.23529199556453,1.1839092715682547,0.9648727601152514,246.03455629409527,27.68908012201487,563.822039811951,100.0,100.0,True,,synthetic_swma,sim_user,unknown_cuda_workload,gpu:1,swma
79.3,2026-01-01 00:01:19.300000+00:00,,syn-attack-swma-200,swma-periodic-primary,square,0.5,0.79,0.5,0,10.0,41.56640379539803,1.0316439391628083,5.322609227070257,236.89863634976848,28.040219019823493,844.955739809144,100.0,100.0,True,,synthetic_swma,sim_user,unknown_cuda_workload,gpu:1,swma
79.4,2026-01-01 00:01:19.400000+00:00,,syn-attack-swma-200,swma-periodic-primary,square,0.5,0.79,0.5,0,10.0,42.497676694678574,1.596858736783883,6.875174564802568,270.811524207033,28.399445844147348,978.608715200449,100.0,100.0,True,,synthetic_swma,sim_user,unknown_cuda_workload,gpu:1,swma
79.5,2026-01-01 00:01:19.500000+00:00,,syn-attack-swma-200,swma-periodic-primary,square,0.5,0.79,0.5,0,10.0,41.168217182548574,0.026162302581540064,4.238678843151282,210.0,28.055919695834685,607.5561909673962,100.0,100.0,True,,synthetic_swma,sim_user,unknown_cuda_workload,gpu:1,swma
79.6,2026-01-01 00:01:19.600000+00:00,,syn-attack-swma-200,swma-periodic-primary,square,0.5,0.79,0.5,0,10.0,38.29931766896319,1.2840669069421566,1.1053270241024453,252.0440144165294,28.16657355480273,568.6036576478232,100.0,100.0,True,,synthetic_swma,sim_user,unknown_cuda_workload,gpu:1,swma
79.7,2026-01-01 00:01:19.700000+00:00,,syn-attack-swma-200,swma-periodic-primary,square,0.5,0.79,0.5,0,10.0,37.35766083124308,0.05827235321185664,0.0,210.0,27.583169866089698,437.74846635633054,100.0,100.0,True,,synthetic_swma,sim_user,unknown_cuda_workload,gpu:1,swma
79.8,2026-01-01 00:01:19.800000+00:00,,syn-attack-swma-200,swma-periodic-primary,square,0.5,0.79,0.5,0,10.0,36.17576805840468,1.368861930479749,0.0,257.13171582878493,27.924765004244712,676.5077485043288,100.0,100.0,True,,synthetic_swma,sim_user,unknown_cuda_workload,gpu:1,swma
79.9,2026-01-01 00:01:19.900000+00:00,,syn-attack-swma-200,swma-periodic-primary,square,0.5,0.79,0.5,0,10.0,36.27957704536163,1.454538145586041,0.0,262.2722887351625,28.214082220685242,289.70163808275817,100.0,100.0,True,,synthetic_swma,sim_user,unknown_cuda_workload,gpu:1,swma
80.0,2026-01-01 00:01:20+00:00,,syn-attack-swma-200,swma-periodic-primary,square,0.5,0.79,0.5,0,10.0,330.07106011353017,97.81499702771201,53.892995183281826,2520.0,55.20351960866862,4085.9207671386816,100.0,100.0,True,,synthetic_swma,sim_user,unknown_cuda_workload,gpu:1,swma
80.1,2026-01-01 00:01:20.100000+00:00,,syn-attack-swma-200,swma-periodic-primary,square,0.5,0.79,0.5,0,10.0,330.9944624721948,98.94500649000341,55.745703532428315,2520.0,55.39885765542799,4074.6164301116437,100.0,100.0,True,,synthetic_swma,sim_user,unknown_cuda_workload,gpu:1,swma
80.2,2026-01-01 00:01:20.200000+00:00,,syn-attack-swma-200,swma-periodic-primary,square,0.5,0.79,0.5,0,10.0,327.89560742011344,97.50658449668197,50.82276469999301,2520.0,54.74190549886833,3877.7471702362673,100.0,100.0,True,,synthetic_swma,sim_user,unknown_cuda_workload,gpu:1,swma
80.3,2026-01-01 00:01:20.300000+00:00,,syn-attack-swma-200,swma-periodic-primary,square,0.5,0.79,0.5,0,10.0,332.51349419606146,99.23665802470443,57.931487508336076,2520.0,55.60186325425116,4418.864663883399,100.0,100.0,True,,synthetic_swma,sim_user,unknown_cuda_workload,gpu:1,swma
80.4,2026-01-01 00:01:20.400000+00:00,,syn-attack-swma-200,swma-periodic-primary,square,0.5,0.79,0.5,0,10.0,333.5088687785316,98.30358155595229,58.745461560482624,2520.0,55.285629975123754,4621.415443758705,100.0,100.0,True,,synthetic_swma,sim_user,unknown_cuda_workload,gpu:1,swma
80.5,2026-01-01 00:01:20.500000+00:00,,syn-attack-swma-200,swma-periodic-primary,square,0.5,0.79,0.5,0,10.0,332.9303840955322,98.09966476229934,57.861994413307585,2520.0,55.653386779373044,4529.98411168505,100.0,100.0,True,,synthetic_swma,sim_user,unknown_cuda_workload,gpu:1,swma
80.6,2026-01-01 00:01:20.600000+00:00,,syn-attack-swma-200,swma-periodic-primary,square,0.5,0.79,0.5,0,10.0,330.38913683224325,97.186920873377,53.971655590015,2520.0,55.70359326965614,4288.263610254921,100.0,100.0,True,,synthetic_swma,sim_user,unknown_cuda_workload,gpu:1,swma
80.7,2026-01-01 00:01:20.700000+00:00,,syn-attack-swma-200,swma-periodic-primary,square,0.5,0.79,0.5,0,10.0,328.28048772415434,98.21232060631894,51.72409329901454,2520.0,55.775810578492134,4233.061272734769,100.0,100.0,True,,synthetic_swma,sim_user,unknown_cuda_workload,gpu:1,swma
80.8,2026-01-01 00:01:20.800000+00:00,,syn-attack-swma-200,swma-periodic-primary,square,0.5,0.79,0.5,0,10.0,328.2219583281078,97.3669193207088,51.18108339720028,2520.0,55.74014219205299,4042.9545681331474,100.0,100.0,True,,synthetic_swma,sim_user,unknown_cuda_workload,gpu:1,swma
80.9,2026-01-01 00:01:20.900000+00:00,,syn-attack-swma-200,swma-periodic-primary,square,0.5,0.79,0.5,0,10.0,331.34785505078395,94.94641815528693,54.01767005311976,2476.7850893172163,54.822809183198224,4115.5158980908,100.0,100.0,True,,synthetic_swma,sim_user,unknown_cuda_workload,gpu:1,swma
81.0,2026-01-01 00:01:21+00:00,,syn-attack-swma-200,swma-periodic-primary,square,0.5,0.79,0.5,0,10.0,45.72722418153593,0.0,10.302965575381245,210.0,28.034040314943773,1334.1455952380584,100.0,100.0,True,,synthetic_swma,sim_user,unknown_cuda_workload,gpu:1,swma
81.1,2026-01-01 00:01:21.100000+00:00,,syn-attack-swma-200,swma-periodic-primary,square,0.5,0.79,0.5,0,10.0,40.94788482951205,0.4295408118153192,4.16676055251449,210.0,28.152387950944163,661.4868412414125,100.0,100.0,True,,synthetic_swma,sim_user,unknown_cuda_workload,gpu:1,swma
81.2,2026-01-01 00:01:21.200000+00:00,,syn-attack-swma-200,swma-periodic-primary,square,0.5,0.79,0.5,0,10.0,32.25900373351968,0.9034436902656489,0.0,229.20662141593894,28.239729607062202,376.0210164295913,100.0,100.0,True,,synthetic_swma,sim_user,unknown_cuda_workload,gpu:1,swma
81.3,2026-01-01 00:01:21.300000+00:00,,syn-attack-swma-200,swma-periodic-primary,square,0.5,0.79,0.5,0,10.0,37.21462404910879,1.0226374604472557,0.0,236.35824762683535,28.280025856024437,396.9136771737421,100.0,100.0,True,,synthetic_swma,sim_user,unknown_cuda_workload,gpu:1,swma
81.4,2026-01-01 00:01:21.400000+00:00,,syn-attack-swma-200,swma-periodic-primary,square,0.5,0.79,0.5,0,10.0,36.36243985514209,2.1281198135045454,0.0,302.6871888102727,28.273799683882178,330.02265835595574,100.0,100.0,True,,synthetic_swma,sim_user,unknown_cuda_workload,gpu:1,swma
81.5,2026-01-01 00:01:21.500000+00:00,,syn-attack-swma-200,swma-periodic-primary,square,0.5,0.79,0.5,0,10.0,35.84917205802439,2.8131724001535616,0.0,343.7903440092137,28.22725169921879,518.0310682363049,100.0,100.0,True,,synthetic_swma,sim_user,unknown_cuda_workload,gpu:1,swma
81.6,2026-01-01 00:01:21.600000+00:00,,syn-attack-swma-200,swma-periodic-primary,square,0.5,0.79,0.5,0,10.0,39.75008536628456,0.5961706030376526,2.6613409867167883,210.77023618225914,27.789775012179113,430.8814255067846,100.0,100.0,True,,synthetic_swma,sim_user,unknown_cuda_workload,gpu:1,swma
81.7,2026-01-01 00:01:21.700000+00:00,,syn-attack-swma-200,swma-periodic-primary,square,0.5,0.79,0.5,0,10.0,41.44444422429849,2.151924811557974,5.776150945421548,304.1154886934784,27.822178420867132,807.2187720720939,100.0,100.0,True,,synthetic_swma,sim_user,unknown_cuda_workload,gpu:1,swma
81.8,2026-01-01 00:01:21.800000+00:00,,syn-attack-swma-200,swma-periodic-primary,square,0.5,0.79,0.5,0,10.0,34.548895560429166,2.5848219674160307,0.0,330.08931804496183,28.111993133439924,483.4800118241176,100.0,100.0,True,,synthetic_swma,sim_user,unknown_cuda_workload,gpu:1,swma
81.9,2026-01-01 00:01:21.900000+00:00,,syn-attack-swma-200,swma-periodic-primary,square,0.5,0.79,0.5,0,10.0,37.977934608993785,0.0,0.0,210.0,27.459700713889408,483.9360693591698,100.0,100.0,True,,synthetic_swma,sim_user,unknown_cuda_workload,gpu:1,swma
82.0,2026-01-01 00:01:22+00:00,,syn-attack-swma-200,swma-periodic-primary,square,0.5,0.79,0.5,0,10.0,331.16316633342177,96.3905757568567,54.56570511083353,2520.0,54.74189904999693,4223.719244382482,100.0,100.0,True,,synthetic_swma,sim_user,unknown_cuda_workload,gpu:1,swma
82.1,2026-01-01 00:01:22.100000+00:00,,syn-attack-swma-200,swma-periodic-primary,square,0.5,0.79,0.5,0,10.0,325.7841518359431,98.14398740588956,48.35806218783002,2520.0,54.790963738338874,3732.8457587151315,100.0,100.0,True,,synthetic_swma,sim_user,unknown_cuda_workload,gpu:1,swma
82.2,2026-01-01 00:01:22.200000+00:00,,syn-attack-swma-200,swma-periodic-primary,square,0.5,0.79,0.5,0,10.0,331.66907265097456,98.5941114381114,56.45219149226066,2520.0,55.03501460241152,4166.388058634365,100.0,100.0,True,,synthetic_swma,sim_user,unknown_cuda_workload,gpu:1,swma
82.3,2026-01-01 00:01:22.300000+00:00,,syn-attack-swma-200,swma-periodic-primary,square,0.5,0.79,0.5,0,10.0,331.6425859304298,99.36067350011655,56.83848499897051,2520.0,55.67549072690078,4275.710111497522,100.0,100.0,True,,synthetic_swma,sim_user,unknown_cuda_workload,gpu:1,swma
82.4,2026-01-01 00:01:22.400000+00:00,,syn-attack-swma-200,swma-periodic-primary,square,0.5,0.79,0.5,0,10.0,333.0619828277111,97.30600854883208,57.60094847213912,2520.0,55.316932042184035,4520.921745313355,100.0,100.0,True,,synthetic_swma,sim_user,unknown_cuda_workload,gpu:1,swma
82.5,2026-01-01 00:01:22.500000+00:00,,syn-attack-swma-200,swma-periodic-primary,square,0.5,0.79,0.5,0,10.0,328.7194702764883,97.28468238885559,51.79920234918833,2520.0,55.23409144776976,4281.461054812343,100.0,100.0,True,,synthetic_swma,sim_user,unknown_cuda_workload,gpu:1,swma
82.6,2026-01-01 00:01:22.600000+00:00,,syn-attack-swma-200,swma-periodic-primary,square,0.5,0.79,0.5,0,10.0,327.409822009559,97.39089124412311,50.111419530346325,2520.0,55.507277485039126,3799.8490114804144,100.0,100.0,True,,synthetic_swma,sim_user,unknown_cuda_workload,gpu:1,swma
82.7,2026-01-01 00:01:22.700000+00:00,,syn-attack-swma-200,swma-periodic-primary,square,0.5,0.79,0.5,0,10.0,327.0699037393703,98.4760823930224,50.25505030198938,2520.0,55.5237608491514,3949.6575251414483,100.0,100.0,True,,synthetic_swma,sim_user,unknown_cuda_workload,gpu:1,swma
82.8,2026-01-01 00:01:22.800000+00:00,,syn-attack-swma-200,swma-periodic-primary,square,0.5,0.79,0.5,0,10.0,328.2244484071356,98.24849587659305,51.66927060830697,2520.0,55.38732130046904,4149.787667319749,100.0,100.0,True,,synthetic_swma,sim_user,unknown_cuda_workload,gpu:1,swma
82.9,2026-01-01 00:01:22.900000+00:00,,syn-attack-swma-200,swma-periodic-primary,square,0.5,0.79,0.5,0,10.0,328.9972986665757,96.09362143366131,51.514556677281355,2520.0,54.582606307549334,4118.519509199504,100.0,100.0,True,,synthetic_swma,sim_user,unknown_cuda_workload,gpu:1,swma
83.0,2026-01-01 00:01:23+00:00,,syn-attack-swma-200,swma-periodic-primary,square,0.5,0.79,0.5,0,10.0,34.883113400580484,1.1164149410757762,0.0,241.98489646454658,28.34967867840232,273.1535197621366,100.0,100.0,True,,synthetic_swma,sim_user,unknown_cuda_workload,gpu:1,swma
83.1,2026-01-01 00:01:23.100000+00:00,,syn-attack-swma-200,swma-periodic-primary,square,0.5,0.79,0.5,0,10.0,43.12331857548894,2.47999993080491,8.19509139592795,323.7999958482946,28.40707297899041,1005.4740268381114,100.0,100.0,True,,synthetic_swma,sim_user,unknown_cuda_workload,gpu:1,swma
83.2,2026-01-01 00:01:23.200000+00:00,,syn-attack-swma-200,swma-periodic-primary,square,0.5,0.79,0.5,0,10.0,39.667163699436124,3.5134181196121363,4.1552648983681735,385.8050871767282,28.690832189404563,681.8908983962565,100.0,100.0,True,,synthetic_swma,sim_user,unknown_cuda_workload,gpu:1,swma
83.3,2026-01-01 00:01:23.300000+00:00,,syn-attack-swma-200,swma-periodic-primary,square,0.5,0.79,0.5,0,10.0,41.45526700038649,1.6780151182578544,5.529930982223813,275.68090709547124,28.268581540148276,1006.0341885270589,100.0,100.0,True,,synthetic_swma,sim_user,unknown_cuda_workload,gpu:1,swma
83.4,2026-01-01 00:01:23.400000+00:00,,syn-attack-swma-200,swma-periodic-primary,square,0.5,0.79,0.5,0,10.0,32.92244818978092,0.0,0.0,210.0,27.71608039630637,429.5129639425282,100.0,100.0,True,,synthetic_swma,sim_user,unknown_cuda_workload,gpu:1,swma
83.5,2026-01-01 00:01:23.500000+00:00,,syn-attack-swma-200,swma-periodic-primary,square,0.5,0.79,0.5,0,10.0,40.52229208247129,0.817503250333611,3.812682897645202,224.05019502001667,27.918481922662203,828.9821612024975,100.0,100.0,True,,synthetic_swma,sim_user,unknown_cuda_workload,gpu:1,swma
83.6,2026-01-01 00:01:23.600000+00:00,,syn-attack-swma-200,swma-periodic-primary,square,0.5,0.79,0.5,0,10.0,37.21659484333053,0.0,0.0,210.0,27.95142958196526,403.71289424926596,100.0,100.0,True,,synthetic_swma,sim_user,unknown_cuda_workload,gpu:1,swma
83.7,2026-01-01 00:01:23.700000+00:00,,syn-attack-swma-200,swma-periodic-primary,square,0.5,0.79,0.5,0,10.0,39.75190304002421,0.0,2.3358707200322772,210.0,28.08164877853716,557.0481749563357,100.0,100.0,True,,synthetic_swma,sim_user,unknown_cuda_workload,gpu:1,swma
83.8,2026-01-01 00:01:23.800000+00:00,,syn-attack-swma-200,swma-periodic-primary,square,0.5,0.79,0.5,0,10.0,34.27306509856162,0.8782806023371516,0.0,227.6968361402291,28.453383924996402,500.0138752929472,100.0,100.0,True,,synthetic_swma,sim_user,unknown_cuda_workload,gpu:1,swma
83.9,2026-01-01 00:01:23.900000+00:00,,syn-attack-swma-200,swma-periodic-primary,square,0.5,0.79,0.5,0,10.0,32.83835447379865,0.6606386243848898,0.0,214.6383174630934,28.45664850675124,379.7945986654012,100.0,100.0,True,,synthetic_swma,sim_user,unknown_cuda_workload,gpu:1,swma
84.0,2026-01-01 00:01:24+00:00,,syn-attack-swma-200,swma-periodic-primary,square,0.5,0.79,0.5,0,10.0,329.4989964505948,98.86874074520183,53.70980267732073,2520.0,56.12587040332168,4260.17079801809,100.0,100.0,True,,synthetic_swma,sim_user,unknown_cuda_workload,gpu:1,swma
84.1,2026-01-01 00:01:24.100000+00:00,,syn-attack-swma-200,swma-periodic-primary,square,0.5,0.79,0.5,0,10.0,324.178145145064,97.61642463605969,45.926560409918146,2520.0,55.82832818271485,3591.056644589231,100.0,100.0,True,,synthetic_swma,sim_user,unknown_cuda_workload,gpu:1,swma
84.2,2026-01-01 00:01:24.200000+00:00,,syn-attack-swma-200,swma-periodic-primary,square,0.5,0.79,0.5,0,10.0,336.07231057474553,98.10138953733596,62.05217834519548,2520.0,55.86576143502426,4733.794452139067,100.0,100.0,True,,synthetic_swma,sim_user,unknown_cuda_workload,gpu:1,swma
84.3,2026-01-01 00:01:24.300000+00:00,,syn-attack-swma-200,swma-periodic-primary,square,0.5,0.79,0.5,0,10.0,327.2549398604508,98.95733653968396,50.76645491076057,2520.0,56.2772012492899,4006.5608632259796,100.0,100.0,True,,synthetic_swma,sim_user,unknown_cuda_workload,gpu:1,swma
84.4,2026-01-01 00:01:24.400000+00:00,,syn-attack-swma-200,swma-periodic-primary,square,0.5,0.79,0.5,0,10.0,329.60732258288397,97.4705994657037,53.085259816649,2520.0,55.79215753243622,4264.3538789680315,100.0,100.0,True,,synthetic_swma,sim_user,unknown_cuda_workload,gpu:1,swma
84.5,2026-01-01 00:01:24.500000+00:00,,syn-attack-swma-200,swma-periodic-primary,square,0.5,0.79,0.5,0,10.0,331.41935861025445,95.99614349858703,54.690357071228796,2520.0,55.440617713546565,4151.111183547005,100.0,100.0,True,,synthetic_swma,sim_user,unknown_cuda_workload,gpu:1,swma
84.6,2026-01-01 00:01:24.600000+00:00,,syn-attack-swma-200,swma-periodic-primary,square,0.5,0.79,0.5,0,10.0,331.1549180910884,97.99331568992679,55.436214417577574,2520.0,55.94791099117808,4143.741038655318,100.0,100.0,True,,synthetic_swma,sim_user,unknown_cuda_workload,gpu:1,swma
84.7,2026-01-01 00:01:24.700000+00:00,,syn-attack-swma-200,swma-periodic-primary,square,0.5,0.79,0.5,0,10.0,331.60701453874543,96.87609253764545,55.424536947365546,2520.0,55.59769357480799,4533.748313208288,100.0,100.0,True,,synthetic_swma,sim_user,unknown_cuda_workload,gpu:1,swma
84.8,2026-01-01 00:01:24.800000+00:00,,syn-attack-swma-200,swma-periodic-primary,square,0.5,0.79,0.5,0,10.0,331.3869533186616,98.95497007520083,56.27450463290927,2520.0,56.00495248819107,4415.715710453992,100.0,100.0,True,,synthetic_swma,sim_user,unknown_cuda_workload,gpu:1,swma
84.9,2026-01-01 00:01:24.900000+00:00,,syn-attack-swma-200,swma-periodic-primary,square,0.5,0.79,0.5,0,10.0,330.0173599584875,97.09112542317472,53.42326559406276,2520.0,55.465473619532794,4156.903302291405,100.0,100.0,True,,synthetic_swma,sim_user,unknown_cuda_workload,gpu:1,swma
85.0,2026-01-01 00:01:25+00:00,,syn-attack-swma-200,swma-periodic-primary,square,0.5,0.79,0.5,0,10.0,41.39606433251941,0.04082993051208228,4.550542238474193,210.0,28.098358243261387,709.8424295249625,100.0,100.0,True,,synthetic_swma,sim_user,unknown_cuda_workload,gpu:1,swma
85.1,2026-01-01 00:01:25.100000+00:00,,syn-attack-swma-200,swma-periodic-primary,square,0.5,0.79,0.5,0,10.0,39.60448667027205,2.270230651368607,3.3879424186154745,311.2138390821164,28.886365911172835,528.4728039537445,100.0,100.0,True,,synthetic_swma,sim_user,unknown_cuda_workload,gpu:1,swma
85.2,2026-01-01 00:01:25.200000+00:00,,syn-attack-swma-200,swma-periodic-primary,square,0.5,0.79,0.5,0,10.0,38.247730132506426,1.5188148781580861,1.165655026328847,266.12889268948516,28.653089225356954,575.6873638141974,100.0,100.0,True,,synthetic_swma,sim_user,unknown_cuda_workload,gpu:1,swma
85.3,2026-01-01 00:01:25.300000+00:00,,syn-attack-swma-200,swma-periodic-primary,square,0.5,0.79,0.5,0,10.0,42.47394153774746,0.3401040242967879,6.152312597026511,210.0,28.21667269830222,725.3637087493692,100.0,100.0,True,,synthetic_swma,sim_user,unknown_cuda_workload,gpu:1,swma
85.4,2026-01-01 00:01:25.400000+00:00,,syn-attack-swma-200,swma-periodic-primary,square,0.5,0.79,0.5,0,10.0,37.50978436827915,0.0,0.0,210.0,27.994676551392114,470.8685207201785,100.0,100.0,True,,synthetic_swma,sim_user,unknown_cuda_workload,gpu:1,swma
85.5,2026-01-01 00:01:25.500000+00:00,,syn-attack-swma-200,swma-periodic-primary,square,0.5,0.79,0.5,0,10.0,37.464652138765224,1.1749673192648187,0.0,245.4980391558891,28.400970717912312,553.1841600602694,100.0,100.0,True,,synthetic_swma,sim_user,unknown_cuda_workload,gpu:1,swma
85.6,2026-01-01 00:01:25.600000+00:00,,syn-attack-swma-200,swma-periodic-primary,square,0.5,0.79,0.5,0,10.0,37.922604132000714,1.5807010659353364,0.7661910955987247,269.84206395612017,28.571130038054328,638.2295253102561,100.0,100.0,True,,synthetic_swma,sim_user,unknown_cuda_workload,gpu:1,swma
85.7,2026-01-01 00:01:25.700000+00:00,,syn-attack-swma-200,swma-periodic-primary,square,0.5,0.79,0.5,0,10.0,39.05287811802845,3.361778242121598,3.2528155238714866,376.7066945272959,28.895104089525635,709.4379508119756,100.0,100.0,True,,synthetic_swma,sim_user,unknown_cuda_workload,gpu:1,swma
85.8,2026-01-01 00:01:25.800000+00:00,,syn-attack-swma-200,swma-periodic-primary,square,0.5,0.79,0.5,0,10.0,37.939291687572826,1.1506297397311773,0.551901940282578,244.03778438387064,28.384211959127246,667.0446918158908,100.0,100.0,True,,synthetic_swma,sim_user,unknown_cuda_workload,gpu:1,swma
85.9,2026-01-01 00:01:25.900000+00:00,,syn-attack-swma-200,swma-periodic-primary,square,0.5,0.79,0.5,0,10.0,35.7664515713052,0.18524515317182977,0.0,210.0,28.058935856910008,440.34001447310277,100.0,100.0,True,,synthetic_swma,sim_user,unknown_cuda_workload,gpu:1,swma
86.0,2026-01-01 00:01:26+00:00,,syn-attack-swma-200,swma-periodic-primary,square,0.5,0.79,0.5,0,10.0,331.7793828141129,98.52091852426754,56.559015607164355,2520.0,55.436469937308196,4475.040006713469,100.0,100.0,True,,synthetic_swma,sim_user,unknown_cuda_workload,gpu:1,swma
86.1,2026-01-01 00:01:26.100000+00:00,,syn-attack-swma-200,swma-periodic-primary,square,0.5,0.79,0.5,0,10.0,336.8602763414866,97.85076771629686,62.96495736594541,2520.0,55.18175004413052,4971.380221508222,100.0,100.0,True,,synthetic_swma,sim_user,unknown_cuda_workload,gpu:1,swma
86.2,2026-01-01 00:01:26.200000+00:00,,syn-attack-swma-200,swma-periodic-primary,square,0.5,0.79,0.5,0,10.0,326.8912755865676,97.5979676836045,49.53391634140595,2520.0,55.07884895778994,3904.6845742590835,100.0,100.0,True,,synthetic_swma,sim_user,unknown_cuda_workload,gpu:1,swma
86.3,2026-01-01 00:01:26.300000+00:00,,syn-attack-swma-200,swma-periodic-primary,square,0.5,0.79,0.5,0,10.0,334.6034615491766,100.0,61.13794873223546,2520.0,55.714612316188465,4621.933623706305,100.0,100.0,True,,synthetic_swma,sim_user,unknown_cuda_workload,gpu:1,swma
86.4,2026-01-01 00:01:26.400000+00:00,,syn-attack-swma-200,swma-periodic-primary,square,0.5,0.79,0.5,0,10.0,324.4953011078673,98.13857209344368,46.63661612855045,2520.0,55.27791284810556,3859.456131104069,100.0,100.0,True,,synthetic_swma,sim_user,unknown_cuda_workload,gpu:1,swma
86.5,2026-01-01 00:01:26.500000+00:00,,syn-attack-swma-200,swma-periodic-primary,square,0.5,0.79,0.5,0,10.0,331.3022522455521,99.48035323652735,56.450530607492865,2520.0,55.49948142162276,4515.552695368821,100.0,100.0,True,,synthetic_swma,sim_user,unknown_cuda_workload,gpu:1,swma
86.6,2026-01-01 00:01:26.600000+00:00,,syn-attack-swma-200,swma-periodic-primary,square,0.5,0.79,0.5,0,10.0,327.7998251179061,98.27921520802917,51.120001854957515,2520.0,55.498780483911176,4217.575382135245,100.0,100.0,True,,synthetic_swma,sim_user,unknown_cuda_workload,gpu:1,swma
86.7,2026-01-01 00:01:26.700000+00:00,,syn-attack-swma-200,swma-periodic-primary,square,0.5,0.79,0.5,0,10.0,330.85812386510685,98.08818626087405,55.09266759695652,2520.0,55.35483517528741,4434.198311738501,100.0,100.0,True,,synthetic_swma,sim_user,unknown_cuda_workload,gpu:1,swma
86.8,2026-01-01 00:01:26.800000+00:00,,syn-attack-swma-200,swma-periodic-primary,square,0.5,0.79,0.5,0,10.0,330.43198293623203,97.07661156241645,53.968113607638465,2520.0,54.9113724529655,4089.87766917424,100.0,100.0,True,,synthetic_swma,sim_user,unknown_cuda_workload,gpu:1,swma
86.9,2026-01-01 00:01:26.900000+00:00,,syn-attack-swma-200,swma-periodic-primary,square,0.5,0.79,0.5,0,10.0,331.2619098968983,97.4948773479987,55.30472907059705,2520.0,54.95513109825319,4280.118043478841,100.0,100.0,True,,synthetic_swma,sim_user,unknown_cuda_workload,gpu:1,swma
87.0,2026-01-01 00:01:27+00:00,,syn-attack-swma-200,swma-periodic-primary,square,0.5,0.79,0.5,0,10.0,35.70024847802314,0.0,0.0,210.0,27.531536109189574,478.69846832493585,100.0,100.0,True,,synthetic_swma,sim_user,unknown_cuda_workload,gpu:1,swma
87.1,2026-01-01 00:01:27.100000+00:00,,syn-attack-swma-200,swma-periodic-primary,square,0.5,0.79,0.5,0,10.0,37.01962186897464,1.6986380296235175,0.0,276.91828177741104,28.261012033912607,478.89287884124485,100.0,100.0,True,,synthetic_swma,sim_user,unknown_cuda_workload,gpu:1,swma
87.2,2026-01-01 00:01:27.200000+00:00,,syn-attack-swma-200,swma-periodic-primary,square,0.5,0.79,0.5,0,10.0,40.57510981803603,1.1066391268823188,4.0421312771666535,241.39834761293912,28.198060930618308,714.9434207371046,100.0,100.0,True,,synthetic_swma,sim_user,unknown_cuda_workload,gpu:1,swma
87.3,2026-01-01 00:01:27.300000+00:00,,syn-attack-swma-200,swma-periodic-primary,square,0.5,0.79,0.5,0,10.0,37.69535704954079,1.443292570147258,0.3876203129687064,261.5975542088355,28.31494768293059,501.3786034491621,100.0,100.0,True,,synthetic_swma,sim_user,unknown_cuda_workload,gpu:1,swma
87.4,2026-01-01 00:01:27.400000+00:00,,syn-attack-swma-200,swma-periodic-primary,square,0.5,0.79,0.5,0,10.0,37.70720132967554,1.1669749694518228,0.25143800609922906,245.01849816710936,28.22819201692812,416.4466522546623,100.0,100.0,True,,synthetic_swma,sim_user,unknown_cuda_workload,gpu:1,swma
87.5,2026-01-01 00:01:27.500000+00:00,,syn-attack-swma-200,swma-periodic-primary,square,0.5,0.79,0.5,0,10.0,41.69209481302664,1.5660087746874158,5.784097910113598,268.960526481245,28.23775569107833,905.793228295978,100.0,100.0,True,,synthetic_swma,sim_user,unknown_cuda_workload,gpu:1,swma
87.6,2026-01-01 00:01:27.600000+00:00,,syn-attack-swma-200,swma-periodic-primary,square,0.5,0.79,0.5,0,10.0,37.40335304095405,0.07922498947424006,0.0,210.0,27.72506576909713,513.8989939737589,100.0,100.0,True,,synthetic_swma,sim_user,unknown_cuda_workload,gpu:1,swma
87.7,2026-01-01 00:01:27.700000+00:00,,syn-attack-swma-200,swma-periodic-primary,square,0.5,0.79,0.5,0,10.0,40.54190790297544,2.373313737913727,4.69453309315313,317.3988242748236,28.446695521922905,583.9506686585579,100.0,100.0,True,,synthetic_swma,sim_user,unknown_cuda_workload,gpu:1,swma
87.8,2026-01-01 00:01:27.800000+00:00,,syn-attack-swma-200,swma-periodic-primary,square,0.5,0.79,0.5,0,10.0,42.49030210404253,1.1994616674616894,6.646773389160633,246.96770004770136,28.187747990148537,940.9934832909572,100.0,100.0,True,,synthetic_swma,sim_user,unknown_cuda_workload,gpu:1,swma
87.9,2026-01-01 00:01:27.900000+00:00,,syn-attack-swma-200,swma-periodic-primary,square,0.5,0.79,0.5,0,10.0,30.440553521130337,1.2199100831073562,0.0,248.1946049864414,28.30818627478602,479.62913695972793,100.0,100.0,True,,synthetic_swma,sim_user,unknown_cuda_workload,gpu:1,swma
88.0,2026-01-01 00:01:28+00:00,,syn-attack-swma-200,swma-periodic-primary,square,0.5,0.79,0.5,0,10.0,327.6317305167407,98.95146718348113,51.265614306568835,2520.0,55.52621776110526,4099.459972320836,100.0,100.0,True,,synthetic_swma,sim_user,unknown_cuda_workload,gpu:1,swma
88.1,2026-01-01 00:01:28.100000+00:00,,syn-attack-swma-200,swma-periodic-primary,square,0.5,0.79,0.5,0,10.0,328.53321729743055,99.51378813250398,52.776873202784614,2520.0,55.57894208443577,4148.585227935908,100.0,100.0,True,,synthetic_swma,sim_user,unknown_cuda_workload,gpu:1,swma
88.2,2026-01-01 00:01:28.200000+00:00,,syn-attack-swma-200,swma-periodic-primary,square,0.5,0.79,0.5,0,10.0,338.04683328386903,96.55057418496031,63.83192684688689,2520.0,54.67749454683741,4888.917045976594,100.0,100.0,True,,synthetic_swma,sim_user,unknown_cuda_workload,gpu:1,swma
88.3,2026-01-01 00:01:28.300000+00:00,,syn-attack-swma-200,swma-periodic-primary,square,0.5,0.79,0.5,0,10.0,333.190278614882,97.82600413814427,58.05800709582203,2520.0,55.149369224701736,4470.135046760942,100.0,100.0,True,,synthetic_swma,sim_user,unknown_cuda_workload,gpu:1,swma
88.4,2026-01-01 00:01:28.400000+00:00,,syn-attack-swma-200,swma-periodic-primary,square,0.5,0.79,0.5,0,10.0,328.1289033675048,97.99650187474302,51.403280521115065,2520.0,55.52677997950222,4130.57032704358,100.0,100.0,True,,synthetic_swma,sim_user,unknown_cuda_workload,gpu:1,swma
88.5,2026-01-01 00:01:28.500000+00:00,,syn-attack-swma-200,swma-periodic-primary,square,0.5,0.79,0.5,0,10.0,329.07468516675345,98.66408462242617,53.031493431339015,2520.0,55.90881640939689,4162.5189037647215,100.0,100.0,True,,synthetic_swma,sim_user,unknown_cuda_workload,gpu:1,swma
88.6,2026-01-01 00:01:28.600000+00:00,,syn-attack-swma-200,swma-periodic-primary,square,0.5,0.79,0.5,0,10.0,337.1096134737071,97.16571569282847,62.920628262665126,2520.0,55.43111188222834,4787.467657294273,100.0,100.0,True,,synthetic_swma,sim_user,unknown_cuda_workload,gpu:1,swma
88.7,2026-01-01 00:01:28.700000+00:00,,syn-attack-swma-200,swma-periodic-primary,square,0.5,0.79,0.5,0,10.0,332.69695067370975,96.40059078284474,56.616259162177634,2520.0,55.08083249628,4355.4926060460075,100.0,100.0,True,,synthetic_swma,sim_user,unknown_cuda_workload,gpu:1,swma
88.8,2026-01-01 00:01:28.800000+00:00,,syn-attack-swma-200,swma-periodic-primary,square,0.5,0.79,0.5,0,10.0,328.9882701929174,97.84133995132228,52.463763897117126,2520.0,55.36017501816425,4176.168515497851,100.0,100.0,True,,synthetic_swma,sim_user,unknown_cuda_workload,gpu:1,swma
88.9,2026-01-01 00:01:28.900000+00:00,,syn-attack-swma-200,swma-periodic-primary,square,0.5,0.79,0.5,0,10.0,331.0228690821438,97.27636361797782,54.865825432746234,2520.0,55.32884476299214,4321.742546494771,100.0,100.0,True,,synthetic_swma,sim_user,unknown_cuda_workload,gpu:1,swma
89.0,2026-01-01 00:01:29+00:00,,syn-attack-swma-200,swma-periodic-primary,square,0.5,0.79,0.5,0,10.0,39.205695070378326,0.0,1.6075934271711043,210.0,28.12011077141226,602.1315043038318,100.0,100.0,True,,synthetic_swma,sim_user,unknown_cuda_workload,gpu:1,swma
89.1,2026-01-01 00:01:29.100000+00:00,,syn-attack-swma-200,swma-periodic-primary,square,0.5,0.79,0.5,0,10.0,36.97268373041074,0.8311248069556463,0.0,224.86748841733876,28.41995420496843,504.8954967759225,100.0,100.0,True,,synthetic_swma,sim_user,unknown_cuda_workload,gpu:1,swma
89.2,2026-01-01 00:01:29.200000+00:00,,syn-attack-swma-200,swma-periodic-primary,square,0.5,0.79,0.5,0,10.0,42.16007850471917,0.20755234926600208,5.660925131721864,210.0,28.12365652166504,799.2428309373009,100.0,100.0,True,,synthetic_swma,sim_user,unknown_cuda_workload,gpu:1,swma
89.3,2026-01-01 00:01:29.300000+00:00,,syn-attack-swma-200,swma-periodic-primary,square,0.5,0.79,0.5,0,10.0,40.2091479471224,0.0,2.945530596163208,210.0,27.92220395473413,485.0082653663301,100.0,100.0,True,,synthetic_swma,sim_user,unknown_cuda_workload,gpu:1,swma
89.4,2026-01-01 00:01:29.400000+00:00,,syn-attack-swma-200,swma-periodic-primary,square,0.5,0.79,0.5,0,10.0,37.07509222086701,2.2480575711962967,0.0032212919806455798,309.8834542717778,28.221515265724438,448.9152721966471,100.0,100.0,True,,synthetic_swma,sim_user,unknown_cuda_workload,gpu:1,swma
89.5,2026-01-01 00:01:29.500000+00:00,,syn-attack-swma-200,swma-periodic-primary,square,0.5,0.79,0.5,0,10.0,41.83459955302342,1.5482348207108734,5.964328555422215,267.8940892426524,28.049882159418157,994.5331886074086,100.0,100.0,True,,synthetic_swma,sim_user,unknown_cuda_workload,gpu:1,swma
89.6,2026-01-01 00:01:29.600000+00:00,,syn-attack-swma-200,swma-periodic-primary,square,0.5,0.79,0.5,0,10.0,34.308232717405325,0.8253383061349006,0.0,224.52029836809405,27.943810635289555,541.2355686346979,100.0,100.0,True,,synthetic_swma,sim_user,unknown_cuda_workload,gpu:1,swma
89.7,2026-01-01 00:01:29.700000+00:00,,syn-attack-swma-200,swma-periodic-primary,square,0.5,0.79,0.5,0,10.0,36.39177181544549,2.7218698661796594,0.0,338.31219197077957,28.70936554466854,316.59963215449943,100.0,100.0,True,,synthetic_swma,sim_user,unknown_cuda_workload,gpu:1,swma
89.8,2026-01-01 00:01:29.800000+00:00,,syn-attack-swma-200,swma-periodic-primary,square,0.5,0.79,0.5,0,10.0,38.220576234172434,0.0,0.2941016455632413,210.0,27.66102573503914,485.3239059150017,100.0,100.0,True,,synthetic_swma,sim_user,unknown_cuda_workload,gpu:1,swma
89.9,2026-01-01 00:01:29.900000+00:00,,syn-attack-swma-200,swma-periodic-primary,square,0.5,0.79,0.5,0,10.0,39.79211388667015,1.7764586554974837,3.366537442750485,281.587519329849,28.366242417479857,566.4487754593272,100.0,100.0,True,,synthetic_swma,sim_user,unknown_cuda_workload,gpu:1,swma
90.0,2026-01-01 00:01:30+00:00,,syn-attack-swma-200,swma-periodic-primary,square,0.5,0.79,0.5,0,10.0,328.28597594904704,97.8044209852424,51.50706614061269,2520.0,55.065664929394465,3833.8475391897764,100.0,100.0,True,,synthetic_swma,sim_user,unknown_cuda_workload,gpu:1,swma
90.1,2026-01-01 00:01:30.100000+00:00,,syn-attack-swma-200,swma-periodic-primary,square,0.5,0.79,0.5,0,10.0,330.44953178212813,98.86812653776627,54.97684530527567,2520.0,55.56013452960158,4377.782171808302,100.0,100.0,True,,synthetic_swma,sim_user,unknown_cuda_workload,gpu:1,swma
90.2,2026-01-01 00:01:30.200000+00:00,,syn-attack-swma-200,swma-periodic-primary,square,0.5,0.79,0.5,0,10.0,327.0944376969385,99.27515531524996,50.72725235263883,2520.0,55.45789168518393,3931.3228437229773,100.0,100.0,True,,synthetic_swma,sim_user,unknown_cuda_workload,gpu:1,swma
90.3,2026-01-01 00:01:30.300000+00:00,,syn-attack-swma-200,swma-periodic-primary,square,0.5,0.79,0.5,0,10.0,328.7677419873331,97.56378933115168,52.01707344857758,2520.0,55.022157588729414,3972.954165199588,100.0,100.0,True,,synthetic_swma,sim_user,unknown_cuda_workload,gpu:1,swma
90.4,2026-01-01 00:01:30.400000+00:00,,syn-attack-swma-200,swma-periodic-primary,square,0.5,0.79,0.5,0,10.0,336.5098032737571,99.03945539542268,63.15143816582523,2520.0,55.50099670770878,4842.49802995967,100.0,100.0,True,,synthetic_swma,sim_user,unknown_cuda_workload,gpu:1,swma
90.5,2026-01-01 00:01:30.500000+00:00,,syn-attack-swma-200,swma-periodic-primary,square,0.5,0.79,0.5,0,10.0,326.9117101551801,96.32376715685815,48.8603521431788,2520.0,54.6159397541239,3973.4762748129147,100.0,100.0,True,,synthetic_swma,sim_user,unknown_cuda_workload,gpu:1,swma
90.6,2026-01-01 00:01:30.600000+00:00,,syn-attack-swma-200,swma-periodic-primary,square,0.5,0.79,0.5,0,10.0,331.7838042842133,97.53700895106304,56.0237606353691,2520.0,55.08341068265889,4507.0134308119905,100.0,100.0,True,,synthetic_swma,sim_user,unknown_cuda_workload,gpu:1,swma
90.7,2026-01-01 00:01:30.700000+00:00,,syn-attack-swma-200,swma-periodic-primary,square,0.5,0.79,0.5,0,10.0,327.0726395472914,98.0962459135462,50.04978798217222,2520.0,55.46603166136147,3912.532385265247,100.0,100.0,True,,synthetic_swma,sim_user,unknown_cuda_workload,gpu:1,swma
90.8,2026-01-01 00:01:30.800000+00:00,,syn-attack-swma-200,swma-periodic-primary,square,0.5,0.79,0.5,0,10.0,329.9760672027441,99.50541477564903,54.69606773026575,2520.0,55.55654981019006,4135.418881493039,100.0,100.0,True,,synthetic_swma,sim_user,unknown_cuda_workload,gpu:1,swma
90.9,2026-01-01 00:01:30.900000+00:00,,syn-attack-swma-200,swma-periodic-primary,square,0.5,0.79,0.5,0,10.0,332.4128174018116,98.30347795494576,57.284002744302335,2520.0,55.21902776732222,4480.021140442076,100.0,100.0,True,,synthetic_swma,sim_user,unknown_cuda_workload,gpu:1,swma
91.0,2026-01-01 00:01:31+00:00,,syn-attack-swma-200,swma-periodic-primary,square,0.5,0.79,0.5,0,10.0,43.624104490621185,0.7622706944263005,7.918054869429381,220.73624166557804,27.99113295276153,1170.8403721365603,100.0,100.0,True,,synthetic_swma,sim_user,unknown_cuda_workload,gpu:1,swma
91.1,2026-01-01 00:01:31.100000+00:00,,syn-attack-swma-200,swma-periodic-primary,square,0.5,0.79,0.5,0,10.0,35.09452536914184,1.2079082849178475,0.0,247.47449709507086,28.17538264940278,215.51200490866768,100.0,100.0,True,,synthetic_swma,sim_user,unknown_cuda_workload,gpu:1,swma
91.2,2026-01-01 00:01:31.200000+00:00,,syn-attack-swma-200,swma-periodic-primary,square,0.5,0.79,0.5,0,10.0,42.396666947499405,0.0,5.862222596665875,210.0,28.025157035608455,869.6882786866366,100.0,100.0,True,,synthetic_swma,sim_user,unknown_cuda_workload,gpu:1,swma
91.3,2026-01-01 00:01:31.300000+00:00,,syn-attack-swma-200,swma-periodic-primary,square,0.5,0.79,0.5,0,10.0,41.7056092161167,0.5113402731643666,5.222049438396004,210.0,28.46492782029939,791.3794545054677,100.0,100.0,True,,synthetic_swma,sim_user,unknown_cuda_workload,gpu:1,swma
91.4,2026-01-01 00:01:31.400000+00:00,,syn-attack-swma-200,swma-periodic-primary,square,0.5,0.79,0.5,0,10.0,36.2335458418359,0.0,0.0,210.0,28.35429727570161,530.6673066840058,100.0,100.0,True,,synthetic_swma,sim_user,unknown_cuda_workload,gpu:1,swma
91.5,2026-01-01 00:01:31.500000+00:00,,syn-attack-swma-200,swma-periodic-primary,square,0.5,0.79,0.5,0,10.0,41.637988813838255,2.7609192807093232,6.3691573561744725,340.6551568425594,28.853374143168356,1038.3422960153466,100.0,100.0,True,,synthetic_swma,sim_user,unknown_cuda_workload,gpu:1,swma
91.6,2026-01-01 00:01:31.600000+00:00,,syn-attack-swma-200,swma-periodic-primary,square,0.5,0.79,0.5,0,10.0,34.204349705145376,1.6359693918276368,0.0,273.1581635096582,28.49279556063888,484.01260992993866,100.0,100.0,True,,synthetic_swma,sim_user,unknown_cuda_workload,gpu:1,swma
91.7,2026-01-01 00:01:31.700000+00:00,,syn-attack-swma-200,swma-periodic-primary,square,0.5,0.79,0.5,0,10.0,37.92730341647753,1.3453067982039886,0.6429899609822346,255.71840789223933,28.54679062949064,401.01041476639955,100.0,100.0,True,,synthetic_swma,sim_user,unknown_cuda_workload,gpu:1,swma
91.8,2026-01-01 00:01:31.800000+00:00,,syn-attack-swma-200,swma-periodic-primary,square,0.5,0.79,0.5,0,10.0,40.434460721175846,1.3072904320409777,3.9649573658569968,253.43742592245866,28.42917655268979,784.5382284972624,100.0,100.0,True,,synthetic_swma,sim_user,unknown_cuda_workload,gpu:1,swma
91.9,2026-01-01 00:01:31.900000+00:00,,syn-attack-swma-200,swma-periodic-primary,square,0.5,0.79,0.5,0,10.0,36.482146707021066,0.0,0.0,210.0,28.07850108248542,552.326019325609,100.0,100.0,True,,synthetic_swma,sim_user,unknown_cuda_workload,gpu:1,swma
92.0,2026-01-01 00:01:32+00:00,,syn-attack-swma-200,swma-periodic-primary,square,0.5,0.79,0.5,0,10.0,325.04838143378237,100.0,48.39784191170984,2520.0,56.04868596126914,3847.4102732757556,100.0,100.0,True,,synthetic_swma,sim_user,unknown_cuda_workload,gpu:1,swma
92.1,2026-01-01 00:01:32.100000+00:00,,syn-attack-swma-200,swma-periodic-primary,square,0.5,0.79,0.5,0,10.0,329.6518436935455,98.75993520827855,53.85375595594723,2520.0,55.82500460875811,4206.516137872705,100.0,100.0,True,,synthetic_swma,sim_user,unknown_cuda_workload,gpu:1,swma
92.2,2026-01-01 00:01:32.200000+00:00,,syn-attack-swma-200,swma-periodic-primary,square,0.5,0.79,0.5,0,10.0,327.2945412187649,96.7040676810901,49.5799588496194,2520.0,55.15341260040403,3976.2080895957447,100.0,100.0,True,,synthetic_swma,sim_user,unknown_cuda_workload,gpu:1,swma
92.3,2026-01-01 00:01:32.300000+00:00,,syn-attack-swma-200,swma-periodic-primary,square,0.5,0.79,0.5,0,10.0,326.87134224998516,99.46460409612062,50.533988586179916,2520.0,56.16780544759509,3888.275847802615,100.0,100.0,True,,synthetic_swma,sim_user,unknown_cuda_workload,gpu:1,swma
92.4,2026-01-01 00:01:32.400000+00:00,,syn-attack-swma-200,swma-periodic-primary,square,0.5,0.79,0.5,0,10.0,329.4132431429695,97.37670360710247,52.77484450786574,2520.0,55.89511884296835,4093.820605150344,100.0,100.0,True,,synthetic_swma,sim_user,unknown_cuda_workload,gpu:1,swma
92.5,2026-01-01 00:01:32.500000+00:00,,syn-attack-swma-200,swma-periodic-primary,square,0.5,0.79,0.5,0,10.0,326.8876846982476,96.71988836002231,49.04618486234243,2520.0,56.011413664490085,3803.0787405526585,100.0,100.0,True,,synthetic_swma,sim_user,unknown_cuda_workload,gpu:1,swma
92.6,2026-01-01 00:01:32.600000+00:00,,syn-attack-swma-200,swma-periodic-primary,square,0.5,0.79,0.5,0,10.0,326.0434649756274,100.0,49.72461996750317,2520.0,56.65710970484344,3918.6880171961957,100.0,100.0,True,,synthetic_swma,sim_user,unknown_cuda_workload,gpu:1,swma
92.7,2026-01-01 00:01:32.700000+00:00,,syn-attack-swma-200,swma-periodic-primary,square,0.5,0.79,0.5,0,10.0,333.86370577625934,98.44084961970655,59.294074992517714,2520.0,56.324878078970855,4463.96036216754,100.0,100.0,True,,synthetic_swma,sim_user,unknown_cuda_workload,gpu:1,swma
92.8,2026-01-01 00:01:32.800000+00:00,,syn-attack-swma-200,swma-periodic-primary,square,0.5,0.79,0.5,0,10.0,327.01247092270467,97.90574036949322,49.86478510016081,2520.0,55.80528464199525,3916.134705620847,100.0,100.0,True,,synthetic_swma,sim_user,unknown_cuda_workload,gpu:1,swma
92.9,2026-01-01 00:01:32.900000+00:00,,syn-attack-swma-200,swma-periodic-primary,square,0.5,0.79,0.5,0,10.0,331.3552131854037,97.16207857163603,55.246094128271494,2520.0,55.37688257508979,4231.213618117897,100.0,100.0,True,,synthetic_swma,sim_user,unknown_cuda_workload,gpu:1,swma
93.0,2026-01-01 00:01:33+00:00,,syn-attack-swma-200,swma-periodic-primary,square,0.5,0.79,0.5,0,10.0,33.16426841140679,0.0,0.0,210.0,28.064823562633514,448.2104923246807,100.0,100.0,True,,synthetic_swma,sim_user,unknown_cuda_workload,gpu:1,swma
93.1,2026-01-01 00:01:33.100000+00:00,,syn-attack-swma-200,swma-periodic-primary,square,0.5,0.79,0.5,0,10.0,30.47408377767615,1.544853248843608,0.0,267.69119493061646,28.459826006844764,428.27432989461937,100.0,100.0,True,,synthetic_swma,sim_user,unknown_cuda_workload,gpu:1,swma
93.2,2026-01-01 00:01:33.200000+00:00,,syn-attack-swma-200,swma-periodic-primary,square,0.5,0.79,0.5,0,10.0,37.077877407598784,1.0194064977057042,0.0,236.16438986234226,28.052761571739467,305.3922120468461,100.0,100.0,True,,synthetic_swma,sim_user,unknown_cuda_workload,gpu:1,swma
93.3,2026-01-01 00:01:33.300000+00:00,,syn-attack-swma-200,swma-periodic-primary,square,0.5,0.79,0.5,0,10.0,40.2079276617484,2.748446103410742,4.455548905873776,339.90676620464455,28.275414445563356,663.8859897876515,100.0,100.0,True,,synthetic_swma,sim_user,unknown_cuda_workload,gpu:1,swma
93.4,2026-01-01 00:01:33.400000+00:00,,syn-attack-swma-200,swma-periodic-primary,square,0.5,0.79,0.5,0,10.0,44.33058526393202,1.178791198941125,9.089115511326979,245.72747193646748,27.47958544650821,1222.5919385966758,100.0,100.0,True,,synthetic_swma,sim_user,unknown_cuda_workload,gpu:1,swma
93.5,2026-01-01 00:01:33.500000+00:00,,syn-attack-swma-200,swma-periodic-primary,square,0.5,0.79,0.5,0,10.0,38.4735733655056,0.0,0.6314311540074705,210.0,27.181906491572203,446.51551950993036,100.0,100.0,True,,synthetic_swma,sim_user,unknown_cuda_workload,gpu:1,swma
93.6,2026-01-01 00:01:33.600000+00:00,,syn-attack-swma-200,swma-periodic-primary,square,0.5,0.79,0.5,0,10.0,39.44715085759688,2.1366495221588737,3.104691713983226,303.1989713295324,27.767528776544395,782.4499523662827,100.0,100.0,True,,synthetic_swma,sim_user,unknown_cuda_workload,gpu:1,swma
93.7,2026-01-01 00:01:33.700000+00:00,,syn-attack-swma-200,swma-periodic-primary,square,0.5,0.79,0.5,0,10.0,39.45635800461654,2.0769515118054227,3.084134004315036,299.61709070832535,27.810931288659482,713.8014326186565,100.0,100.0,True,,synthetic_swma,sim_user,unknown_cuda_workload,gpu:1,swma
93.8,2026-01-01 00:01:33.800000+00:00,,syn-attack-swma-200,swma-periodic-primary,square,0.5,0.79,0.5,0,10.0,42.61233077721322,0.6174749339702676,6.4893855833012655,212.04849603821606,27.338406223681368,776.3062190106339,100.0,100.0,True,,synthetic_swma,sim_user,unknown_cuda_workload,gpu:1,swma
93.9,2026-01-01 00:01:33.900000+00:00,,syn-attack-swma-200,swma-periodic-primary,square,0.5,0.79,0.5,0,10.0,31.52399172584021,1.4501630023432333,0.0,262.009780140594,27.568500639098986,515.1952402357125,100.0,100.0,True,,synthetic_swma,sim_user,unknown_cuda_workload,gpu:1,swma
94.0,2026-01-01 00:01:34+00:00,,syn-attack-swma-200,swma-periodic-primary,square,0.5,0.79,0.5,0,10.0,328.3394059412163,99.2756843741014,52.38750099404419,2520.0,54.98561720255212,4115.396642155806,100.0,100.0,True,,synthetic_swma,sim_user,unknown_cuda_workload,gpu:1,swma
94.1,2026-01-01 00:01:34.100000+00:00,,syn-attack-swma-200,swma-periodic-primary,square,0.5,0.79,0.5,0,10.0,331.85318359881643,97.98113564706443,56.36053607097399,2520.0,54.84270116159496,4472.331287013351,100.0,100.0,True,,synthetic_swma,sim_user,unknown_cuda_workload,gpu:1,swma
94.2,2026-01-01 00:01:34.200000+00:00,,syn-attack-swma-200,swma-periodic-primary,square,0.5,0.79,0.5,0,10.0,330.82334711089766,97.92197802393979,54.954884061030455,2520.0,54.93810502058117,4312.566652978391,100.0,100.0,True,,synthetic_swma,sim_user,unknown_cuda_workload,gpu:1,swma
94.3,2026-01-01 00:01:34.300000+00:00,,syn-attack-swma-200,swma-periodic-primary,square,0.5,0.79,0.5,0,10.0,326.3689481178768,98.19110394803877,49.16370466192372,2520.0,55.12846907797358,3981.519644380165,100.0,100.0,True,,synthetic_swma,sim_user,unknown_cuda_workload,gpu:1,swma
94.4,2026-01-01 00:01:34.400000+00:00,,syn-attack-swma-200,swma-periodic-primary,square,0.5,0.79,0.5,0,10.0,326.6309445503068,98.68785304124131,49.786245239758465,2520.0,55.489245004062575,3871.984661502989,100.0,100.0,True,,synthetic_swma,sim_user,unknown_cuda_workload,gpu:1,swma
94.5,2026-01-01 00:01:34.500000+00:00,,syn-attack-swma-200,swma-periodic-primary,square,0.5,0.79,0.5,0,10.0,330.11978893664474,98.15444364631242,54.14466258766481,2520.0,55.42573836740491,4225.655899829069,100.0,100.0,True,,synthetic_swma,sim_user,unknown_cuda_workload,gpu:1,swma
94.6,2026-01-01 00:01:34.600000+00:00,,syn-attack-swma-200,swma-periodic-primary,square,0.5,0.79,0.5,0,10.0,330.24149391886067,98.60963457820257,54.557290909825646,2520.0,55.64448197655672,4291.4077472426525,100.0,100.0,True,,synthetic_swma,sim_user,unknown_cuda_workload,gpu:1,swma
94.7,2026-01-01 00:01:34.700000+00:00,,syn-attack-swma-200,swma-periodic-primary,square,0.5,0.79,0.5,0,10.0,328.6979734680481,96.53760929782537,51.35964973786805,2520.0,55.42149134166707,4040.190938295962,100.0,100.0,True,,synthetic_swma,sim_user,unknown_cuda_workload,gpu:1,swma
94.8,2026-01-01 00:01:34.800000+00:00,,syn-attack-swma-200,swma-periodic-primary,square,0.5,0.79,0.5,0,10.0,329.9282746766889,97.75829140069052,53.671426505964945,2520.0,55.8227953102031,4155.991958058932,100.0,100.0,True,,synthetic_swma,sim_user,unknown_cuda_workload,gpu:1,swma
94.9,2026-01-01 00:01:34.900000+00:00,,syn-attack-swma-200,swma-periodic-primary,square,0.5,0.79,0.5,0,10.0,331.3991117055886,96.60049871389016,54.995756566757706,2520.0,55.31559606772683,4370.978982245178,100.0,100.0,True,,synthetic_swma,sim_user,unknown_cuda_workload,gpu:1,swma
95.0,2026-01-01 00:01:35+00:00,,syn-attack-swma-200,swma-periodic-primary,square,0.5,0.79,0.5,0,10.0,39.90956388920572,0.34693450810744886,2.7368991650667214,210.0,28.312642657431738,816.7459585642681,100.0,100.0,True,,synthetic_swma,sim_user,unknown_cuda_workload,gpu:1,swma
95.1,2026-01-01 00:01:35.100000+00:00,,syn-attack-swma-200,swma-periodic-primary,square,0.5,0.79,0.5,0,10.0,36.1700514798419,0.6101829867062091,0.0,211.61097920237253,28.274174122990424,400.6283210606372,100.0,100.0,True,,synthetic_swma,sim_user,unknown_cuda_workload,gpu:1,swma
95.2,2026-01-01 00:01:35.200000+00:00,,syn-attack-swma-200,swma-periodic-primary,square,0.5,0.79,0.5,0,10.0,36.614287609283124,0.0,0.0,210.0,28.215863626491487,613.3152419316032,100.0,100.0,True,,synthetic_swma,sim_user,unknown_cuda_workload,gpu:1,swma
95.3,2026-01-01 00:01:35.300000+00:00,,syn-attack-swma-200,swma-periodic-primary,square,0.5,0.79,0.5,0,10.0,37.62182603898603,2.269637454196004,0.744068651789174,311.17824725176024,28.715574156595082,466.00079070650025,100.0,100.0,True,,synthetic_swma,sim_user,unknown_cuda_workload,gpu:1,swma
95.4,2026-01-01 00:01:35.400000+00:00,,syn-attack-swma-200,swma-periodic-primary,square,0.5,0.79,0.5,0,10.0,38.694526038686725,0.0,0.9260347182489682,210.0,28.170897951765006,653.5215205966458,100.0,100.0,True,,synthetic_swma,sim_user,unknown_cuda_workload,gpu:1,swma
95.5,2026-01-01 00:01:35.500000+00:00,,syn-attack-swma-200,swma-periodic-primary,square,0.5,0.79,0.5,0,10.0,38.558273519098194,2.977053728275456,2.381744242682424,353.62322369652736,28.853520464236354,526.059138293465,100.0,100.0,True,,synthetic_swma,sim_user,unknown_cuda_workload,gpu:1,swma
95.6,2026-01-01 00:01:35.600000+00:00,,syn-attack-swma-200,swma-periodic-primary,square,0.5,0.79,0.5,0,10.0,40.692840599351726,2.413251729429102,4.917742583654972,319.79510376574615,28.7852112725836,874.8604086832447,100.0,100.0,True,,synthetic_swma,sim_user,unknown_cuda_workload,gpu:1,swma
95.7,2026-01-01 00:01:35.700000+00:00,,syn-attack-swma-200,swma-periodic-primary,square,0.5,0.79,0.5,0,10.0,35.78432304339249,1.433456492201869,0.0,261.00738953211214,28.48685533059845,411.67392061772,100.0,100.0,True,,synthetic_swma,sim_user,unknown_cuda_workload,gpu:1,swma
95.8,2026-01-01 00:01:35.800000+00:00,,syn-attack-swma-200,swma-periodic-primary,square,0.5,0.79,0.5,0,10.0,34.541465051994095,0.9632076387147214,0.0,232.79245832288328,28.653000988538192,493.8978565396806,100.0,100.0,True,,synthetic_swma,sim_user,unknown_cuda_workload,gpu:1,swma
95.9,2026-01-01 00:01:35.900000+00:00,,syn-attack-swma-200,swma-periodic-primary,square,0.5,0.79,0.5,0,10.0,35.74397990203524,0.0,0.0,210.0,28.262939918420777,543.1852167970706,100.0,100.0,True,,synthetic_swma,sim_user,unknown_cuda_workload,gpu:1,swma
96.0,2026-01-01 00:01:36+00:00,,syn-attack-swma-200,swma-periodic-primary,square,0.5,0.79,0.5,0,10.0,327.81625489149604,97.57475861058852,50.754457091151764,2520.0,55.937848174430634,4119.963906333086,100.0,100.0,True,,synthetic_swma,sim_user,unknown_cuda_workload,gpu:1,swma
96.1,2026-01-01 00:01:36.100000+00:00,,syn-attack-swma-200,swma-periodic-primary,square,0.5,0.79,0.5,0,10.0,326.47022540210656,98.46348846088544,49.44855252296243,2520.0,56.22274680021445,3867.550417492776,100.0,100.0,True,,synthetic_swma,sim_user,unknown_cuda_workload,gpu:1,swma
96.2,2026-01-01 00:01:36.200000+00:00,,syn-attack-swma-200,swma-periodic-primary,square,0.5,0.79,0.5,0,10.0,329.6467117431572,97.88759899279599,53.36712843691406,2520.0,56.42641577953492,4314.734616102254,100.0,100.0,True,,synthetic_swma,sim_user,unknown_cuda_workload,gpu:1,swma
96.3,2026-01-01 00:01:36.300000+00:00,,syn-attack-swma-200,swma-periodic-primary,square,0.5,0.79,0.5,0,10.0,330.6325752212339,97.83279569651515,54.651471261395166,2520.0,56.204954743677014,4310.682981798359,100.0,100.0,True,,synthetic_swma,sim_user,unknown_cuda_workload,gpu:1,swma
96.4,2026-01-01 00:01:36.400000+00:00,,syn-attack-swma-200,swma-periodic-primary,square,0.5,0.79,0.5,0,10.0,326.73662894739806,99.86658909129066,50.575462596740614,2520.0,56.89612492720341,3969.411513468211,100.0,100.0,True,,synthetic_swma,sim_user,unknown_cuda_workload,gpu:1,swma
96.5,2026-01-01 00:01:36.500000+00:00,,syn-attack-swma-200,swma-periodic-primary,square,0.5,0.79,0.5,0,10.0,326.7219377293688,97.51741179746206,49.263826794429185,2520.0,56.11594545099042,3820.1761030308235,100.0,100.0,True,,synthetic_swma,sim_user,unknown_cuda_workload,gpu:1,swma
96.6,2026-01-01 00:01:36.600000+00:00,,syn-attack-swma-200,swma-periodic-primary,square,0.5,0.79,0.5,0,10.0,330.05176458812264,99.22300770703211,54.641673689697846,2520.0,56.42318598307826,4250.270687854044,100.0,100.0,True,,synthetic_swma,sim_user,unknown_cuda_workload,gpu:1,swma
96.7,2026-01-01 00:01:36.700000+00:00,,syn-attack-swma-200,swma-periodic-primary,square,0.5,0.79,0.5,0,10.0,332.153531575559,97.90858080305651,56.721094875759704,2520.0,55.73239942719402,4347.662243508663,100.0,100.0,True,,synthetic_swma,sim_user,unknown_cuda_workload,gpu:1,swma
96.8,2026-01-01 00:01:36.800000+00:00,,syn-attack-swma-200,swma-periodic-primary,square,0.5,0.79,0.5,0,10.0,330.684096417087,96.79173752636704,54.1475841956179,2520.0,55.21412653672604,4043.493812096441,100.0,100.0,True,,synthetic_swma,sim_user,unknown_cuda_workload,gpu:1,swma
96.9,2026-01-01 00:01:36.900000+00:00,,syn-attack-swma-200,swma-periodic-primary,square,0.5,0.79,0.5,0,10.0,328.09687391979446,96.4410306264152,50.50506540425431,2520.0,54.91928451412076,4025.9139928241248,100.0,100.0,True,,synthetic_swma,sim_user,unknown_cuda_workload,gpu:1,swma
97.0,2026-01-01 00:01:37+00:00,,syn-attack-swma-200,swma-periodic-primary,square,0.5,0.79,0.5,0,10.0,36.798009301647184,1.6074324504484538,0.0,271.4459470269072,28.28528269021034,328.7647340122543,100.0,100.0,True,,synthetic_swma,sim_user,unknown_cuda_workload,gpu:1,swma
97.1,2026-01-01 00:01:37.100000+00:00,,syn-attack-swma-200,swma-periodic-primary,square,0.5,0.79,0.5,0,10.0,35.756781298269686,2.024689579822885,0.0,296.4813747893731,28.210322009536224,366.00766945388915,100.0,100.0,True,,synthetic_swma,sim_user,unknown_cuda_workload,gpu:1,swma
97.2,2026-01-01 00:01:37.200000+00:00,,syn-attack-swma-200,swma-periodic-primary,square,0.5,0.79,0.5,0,10.0,36.0502402759265,1.645767098508742,0.0,273.7460259105245,28.076862946499002,270.364991224808,100.0,100.0,True,,synthetic_swma,sim_user,unknown_cuda_workload,gpu:1,swma
97.3,2026-01-01 00:01:37.300000+00:00,,syn-attack-swma-200,swma-periodic-primary,square,0.5,0.79,0.5,0,10.0,38.40726862454878,0.986124681943125,1.0853934078004177,234.1674809165875,27.913534385054362,500.2644731610527,100.0,100.0,True,,synthetic_swma,sim_user,unknown_cuda_workload,gpu:1,swma
97.4,2026-01-01 00:01:37.400000+00:00,,syn-attack-swma-200,swma-periodic-primary,square,0.5,0.79,0.5,0,10.0,39.38622773032931,0.7881148377793501,2.281766801217725,222.286890266761,27.777417517435516,621.7567741214799,100.0,100.0,True,,synthetic_swma,sim_user,unknown_cuda_workload,gpu:1,swma
97.5,2026-01-01 00:01:37.500000+00:00,,syn-attack-swma-200,swma-periodic-primary,square,0.5,0.79,0.5,0,10.0,40.48861740279168,0.0,3.3181565370555797,210.0,27.48397981615219,599.6582961845056,100.0,100.0,True,,synthetic_swma,sim_user,unknown_cuda_workload,gpu:1,swma
97.6,2026-01-01 00:01:37.600000+00:00,,syn-attack-swma-200,swma-periodic-primary,square,0.5,0.79,0.5,0,10.0,38.97335726823402,0.8537479789337241,1.767371079392238,226.22487873602344,27.75912484704059,452.94814838563343,100.0,100.0,True,,synthetic_swma,sim_user,unknown_cuda_workload,gpu:1,swma
97.7,2026-01-01 00:01:37.700000+00:00,,syn-attack-swma-200,swma-periodic-primary,square,0.5,0.79,0.5,0,10.0,33.32670791806674,0.45892852504864823,0.0,210.0,27.804095983236902,465.79025982310327,100.0,100.0,True,,synthetic_swma,sim_user,unknown_cuda_workload,gpu:1,swma
97.8,2026-01-01 00:01:37.800000+00:00,,syn-attack-swma-200,swma-periodic-primary,square,0.5,0.79,0.5,0,10.0,40.99721518656673,0.0,3.9962869154223046,210.0,27.77866895739209,755.9402551842718,100.0,100.0,True,,synthetic_swma,sim_user,unknown_cuda_workload,gpu:1,swma
97.9,2026-01-01 00:01:37.900000+00:00,,syn-attack-swma-200,swma-periodic-primary,square,0.5,0.79,0.5,0,10.0,38.986968858046716,2.2440909132335007,2.550208479674044,309.64545479401005,28.4345567247928,620.3048532673029,100.0,100.0,True,,synthetic_swma,sim_user,unknown_cuda_workload,gpu:1,swma
98.0,2026-01-01 00:01:38+00:00,,syn-attack-swma-200,swma-periodic-primary,square,0.5,0.79,0.5,0,10.0,329.134774052043,98.57737779487465,53.06392318990504,2520.0,55.41976062038366,4054.6866752478127,100.0,100.0,True,,synthetic_swma,sim_user,unknown_cuda_workload,gpu:1,swma
98.1,2026-01-01 00:01:38.100000+00:00,,syn-attack-swma-200,swma-periodic-primary,square,0.5,0.79,0.5,0,10.0,331.1596427884397,98.24862363119134,55.58293338174157,2520.0,55.5888193160995,4145.518294727512,100.0,100.0,True,,synthetic_swma,sim_user,unknown_cuda_workload,gpu:1,swma
98.2,2026-01-01 00:01:38.200000+00:00,,syn-attack-swma-200,swma-periodic-primary,square,0.5,0.79,0.5,0,10.0,327.5749985666025,98.81414990136246,51.11444720121934,2520.0,55.91487730484692,3941.6934834777326,100.0,100.0,True,,synthetic_swma,sim_user,unknown_cuda_workload,gpu:1,swma
98.3,2026-01-01 00:01:38.300000+00:00,,syn-attack-swma-200,swma-periodic-primary,square,0.5,0.79,0.5,0,10.0,327.93682281553254,96.70305703173864,50.43577845483296,2520.0,55.50282474407657,4173.803998960776,100.0,100.0,True,,synthetic_swma,sim_user,unknown_cuda_workload,gpu:1,swma
98.4,2026-01-01 00:01:38.400000+00:00,,syn-attack-swma-200,swma-periodic-primary,square,0.5,0.79,0.5,0,10.0,334.7606255626558,97.37316046578414,59.902739006389005,2520.0,55.747944961946835,4681.122113394004,100.0,100.0,True,,synthetic_swma,sim_user,unknown_cuda_workload,gpu:1,swma
98.5,2026-01-01 00:01:38.500000+00:00,,syn-attack-swma-200,swma-periodic-primary,square,0.5,0.79,0.5,0,10.0,332.75353929163987,95.18500646490845,56.02313927788613,2491.1003878945075,55.27857291753733,4465.847247855867,100.0,100.0,True,,synthetic_swma,sim_user,unknown_cuda_workload,gpu:1,swma
98.6,2026-01-01 00:01:38.600000+00:00,,syn-attack-swma-200,swma-periodic-primary,square,0.5,0.79,0.5,0,10.0,322.7495291866247,98.43746446916613,44.47331104020766,2520.0,56.39581555246,3643.93357731768,100.0,100.0,True,,synthetic_swma,sim_user,unknown_cuda_workload,gpu:1,swma
98.7,2026-01-01 00:01:38.700000+00:00,,syn-attack-swma-200,swma-periodic-primary,square,0.5,0.79,0.5,0,10.0,321.2267421999647,97.47048113104712,41.9110875553622,2520.0,56.10946369678749,3447.0484009172487,100.0,100.0,True,,synthetic_swma,sim_user,unknown_cuda_workload,gpu:1,swma
98.8,2026-01-01 00:01:38.800000+00:00,,syn-attack-swma-200,swma-periodic-primary,square,0.5,0.79,0.5,0,10.0,330.5924236245513,99.49148907989769,55.510217160012175,2520.0,56.584139209736904,4327.563061308145,100.0,100.0,True,,synthetic_swma,sim_user,unknown_cuda_workload,gpu:1,swma
98.9,2026-01-01 00:01:38.900000+00:00,,syn-attack-swma-200,swma-periodic-primary,square,0.5,0.79,0.5,0,10.0,327.11786725928124,98.14418196558012,50.136456426777414,2520.0,56.44245591086216,3918.568994635883,100.0,100.0,True,,synthetic_swma,sim_user,unknown_cuda_workload,gpu:1,swma
99.0,2026-01-01 00:01:39+00:00,,syn-attack-swma-200,swma-periodic-primary,square,0.5,0.79,0.5,0,10.0,33.890589544306096,0.0,0.0,210.0,28.687739093131622,415.3718328661339,100.0,100.0,True,,synthetic_swma,sim_user,unknown_cuda_workload,gpu:1,swma
99.1,2026-01-01 00:01:39.100000+00:00,,syn-attack-swma-200,swma-periodic-primary,square,0.5,0.79,0.5,0,10.0,38.45568718620829,0.07120775358325915,0.6467471794151726,210.0,28.676535882068585,558.4589793437683,100.0,100.0,True,,synthetic_swma,sim_user,unknown_cuda_workload,gpu:1,swma
99.2,2026-01-01 00:01:39.200000+00:00,,syn-attack-swma-200,swma-periodic-primary,square,0.5,0.79,0.5,0,10.0,34.73843120239166,1.4217582851124508,0.0,260.30549710674705,29.000360849474767,457.83264064633505,100.0,100.0,True,,synthetic_swma,sim_user,unknown_cuda_workload,gpu:1,swma
99.3,2026-01-01 00:01:39.300000+00:00,,syn-attack-swma-200,swma-periodic-primary,square,0.5,0.79,0.5,0,10.0,35.34671574106417,0.5886777452630212,0.0,210.32066471578128,28.88022316137882,430.0737664643856,100.0,100.0,True,,synthetic_swma,sim_user,unknown_cuda_workload,gpu:1,swma
99.4,2026-01-01 00:01:39.400000+00:00,,syn-attack-swma-200,swma-periodic-primary,square,0.5,0.79,0.5,0,10.0,39.32410517583557,2.7138259265510403,3.2580778273838336,337.8295555930624,29.392862467023235,465.2170285633904,100.0,100.0,True,,synthetic_swma,sim_user,unknown_cuda_workload,gpu:1,swma
99.5,2026-01-01 00:01:39.500000+00:00,,syn-attack-swma-200,swma-periodic-primary,square,0.5,0.79,0.5,0,10.0,38.813065449097486,1.9136324620151939,2.1365851195716727,289.8179477209116,29.115411652588456,515.3444929562079,100.0,100.0,True,,synthetic_swma,sim_user,unknown_cuda_workload,gpu:1,swma
99.6,2026-01-01 00:01:39.600000+00:00,,syn-attack-swma-200,swma-periodic-primary,square,0.5,0.79,0.5,0,10.0,34.97580276281334,1.2925858718207344,0.0,252.55515230924405,28.707826419629914,419.4592259607702,100.0,100.0,True,,synthetic_swma,sim_user,unknown_cuda_workload,gpu:1,swma
99.7,2026-01-01 00:01:39.700000+00:00,,syn-attack-swma-200,swma-periodic-primary,square,0.5,0.79,0.5,0,10.0,37.788529402633145,2.2213953276852116,0.9398066337377244,308.2837196611127,28.979851900065587,546.5174242031372,100.0,100.0,True,,synthetic_swma,sim_user,unknown_cuda_workload,gpu:1,swma
99.8,2026-01-01 00:01:39.800000+00:00,,syn-attack-swma-200,swma-periodic-primary,square,0.5,0.79,0.5,0,10.0,41.00003865041328,1.7928749940955926,4.986132780636949,282.57249964573555,28.484069576919556,820.7438586910148,100.0,100.0,True,,synthetic_swma,sim_user,unknown_cuda_workload,gpu:1,swma
99.9,2026-01-01 00:01:39.900000+00:00,,syn-attack-swma-200,swma-periodic-primary,square,0.5,0.79,0.5,0,10.0,32.23658760580798,1.625305580119806,0.0,272.51833480718835,28.655321484224963,537.4436439496965,100.0,100.0,True,,synthetic_swma,sim_user,unknown_cuda_workload,gpu:1,swma
100.0,2026-01-01 00:01:40+00:00,,syn-attack-swma-200,swma-periodic-primary,square,0.5,0.79,0.5,0,10.0,330.1539842231274,97.15921787330936,53.64288212782334,2520.0,55.2040828154504,4317.648765880791,100.0,100.0,True,,synthetic_swma,sim_user,unknown_cuda_workload,gpu:1,swma
100.1,2026-01-01 00:01:40.100000+00:00,,syn-attack-swma-200,swma-periodic-primary,square,0.5,0.79,0.5,0,10.0,330.0231081244241,98.86831174939421,54.408382294732256,2520.0,55.638137788229855,4211.998278431267,100.0,100.0,True,,synthetic_swma,sim_user,unknown_cuda_workload,gpu:1,swma
100.2,2026-01-01 00:01:40.200000+00:00,,syn-attack-swma-200,swma-periodic-primary,square,0.5,0.79,0.5,0,10.0,326.2305637354404,97.77022305165656,48.747707658998294,2520.0,55.09237829593309,3962.7937201404266,100.0,100.0,True,,synthetic_swma,sim_user,unknown_cuda_workload,gpu:1,swma
100.3,2026-01-01 00:01:40.300000+00:00,,syn-attack-swma-200,swma-periodic-primary,square,0.5,0.79,0.5,0,10.0,325.5533560247125,96.5265217297439,47.160728317642494,2520.0,54.864963157804745,3745.0784995551767,100.0,100.0,True,,synthetic_swma,sim_user,unknown_cuda_workload,gpu:1,swma
100.4,2026-01-01 00:01:40.400000+00:00,,syn-attack-swma-200,swma-periodic-primary,square,0.5,0.79,0.5,0,10.0,329.9171052987731,96.43439587926048,52.92839146529075,2520.0,54.66209665546895,4041.9786489167122,100.0,100.0,True,,synthetic_swma,sim_user,unknown_cuda_workload,gpu:1,swma
100.5,2026-01-01 00:01:40.500000+00:00,,syn-attack-swma-200,swma-periodic-primary,square,0.5,0.79,0.5,0,10.0,327.69967409747835,95.99700705721496,49.731252678106046,2520.0,54.58138999484647,3923.1033011641043,100.0,100.0,True,,synthetic_swma,sim_user,unknown_cuda_workload,gpu:1,swma
100.6,2026-01-01 00:01:40.600000+00:00,,syn-attack-swma-200,swma-periodic-primary,square,0.5,0.79,0.5,0,10.0,330.0321079932084,98.12127509291304,54.00951195871334,2520.0,55.165474080611965,4311.2886138804915,100.0,100.0,True,,synthetic_swma,sim_user,unknown_cuda_workload,gpu:1,swma
100.7,2026-01-01 00:01:40.700000+00:00,,syn-attack-swma-200,swma-periodic-primary,square,0.5,0.79,0.5,0,10.0,328.21022384456387,96.75728006443684,50.83013582819211,2520.0,54.82922057868179,3915.3097116099407,100.0,100.0,True,,synthetic_swma,sim_user,unknown_cuda_workload,gpu:1,swma
100.8,2026-01-01 00:01:40.800000+00:00,,syn-attack-swma-200,swma-periodic-primary,square,0.5,0.79,0.5,0,10.0,327.684857021071,98.40343393657756,51.03503135987902,2520.0,55.41959230317018,3961.271490222292,100.0,100.0,True,,synthetic_swma,sim_user,unknown_cuda_workload,gpu:1,swma
100.9,2026-01-01 00:01:40.900000+00:00,,syn-attack-swma-200,swma-periodic-primary,square,0.5,0.79,0.5,0,10.0,328.8857722108971,97.83577992346159,52.324041905766606,2520.0,55.261268061559704,4409.677439358412,100.0,100.0,True,,synthetic_swma,sim_user,unknown_cuda_workload,gpu:1,swma
101.0,2026-01-01 00:01:41+00:00,,syn-attack-swma-200,swma-periodic-primary,square,0.5,0.79,0.5,0,10.0,40.80262385272388,1.0505932796978912,4.314658107465682,238.03559678187347,28.14791707097756,627.5639581320006,100.0,100.0,True,,synthetic_swma,sim_user,unknown_cuda_workload,gpu:1,swma
101.1,2026-01-01 00:01:41.100000+00:00,,syn-attack-swma-200,swma-periodic-primary,square,0.5,0.79,0.5,0,10.0,36.30871903464738,0.3189181633829762,0.0,210.0,27.82375284743893,330.24613901795533,100.0,100.0,True,,synthetic_swma,sim_user,unknown_cuda_workload,gpu:1,swma
101.2,2026-01-01 00:01:41.200000+00:00,,syn-attack-swma-200,swma-periodic-primary,square,0.5,0.79,0.5,0,10.0,39.738838127867524,1.0551103457346427,2.898761527310752,238.30662074407857,28.12569448036659,691.4929063989293,100.0,100.0,True,,synthetic_swma,sim_user,unknown_cuda_workload,gpu:1,swma
101.3,2026-01-01 00:01:41.300000+00:00,,syn-attack-swma-200,swma-periodic-primary,square,0.5,0.79,0.5,0,10.0,34.49629697713831,2.0453870452511183,0.0,297.7232227150671,28.685606536088187,529.2170494305227,100.0,100.0,True,,synthetic_swma,sim_user,unknown_cuda_workload,gpu:1,swma
101.4,2026-01-01 00:01:41.400000+00:00,,syn-attack-swma-200,swma-periodic-primary,square,0.5,0.79,0.5,0,10.0,38.98083863541295,3.5109835356392547,3.2388257918188534,385.65901213835525,29.17547306605746,754.7125471060342,100.0,100.0,True,,synthetic_swma,sim_user,unknown_cuda_workload,gpu:1,swma
101.5,2026-01-01 00:01:41.500000+00:00,,syn-attack-swma-200,swma-periodic-primary,square,0.5,0.79,0.5,0,10.0,37.60576446283272,1.4087738711846698,0.24917824626185547,259.5264322710802,28.943081187864586,339.3810997435953,100.0,100.0,True,,synthetic_swma,sim_user,unknown_cuda_workload,gpu:1,swma
101.6,2026-01-01 00:01:41.600000+00:00,,syn-attack-swma-200,swma-periodic-primary,square,0.5,0.79,0.5,0,10.0,36.05158689152604,0.0,0.0,210.0,28.895067149734857,486.79997563912923,100.0,100.0,True,,synthetic_swma,sim_user,unknown_cuda_workload,gpu:1,swma
101.7,2026-01-01 00:01:41.700000+00:00,,syn-attack-swma-200,swma-periodic-primary,square,0.5,0.79,0.5,0,10.0,33.91627269553791,0.0,0.0,210.0,28.441658467152415,710.4814579352501,100.0,100.0,True,,synthetic_swma,sim_user,unknown_cuda_workload,gpu:1,swma
101.8,2026-01-01 00:01:41.800000+00:00,,syn-attack-swma-200,swma-periodic-primary,square,0.5,0.79,0.5,0,10.0,39.27378642723258,0.5012018094171917,1.9740428981562277,210.0,28.4662601863983,500.95169414111876,100.0,100.0,True,,synthetic_swma,sim_user,unknown_cuda_workload,gpu:1,swma
101.9,2026-01-01 00:01:41.900000+00:00,,syn-attack-swma-200,swma-periodic-primary,square,0.5,0.79,0.5,0,10.0,36.232314448817036,1.1938305362412822,0.0,246.62983217447695,28.84107207954964,519.1494417540873,100.0,100.0,True,,synthetic_swma,sim_user,unknown_cuda_workload,gpu:1,swma
102.0,2026-01-01 00:01:42+00:00,,syn-attack-swma-200,swma-periodic-primary,square,0.5,0.79,0.5,0,10.0,335.2568198977475,97.78692593705811,60.791902462378644,2520.0,56.31378212318297,4723.511796216021,100.0,100.0,True,,synthetic_swma,sim_user,unknown_cuda_workload,gpu:1,swma
102.1,2026-01-01 00:01:42.100000+00:00,,syn-attack-swma-200,swma-periodic-primary,square,0.5,0.79,0.5,0,10.0,326.63689072420476,97.57160149511076,49.180235121250576,2520.0,56.29133844923434,3940.883581846294,100.0,100.0,True,,synthetic_swma,sim_user,unknown_cuda_workload,gpu:1,swma
102.2,2026-01-01 00:01:42.200000+00:00,,syn-attack-swma-200,swma-periodic-primary,square,0.5,0.79,0.5,0,10.0,326.24878995306796,97.81613087305345,48.797258584270025,2520.0,56.24427516917543,3917.7677160888616,100.0,100.0,True,,synthetic_swma,sim_user,unknown_cuda_workload,gpu:1,swma
102.3,2026-01-01 00:01:42.300000+00:00,,syn-attack-swma-200,swma-periodic-primary,square,0.5,0.79,0.5,0,10.0,327.96654003265456,98.10831585103413,51.24829376160818,2520.0,56.077550442024645,3986.8770869237765,100.0,100.0,True,,synthetic_swma,sim_user,unknown_cuda_workload,gpu:1,swma
102.4,2026-01-01 00:01:42.400000+00:00,,syn-attack-swma-200,swma-periodic-primary,square,0.5,0.79,0.5,0,10.0,331.4720732517998,98.70355251237184,56.24971821753763,2520.0,55.83274719999707,4487.469418382335,100.0,100.0,True,,synthetic_swma,sim_user,unknown_cuda_workload,gpu:1,swma
102.5,2026-01-01 00:01:42.500000+00:00,,syn-attack-swma-200,swma-periodic-primary,square,0.5,0.79,0.5,0,10.0,332.7641897661233,97.5242860959855,57.323943707623094,2520.0,55.28434884279266,4381.357952027004,100.0,100.0,True,,synthetic_swma,sim_user,unknown_cuda_workload,gpu:1,swma
102.6,2026-01-01 00:01:42.600000+00:00,,syn-attack-swma-200,swma-periodic-primary,square,0.5,0.79,0.5,0,10.0,330.80176820204747,97.72579385649857,54.818210890470816,2520.0,55.340391889904275,4067.4744758515267,100.0,100.0,True,,synthetic_swma,sim_user,unknown_cuda_workload,gpu:1,swma
102.7,2026-01-01 00:01:42.700000+00:00,,syn-attack-swma-200,swma-periodic-primary,square,0.5,0.79,0.5,0,10.0,328.6796954868512,98.711579189191,52.53096253652328,2520.0,55.84250776333787,4029.3565594364936,100.0,100.0,True,,synthetic_swma,sim_user,unknown_cuda_workload,gpu:1,swma
102.8,2026-01-01 00:01:42.800000+00:00,,syn-attack-swma-200,swma-periodic-primary,square,0.5,0.79,0.5,0,10.0,329.2288871289255,97.46830750246525,52.57941863158993,2520.0,55.10735576526173,4183.226254234062,100.0,100.0,True,,synthetic_swma,sim_user,unknown_cuda_workload,gpu:1,swma
102.9,2026-01-01 00:01:42.900000+00:00,,syn-attack-swma-200,swma-periodic-primary,square,0.5,0.79,0.5,0,10.0,323.9457393359357,98.92590080937613,46.33689789307109,2520.0,55.5044487798284,3683.4260145111593,100.0,100.0,True,,synthetic_swma,sim_user,unknown_cuda_workload,gpu:1,swma
103.0,2026-01-01 00:01:43+00:00,,syn-attack-swma-200,swma-periodic-primary,square,0.5,0.79,0.5,0,10.0,32.80901764602719,2.529824107157655,0.0,326.7894464294593,28.356955663946035,414.2318223555095,100.0,100.0,True,,synthetic_swma,sim_user,unknown_cuda_workload,gpu:1,swma
103.1,2026-01-01 00:01:43.100000+00:00,,syn-attack-swma-200,swma-periodic-primary,square,0.5,0.79,0.5,0,10.0,38.38067817879041,2.0815145643402033,1.6524039154409933,299.89087386041217,28.221230141399012,601.0375842773485,100.0,100.0,True,,synthetic_swma,sim_user,unknown_cuda_workload,gpu:1,swma
103.2,2026-01-01 00:01:43.200000+00:00,,syn-attack-swma-200,swma-periodic-primary,square,0.5,0.79,0.5,0,10.0,40.6757367366189,2.216327309412939,4.786629002335651,307.97963856477634,28.722782891249327,753.6451349754291,100.0,100.0,True,,synthetic_swma,sim_user,unknown_cuda_workload,gpu:1,swma
103.3,2026-01-01 00:01:43.300000+00:00,,syn-attack-swma-200,swma-periodic-primary,square,0.5,0.79,0.5,0,10.0,35.33947979733732,1.0361808116801237,0.0,237.17084870080743,28.297333153584162,363.23181257523345,100.0,100.0,True,,synthetic_swma,sim_user,unknown_cuda_workload,gpu:1,swma
103.4,2026-01-01 00:01:43.400000+00:00,,syn-attack-swma-200,swma-periodic-primary,square,0.5,0.79,0.5,0,10.0,36.76961678742094,2.323212170862317,0.0,314.392730251739,28.737727540207917,679.6269213791392,100.0,100.0,True,,synthetic_swma,sim_user,unknown_cuda_workload,gpu:1,swma
103.5,2026-01-01 00:01:43.500000+00:00,,syn-attack-swma-200,swma-periodic-primary,square,0.5,0.79,0.5,0,10.0,35.43251531524527,1.5212144312713405,0.0,266.27286587628043,28.903615650852974,408.58825542221115,100.0,100.0,True,,synthetic_swma,sim_user,unknown_cuda_workload,gpu:1,swma
103.6,2026-01-01 00:01:43.600000+00:00,,syn-attack-swma-200,swma-periodic-primary,square,0.5,0.79,0.5,0,10.0,38.48435100802909,0.8587527703249817,1.1181153677175235,226.52516621949889,28.821560964832642,469.05523071882976,100.0,100.0,True,,synthetic_swma,sim_user,unknown_cuda_workload,gpu:1,swma
103.7,2026-01-01 00:01:43.700000+00:00,,syn-attack-swma-200,swma-periodic-primary,square,0.5,0.79,0.5,0,10.0,33.94944139166681,2.3861306848381716,0.0,318.16784109029027,29.397759271161874,581.0511254951523,100.0,100.0,True,,synthetic_swma,sim_user,unknown_cuda_workload,gpu:1,swma
103.8,2026-01-01 00:01:43.800000+00:00,,syn-attack-swma-200,swma-periodic-primary,square,0.5,0.79,0.5,0,10.0,39.80927897932898,0.8362328236655833,2.872300025454712,225.173969419935,29.069937053302713,619.9684870403129,100.0,100.0,True,,synthetic_swma,sim_user,unknown_cuda_workload,gpu:1,swma
103.9,2026-01-01 00:01:43.900000+00:00,,syn-attack-swma-200,swma-periodic-primary,square,0.5,0.79,0.5,0,10.0,36.869931011318016,0.0,0.0,210.0,28.743743950165122,467.7895818566251,100.0,100.0,True,,synthetic_swma,sim_user,unknown_cuda_workload,gpu:1,swma
104.0,2026-01-01 00:01:44+00:00,,syn-attack-swma-200,swma-periodic-primary,square,0.5,0.79,0.5,0,10.0,324.7991442163972,96.69053135932138,46.24531786948974,2520.0,55.68869685565564,3672.864571929904,100.0,100.0,True,,synthetic_swma,sim_user,unknown_cuda_workload,gpu:1,swma
104.1,2026-01-01 00:01:44.100000+00:00,,syn-attack-swma-200,swma-periodic-primary,square,0.5,0.79,0.5,0,10.0,329.32522099280686,98.45297952547791,53.24943339608867,2520.0,55.74683991178734,4339.080484731971,100.0,100.0,True,,synthetic_swma,sim_user,unknown_cuda_workload,gpu:1,swma
104.2,2026-01-01 00:01:44.200000+00:00,,syn-attack-swma-200,swma-periodic-primary,square,0.5,0.79,0.5,0,10.0,333.80482116182725,98.74532029179673,59.38302104292457,2520.0,56.1539540291256,4467.348672474778,100.0,100.0,True,,synthetic_swma,sim_user,unknown_cuda_workload,gpu:1,swma
104.3,2026-01-01 00:01:44.300000+00:00,,syn-attack-swma-200,swma-periodic-primary,square,0.5,0.79,0.5,0,10.0,329.7139387286492,98.20110321800364,53.62919174143432,2520.0,55.69495212133509,4299.298773503454,100.0,100.0,True,,synthetic_swma,sim_user,unknown_cuda_workload,gpu:1,swma
104.4,2026-01-01 00:01:44.400000+00:00,,syn-attack-swma-200,swma-periodic-primary,square,0.5,0.79,0.5,0,10.0,337.61451386406463,97.8310252372021,63.95974903254733,2520.0,55.58349609730984,4847.7172419010185,100.0,100.0,True,,synthetic_swma,sim_user,unknown_cuda_workload,gpu:1,swma
104.5,2026-01-01 00:01:44.500000+00:00,,syn-attack-swma-200,swma-periodic-primary,square,0.5,0.79,0.5,0,10.0,329.89544478820176,97.76907396883483,53.63358373379482,2520.0,55.540117587249725,4197.490353832938,100.0,100.0,True,,synthetic_swma,sim_user,unknown_cuda_workload,gpu:1,swma
104.6,2026-01-01 00:01:44.600000+00:00,,syn-attack-swma-200,swma-periodic-primary,square,0.5,0.79,0.5,0,10.0,330.3329900478366,96.8112254887696,53.69016074927202,2520.0,55.4000382194518,4212.147480562055,100.0,100.0,True,,synthetic_swma,sim_user,unknown_cuda_workload,gpu:1,swma
104.7,2026-01-01 00:01:44.700000+00:00,,syn-attack-swma-200,swma-periodic-primary,square,0.5,0.79,0.5,0,10.0,331.3382216967043,96.90023141250745,55.0794228724848,2520.0,54.86040122652788,4169.905386087266,100.0,100.0,True,,synthetic_swma,sim_user,unknown_cuda_workload,gpu:1,swma
104.8,2026-01-01 00:01:44.800000+00:00,,syn-attack-swma-200,swma-periodic-primary,square,0.5,0.79,0.5,0,10.0,328.4170545726978,98.72725099322021,52.18939414320149,2520.0,55.32995108346005,4015.9734011949213,100.0,100.0,True,,synthetic_swma,sim_user,unknown_cuda_workload,gpu:1,swma
104.9,2026-01-01 00:01:44.900000+00:00,,syn-attack-swma-200,swma-periodic-primary,square,0.5,0.79,0.5,0,10.0,333.8543124263792,97.51957045085406,58.77484698314199,2520.0,55.00100894787646,4555.191365572793,100.0,100.0,True,,synthetic_swma,sim_user,unknown_cuda_workload,gpu:1,swma
105.0,2026-01-01 00:01:45+00:00,,syn-attack-swma-200,swma-periodic-primary,square,0.5,0.79,0.5,0,10.0,40.191000095653095,0.20644077891333845,3.034875889273131,210.0,27.980835201740888,685.5887094238386,100.0,100.0,True,,synthetic_swma,sim_user,unknown_cuda_workload,gpu:1,swma
105.1,2026-01-01 00:01:45.100000+00:00,,syn-attack-swma-200,swma-periodic-primary,square,0.5,0.79,0.5,0,10.0,36.29635666379451,1.235400127641586,0.0,249.12400765849517,28.2594770010594,292.9852806429145,100.0,100.0,True,,synthetic_swma,sim_user,unknown_cuda_workload,gpu:1,swma
105.2,2026-01-01 00:01:45.200000+00:00,,syn-attack-swma-200,swma-periodic-primary,square,0.5,0.79,0.5,0,10.0,43.80072611118665,1.2264680673753625,8.40885891863865,248.58808404252176,28.59361409779383,953.185192424802,100.0,100.0,True,,synthetic_swma,sim_user,unknown_cuda_workload,gpu:1,swma
105.3,2026-01-01 00:01:45.300000+00:00,,syn-attack-swma-200,swma-periodic-primary,square,0.5,0.79,0.5,0,10.0,35.27932075181866,0.9542005795623801,0.0,232.2520347737428,28.39885744447255,346.2154229496988,100.0,100.0,True,,synthetic_swma,sim_user,unknown_cuda_workload,gpu:1,swma
105.4,2026-01-01 00:01:45.400000+00:00,,syn-attack-swma-200,swma-periodic-primary,square,0.5,0.79,0.5,0,10.0,42.775209692005625,1.431109086127287,7.154056253377505,260.86654516763724,28.41323824788697,981.5043935206836,100.0,100.0,True,,synthetic_swma,sim_user,unknown_cuda_workload,gpu:1,swma
105.5,2026-01-01 00:01:45.500000+00:00,,syn-attack-swma-200,swma-periodic-primary,square,0.5,0.79,0.5,0,10.0,34.29706721668022,0.9590236131957011,0.0,232.54141679174205,28.16200408937489,595.7406852048997,100.0,100.0,True,,synthetic_swma,sim_user,unknown_cuda_workload,gpu:1,swma
105.6,2026-01-01 00:01:45.600000+00:00,,syn-attack-swma-200,swma-periodic-primary,square,0.5,0.79,0.5,0,10.0,37.81910792581696,0.7579387029183274,0.1756768543610288,220.47632217509965,28.579002015293327,525.1374960250682,100.0,100.0,True,,synthetic_swma,sim_user,unknown_cuda_workload,gpu:1,swma
105.7,2026-01-01 00:01:45.700000+00:00,,syn-attack-swma-200,swma-periodic-primary,square,0.5,0.79,0.5,0,10.0,37.24640256850794,0.0,0.0,210.0,28.339866952647675,625.5451559837804,100.0,100.0,True,,synthetic_swma,sim_user,unknown_cuda_workload,gpu:1,swma
105.8,2026-01-01 00:01:45.800000+00:00,,syn-attack-swma-200,swma-periodic-primary,square,0.5,0.79,0.5,0,10.0,41.015821864554376,2.555878461038942,5.426828972977251,328.3527076623365,29.14193698481203,873.666244002304,100.0,100.0,True,,synthetic_swma,sim_user,unknown_cuda_workload,gpu:1,swma
105.9,2026-01-01 00:01:45.900000+00:00,,syn-attack-swma-200,swma-periodic-primary,square,0.5,0.79,0.5,0,10.0,43.685282460961005,0.994818583552725,8.127526835568672,234.6891150131635,28.668163258274735,1014.1663518308733,100.0,100.0,True,,synthetic_swma,sim_user,unknown_cuda_workload,gpu:1,swma
106.0,2026-01-01 00:01:46+00:00,,syn-attack-swma-200,swma-periodic-primary,square,0.5,0.79,0.5,0,10.0,329.6677255229708,99.91776513665816,54.51173818912304,2520.0,56.172040799949194,4335.1935844279915,100.0,100.0,True,,synthetic_swma,sim_user,unknown_cuda_workload,gpu:1,swma
106.1,2026-01-01 00:01:46.100000+00:00,,syn-attack-swma-200,swma-periodic-primary,square,0.5,0.79,0.5,0,10.0,330.399009254689,97.68177661676343,54.25698947880524,2520.0,55.419185467102714,4114.95816954288,100.0,100.0,True,,synthetic_swma,sim_user,unknown_cuda_workload,gpu:1,swma
106.2,2026-01-01 00:01:46.200000+00:00,,syn-attack-swma-200,swma-periodic-primary,square,0.5,0.79,0.5,0,10.0,327.48588581137636,96.45847242969576,49.700007584834474,2520.0,55.02266319709464,3925.9329926280234,100.0,100.0,True,,synthetic_swma,sim_user,unknown_cuda_workload,gpu:1,swma
106.3,2026-01-01 00:01:46.300000+00:00,,syn-attack-swma-200,swma-periodic-primary,square,0.5,0.79,0.5,0,10.0,331.3762316239099,96.08701506636498,54.68283378504728,2520.0,54.8651273380115,4091.879263245603,100.0,100.0,True,,synthetic_swma,sim_user,unknown_cuda_workload,gpu:1,swma
106.4,2026-01-01 00:01:46.400000+00:00,,syn-attack-swma-200,swma-periodic-primary,square,0.5,0.79,0.5,0,10.0,328.83342328411084,100.0,53.444564378814476,2520.0,55.959607567723715,4272.221701963261,100.0,100.0,True,,synthetic_swma,sim_user,unknown_cuda_workload,gpu:1,swma
106.5,2026-01-01 00:01:46.500000+00:00,,syn-attack-swma-200,swma-periodic-primary,square,0.5,0.79,0.5,0,10.0,330.59101847854447,98.16022696530858,54.776149468979,2520.0,55.38770320937508,4434.617747338091,100.0,100.0,True,,synthetic_swma,sim_user,unknown_cuda_workload,gpu:1,swma
106.6,2026-01-01 00:01:46.600000+00:00,,syn-attack-swma-200,swma-periodic-primary,square,0.5,0.79,0.5,0,10.0,330.9211170818634,97.95183946854533,55.101667816851105,2520.0,55.41819817622863,4411.9248044510805,100.0,100.0,True,,synthetic_swma,sim_user,unknown_cuda_workload,gpu:1,swma
106.7,2026-01-01 00:01:46.700000+00:00,,syn-attack-swma-200,swma-periodic-primary,square,0.5,0.79,0.5,0,10.0,332.94486598518023,98.87808847912785,58.309436643760634,2520.0,55.624735020434684,4459.4811898991875,100.0,100.0,True,,synthetic_swma,sim_user,unknown_cuda_workload,gpu:1,swma
106.8,2026-01-01 00:01:46.800000+00:00,,syn-attack-swma-200,swma-periodic-primary,square,0.5,0.79,0.5,0,10.0,329.4439365826482,97.1657760242056,52.69975892351064,2520.0,55.00477221252587,3955.646422131312,100.0,100.0,True,,synthetic_swma,sim_user,unknown_cuda_workload,gpu:1,swma
106.9,2026-01-01 00:01:46.900000+00:00,,syn-attack-swma-200,swma-periodic-primary,square,0.5,0.79,0.5,0,10.0,331.73316534782276,97.96019325276669,56.18899341945207,2520.0,55.158053381603416,4233.2666799088465,100.0,100.0,True,,synthetic_swma,sim_user,unknown_cuda_workload,gpu:1,swma
107.0,2026-01-01 00:01:47+00:00,,syn-attack-swma-200,swma-periodic-primary,square,0.5,0.79,0.5,0,10.0,37.156165517841075,1.367631431732676,0.0,257.0578859039606,27.858525154237046,379.54165812898293,100.0,100.0,True,,synthetic_swma,sim_user,unknown_cuda_workload,gpu:1,swma
107.1,2026-01-01 00:01:47.100000+00:00,,syn-attack-swma-200,swma-periodic-primary,square,0.5,0.79,0.5,0,10.0,37.44001055912816,0.0,0.0,210.0,27.424328184080537,486.74606784154935,100.0,100.0,True,,synthetic_swma,sim_user,unknown_cuda_workload,gpu:1,swma
107.2,2026-01-01 00:01:47.200000+00:00,,syn-attack-swma-200,swma-periodic-primary,square,0.5,0.79,0.5,0,10.0,37.7371894994604,0.28124102922461836,0.0,210.0,27.67655029817945,454.76681976060536,100.0,100.0,True,,synthetic_swma,sim_user,unknown_cuda_workload,gpu:1,swma
107.3,2026-01-01 00:01:47.300000+00:00,,syn-attack-swma-200,swma-periodic-primary,square,0.5,0.79,0.5,0,10.0,36.02923916125038,1.948872116956776,0.0,291.9323270174066,27.887143348913987,382.7261273404157,100.0,100.0,True,,synthetic_swma,sim_user,unknown_cuda_workload,gpu:1,swma
107.4,2026-01-01 00:01:47.400000+00:00,,syn-attack-swma-200,swma-periodic-primary,square,0.5,0.79,0.5,0,10.0,44.477875397143876,0.13796108951440234,8.713045795424758,210.0,27.3027102291921,918.1568260597548,100.0,100.0,True,,synthetic_swma,sim_user,unknown_cuda_workload,gpu:1,swma
107.5,2026-01-01 00:01:47.500000+00:00,,syn-attack-swma-200,swma-periodic-primary,square,0.5,0.79,0.5,0,10.0,31.99099989798801,0.41354336755847476,0.0,210.0,27.37723566809821,609.7261569350434,100.0,100.0,True,,synthetic_swma,sim_user,unknown_cuda_workload,gpu:1,swma
107.6,2026-01-01 00:01:47.600000+00:00,,syn-attack-swma-200,swma-periodic-primary,square,0.5,0.79,0.5,0,10.0,38.02075990328226,2.271128224156972,1.2768003943293513,311.26769344941835,28.080093176127082,626.296913802801,100.0,100.0,True,,synthetic_swma,sim_user,unknown_cuda_workload,gpu:1,swma
107.7,2026-01-01 00:01:47.700000+00:00,,syn-attack-swma-200,swma-periodic-primary,square,0.5,0.79,0.5,0,10.0,40.51411549922092,1.1176296345013612,3.9668502979369773,242.05777807008167,28.000291468250126,637.5109667552933,100.0,100.0,True,,synthetic_swma,sim_user,unknown_cuda_workload,gpu:1,swma
107.8,2026-01-01 00:01:47.800000+00:00,,syn-attack-swma-200,swma-periodic-primary,square,0.5,0.79,0.5,0,10.0,37.70684079219913,1.2791722921818067,0.3126658169655003,251.7503375309084,27.99163457656459,597.2151121558843,100.0,100.0,True,,synthetic_swma,sim_user,unknown_cuda_workload,gpu:1,swma
107.9,2026-01-01 00:01:47.900000+00:00,,syn-attack-swma-200,swma-periodic-primary,square,0.5,0.79,0.5,0,10.0,36.689050342471674,1.8601808336257935,0.0,286.6108500175476,28.20253918929552,549.7262580726247,100.0,100.0,True,,synthetic_swma,sim_user,unknown_cuda_workload,gpu:1,swma
108.0,2026-01-01 00:01:48+00:00,,syn-attack-swma-200,swma-periodic-primary,square,0.5,0.79,0.5,0,10.0,326.1699319849611,98.88123150245747,49.27791997296646,2520.0,55.31892093492023,3836.9755449041536,100.0,100.0,True,,synthetic_swma,sim_user,unknown_cuda_workload,gpu:1,swma
108.1,2026-01-01 00:01:48.100000+00:00,,syn-attack-swma-200,swma-periodic-primary,square,0.5,0.79,0.5,0,10.0,332.883264330489,95.06247629248674,56.128714401519666,2483.748577549204,54.23346936627389,4348.826795689383,100.0,100.0,True,,synthetic_swma,sim_user,unknown_cuda_workload,gpu:1,swma
108.2,2026-01-01 00:01:48.200000+00:00,,syn-attack-swma-200,swma-periodic-primary,square,0.5,0.79,0.5,0,10.0,328.14422320877316,98.84162778439759,51.88852622644958,2520.0,55.745872518350126,4004.8170348054177,100.0,100.0,True,,synthetic_swma,sim_user,unknown_cuda_workload,gpu:1,swma
108.3,2026-01-01 00:01:48.300000+00:00,,syn-attack-swma-200,swma-periodic-primary,square,0.5,0.79,0.5,0,10.0,330.22619286288347,97.29484741167087,53.8137565602636,2520.0,55.41090750428329,4196.492771985646,100.0,100.0,True,,synthetic_swma,sim_user,unknown_cuda_workload,gpu:1,swma
108.4,2026-01-01 00:01:48.400000+00:00,,syn-attack-swma-200,swma-periodic-primary,square,0.5,0.79,0.5,0,10.0,328.6693185597988,96.98329751419486,51.566571712538924,2520.0,55.10403549936618,4022.5385323115593,100.0,100.0,True,,synthetic_swma,sim_user,unknown_cuda_workload,gpu:1,swma
108.5,2026-01-01 00:01:48.500000+00:00,,syn-attack-swma-200,swma-periodic-primary,square,0.5,0.79,0.5,0,10.0,332.1736595199617,97.88396510774754,56.73439350254343,2520.0,55.107660256260154,4407.141979853498,100.0,100.0,True,,synthetic_swma,sim_user,unknown_cuda_workload,gpu:1,swma
108.6,2026-01-01 00:01:48.600000+00:00,,syn-attack-swma-200,swma-periodic-primary,square,0.5,0.79,0.5,0,10.0,330.6404453677348,97.87085328164214,54.68289646188293,2520.0,54.68158718530888,4428.6064694790675,100.0,100.0,True,,synthetic_swma,sim_user,unknown_cuda_workload,gpu:1,swma
108.7,2026-01-01 00:01:48.700000+00:00,,syn-attack-swma-200,swma-periodic-primary,square,0.5,0.79,0.5,0,10.0,327.77831257500964,98.36814960457585,51.1402323825296,2520.0,55.0289879886328,3828.449395910088,100.0,100.0,True,,synthetic_swma,sim_user,unknown_cuda_workload,gpu:1,swma
108.8,2026-01-01 00:01:48.800000+00:00,,syn-attack-swma-200,swma-periodic-primary,square,0.5,0.79,0.5,0,10.0,329.2612090805784,98.26764803186006,53.06215185829421,2520.0,55.16829693225986,4064.2967193458603,100.0,100.0,True,,synthetic_swma,sim_user,unknown_cuda_workload,gpu:1,swma
108.9,2026-01-01 00:01:48.900000+00:00,,syn-attack-swma-200,swma-periodic-primary,square,0.5,0.79,0.5,0,10.0,331.03195426581294,97.7876484343246,55.159145659962434,2520.0,55.02845364750513,4202.560173034201,100.0,100.0,True,,synthetic_swma,sim_user,unknown_cuda_workload,gpu:1,swma
109.0,2026-01-01 00:01:49+00:00,,syn-attack-swma-200,swma-periodic-primary,square,0.5,0.79,0.5,0,10.0,40.679261289172786,0.9770665806610631,4.109735004927301,233.6239948396638,28.00850067943478,894.0930259490293,100.0,100.0,True,,synthetic_swma,sim_user,unknown_cuda_workload,gpu:1,swma
109.1,2026-01-01 00:01:49.100000+00:00,,syn-attack-swma-200,swma-periodic-primary,square,0.5,0.79,0.5,0,10.0,38.638269373576314,0.7601086371956802,1.2690855818927076,220.60651823174084,27.569581910637915,482.60926569105635,100.0,100.0,True,,synthetic_swma,sim_user,unknown_cuda_workload,gpu:1,swma
109.2,2026-01-01 00:01:49.200000+00:00,,syn-attack-swma-200,swma-periodic-primary,square,0.5,0.79,0.5,0,10.0,39.65210863244405,0.7339347729465107,2.6064756350459737,219.03608637679065,27.64950093510332,517.8469426594186,100.0,100.0,True,,synthetic_swma,sim_user,unknown_cuda_workload,gpu:1,swma
109.3,2026-01-01 00:01:49.300000+00:00,,syn-attack-swma-200,swma-periodic-primary,square,0.5,0.79,0.5,0,10.0,34.826692624510116,1.4941358834538678,0.0,264.64815300723205,28.035901490527742,412.86542290430583,100.0,100.0,True,,synthetic_swma,sim_user,unknown_cuda_workload,gpu:1,swma
109.4,2026-01-01 00:01:49.400000+00:00,,syn-attack-swma-200,swma-periodic-primary,square,0.5,0.79,0.5,0,10.0,36.96883011717277,3.1525710884210403,0.3590209215285991,364.15426530526247,28.910918822790446,344.9988888206814,100.0,100.0,True,,synthetic_swma,sim_user,unknown_cuda_workload,gpu:1,swma
109.5,2026-01-01 00:01:49.500000+00:00,,syn-attack-swma-200,swma-periodic-primary,square,0.5,0.79,0.5,0,10.0,42.247925048922035,0.0,5.663900065229381,210.0,28.335823839024314,776.440607795225,100.0,100.0,True,,synthetic_swma,sim_user,unknown_cuda_workload,gpu:1,swma
109.6,2026-01-01 00:01:49.600000+00:00,,syn-attack-swma-200,swma-periodic-primary,square,0.5,0.79,0.5,0,10.0,41.37651748219152,1.1947117514361447,5.159114772878572,246.68270508616868,28.43576624787274,659.3451425649727,100.0,100.0,True,,synthetic_swma,sim_user,unknown_cuda_workload,gpu:1,swma
109.7,2026-01-01 00:01:49.700000+00:00,,syn-attack-swma-200,swma-periodic-primary,square,0.5,0.79,0.5,0,10.0,35.459966313918535,0.0,0.0,210.0,27.931456061047157,413.58225877259986,100.0,100.0,True,,synthetic_swma,sim_user,unknown_cuda_workload,gpu:1,swma
109.8,2026-01-01 00:01:49.800000+00:00,,syn-attack-swma-200,swma-periodic-primary,square,0.5,0.79,0.5,0,10.0,34.29619776865476,1.362420642928736,0.0,256.74523857572416,28.55841870230407,495.84602680354595,100.0,100.0,True,,synthetic_swma,sim_user,unknown_cuda_workload,gpu:1,swma
109.9,2026-01-01 00:01:49.900000+00:00,,syn-attack-swma-200,swma-periodic-primary,square,0.5,0.79,0.5,0,10.0,35.15960268075819,0.7121410061523774,0.0,217.72846036914265,28.118647514785064,672.3820413128158,100.0,100.0,True,,synthetic_swma,sim_user,unknown_cuda_workload,gpu:1,swma
110.0,2026-01-01 00:01:50+00:00,,syn-attack-swma-200,swma-periodic-primary,square,0.5,0.79,0.5,0,10.0,330.6953933196728,98.66061170764132,55.19052753209978,2520.0,55.72124798717921,4083.5202209665044,100.0,100.0,True,,synthetic_swma,sim_user,unknown_cuda_workload,gpu:1,swma
110.1,2026-01-01 00:01:50.100000+00:00,,syn-attack-swma-200,swma-periodic-primary,square,0.5,0.79,0.5,0,10.0,334.08145563274013,97.720390345268,59.18815553355094,2520.0,55.24306742629345,4752.603861817392,100.0,100.0,True,,synthetic_swma,sim_user,unknown_cuda_workload,gpu:1,swma
110.2,2026-01-01 00:01:50.200000+00:00,,syn-attack-swma-200,swma-periodic-primary,square,0.5,0.79,0.5,0,10.0,327.0558439446373,98.45572804061867,50.22510901518999,2520.0,55.62066652550026,3914.5319261773625,100.0,100.0,True,,synthetic_swma,sim_user,unknown_cuda_workload,gpu:1,swma
110.3,2026-01-01 00:01:50.300000+00:00,,syn-attack-swma-200,swma-periodic-primary,square,0.5,0.79,0.5,0,10.0,328.36404828606436,97.87257017883618,51.64864464644569,2520.0,54.94720324768511,4038.805845664778,100.0,100.0,True,,synthetic_swma,sim_user,unknown_cuda_workload,gpu:1,swma
110.4,2026-01-01 00:01:50.400000+00:00,,syn-attack-swma-200,swma-periodic-primary,square,0.5,0.79,0.5,0,10.0,327.53637749178324,96.78613307797927,49.94754318193294,2520.0,54.62411532757234,4000.646943919708,100.0,100.0,True,,synthetic_swma,sim_user,unknown_cuda_workload,gpu:1,swma
110.5,2026-01-01 00:01:50.500000+00:00,,syn-attack-swma-200,swma-periodic-primary,square,0.5,0.79,0.5,0,10.0,325.1773564381485,96.06307831286946,46.40450165627619,2520.0,54.92496093628839,3748.9014578172228,100.0,100.0,True,,synthetic_swma,sim_user,unknown_cuda_workload,gpu:1,swma
110.6,2026-01-01 00:01:50.600000+00:00,,syn-attack-swma-200,swma-periodic-primary,square,0.5,0.79,0.5,0,10.0,331.6199904809843,98.52263947712368,56.34743902039708,2520.0,55.66237316223723,4361.351075281815,100.0,100.0,True,,synthetic_swma,sim_user,unknown_cuda_workload,gpu:1,swma
110.7,2026-01-01 00:01:50.700000+00:00,,syn-attack-swma-200,swma-periodic-primary,square,0.5,0.79,0.5,0,10.0,327.79958445999694,95.91506517151267,49.81939845766125,2520.0,54.72501221344641,3981.5135871176285,100.0,100.0,True,,synthetic_swma,sim_user,unknown_cuda_workload,gpu:1,swma
110.8,2026-01-01 00:01:50.800000+00:00,,syn-attack-swma-200,swma-periodic-primary,square,0.5,0.79,0.5,0,10.0,328.0447135012688,97.39180943617562,50.958446524921655,2520.0,55.111506049157306,3915.9751987918635,100.0,100.0,True,,synthetic_swma,sim_user,unknown_cuda_workload,gpu:1,swma
110.9,2026-01-01 00:01:50.900000+00:00,,syn-attack-swma-200,swma-periodic-primary,square,0.5,0.79,0.5,0,10.0,326.2610416485863,98.39343238228653,49.13111000837263,2520.0,55.49572500382971,3812.68459754896,100.0,100.0,True,,synthetic_swma,sim_user,unknown_cuda_workload,gpu:1,swma
111.0,2026-01-01 00:01:51+00:00,,syn-attack-swma-200,swma-periodic-primary,square,0.5,0.79,0.5,0,10.0,39.18926866278164,1.619524542161105,2.476430048564129,272.1714725296663,28.55171232497973,584.4314280111153,100.0,100.0,True,,synthetic_swma,sim_user,unknown_cuda_workload,gpu:1,swma
111.1,2026-01-01 00:01:51.100000+00:00,,syn-attack-swma-200,swma-periodic-primary,square,0.5,0.79,0.5,0,10.0,35.60368364011294,0.10149826399182471,0.0,210.0,27.79820510378528,358.4638779888659,100.0,100.0,True,,synthetic_swma,sim_user,unknown_cuda_workload,gpu:1,swma
111.2,2026-01-01 00:01:51.200000+00:00,,syn-attack-swma-200,swma-periodic-primary,square,0.5,0.79,0.5,0,10.0,34.46267844602659,0.83285680277473,0.0,224.9714081664838,28.19794649139723,332.50683712422926,100.0,100.0,True,,synthetic_swma,sim_user,unknown_cuda_workload,gpu:1,swma
111.3,2026-01-01 00:01:51.300000+00:00,,syn-attack-swma-200,swma-periodic-primary,square,0.5,0.79,0.5,0,10.0,32.93815048594799,0.8482091727273533,0.0,225.8925503636412,28.204928439333337,426.15772494583746,100.0,100.0,True,,synthetic_swma,sim_user,unknown_cuda_workload,gpu:1,swma
111.4,2026-01-01 00:01:51.400000+00:00,,syn-attack-swma-200,swma-periodic-primary,square,0.5,0.79,0.5,0,10.0,37.3407976824897,1.7250164820390448,0.06982264177440511,278.5009889223427,28.138776684762732,374.43106647780905,100.0,100.0,True,,synthetic_swma,sim_user,unknown_cuda_workload,gpu:1,swma
111.5,2026-01-01 00:01:51.500000+00:00,,syn-attack-swma-200,swma-periodic-primary,square,0.5,0.79,0.5,0,10.0,37.98209203419526,0.09462217119419336,0.028164906417151206,210.0,27.9871220221881,475.6882612635158,100.0,100.0,True,,synthetic_swma,sim_user,unknown_cuda_workload,gpu:1,swma
111.6,2026-01-01 00:01:51.600000+00:00,,syn-attack-swma-200,swma-periodic-primary,square,0.5,0.79,0.5,0,10.0,34.24432310027994,1.8680502778696486,0.0,287.0830166721789,28.617209747682683,461.5977709678456,100.0,100.0,True,,synthetic_swma,sim_user,unknown_cuda_workload,gpu:1,swma
111.7,2026-01-01 00:01:51.700000+00:00,,syn-attack-swma-200,swma-periodic-primary,square,0.5,0.79,0.5,0,10.0,46.471385128836666,1.6140168664072112,12.182889448306188,271.84101198443267,28.556735054769177,1285.9606871040944,100.0,100.0,True,,synthetic_swma,sim_user,unknown_cuda_workload,gpu:1,swma
111.8,2026-01-01 00:01:51.800000+00:00,,syn-attack-swma-200,swma-periodic-primary,square,0.5,0.79,0.5,0,10.0,38.248171061691814,0.31351183907072355,0.5033262604113196,210.0,28.011420067591718,662.4158902767866,100.0,100.0,True,,synthetic_swma,sim_user,unknown_cuda_workload,gpu:1,swma
111.9,2026-01-01 00:01:51.900000+00:00,,syn-attack-swma-200,swma-periodic-primary,square,0.5,0.79,0.5,0,10.0,37.45220741131556,0.0,0.0,210.0,27.681820940254198,410.03553120372794,100.0,100.0,True,,synthetic_swma,sim_user,unknown_cuda_workload,gpu:1,swma
112.0,2026-01-01 00:01:52+00:00,,syn-attack-swma-200,swma-periodic-primary,square,0.5,0.79,0.5,0,10.0,333.7690343922163,96.55636868957097,58.13138196888582,2520.0,54.788338261385725,4497.432031775989,100.0,100.0,True,,synthetic_swma,sim_user,unknown_cuda_workload,gpu:1,swma
112.1,2026-01-01 00:01:52.100000+00:00,,syn-attack-swma-200,swma-periodic-primary,square,0.5,0.79,0.5,0,10.0,329.1954491946356,95.96969439774611,51.71059751160783,2520.0,54.52008777658799,3972.5625324912567,100.0,100.0,True,,synthetic_swma,sim_user,unknown_cuda_workload,gpu:1,swma
112.2,2026-01-01 00:01:52.200000+00:00,,syn-attack-swma-200,swma-periodic-primary,square,0.5,0.79,0.5,0,10.0,329.15580167139615,97.99963102529603,52.77419929244099,2520.0,55.258275020930576,4022.020251949067,100.0,100.0,True,,synthetic_swma,sim_user,unknown_cuda_workload,gpu:1,swma
112.3,2026-01-01 00:01:52.300000+00:00,,syn-attack-swma-200,swma-periodic-primary,square,0.5,0.79,0.5,0,10.0,332.1683241888113,97.011512054066,56.247430548151414,2520.0,55.09675459931562,4546.254198701094,100.0,100.0,True,,synthetic_swma,sim_user,unknown_cuda_workload,gpu:1,swma
112.4,2026-01-01 00:01:52.400000+00:00,,syn-attack-swma-200,swma-periodic-primary,square,0.5,0.79,0.5,0,10.0,332.7009073906732,98.46206716893076,57.75534679714285,2520.0,55.355472269101156,4462.025560389984,100.0,100.0,True,,synthetic_swma,sim_user,unknown_cuda_workload,gpu:1,swma
112.5,2026-01-01 00:01:52.500000+00:00,,syn-attack-swma-200,swma-periodic-primary,square,0.5,0.79,0.5,0,10.0,327.9008529715964,97.08023047442747,50.59526405639701,2520.0,54.9550306375699,4047.359185093699,100.0,100.0,True,,synthetic_swma,sim_user,unknown_cuda_workload,gpu:1,swma
112.6,2026-01-01 00:01:52.600000+00:00,,syn-attack-swma-200,swma-periodic-primary,square,0.5,0.79,0.5,0,10.0,331.2033003356283,97.58887059535505,55.278279274949625,2520.0,55.07693432072299,4307.552180812022,100.0,100.0,True,,synthetic_swma,sim_user,unknown_cuda_workload,gpu:1,swma
112.7,2026-01-01 00:01:52.700000+00:00,,syn-attack-swma-200,swma-periodic-primary,square,0.5,0.79,0.5,0,10.0,329.2081189774256,96.83432318517384,52.20303638841307,2520.0,55.01771542394995,4271.89922041819,100.0,100.0,True,,synthetic_swma,sim_user,unknown_cuda_workload,gpu:1,swma
112.8,2026-01-01 00:01:52.800000+00:00,,syn-attack-swma-200,swma-periodic-primary,square,0.5,0.79,0.5,0,10.0,326.9675120296088,97.84176388273524,49.76965284164947,2520.0,55.520614228087766,3866.3923323155755,100.0,100.0,True,,synthetic_swma,sim_user,unknown_cuda_workload,gpu:1,swma
112.9,2026-01-01 00:01:52.900000+00:00,,syn-attack-swma-200,swma-periodic-primary,square,0.5,0.79,0.5,0,10.0,331.85193902219487,97.10683136856876,55.87800928230596,2520.0,55.337601791226824,4373.967027169852,100.0,100.0,True,,synthetic_swma,sim_user,unknown_cuda_workload,gpu:1,swma
113.0,2026-01-01 00:01:53+00:00,,syn-attack-swma-200,swma-periodic-primary,square,0.5,0.79,0.5,0,10.0,34.211775762132056,0.6030311789919687,0.0,211.18187073951813,28.4890304389149,459.8733514093298,100.0,100.0,True,,synthetic_swma,sim_user,unknown_cuda_workload,gpu:1,swma
113.1,2026-01-01 00:01:53.100000+00:00,,syn-attack-swma-200,swma-periodic-primary,square,0.5,0.79,0.5,0,10.0,36.10749785501957,1.0317937419405456,0.0,236.90762451643275,28.379944447922703,340.0074984851344,100.0,100.0,True,,synthetic_swma,sim_user,unknown_cuda_workload,gpu:1,swma
113.2,2026-01-01 00:01:53.200000+00:00,,syn-attack-swma-200,swma-periodic-primary,square,0.5,0.79,0.5,0,10.0,34.74755192422774,1.6086417789115797,0.0,271.51850673469477,28.43242708945947,381.14915752956256,100.0,100.0,True,,synthetic_swma,sim_user,unknown_cuda_workload,gpu:1,swma
113.3,2026-01-01 00:01:53.300000+00:00,,syn-attack-swma-200,swma-periodic-primary,square,0.5,0.79,0.5,0,10.0,40.8054266312602,1.8294210401868143,4.746750413783009,284.7652624112089,28.53526434277208,802.9301628989346,100.0,100.0,True,,synthetic_swma,sim_user,unknown_cuda_workload,gpu:1,swma
113.4,2026-01-01 00:01:53.400000+00:00,,syn-attack-swma-200,swma-periodic-primary,square,0.5,0.79,0.5,0,10.0,27.463091825096214,0.48265458680472983,0.0,210.0,28.10694759807959,411.62552646991435,100.0,100.0,True,,synthetic_swma,sim_user,unknown_cuda_workload,gpu:1,swma
113.5,2026-01-01 00:01:53.500000+00:00,,syn-attack-swma-200,swma-periodic-primary,square,0.5,0.79,0.5,0,10.0,35.4503274788116,0.4023857814139348,0.0,210.0,28.128904983938554,422.9897133280481,100.0,100.0,True,,synthetic_swma,sim_user,unknown_cuda_workload,gpu:1,swma
113.6,2026-01-01 00:01:53.600000+00:00,,syn-attack-swma-200,swma-periodic-primary,square,0.5,0.79,0.5,0,10.0,42.297226443708865,1.974371889315224,6.815539797401858,293.46231335891343,28.5713714703907,705.1658496396229,100.0,100.0,True,,synthetic_swma,sim_user,unknown_cuda_workload,gpu:1,swma
113.7,2026-01-01 00:01:53.700000+00:00,,syn-attack-swma-200,swma-periodic-primary,square,0.5,0.79,0.5,0,10.0,38.12115315095762,2.9007622142973846,1.7569567524737155,349.04573285784306,28.906957387831017,564.4422495055286,100.0,100.0,True,,synthetic_swma,sim_user,unknown_cuda_workload,gpu:1,swma
113.8,2026-01-01 00:01:53.800000+00:00,,syn-attack-swma-200,swma-periodic-primary,square,0.5,0.79,0.5,0,10.0,32.38410735680158,0.45296719356905235,0.0,210.0,28.393297944889557,369.86051458055687,100.0,100.0,True,,synthetic_swma,sim_user,unknown_cuda_workload,gpu:1,swma
113.9,2026-01-01 00:01:53.900000+00:00,,syn-attack-swma-200,swma-periodic-primary,square,0.5,0.79,0.5,0,10.0,36.85509636363659,1.2637261216469067,0.0,250.8235672988144,28.435837717795184,535.4807876171136,100.0,100.0,True,,synthetic_swma,sim_user,unknown_cuda_workload,gpu:1,swma
114.0,2026-01-01 00:01:54+00:00,,syn-attack-swma-200,swma-periodic-primary,square,0.5,0.79,0.5,0,10.0,330.2447690993264,98.9966886134287,54.774537536487664,2520.0,55.89511558829876,4403.60131655701,100.0,100.0,True,,synthetic_swma,sim_user,unknown_cuda_workload,gpu:1,swma
114.1,2026-01-01 00:01:54.100000+00:00,,syn-attack-swma-200,swma-periodic-primary,square,0.5,0.79,0.5,0,10.0,326.1349265746452,99.59042551328955,49.621302798502825,2520.0,56.128922750836615,3843.218138203364,100.0,100.0,True,,synthetic_swma,sim_user,unknown_cuda_workload,gpu:1,swma
114.2,2026-01-01 00:01:54.200000+00:00,,syn-attack-swma-200,swma-periodic-primary,square,0.5,0.79,0.5,0,10.0,330.2078063279328,98.20333332037407,54.28890843011617,2520.0,55.769455470630724,4362.130333401265,100.0,100.0,True,,synthetic_swma,sim_user,unknown_cuda_workload,gpu:1,swma
114.3,2026-01-01 00:01:54.300000+00:00,,syn-attack-swma-200,swma-periodic-primary,square,0.5,0.79,0.5,0,10.0,333.9435904458596,98.06796976292658,59.19550396408916,2520.0,55.82791165949956,4389.40390589278,100.0,100.0,True,,synthetic_swma,sim_user,unknown_cuda_workload,gpu:1,swma
114.4,2026-01-01 00:01:54.400000+00:00,,syn-attack-swma-200,swma-periodic-primary,square,0.5,0.79,0.5,0,10.0,326.980915266301,98.6919941008238,50.25515044385443,2520.0,56.1363791644524,3915.102612966801,100.0,100.0,True,,synthetic_swma,sim_user,unknown_cuda_workload,gpu:1,swma
114.5,2026-01-01 00:01:54.500000+00:00,,syn-attack-swma-200,swma-periodic-primary,square,0.5,0.79,0.5,0,10.0,330.73392552468204,96.93968279058161,54.29539290106264,2520.0,55.82483675082237,4350.83854940674,100.0,100.0,True,,synthetic_swma,sim_user,unknown_cuda_workload,gpu:1,swma
114.6,2026-01-01 00:01:54.600000+00:00,,syn-attack-swma-200,swma-periodic-primary,square,0.5,0.79,0.5,0,10.0,331.8646349506814,97.4862162069409,56.10359884805938,2520.0,55.7697960239019,4282.403166816417,100.0,100.0,True,,synthetic_swma,sim_user,unknown_cuda_workload,gpu:1,swma
114.7,2026-01-01 00:01:54.700000+00:00,,syn-attack-swma-200,swma-periodic-primary,square,0.5,0.79,0.5,0,10.0,332.6009252163959,98.81674772100209,57.817111535079064,2520.0,56.13706965358156,4447.729190807548,100.0,100.0,True,,synthetic_swma,sim_user,unknown_cuda_workload,gpu:1,swma
114.8,2026-01-01 00:01:54.800000+00:00,,syn-attack-swma-200,swma-periodic-primary,square,0.5,0.79,0.5,0,10.0,324.38954831541855,98.17318674439032,46.5146504633061,2520.0,56.18019623230859,3883.889407649494,100.0,100.0,True,,synthetic_swma,sim_user,unknown_cuda_workload,gpu:1,swma
114.9,2026-01-01 00:01:54.900000+00:00,,syn-attack-swma-200,swma-periodic-primary,square,0.5,0.79,0.5,0,10.0,332.39410960208374,98.05224875323735,57.12088295039224,2520.0,56.19169377886969,4515.922241859647,100.0,100.0,True,,synthetic_swma,sim_user,unknown_cuda_workload,gpu:1,swma
115.0,2026-01-01 00:01:55+00:00,,syn-attack-swma-200,swma-periodic-primary,square,0.5,0.79,0.5,0,10.0,38.639140886705285,1.5954400772600819,1.7296798914334282,270.7264046356049,29.157082545569533,599.7605628015698,100.0,100.0,True,,synthetic_swma,sim_user,unknown_cuda_workload,gpu:1,swma
115.1,2026-01-01 00:01:55.100000+00:00,,syn-attack-swma-200,swma-periodic-primary,square,0.5,0.79,0.5,0,10.0,31.525976898074326,0.0,0.0,210.0,28.71486744748939,484.43000857091033,100.0,100.0,True,,synthetic_swma,sim_user,unknown_cuda_workload,gpu:1,swma
115.2,2026-01-01 00:01:55.200000+00:00,,syn-attack-swma-200,swma-periodic-primary,square,0.5,0.79,0.5,0,10.0,34.422033477684494,1.1733006855821246,0.0,245.3980411349275,29.241337769088123,297.4953061860454,100.0,100.0,True,,synthetic_swma,sim_user,unknown_cuda_workload,gpu:1,swma
115.3,2026-01-01 00:01:55.300000+00:00,,syn-attack-swma-200,swma-periodic-primary,square,0.5,0.79,0.5,0,10.0,37.775895118292944,2.1330887112778187,0.8743922822600543,302.9853226766691,29.25179722616303,319.47569150025276,100.0,100.0,True,,synthetic_swma,sim_user,unknown_cuda_workload,gpu:1,swma
115.4,2026-01-01 00:01:55.400000+00:00,,syn-attack-swma-200,swma-periodic-primary,square,0.5,0.79,0.5,0,10.0,35.11564507217192,0.03595845858094371,0.0,210.0,28.685259440017674,372.778535643748,100.0,100.0,True,,synthetic_swma,sim_user,unknown_cuda_workload,gpu:1,swma
115.5,2026-01-01 00:01:55.500000+00:00,,syn-attack-swma-200,swma-periodic-primary,square,0.5,0.79,0.5,0,10.0,42.083768298255315,1.9587158963466376,6.522318140664405,292.5229537807982,29.2062195094615,978.5439472088624,100.0,100.0,True,,synthetic_swma,sim_user,unknown_cuda_workload,gpu:1,swma
115.6,2026-01-01 00:01:55.600000+00:00,,syn-attack-swma-200,swma-periodic-primary,square,0.5,0.79,0.5,0,10.0,40.85930805304806,1.830827976577928,4.819366124515277,284.84967859467565,29.031691340464967,814.8368050264241,100.0,100.0,True,,synthetic_swma,sim_user,unknown_cuda_workload,gpu:1,swma
115.7,2026-01-01 00:01:55.700000+00:00,,syn-attack-swma-200,swma-periodic-primary,square,0.5,0.79,0.5,0,10.0,40.623410197060835,1.2995371273070873,4.21262568276668,252.97222763842524,28.73425278404129,657.1118237050063,100.0,100.0,True,,synthetic_swma,sim_user,unknown_cuda_workload,gpu:1,swma
115.8,2026-01-01 00:01:55.800000+00:00,,syn-attack-swma-200,swma-periodic-primary,square,0.5,0.79,0.5,0,10.0,36.672277195475985,1.4810018040142685,0.0,263.8601082408561,28.53316640268334,479.47193658849807,100.0,100.0,True,,synthetic_swma,sim_user,unknown_cuda_workload,gpu:1,swma
115.9,2026-01-01 00:01:55.900000+00:00,,syn-attack-swma-200,swma-periodic-primary,square,0.5,0.79,0.5,0,10.0,38.93297696819479,0.5578724705007596,1.5507991497017968,210.0,28.305176711273955,452.4775659685863,100.0,100.0,True,,synthetic_swma,sim_user,unknown_cuda_workload,gpu:1,swma
116.0,2026-01-01 00:01:56+00:00,,syn-attack-swma-200,swma-periodic-primary,square,0.5,0.79,0.5,0,10.0,330.1385870626571,97.55399913126743,53.83948227240655,2520.0,55.45980470353894,4177.3131470350545,100.0,100.0,True,,synthetic_swma,sim_user,unknown_cuda_workload,gpu:1,swma
116.1,2026-01-01 00:01:56.100000+00:00,,syn-attack-swma-200,swma-periodic-primary,square,0.5,0.79,0.5,0,10.0,327.74079620039134,98.41691416739677,51.11703105925668,2520.0,55.43984777134189,4073.7495290159604,100.0,100.0,True,,synthetic_swma,sim_user,unknown_cuda_workload,gpu:1,swma
116.2,2026-01-01 00:01:56.200000+00:00,,syn-attack-swma-200,swma-periodic-primary,square,0.5,0.79,0.5,0,10.0,328.4626115208317,98.69804425487857,52.234073034625425,2520.0,55.82029754255268,4071.59727006077,100.0,100.0,True,,synthetic_swma,sim_user,unknown_cuda_workload,gpu:1,swma
116.3,2026-01-01 00:01:56.300000+00:00,,syn-attack-swma-200,swma-periodic-primary,square,0.5,0.79,0.5,0,10.0,331.54084759653705,98.29400449030432,56.11616593171674,2520.0,55.728785387991785,4350.886799982091,100.0,100.0,True,,synthetic_swma,sim_user,unknown_cuda_workload,gpu:1,swma
116.4,2026-01-01 00:01:56.400000+00:00,,syn-attack-swma-200,swma-periodic-primary,square,0.5,0.79,0.5,0,10.0,329.30382295925136,98.19650610986858,53.079842306096204,2520.0,55.69704914864259,4207.77677570931,100.0,100.0,True,,synthetic_swma,sim_user,unknown_cuda_workload,gpu:1,swma
116.5,2026-01-01 00:01:56.500000+00:00,,syn-attack-swma-200,swma-periodic-primary,square,0.5,0.79,0.5,0,10.0,327.7947851883843,99.03509912424579,51.52901810284759,2520.0,55.90437444104123,4004.8058729299587,100.0,100.0,True,,synthetic_swma,sim_user,unknown_cuda_workload,gpu:1,swma
116.6,2026-01-01 00:01:56.600000+00:00,,syn-attack-swma-200,swma-periodic-primary,square,0.5,0.79,0.5,0,10.0,327.69928989489784,98.90099849570312,51.327935699167206,2520.0,55.85549148825034,4010.3460438543693,100.0,100.0,True,,synthetic_swma,sim_user,unknown_cuda_workload,gpu:1,swma
116.7,2026-01-01 00:01:56.700000+00:00,,syn-attack-swma-200,swma-periodic-primary,square,0.5,0.79,0.5,0,10.0,332.0012060679539,99.07789917074751,57.16111930118297,2520.0,55.968035211347704,4396.737952847918,100.0,100.0,True,,synthetic_swma,sim_user,unknown_cuda_workload,gpu:1,swma
116.8,2026-01-01 00:01:56.800000+00:00,,syn-attack-swma-200,swma-periodic-primary,square,0.5,0.79,0.5,0,10.0,327.8900307349826,97.06156606788012,50.570568983977495,2520.0,55.236056011479164,4030.7547548309235,100.0,100.0,True,,synthetic_swma,sim_user,unknown_cuda_workload,gpu:1,swma
116.9,2026-01-01 00:01:56.900000+00:00,,syn-attack-swma-200,swma-periodic-primary,square,0.5,0.79,0.5,0,10.0,335.4412788060348,98.7943721876784,61.59194311126955,2520.0,55.4498966149121,4820.836784916706,100.0,100.0,True,,synthetic_swma,sim_user,unknown_cuda_workload,gpu:1,swma
117.0,2026-01-01 00:01:57+00:00,,syn-attack-swma-200,swma-periodic-primary,square,0.5,0.79,0.5,0,10.0,38.32118108308763,0.0,0.4282414441168433,210.0,27.818447994032347,463.57126488490235,100.0,100.0,True,,synthetic_swma,sim_user,unknown_cuda_workload,gpu:1,swma
117.1,2026-01-01 00:01:57.100000+00:00,,syn-attack-swma-200,swma-periodic-primary,square,0.5,0.79,0.5,0,10.0,37.37241873901778,0.6843701360848335,0.0,216.06220816509,28.024052481624054,636.1232667503133,100.0,100.0,True,,synthetic_swma,sim_user,unknown_cuda_workload,gpu:1,swma
117.2,2026-01-01 00:01:57.200000+00:00,,syn-attack-swma-200,swma-periodic-primary,square,0.5,0.79,0.5,0,10.0,37.64789558404717,1.1119979958566906,0.14212634311740685,241.71987975140144,28.113280100165472,417.34841952323205,100.0,100.0,True,,synthetic_swma,sim_user,unknown_cuda_workload,gpu:1,swma
117.3,2026-01-01 00:01:57.300000+00:00,,syn-attack-swma-200,swma-periodic-primary,square,0.5,0.79,0.5,0,10.0,38.929179726167504,1.3976989963279403,2.0076407495370363,258.8619397796764,28.569449307139468,639.8400312031624,100.0,100.0,True,,synthetic_swma,sim_user,unknown_cuda_workload,gpu:1,swma
117.4,2026-01-01 00:01:57.400000+00:00,,syn-attack-swma-200,swma-periodic-primary,square,0.5,0.79,0.5,0,10.0,37.641485258131496,0.36035169783170373,0.0,210.0,28.577249140072663,522.4877532677544,100.0,100.0,True,,synthetic_swma,sim_user,unknown_cuda_workload,gpu:1,swma
117.5,2026-01-01 00:01:57.500000+00:00,,syn-attack-swma-200,swma-periodic-primary,square,0.5,0.79,0.5,0,10.0,40.899160110292264,2.171802020282372,5.060037924878325,305.30812121694225,29.255923358982734,694.5122855509793,100.0,100.0,True,,synthetic_swma,sim_user,unknown_cuda_workload,gpu:1,swma
117.6,2026-01-01 00:01:57.600000+00:00,,syn-attack-swma-200,swma-periodic-primary,square,0.5,0.79,0.5,0,10.0,37.36604579384584,0.0,0.0,210.0,28.74725613528039,514.2350608303018,100.0,100.0,True,,synthetic_swma,sim_user,unknown_cuda_workload,gpu:1,swma
117.7,2026-01-01 00:01:57.700000+00:00,,syn-attack-swma-200,swma-periodic-primary,square,0.5,0.79,0.5,0,10.0,36.65466370161467,1.0237866383326109,0.0,236.42719829995664,28.983592419480786,435.1530454081447,100.0,100.0,True,,synthetic_swma,sim_user,unknown_cuda_workload,gpu:1,swma
117.8,2026-01-01 00:01:57.800000+00:00,,syn-attack-swma-200,swma-periodic-primary,square,0.5,0.79,0.5,0,10.0,42.34029811664989,1.7379230050434833,6.742921808307098,279.275380302609,29.252591564879356,990.6944771895535,100.0,100.0,True,,synthetic_swma,sim_user,unknown_cuda_workload,gpu:1,swma
117.9,2026-01-01 00:01:57.900000+00:00,,syn-attack-swma-200,swma-periodic-primary,square,0.5,0.79,0.5,0,10.0,36.177727571945816,0.24995952877379135,0.0,210.0,28.90035196168887,478.47878491142,100.0,100.0,True,,synthetic_swma,sim_user,unknown_cuda_workload,gpu:1,swma
118.0,2026-01-01 00:01:58+00:00,,syn-attack-swma-200,swma-periodic-primary,square,0.5,0.79,0.5,0,10.0,329.97917169097946,98.21835496893034,53.99232415421761,2520.0,56.30023067040063,4174.664404976377,100.0,100.0,True,,synthetic_swma,sim_user,unknown_cuda_workload,gpu:1,swma
118.1,2026-01-01 00:01:58.100000+00:00,,syn-attack-swma-200,swma-periodic-primary,square,0.5,0.79,0.5,0,10.0,327.18378069900126,98.59687435854609,50.47332182920206,2520.0,55.99210130480203,4208.5613412669445,100.0,100.0,True,,synthetic_swma,sim_user,unknown_cuda_workload,gpu:1,swma
118.2,2026-01-01 00:01:58.200000+00:00,,syn-attack-swma-200,swma-periodic-primary,square,0.5,0.79,0.5,0,10.0,327.24853198579785,95.29785395482702,48.7451956562187,2497.871237289621,54.688721227565395,4054.375590889687,100.0,100.0,True,,synthetic_swma,sim_user,unknown_cuda_workload,gpu:1,swma
118.3,2026-01-01 00:01:58.300000+00:00,,syn-attack-swma-200,swma-periodic-primary,square,0.5,0.79,0.5,0,10.0,331.79644125109996,98.6335372723469,56.64370050125738,2520.0,55.55569703195705,4480.692269319709,100.0,100.0,True,,synthetic_swma,sim_user,unknown_cuda_workload,gpu:1,swma
118.4,2026-01-01 00:01:58.400000+00:00,,syn-attack-swma-200,swma-periodic-primary,square,0.5,0.79,0.5,0,10.0,327.3335470178646,97.6400489049512,50.14675625487595,2520.0,55.13914821126905,3930.99148144436,100.0,100.0,True,,synthetic_swma,sim_user,unknown_cuda_workload,gpu:1,swma
118.5,2026-01-01 00:01:58.500000+00:00,,syn-attack-swma-200,swma-periodic-primary,square,0.5,0.79,0.5,0,10.0,329.08166041336267,98.09711908922135,52.728962716888645,2520.0,55.17115271716459,4002.163481428247,100.0,100.0,True,,synthetic_swma,sim_user,unknown_cuda_workload,gpu:1,swma
118.6,2026-01-01 00:01:58.600000+00:00,,syn-attack-swma-200,swma-periodic-primary,square,0.5,0.79,0.5,0,10.0,329.18066189512405,96.85354017318483,52.17699628875041,2520.0,54.827579750974266,4123.671126769411,100.0,100.0,True,,synthetic_swma,sim_user,unknown_cuda_workload,gpu:1,swma
118.7,2026-01-01 00:01:58.700000+00:00,,syn-attack-swma-200,swma-periodic-primary,square,0.5,0.79,0.5,0,10.0,327.82589090020247,98.4963488357322,51.274179726589374,2520.0,55.284316767675215,4009.1329449767572,100.0,100.0,True,,synthetic_swma,sim_user,unknown_cuda_workload,gpu:1,swma
118.8,2026-01-01 00:01:58.800000+00:00,,syn-attack-swma-200,swma-periodic-primary,square,0.5,0.79,0.5,0,10.0,329.44513846944193,98.3119637312553,53.33176467811296,2520.0,54.89648850551213,4208.354647038975,100.0,100.0,True,,synthetic_swma,sim_user,unknown_cuda_workload,gpu:1,swma
118.9,2026-01-01 00:01:58.900000+00:00,,syn-attack-swma-200,swma-periodic-primary,square,0.5,0.79,0.5,0,10.0,332.450194960833,98.15546734883652,57.25243365630413,2520.0,54.75502349289689,4421.329426872681,100.0,100.0,True,,synthetic_swma,sim_user,unknown_cuda_workload,gpu:1,swma
119.0,2026-01-01 00:01:59+00:00,,syn-attack-swma-200,swma-periodic-primary,square,0.5,0.79,0.5,0,10.0,40.1681847992333,1.3903718374391918,3.655617576235959,258.4223102463515,28.137726322897777,723.4904008246082,100.0,100.0,True,,synthetic_swma,sim_user,unknown_cuda_workload,gpu:1,swma
119.1,2026-01-01 00:01:59.100000+00:00,,syn-attack-swma-200,swma-periodic-primary,square,0.5,0.79,0.5,0,10.0,43.53740277264701,1.9533847941574733,8.457565333649299,292.2030876494484,28.452087704535785,988.1368773856656,100.0,100.0,True,,synthetic_swma,sim_user,unknown_cuda_workload,gpu:1,swma
119.2,2026-01-01 00:01:59.200000+00:00,,syn-attack-swma-200,swma-periodic-primary,square,0.5,0.79,0.5,0,10.0,35.06652411466241,0.48522736361019103,0.0,210.0,27.64396971318521,549.5168290749914,100.0,100.0,True,,synthetic_swma,sim_user,unknown_cuda_workload,gpu:1,swma
119.3,2026-01-01 00:01:59.300000+00:00,,syn-attack-swma-200,swma-periodic-primary,square,0.5,0.79,0.5,0,10.0,37.764682142857986,0.2582604921269218,0.0,210.0,27.340363942462027,457.15499848513934,100.0,100.0,True,,synthetic_swma,sim_user,unknown_cuda_workload,gpu:1,swma
119.4,2026-01-01 00:01:59.400000+00:00,,syn-attack-swma-200,swma-periodic-primary,square,0.5,0.79,0.5,0,10.0,43.12576853269469,2.1116877079628904,7.995786282972514,301.7012624777734,28.108569087197623,1215.6644612166465,100.0,100.0,True,,synthetic_swma,sim_user,unknown_cuda_workload,gpu:1,swma
119.5,2026-01-01 00:01:59.500000+00:00,,syn-attack-swma-200,swma-periodic-primary,square,0.5,0.79,0.5,0,10.0,40.56260875908589,0.0,3.416811678781189,210.0,27.77532482923768,952.7644721446477,100.0,100.0,True,,synthetic_swma,sim_user,unknown_cuda_workload,gpu:1,swma
119.6,2026-01-01 00:01:59.600000+00:00,,syn-attack-swma-200,swma-periodic-primary,square,0.5,0.79,0.5,0,10.0,40.846481854521855,0.1581409585853103,3.882286666584392,210.0,28.055353825408556,746.3501040068501,100.0,100.0,True,,synthetic_swma,sim_user,unknown_cuda_workload,gpu:1,swma
119.7,2026-01-01 00:01:59.700000+00:00,,syn-attack-swma-200,swma-periodic-primary,square,0.5,0.79,0.5,0,10.0,39.399397351173725,0.0,1.8658631348982972,210.0,28.194448692772536,648.1859403495259,100.0,100.0,True,,synthetic_swma,sim_user,unknown_cuda_workload,gpu:1,swma
119.8,2026-01-01 00:01:59.800000+00:00,,syn-attack-swma-200,swma-periodic-primary,square,0.5,0.79,0.5,0,10.0,38.78127119639565,2.824706704909461,2.595283616227741,344.48240229456763,29.077825970242884,644.4092375161893,100.0,100.0,True,,synthetic_swma,sim_user,unknown_cuda_workload,gpu:1,swma
119.9,2026-01-01 00:01:59.900000+00:00,,syn-attack-swma-200,swma-periodic-primary,square,0.5,0.79,0.5,0,10.0,37.70525163765172,3.1110229022804416,1.3180647797898664,361.6613741368265,28.918284226173324,547.2724287120859,100.0,100.0,True,,synthetic_swma,sim_user,unknown_cuda_workload,gpu:1,swma
