timestamp,collection_timestamp,raw_timestamp,session_id,attack_id,waveform_kind,waveform_frequency_hz,waveform_amplitude_frac,waveform_duty_cycle,gpu_id,sample_hz,power_w,util_gpu_pct,mem_copy_util_pct,sm_clock_mhz,temp_c,fb_used_mb,requested_interval_ms,actual_interval_ms,value_changed,pid,process_name,id_user,job_type,gres_req,label
0.0,2026-01-01 00:00:00+00:00,,syn-normal-hpo-102,syn-normal-hpo-102,,,,,0,10.0,34.46241912087332,9.775139972819177,7.353843855209613,475.40633294636325,30.974202514319263,902.8877349450631,100.0,100.0,True,,synthetic_normal_hpo_search,sim_user,normal_hpo_search,gpu:1,normal_hpo_search
0.1,2026-01-01 00:00:00.100000+00:00,,syn-normal-hpo-102,syn-normal-hpo-102,,,,,0,10.0,37.39461758941327,13.971365166021979,6.027989362767399,501.0408542530081,32.333337932088824,978.3723012339266,100.0,100.0,True,,synthetic_normal_hpo_search,sim_user,normal_hpo_search,gpu:1,normal_hpo_search
0.2,2026-01-01 00:00:00.200000+00:00,,syn-normal-hpo-102,syn-normal-hpo-102,,,,,0,10.0,37.778343274174176,11.700239202629945,4.025941685954569,491.27119118038667,31.811417209406727,724.0524835904312,100.0,100.0,True,,synthetic_normal_hpo_search,sim_user,normal_hpo_search,gpu:1,normal_hpo_search
0.3,2026-01-01 00:00:00.300000+00:00,,syn-normal-hpo-102,syn-normal-hpo-102,,,,,0,10.0,35.87657249543375,6.902908542279,7.106495376604703,415.6181229774235,30.33938914881997,882.4341232856103,100.0,100.0,True,,synthetic_normal_hpo_search,sim_user,normal_hpo_search,gpu:1,normal_hpo_search
0.4,2026-01-01 00:00:00.400000+00:00,,syn-normal-hpo-102,syn-normal-hpo-102,,,,,0,10.0,35.7872907418372,7.841949978600603,5.8036306084159515,380.8685572989621,30.353366387563575,1172.7224117716803,100.0,100.0,True,,synthetic_normal_hpo_search,sim_user,normal_hpo_search,gpu:1,normal_hpo_search
0.5,2026-01-01 00:00:00.500000+00:00,,syn-normal-hpo-102,syn-normal-hpo-102,,,,,0,10.0,35.22416063836393,10.536827475283813,11.197822564484689,401.5521820494642,30.723152889459875,1148.1994799252716,100.0,100.0,True,,synthetic_normal_hpo_search,sim_user,normal_hpo_search,gpu:1,normal_hpo_search
0.6,2026-01-01 00:00:00.600000+00:00,,syn-normal-hpo-102,syn-normal-hpo-102,,,,,0,10.0,37.28137192379242,9.511626948442874,7.021933609541477,438.79671816209253,30.39878079718241,921.9572262632871,100.0,100.0,True,,synthetic_normal_hpo_search,sim_user,normal_hpo_search,gpu:1,normal_hpo_search
0.7,2026-01-01 00:00:00.700000+00:00,,syn-normal-hpo-102,syn-normal-hpo-102,,,,,0,10.0,37.774790425059194,12.172775131336431,0.0,508.87903620587986,31.24403090261768,285.9694628899384,100.0,100.0,True,,synthetic_normal_hpo_search,sim_user,normal_hpo_search,gpu:1,normal_hpo_search
0.8,2026-01-01 00:00:00.800000+00:00,,syn-normal-hpo-102,syn-normal-hpo-102,,,,,0,10.0,39.62607807479596,6.6098549745406,1.3509721787884619,360.8544804609122,29.619447005653978,550.5336626293306,100.0,100.0,True,,synthetic_normal_hpo_search,sim_user,normal_hpo_search,gpu:1,normal_hpo_search
0.9,2026-01-01 00:00:00.900000+00:00,,syn-normal-hpo-102,syn-normal-hpo-102,,,,,0,10.0,36.464385108972344,13.513544317453325,8.945899042903172,565.0907035095663,31.4323642002285,1071.1454392043925,100.0,100.0,True,,synthetic_normal_hpo_search,sim_user,normal_hpo_search,gpu:1,normal_hpo_search
1.0,2026-01-01 00:00:01+00:00,,syn-normal-hpo-102,syn-normal-hpo-102,,,,,0,10.0,35.06297252558003,12.522839349034413,9.97192421070966,518.6870243320293,30.9041765671964,999.2620332653371,100.0,100.0,True,,synthetic_normal_hpo_search,sim_user,normal_hpo_search,gpu:1,normal_hpo_search
1.1,2026-01-01 00:00:01.100000+00:00,,syn-normal-hpo-102,syn-normal-hpo-102,,,,,0,10.0,34.18341993873986,5.520806286959198,0.724718774043354,343.56780040070953,29.060027599298003,571.3345057969299,100.0,100.0,True,,synthetic_normal_hpo_search,sim_user,normal_hpo_search,gpu:1,normal_hpo_search
1.2,2026-01-01 00:00:01.200000+00:00,,syn-normal-hpo-102,syn-normal-hpo-102,,,,,0,10.0,33.31216808080138,7.492767293971894,6.3638338232116,367.66180857492077,29.89642223559637,948.1041353351611,100.0,100.0,True,,synthetic_normal_hpo_search,sim_user,normal_hpo_search,gpu:1,normal_hpo_search
1.3,2026-01-01 00:00:01.300000+00:00,,syn-normal-hpo-102,syn-normal-hpo-102,,,,,0,10.0,33.222357978154946,6.843195678982308,1.1021951881538907,390.6661037443366,29.825791053717918,509.19684755487367,100.0,100.0,True,,synthetic_normal_hpo_search,sim_user,normal_hpo_search,gpu:1,normal_hpo_search
1.4,2026-01-01 00:00:01.400000+00:00,,syn-normal-hpo-102,syn-normal-hpo-102,,,,,0,10.0,34.54501199032745,7.817213624819295,9.268247769478718,440.0634230609488,30.232069672350168,1057.4520215569335,100.0,100.0,True,,synthetic_normal_hpo_search,sim_user,normal_hpo_search,gpu:1,normal_hpo_search
1.5,2026-01-01 00:00:01.500000+00:00,,syn-normal-hpo-102,syn-normal-hpo-102,,,,,0,10.0,32.319761536308185,9.697640994672987,6.4124140107369385,472.96356534059333,30.889504461588935,828.1155006509603,100.0,100.0,True,,synthetic_normal_hpo_search,sim_user,normal_hpo_search,gpu:1,normal_hpo_search
1.6,2026-01-01 00:00:01.600000+00:00,,syn-normal-hpo-102,syn-normal-hpo-102,,,,,0,10.0,32.89086929283165,6.951212615789972,5.458240814940513,423.7042099871537,30.04901806772213,878.7348951260105,100.0,100.0,True,,synthetic_normal_hpo_search,sim_user,normal_hpo_search,gpu:1,normal_hpo_search
1.7,2026-01-01 00:00:01.700000+00:00,,syn-normal-hpo-102,syn-normal-hpo-102,,,,,0,10.0,32.375727377667104,5.949237310369549,0.0,356.8682690395835,29.648842966488438,501.9723005098372,100.0,100.0,True,,synthetic_normal_hpo_search,sim_user,normal_hpo_search,gpu:1,normal_hpo_search
1.8,2026-01-01 00:00:01.800000+00:00,,syn-normal-hpo-102,syn-normal-hpo-102,,,,,0,10.0,33.68901251530807,9.742574308632356,5.58904097368293,446.4234536601346,30.889382129150196,882.6596406912597,100.0,100.0,True,,synthetic_normal_hpo_search,sim_user,normal_hpo_search,gpu:1,normal_hpo_search
1.9,2026-01-01 00:00:01.900000+00:00,,syn-normal-hpo-102,syn-normal-hpo-102,,,,,0,10.0,206.75304604754214,77.08848036500973,43.087834822884666,2098.591607131996,49.93537976401484,3416.026418278033,100.0,100.0,True,,synthetic_normal_hpo_search,sim_user,normal_hpo_search,gpu:1,normal_hpo_search
2.0,2026-01-01 00:00:02+00:00,,syn-normal-hpo-102,syn-normal-hpo-102,,,,,0,10.0,205.5287959786658,73.03251575184504,37.06260830472033,2066.5424550796342,48.760205258155715,3044.2958955165313,100.0,100.0,True,,synthetic_normal_hpo_search,sim_user,normal_hpo_search,gpu:1,normal_hpo_search
2.1,2026-01-01 00:00:02.100000+00:00,,syn-normal-hpo-102,syn-normal-hpo-102,,,,,0,10.0,205.69676695594688,74.59349834161328,38.674542428968515,2060.074115716515,48.79606706379773,3024.764550667348,100.0,100.0,True,,synthetic_normal_hpo_search,sim_user,normal_hpo_search,gpu:1,normal_hpo_search
2.2,2026-01-01 00:00:02.200000+00:00,,syn-normal-hpo-102,syn-normal-hpo-102,,,,,0,10.0,204.28469418206308,70.55534568113734,41.558384874712765,1999.4797855669597,47.58742393362923,3224.79696862137,100.0,100.0,True,,synthetic_normal_hpo_search,sim_user,normal_hpo_search,gpu:1,normal_hpo_search
2.3,2026-01-01 00:00:02.300000+00:00,,syn-normal-hpo-102,syn-normal-hpo-102,,,,,0,10.0,202.83346110724563,74.93882966063636,38.55463509641163,2063.245382979879,48.69750912152437,3141.2185262902967,100.0,100.0,True,,synthetic_normal_hpo_search,sim_user,normal_hpo_search,gpu:1,normal_hpo_search
2.4,2026-01-01 00:00:02.400000+00:00,,syn-normal-hpo-102,syn-normal-hpo-102,,,,,0,10.0,203.60720644047768,77.85681208379806,43.43968591980973,2177.544021409362,49.469505734373506,3570.3279578894962,100.0,100.0,True,,synthetic_normal_hpo_search,sim_user,normal_hpo_search,gpu:1,normal_hpo_search
2.5,2026-01-01 00:00:02.500000+00:00,,syn-normal-hpo-102,syn-normal-hpo-102,,,,,0,10.0,202.15704563848007,73.89482320956046,32.346012373980244,2034.657363220001,48.332034743717664,2712.111817344514,100.0,100.0,True,,synthetic_normal_hpo_search,sim_user,normal_hpo_search,gpu:1,normal_hpo_search
2.6,2026-01-01 00:00:02.600000+00:00,,syn-normal-hpo-102,syn-normal-hpo-102,,,,,0,10.0,201.5586018921474,72.32835481739791,42.054827671676776,2008.9930782376146,48.38662805033622,3394.0460049574112,100.0,100.0,True,,synthetic_normal_hpo_search,sim_user,normal_hpo_search,gpu:1,normal_hpo_search
2.7,2026-01-01 00:00:02.700000+00:00,,syn-normal-hpo-102,syn-normal-hpo-102,,,,,0,10.0,201.3314878078742,68.20506409625533,29.626484432424462,1898.7751047994266,47.084936251094895,2407.7505662106473,100.0,100.0,True,,synthetic_normal_hpo_search,sim_user,normal_hpo_search,gpu:1,normal_hpo_search
2.8,2026-01-01 00:00:02.800000+00:00,,syn-normal-hpo-102,syn-normal-hpo-102,,,,,0,10.0,202.14521023010272,72.03246627858962,31.67769062644218,1979.4218983703286,47.98943827838887,2598.6308725177623,100.0,100.0,True,,synthetic_normal_hpo_search,sim_user,normal_hpo_search,gpu:1,normal_hpo_search
2.9,2026-01-01 00:00:02.900000+00:00,,syn-normal-hpo-102,syn-normal-hpo-102,,,,,0,10.0,202.88679655498552,68.75602659813417,37.621058379824724,1910.6867186457675,47.07474801142573,3271.6494244845658,100.0,100.0,True,,synthetic_normal_hpo_search,sim_user,normal_hpo_search,gpu:1,normal_hpo_search
3.0,2026-01-01 00:00:03+00:00,,syn-normal-hpo-102,syn-normal-hpo-102,,,,,0,10.0,203.71658319830954,74.87028403433341,37.7274800757615,2061.1434931978956,49.15661228750159,3312.598982186056,100.0,100.0,True,,synthetic_normal_hpo_search,sim_user,normal_hpo_search,gpu:1,normal_hpo_search
3.1,2026-01-01 00:00:03.100000+00:00,,syn-normal-hpo-102,syn-normal-hpo-102,,,,,0,10.0,206.2496759867791,77.90270055212345,37.379161560230486,2199.127155031551,50.071042044348324,3061.9556122318654,100.0,100.0,True,,synthetic_normal_hpo_search,sim_user,normal_hpo_search,gpu:1,normal_hpo_search
3.2,2026-01-01 00:00:03.200000+00:00,,syn-normal-hpo-102,syn-normal-hpo-102,,,,,0,10.0,207.5079773222472,77.58617736038646,43.77416224938769,2134.18162622433,49.855389101680686,3542.8396802252,100.0,100.0,True,,synthetic_normal_hpo_search,sim_user,normal_hpo_search,gpu:1,normal_hpo_search
3.3,2026-01-01 00:00:03.300000+00:00,,syn-normal-hpo-102,syn-normal-hpo-102,,,,,0,10.0,208.66521142881393,75.50814596380017,39.90359923080531,2082.777334369033,49.18057064913707,3364.3528284152253,100.0,100.0,True,,synthetic_normal_hpo_search,sim_user,normal_hpo_search,gpu:1,normal_hpo_search
3.4,2026-01-01 00:00:03.400000+00:00,,syn-normal-hpo-102,syn-normal-hpo-102,,,,,0,10.0,208.23074096205684,76.01188166208779,47.06047001877554,2102.3432670047932,49.546515290551206,3868.6877355418173,100.0,100.0,True,,synthetic_normal_hpo_search,sim_user,normal_hpo_search,gpu:1,normal_hpo_search
3.5,2026-01-01 00:00:03.500000+00:00,,syn-normal-hpo-102,syn-normal-hpo-102,,,,,0,10.0,209.9952706495356,74.2810508383084,40.93779705767257,2082.0277753760965,48.58474571804335,3334.9114446445365,100.0,100.0,True,,synthetic_normal_hpo_search,sim_user,normal_hpo_search,gpu:1,normal_hpo_search
3.6,2026-01-01 00:00:03.600000+00:00,,syn-normal-hpo-102,syn-normal-hpo-102,,,,,0,10.0,211.70479590726046,76.79262004735307,46.62021502881846,2088.6875434941117,49.218865895358626,3556.1082245210346,100.0,100.0,True,,synthetic_normal_hpo_search,sim_user,normal_hpo_search,gpu:1,normal_hpo_search
3.7,2026-01-01 00:00:03.700000+00:00,,syn-normal-hpo-102,syn-normal-hpo-102,,,,,0,10.0,211.7025281015872,76.79007700245957,38.40850380083336,2143.2608549451647,49.35873593143028,3211.5326049574255,100.0,100.0,True,,synthetic_normal_hpo_search,sim_user,normal_hpo_search,gpu:1,normal_hpo_search
3.8,2026-01-01 00:00:03.800000+00:00,,syn-normal-hpo-102,syn-normal-hpo-102,,,,,0,10.0,211.5817866599682,76.23974735803647,42.63198307868311,2105.2867570060366,49.03950305214128,3483.5440259173633,100.0,100.0,True,,synthetic_normal_hpo_search,sim_user,normal_hpo_search,gpu:1,normal_hpo_search
3.9,2026-01-01 00:00:03.900000+00:00,,syn-normal-hpo-102,syn-normal-hpo-102,,,,,0,10.0,210.8704301032405,70.4866422745062,50.12389456870924,2035.5921531747088,47.08635933684602,3843.3939573368984,100.0,100.0,True,,synthetic_normal_hpo_search,sim_user,normal_hpo_search,gpu:1,normal_hpo_search
4.0,2026-01-01 00:00:04+00:00,,syn-normal-hpo-102,syn-normal-hpo-102,,,,,0,10.0,207.37246968765598,75.17802103387403,43.067556552640426,2078.526228358308,48.41395606306717,3565.1710244054366,100.0,100.0,True,,synthetic_normal_hpo_search,sim_user,normal_hpo_search,gpu:1,normal_hpo_search
4.1,2026-01-01 00:00:04.100000+00:00,,syn-normal-hpo-102,syn-normal-hpo-102,,,,,0,10.0,207.27496750016283,75.51825904178435,38.17359501847771,2085.322753902217,48.68016803936265,3278.5843193962132,100.0,100.0,True,,synthetic_normal_hpo_search,sim_user,normal_hpo_search,gpu:1,normal_hpo_search
4.2,2026-01-01 00:00:04.200000+00:00,,syn-normal-hpo-102,syn-normal-hpo-102,,,,,0,10.0,205.84305831744797,72.47079331072078,37.866841153656345,1967.8789905954866,47.88914190485599,3079.6328596282738,100.0,100.0,True,,synthetic_normal_hpo_search,sim_user,normal_hpo_search,gpu:1,normal_hpo_search
4.3,2026-01-01 00:00:04.300000+00:00,,syn-normal-hpo-102,syn-normal-hpo-102,,,,,0,10.0,206.3881891406991,75.10662433593659,39.74816041725668,2109.2609605138286,48.68251143312468,3256.92952749954,100.0,100.0,True,,synthetic_normal_hpo_search,sim_user,normal_hpo_search,gpu:1,normal_hpo_search
4.4,2026-01-01 00:00:04.400000+00:00,,syn-normal-hpo-102,syn-normal-hpo-102,,,,,0,10.0,206.0953936118541,75.76868785902401,43.6613503322276,2075.1507468262657,49.15824274103331,3579.650796614435,100.0,100.0,True,,synthetic_normal_hpo_search,sim_user,normal_hpo_search,gpu:1,normal_hpo_search
4.5,2026-01-01 00:00:04.500000+00:00,,syn-normal-hpo-102,syn-normal-hpo-102,,,,,0,10.0,205.7002000010752,69.49423497125808,29.812967706681818,1905.6346562975623,47.38365535948048,2424.357754169009,100.0,100.0,True,,synthetic_normal_hpo_search,sim_user,normal_hpo_search,gpu:1,normal_hpo_search
4.6,2026-01-01 00:00:04.600000+00:00,,syn-normal-hpo-102,syn-normal-hpo-102,,,,,0,10.0,204.6365819985832,75.37844817510052,44.724624225484824,2031.4828357209528,48.7060698797021,3622.8064758474798,100.0,100.0,True,,synthetic_normal_hpo_search,sim_user,normal_hpo_search,gpu:1,normal_hpo_search
4.7,2026-01-01 00:00:04.700000+00:00,,syn-normal-hpo-102,syn-normal-hpo-102,,,,,0,10.0,205.1376243215722,72.62135200295039,41.27903239512325,1983.96450211164,47.881889480403366,3510.327598557079,100.0,100.0,True,,synthetic_normal_hpo_search,sim_user,normal_hpo_search,gpu:1,normal_hpo_search
4.8,2026-01-01 00:00:04.800000+00:00,,syn-normal-hpo-102,syn-normal-hpo-102,,,,,0,10.0,203.81606580354352,70.74933259081774,37.58624452517883,1981.7246229715117,47.48406445630026,3130.0778006883343,100.0,100.0,True,,synthetic_normal_hpo_search,sim_user,normal_hpo_search,gpu:1,normal_hpo_search
4.9,2026-01-01 00:00:04.900000+00:00,,syn-normal-hpo-102,syn-normal-hpo-102,,,,,0,10.0,205.7546536393893,74.15806565844748,43.962167257123554,2034.551696355378,48.312727638979865,3642.9551735286877,100.0,100.0,True,,synthetic_normal_hpo_search,sim_user,normal_hpo_search,gpu:1,normal_hpo_search
5.0,2026-01-01 00:00:05+00:00,,syn-normal-hpo-102,syn-normal-hpo-102,,,,,0,10.0,206.37593508950098,72.42059301548157,30.367290691839735,2054.576120960269,47.84681338168394,2534.619835378773,100.0,100.0,True,,synthetic_normal_hpo_search,sim_user,normal_hpo_search,gpu:1,normal_hpo_search
5.1,2026-01-01 00:00:05.100000+00:00,,syn-normal-hpo-102,syn-normal-hpo-102,,,,,0,10.0,208.8357554065861,73.99084974901848,47.483368830784286,2101.2419377570122,48.42087443437431,3738.5035706311774,100.0,100.0,True,,synthetic_normal_hpo_search,sim_user,normal_hpo_search,gpu:1,normal_hpo_search
5.2,2026-01-01 00:00:05.200000+00:00,,syn-normal-hpo-102,syn-normal-hpo-102,,,,,0,10.0,207.89399059398593,72.50412903718227,40.40701611047885,1994.9692163567531,47.682103610957554,3257.679262763605,100.0,100.0,True,,synthetic_normal_hpo_search,sim_user,normal_hpo_search,gpu:1,normal_hpo_search
5.3,2026-01-01 00:00:05.300000+00:00,,syn-normal-hpo-102,syn-normal-hpo-102,,,,,0,10.0,208.29773306607592,73.3439060442857,44.107825879279865,2018.9542028306657,47.464142811264985,3588.0743728352654,100.0,100.0,True,,synthetic_normal_hpo_search,sim_user,normal_hpo_search,gpu:1,normal_hpo_search
5.4,2026-01-01 00:00:05.400000+00:00,,syn-normal-hpo-102,syn-normal-hpo-102,,,,,0,10.0,208.62632872981098,72.35187881001357,36.092882636105884,2046.8168781142406,47.43627987760116,3133.0261233862157,100.0,100.0,True,,synthetic_normal_hpo_search,sim_user,normal_hpo_search,gpu:1,normal_hpo_search
5.5,2026-01-01 00:00:05.500000+00:00,,syn-normal-hpo-102,syn-normal-hpo-102,,,,,0,10.0,207.79945461112692,73.3226532611704,41.9293173287142,2120.891193425367,47.91870875897127,3398.0718339893992,100.0,100.0,True,,synthetic_normal_hpo_search,sim_user,normal_hpo_search,gpu:1,normal_hpo_search
5.6,2026-01-01 00:00:05.600000+00:00,,syn-normal-hpo-102,syn-normal-hpo-102,,,,,0,10.0,206.1305435307327,71.65378755214604,39.40451324507109,2028.5574136387027,47.50355616048466,3368.4351703834654,100.0,100.0,True,,synthetic_normal_hpo_search,sim_user,normal_hpo_search,gpu:1,normal_hpo_search
5.7,2026-01-01 00:00:05.700000+00:00,,syn-normal-hpo-102,syn-normal-hpo-102,,,,,0,10.0,207.62084232616425,71.69036660250691,43.38869231523076,2042.0789765956142,47.73452387848619,3359.1407731427225,100.0,100.0,True,,synthetic_normal_hpo_search,sim_user,normal_hpo_search,gpu:1,normal_hpo_search
5.8,2026-01-01 00:00:05.800000+00:00,,syn-normal-hpo-102,syn-normal-hpo-102,,,,,0,10.0,208.8476775387886,77.16935119702575,37.41244609140372,2059.7489680136823,49.31241128782885,2934.265175608885,100.0,100.0,True,,synthetic_normal_hpo_search,sim_user,normal_hpo_search,gpu:1,normal_hpo_search
5.9,2026-01-01 00:00:05.900000+00:00,,syn-normal-hpo-102,syn-normal-hpo-102,,,,,0,10.0,208.1275933824784,74.75765857497962,49.92396130782747,2027.5635629038138,48.61690911491088,3957.9124808655797,100.0,100.0,True,,synthetic_normal_hpo_search,sim_user,normal_hpo_search,gpu:1,normal_hpo_search
6.0,2026-01-01 00:00:06+00:00,,syn-normal-hpo-102,syn-normal-hpo-102,,,,,0,10.0,206.18695345556938,74.84699081315115,42.54015678671884,2073.12761118718,48.23940615240573,3456.917082425352,100.0,100.0,True,,synthetic_normal_hpo_search,sim_user,normal_hpo_search,gpu:1,normal_hpo_search
6.1,2026-01-01 00:00:06.100000+00:00,,syn-normal-hpo-102,syn-normal-hpo-102,,,,,0,10.0,207.65842740430918,78.11368835535586,49.63895308685981,2137.6440275472264,49.33931112871713,3946.642416029583,100.0,100.0,True,,synthetic_normal_hpo_search,sim_user,normal_hpo_search,gpu:1,normal_hpo_search
6.2,2026-01-01 00:00:06.200000+00:00,,syn-normal-hpo-102,syn-normal-hpo-102,,,,,0,10.0,207.7512575178541,75.96652916194441,42.71889993947891,2094.6254203372655,49.10757947424291,3478.255633775405,100.0,100.0,True,,synthetic_normal_hpo_search,sim_user,normal_hpo_search,gpu:1,normal_hpo_search
6.3,2026-01-01 00:00:06.300000+00:00,,syn-normal-hpo-102,syn-normal-hpo-102,,,,,0,10.0,207.26527993413453,74.4362299709057,41.39843228856828,2086.2844411186,48.574922193363534,3329.2922120550143,100.0,100.0,True,,synthetic_normal_hpo_search,sim_user,normal_hpo_search,gpu:1,normal_hpo_search
6.4,2026-01-01 00:00:06.400000+00:00,,syn-normal-hpo-102,syn-normal-hpo-102,,,,,0,10.0,207.74432663682092,72.32405587675503,40.30528366746253,2001.3768645157422,48.227895494803676,3101.06447169343,100.0,100.0,True,,synthetic_normal_hpo_search,sim_user,normal_hpo_search,gpu:1,normal_hpo_search
6.5,2026-01-01 00:00:06.500000+00:00,,syn-normal-hpo-102,syn-normal-hpo-102,,,,,0,10.0,209.42042002522928,76.87951552668845,46.54896909881439,2150.277802137773,49.313357461515366,3761.6712106659998,100.0,100.0,True,,synthetic_normal_hpo_search,sim_user,normal_hpo_search,gpu:1,normal_hpo_search
6.6,2026-01-01 00:00:06.600000+00:00,,syn-normal-hpo-102,syn-normal-hpo-102,,,,,0,10.0,207.6353856452746,75.54234869037406,44.556483486279205,2142.725107762115,48.76085841708317,3619.238872426112,100.0,100.0,True,,synthetic_normal_hpo_search,sim_user,normal_hpo_search,gpu:1,normal_hpo_search
6.7,2026-01-01 00:00:06.700000+00:00,,syn-normal-hpo-102,syn-normal-hpo-102,,,,,0,10.0,206.7611569477625,76.36795670902804,38.686233388925466,2122.4813415459844,49.223113845239766,3217.5685173079105,100.0,100.0,True,,synthetic_normal_hpo_search,sim_user,normal_hpo_search,gpu:1,normal_hpo_search
6.8,2026-01-01 00:00:06.800000+00:00,,syn-normal-hpo-102,syn-normal-hpo-102,,,,,0,10.0,31.81691013032384,7.199439693013716,1.9066219198443157,366.53655765243263,29.839240093045333,481.0377326822347,100.0,100.0,True,,synthetic_normal_hpo_search,sim_user,normal_hpo_search,gpu:1,normal_hpo_search
6.9,2026-01-01 00:00:06.900000+00:00,,syn-normal-hpo-102,syn-normal-hpo-102,,,,,0,10.0,32.60669048960881,7.001915322130707,6.074368317975516,342.5273938963762,30.30261782273799,778.6789639540654,100.0,100.0,True,,synthetic_normal_hpo_search,sim_user,normal_hpo_search,gpu:1,normal_hpo_search
7.0,2026-01-01 00:00:07+00:00,,syn-normal-hpo-102,syn-normal-hpo-102,,,,,0,10.0,32.83911694239024,3.525888723375817,0.0,282.0413630628017,29.375749355523933,386.4702056537421,100.0,100.0,True,,synthetic_normal_hpo_search,sim_user,normal_hpo_search,gpu:1,normal_hpo_search
7.1,2026-01-01 00:00:07.100000+00:00,,syn-normal-hpo-102,syn-normal-hpo-102,,,,,0,10.0,31.74002764676976,8.574880871658962,6.7999311526232615,437.56744016220006,30.81669085353903,879.4292415223942,100.0,100.0,True,,synthetic_normal_hpo_search,sim_user,normal_hpo_search,gpu:1,normal_hpo_search
7.2,2026-01-01 00:00:07.200000+00:00,,syn-normal-hpo-102,syn-normal-hpo-102,,,,,0,10.0,31.12979058677715,3.9947440189539742,0.0,304.01825002277076,29.62208385755905,214.22412688859743,100.0,100.0,True,,synthetic_normal_hpo_search,sim_user,normal_hpo_search,gpu:1,normal_hpo_search
7.3,2026-01-01 00:00:07.300000+00:00,,syn-normal-hpo-102,syn-normal-hpo-102,,,,,0,10.0,31.199276077478736,6.1746065269905746,7.3844410093888,413.17162136558755,30.064883223213158,1025.8432686686344,100.0,100.0,True,,synthetic_normal_hpo_search,sim_user,normal_hpo_search,gpu:1,normal_hpo_search
7.4,2026-01-01 00:00:07.400000+00:00,,syn-normal-hpo-102,syn-normal-hpo-102,,,,,0,10.0,31.52136556637963,8.32799489368604,6.740822066695957,335.8582822181487,31.081995080001697,909.813055915411,100.0,100.0,True,,synthetic_normal_hpo_search,sim_user,normal_hpo_search,gpu:1,normal_hpo_search
7.5,2026-01-01 00:00:07.500000+00:00,,syn-normal-hpo-102,syn-normal-hpo-102,,,,,0,10.0,32.19457524959798,7.698587455781192,6.608181945549234,367.04724977029895,31.079659906833044,893.0433116608384,100.0,100.0,True,,synthetic_normal_hpo_search,sim_user,normal_hpo_search,gpu:1,normal_hpo_search
7.6,2026-01-01 00:00:07.600000+00:00,,syn-normal-hpo-102,syn-normal-hpo-102,,,,,0,10.0,30.965818610335774,6.88493987354832,3.0688245380008796,422.3596175119568,30.53631765864787,479.7197424940838,100.0,100.0,True,,synthetic_normal_hpo_search,sim_user,normal_hpo_search,gpu:1,normal_hpo_search
7.7,2026-01-01 00:00:07.700000+00:00,,syn-normal-hpo-102,syn-normal-hpo-102,,,,,0,10.0,32.51526810673092,8.593303649497303,9.318570392906185,383.576146554704,30.97813653988004,1127.7755693859253,100.0,100.0,True,,synthetic_normal_hpo_search,sim_user,normal_hpo_search,gpu:1,normal_hpo_search
7.8,2026-01-01 00:00:07.800000+00:00,,syn-normal-hpo-102,syn-normal-hpo-102,,,,,0,10.0,33.329567480816415,4.304284731554791,1.4335806728522842,268.81735923921684,29.552039038167102,372.8336961893966,100.0,100.0,True,,synthetic_normal_hpo_search,sim_user,normal_hpo_search,gpu:1,normal_hpo_search
7.9,2026-01-01 00:00:07.900000+00:00,,syn-normal-hpo-102,syn-normal-hpo-102,,,,,0,10.0,32.985583977001184,7.943608486065351,10.46589169650462,390.8846515288645,30.4941186105353,1159.8157861727825,100.0,100.0,True,,synthetic_normal_hpo_search,sim_user,normal_hpo_search,gpu:1,normal_hpo_search
8.0,2026-01-01 00:00:08+00:00,,syn-normal-hpo-102,syn-normal-hpo-102,,,,,0,10.0,32.63036541699604,10.312549315639814,1.281616300087391,469.3787346068875,31.1101934648245,510.0578379113286,100.0,100.0,True,,synthetic_normal_hpo_search,sim_user,normal_hpo_search,gpu:1,normal_hpo_search
8.1,2026-01-01 00:00:08.100000+00:00,,syn-normal-hpo-102,syn-normal-hpo-102,,,,,0,10.0,33.969420875751574,10.613045629898735,7.345992574382717,468.1188741401081,30.80352353434426,1052.8674232891597,100.0,100.0,True,,synthetic_normal_hpo_search,sim_user,normal_hpo_search,gpu:1,normal_hpo_search
8.2,2026-01-01 00:00:08.200000+00:00,,syn-normal-hpo-102,syn-normal-hpo-102,,,,,0,10.0,171.12494821259506,57.45634659178375,30.049543777968466,1631.7486158528684,43.79710277244107,2668.0872191486637,100.0,100.0,True,,synthetic_normal_hpo_search,sim_user,normal_hpo_search,gpu:1,normal_hpo_search
8.3,2026-01-01 00:00:08.300000+00:00,,syn-normal-hpo-102,syn-normal-hpo-102,,,,,0,10.0,172.26600191108142,62.94967279115797,40.893353570657844,1721.097403405641,45.16920104814637,3442.616617053467,100.0,100.0,True,,synthetic_normal_hpo_search,sim_user,normal_hpo_search,gpu:1,normal_hpo_search
8.4,2026-01-01 00:00:08.400000+00:00,,syn-normal-hpo-102,syn-normal-hpo-102,,,,,0,10.0,174.74118973780517,62.838885242777756,38.01991683693069,1840.16767573897,44.920885504645284,3008.8541649654776,100.0,100.0,True,,synthetic_normal_hpo_search,sim_user,normal_hpo_search,gpu:1,normal_hpo_search
8.5,2026-01-01 00:00:08.500000+00:00,,syn-normal-hpo-102,syn-normal-hpo-102,,,,,0,10.0,177.30776959749008,60.87386869602935,36.9695068877768,1783.3225357058386,44.38444276187725,3073.5745971547412,100.0,100.0,True,,synthetic_normal_hpo_search,sim_user,normal_hpo_search,gpu:1,normal_hpo_search
8.6,2026-01-01 00:00:08.600000+00:00,,syn-normal-hpo-102,syn-normal-hpo-102,,,,,0,10.0,176.14251143090252,59.65161841502628,30.649980845295634,1659.852327871596,44.22606997686537,2617.878292686614,100.0,100.0,True,,synthetic_normal_hpo_search,sim_user,normal_hpo_search,gpu:1,normal_hpo_search
8.7,2026-01-01 00:00:08.700000+00:00,,syn-normal-hpo-102,syn-normal-hpo-102,,,,,0,10.0,174.9747158022531,61.71438238394619,34.12908144558528,1772.259377390276,44.80150200261916,2772.7176079904802,100.0,100.0,True,,synthetic_normal_hpo_search,sim_user,normal_hpo_search,gpu:1,normal_hpo_search
8.8,2026-01-01 00:00:08.800000+00:00,,syn-normal-hpo-102,syn-normal-hpo-102,,,,,0,10.0,174.74568072083753,64.80478156373434,31.81141316044087,1825.2752133264044,45.6312991222379,2684.3005281950113,100.0,100.0,True,,synthetic_normal_hpo_search,sim_user,normal_hpo_search,gpu:1,normal_hpo_search
8.9,2026-01-01 00:00:08.900000+00:00,,syn-normal-hpo-102,syn-normal-hpo-102,,,,,0,10.0,174.09562355709184,62.68063270969282,31.586496880045804,1757.3976714543408,44.83490449580599,2683.5325262063457,100.0,100.0,True,,synthetic_normal_hpo_search,sim_user,normal_hpo_search,gpu:1,normal_hpo_search
9.0,2026-01-01 00:00:09+00:00,,syn-normal-hpo-102,syn-normal-hpo-102,,,,,0,10.0,172.97238771407552,59.29517888432097,38.382512657428116,1722.9558802731071,44.305011357230754,3321.2298403674163,100.0,100.0,True,,synthetic_normal_hpo_search,sim_user,normal_hpo_search,gpu:1,normal_hpo_search
9.1,2026-01-01 00:00:09.100000+00:00,,syn-normal-hpo-102,syn-normal-hpo-102,,,,,0,10.0,174.2152756120964,61.94654398286271,29.780688510603014,1726.1544115472316,45.32582372152455,2620.5902823515125,100.0,100.0,True,,synthetic_normal_hpo_search,sim_user,normal_hpo_search,gpu:1,normal_hpo_search
9.2,2026-01-01 00:00:09.200000+00:00,,syn-normal-hpo-102,syn-normal-hpo-102,,,,,0,10.0,171.4052194434369,62.83003474069314,36.23476741355153,1766.5998342750133,45.4723884866306,2844.140144683605,100.0,100.0,True,,synthetic_normal_hpo_search,sim_user,normal_hpo_search,gpu:1,normal_hpo_search
9.3,2026-01-01 00:00:09.300000+00:00,,syn-normal-hpo-102,syn-normal-hpo-102,,,,,0,10.0,169.9184906136641,59.90491879838781,36.943403608695526,1746.1159819443706,44.92188765204652,3102.1045840020633,100.0,100.0,True,,synthetic_normal_hpo_search,sim_user,normal_hpo_search,gpu:1,normal_hpo_search
9.4,2026-01-01 00:00:09.400000+00:00,,syn-normal-hpo-102,syn-normal-hpo-102,,,,,0,10.0,169.56974471637614,58.998612862864206,35.438283258725086,1707.0606779229431,44.70352162845239,2961.3489154411727,100.0,100.0,True,,synthetic_normal_hpo_search,sim_user,normal_hpo_search,gpu:1,normal_hpo_search
9.5,2026-01-01 00:00:09.500000+00:00,,syn-normal-hpo-102,syn-normal-hpo-102,,,,,0,10.0,170.74093391904077,61.361390672137446,40.56353889265249,1723.0411092192894,45.26363020919246,3338.626783114946,100.0,100.0,True,,synthetic_normal_hpo_search,sim_user,normal_hpo_search,gpu:1,normal_hpo_search
9.6,2026-01-01 00:00:09.600000+00:00,,syn-normal-hpo-102,syn-normal-hpo-102,,,,,0,10.0,171.65406961132604,56.43077601931161,24.65711574379059,1644.9120855029269,43.8143161955244,2292.488735806259,100.0,100.0,True,,synthetic_normal_hpo_search,sim_user,normal_hpo_search,gpu:1,normal_hpo_search
9.7,2026-01-01 00:00:09.700000+00:00,,syn-normal-hpo-102,syn-normal-hpo-102,,,,,0,10.0,171.92777347933887,61.76235139953216,38.41718075192362,1841.630459468563,45.34869882272533,3207.3311669928635,100.0,100.0,True,,synthetic_normal_hpo_search,sim_user,normal_hpo_search,gpu:1,normal_hpo_search
9.8,2026-01-01 00:00:09.800000+00:00,,syn-normal-hpo-102,syn-normal-hpo-102,,,,,0,10.0,172.50107970188424,58.2441551579682,39.10230230694907,1649.8676282134256,44.54617843725685,3080.095151586513,100.0,100.0,True,,synthetic_normal_hpo_search,sim_user,normal_hpo_search,gpu:1,normal_hpo_search
9.9,2026-01-01 00:00:09.900000+00:00,,syn-normal-hpo-102,syn-normal-hpo-102,,,,,0,10.0,172.65508408161705,60.951090119545505,29.726458615224566,1725.1064247215338,44.95177123680762,2415.358331748101,100.0,100.0,True,,synthetic_normal_hpo_search,sim_user,normal_hpo_search,gpu:1,normal_hpo_search
10.0,2026-01-01 00:00:10+00:00,,syn-normal-hpo-102,syn-normal-hpo-102,,,,,0,10.0,172.02771741948447,61.63465196349292,33.955630350499405,1777.561637298542,45.015994549918936,2874.1069392670533,100.0,100.0,True,,synthetic_normal_hpo_search,sim_user,normal_hpo_search,gpu:1,normal_hpo_search
10.1,2026-01-01 00:00:10.100000+00:00,,syn-normal-hpo-102,syn-normal-hpo-102,,,,,0,10.0,172.4251986733898,60.746344889257585,32.52915857668399,1727.5934619566767,44.73103939332963,2707.8545337623477,100.0,100.0,True,,synthetic_normal_hpo_search,sim_user,normal_hpo_search,gpu:1,normal_hpo_search
10.2,2026-01-01 00:00:10.200000+00:00,,syn-normal-hpo-102,syn-normal-hpo-102,,,,,0,10.0,172.74278183420557,59.6097373661222,30.04301209438938,1720.3773875905408,44.22293088588131,2715.1232706941255,100.0,100.0,True,,synthetic_normal_hpo_search,sim_user,normal_hpo_search,gpu:1,normal_hpo_search
10.3,2026-01-01 00:00:10.300000+00:00,,syn-normal-hpo-102,syn-normal-hpo-102,,,,,0,10.0,170.9521426929408,59.68252841748107,35.92531419834911,1658.4992009495156,44.343139724904695,2920.266864180836,100.0,100.0,True,,synthetic_normal_hpo_search,sim_user,normal_hpo_search,gpu:1,normal_hpo_search
10.4,2026-01-01 00:00:10.400000+00:00,,syn-normal-hpo-102,syn-normal-hpo-102,,,,,0,10.0,170.59137650888067,62.02901549074587,31.1135398302841,1777.6377510690475,44.82974859410209,2591.5971628660186,100.0,100.0,True,,synthetic_normal_hpo_search,sim_user,normal_hpo_search,gpu:1,normal_hpo_search
10.5,2026-01-01 00:00:10.500000+00:00,,syn-normal-hpo-102,syn-normal-hpo-102,,,,,0,10.0,171.56884402008734,57.912972630229,33.12032296326231,1644.1545518207502,43.74586386371148,2852.2053436493693,100.0,100.0,True,,synthetic_normal_hpo_search,sim_user,normal_hpo_search,gpu:1,normal_hpo_search
10.6,2026-01-01 00:00:10.600000+00:00,,syn-normal-hpo-102,syn-normal-hpo-102,,,,,0,10.0,172.12400533343782,59.07253815306718,34.59948000212826,1655.7004900988702,44.241519995795635,2846.407150639239,100.0,100.0,True,,synthetic_normal_hpo_search,sim_user,normal_hpo_search,gpu:1,normal_hpo_search
10.7,2026-01-01 00:00:10.700000+00:00,,syn-normal-hpo-102,syn-normal-hpo-102,,,,,0,10.0,171.5086038556496,61.35165174978422,27.564232019055073,1780.7486513622748,45.04589805129472,2485.367502331139,100.0,100.0,True,,synthetic_normal_hpo_search,sim_user,normal_hpo_search,gpu:1,normal_hpo_search
10.8,2026-01-01 00:00:10.800000+00:00,,syn-normal-hpo-102,syn-normal-hpo-102,,,,,0,10.0,171.67552885540184,62.40942991333067,31.072478662361846,1748.3787410993843,45.49670053253608,2634.867092602103,100.0,100.0,True,,synthetic_normal_hpo_search,sim_user,normal_hpo_search,gpu:1,normal_hpo_search
10.9,2026-01-01 00:00:10.900000+00:00,,syn-normal-hpo-102,syn-normal-hpo-102,,,,,0,10.0,173.13061287153556,61.28159398092976,32.735676189988304,1805.3005020815965,45.008631017455976,2710.3228868676474,100.0,100.0,True,,synthetic_normal_hpo_search,sim_user,normal_hpo_search,gpu:1,normal_hpo_search
11.0,2026-01-01 00:00:11+00:00,,syn-normal-hpo-102,syn-normal-hpo-102,,,,,0,10.0,175.34822402619943,61.062635607431936,39.084729490363095,1748.1626570808278,45.2127697074278,3036.113799430282,100.0,100.0,True,,synthetic_normal_hpo_search,sim_user,normal_hpo_search,gpu:1,normal_hpo_search
11.1,2026-01-01 00:00:11.100000+00:00,,syn-normal-hpo-102,syn-normal-hpo-102,,,,,0,10.0,174.23702928927568,63.19287116608097,34.61550206811718,1758.1471246451017,45.90084997422455,2971.3203138584586,100.0,100.0,True,,synthetic_normal_hpo_search,sim_user,normal_hpo_search,gpu:1,normal_hpo_search
11.2,2026-01-01 00:00:11.200000+00:00,,syn-normal-hpo-102,syn-normal-hpo-102,,,,,0,10.0,175.06293676356458,61.24685143189789,34.71663055822246,1724.3700808923002,45.37051536122044,3031.1585373276507,100.0,100.0,True,,synthetic_normal_hpo_search,sim_user,normal_hpo_search,gpu:1,normal_hpo_search
11.3,2026-01-01 00:00:11.300000+00:00,,syn-normal-hpo-102,syn-normal-hpo-102,,,,,0,10.0,175.15518418042996,66.33810082635003,29.68542310624858,1846.920248279411,46.804554787516615,2565.8791872446277,100.0,100.0,True,,synthetic_normal_hpo_search,sim_user,normal_hpo_search,gpu:1,normal_hpo_search
11.4,2026-01-01 00:00:11.400000+00:00,,syn-normal-hpo-102,syn-normal-hpo-102,,,,,0,10.0,171.40452673004643,63.41943580350914,43.98000412676783,1788.380684956648,46.2075097907108,3542.3833127998605,100.0,100.0,True,,synthetic_normal_hpo_search,sim_user,normal_hpo_search,gpu:1,normal_hpo_search
11.5,2026-01-01 00:00:11.500000+00:00,,syn-normal-hpo-102,syn-normal-hpo-102,,,,,0,10.0,171.11559056616076,64.46249519199019,36.50354273694418,1836.6219490750982,46.35566572129257,2938.1728348660467,100.0,100.0,True,,synthetic_normal_hpo_search,sim_user,normal_hpo_search,gpu:1,normal_hpo_search
11.6,2026-01-01 00:00:11.600000+00:00,,syn-normal-hpo-102,syn-normal-hpo-102,,,,,0,10.0,174.15466756711288,59.739654746792695,35.9970248998228,1710.060068890312,44.98703142499663,2956.9669135105823,100.0,100.0,True,,synthetic_normal_hpo_search,sim_user,normal_hpo_search,gpu:1,normal_hpo_search
11.7,2026-01-01 00:00:11.700000+00:00,,syn-normal-hpo-102,syn-normal-hpo-102,,,,,0,10.0,173.6756088338088,60.54519280155689,38.964036974499784,1752.4963617319445,45.415908215350946,3180.0461265615722,100.0,100.0,True,,synthetic_normal_hpo_search,sim_user,normal_hpo_search,gpu:1,normal_hpo_search
11.8,2026-01-01 00:00:11.800000+00:00,,syn-normal-hpo-102,syn-normal-hpo-102,,,,,0,10.0,171.70894976752004,60.223706850620786,35.562446047553024,1685.2217656840407,45.32338447179469,2952.585561936217,100.0,100.0,True,,synthetic_normal_hpo_search,sim_user,normal_hpo_search,gpu:1,normal_hpo_search
11.9,2026-01-01 00:00:11.900000+00:00,,syn-normal-hpo-102,syn-normal-hpo-102,,,,,0,10.0,170.9169963675897,57.90888981594804,29.584383779689706,1682.0540335012101,44.3896610929872,2464.9851074134726,100.0,100.0,True,,synthetic_normal_hpo_search,sim_user,normal_hpo_search,gpu:1,normal_hpo_search
12.0,2026-01-01 00:00:12+00:00,,syn-normal-hpo-102,syn-normal-hpo-102,,,,,0,10.0,171.58219239164765,59.65240848146354,29.665793672831143,1708.6433864182372,44.69073801542956,2596.3600037102033,100.0,100.0,True,,synthetic_normal_hpo_search,sim_user,normal_hpo_search,gpu:1,normal_hpo_search
12.1,2026-01-01 00:00:12.100000+00:00,,syn-normal-hpo-102,syn-normal-hpo-102,,,,,0,10.0,170.76884747235727,62.404569003714236,40.76197203334523,1810.2652038330089,45.24916195155884,3237.432060200025,100.0,100.0,True,,synthetic_normal_hpo_search,sim_user,normal_hpo_search,gpu:1,normal_hpo_search
12.2,2026-01-01 00:00:12.200000+00:00,,syn-normal-hpo-102,syn-normal-hpo-102,,,,,0,10.0,171.0226173938142,58.438337093503385,26.398816713584402,1693.732628865382,44.25492247269078,2279.3211225746936,100.0,100.0,True,,synthetic_normal_hpo_search,sim_user,normal_hpo_search,gpu:1,normal_hpo_search
12.3,2026-01-01 00:00:12.300000+00:00,,syn-normal-hpo-102,syn-normal-hpo-102,,,,,0,10.0,172.0164307713192,60.30782070937831,37.83564421207544,1786.1518829545803,44.43195384519298,2981.9379242356727,100.0,100.0,True,,synthetic_normal_hpo_search,sim_user,normal_hpo_search,gpu:1,normal_hpo_search
12.4,2026-01-01 00:00:12.400000+00:00,,syn-normal-hpo-102,syn-normal-hpo-102,,,,,0,10.0,172.2013989176278,64.09220076686664,43.398953409616986,1798.3780241178865,45.82501708676582,3547.8845301253127,100.0,100.0,True,,synthetic_normal_hpo_search,sim_user,normal_hpo_search,gpu:1,normal_hpo_search
12.5,2026-01-01 00:00:12.500000+00:00,,syn-normal-hpo-102,syn-normal-hpo-102,,,,,0,10.0,169.1541275962877,60.46644305527186,31.863066338015948,1776.3326592680307,44.76757189413322,2591.1956202114293,100.0,100.0,True,,synthetic_normal_hpo_search,sim_user,normal_hpo_search,gpu:1,normal_hpo_search
12.6,2026-01-01 00:00:12.600000+00:00,,syn-normal-hpo-102,syn-normal-hpo-102,,,,,0,10.0,169.8632610549895,61.14481794195776,32.49687330126655,1730.5389463914337,44.718698273490176,2675.1328804264026,100.0,100.0,True,,synthetic_normal_hpo_search,sim_user,normal_hpo_search,gpu:1,normal_hpo_search
12.7,2026-01-01 00:00:12.700000+00:00,,syn-normal-hpo-102,syn-normal-hpo-102,,,,,0,10.0,170.89631527047254,60.52940975937538,36.67927699353866,1764.5848740871145,44.876487085266675,2991.0347563362775,100.0,100.0,True,,synthetic_normal_hpo_search,sim_user,normal_hpo_search,gpu:1,normal_hpo_search
12.8,2026-01-01 00:00:12.800000+00:00,,syn-normal-hpo-102,syn-normal-hpo-102,,,,,0,10.0,171.54210472315503,59.437392834721784,35.74985703470308,1720.2927839164736,44.64146296683918,2925.8271620823302,100.0,100.0,True,,synthetic_normal_hpo_search,sim_user,normal_hpo_search,gpu:1,normal_hpo_search
12.9,2026-01-01 00:00:12.900000+00:00,,syn-normal-hpo-102,syn-normal-hpo-102,,,,,0,10.0,171.24167645817394,59.868965106833905,34.68421253432129,1655.6294090262195,44.83293568020811,2890.606044148778,100.0,100.0,True,,synthetic_normal_hpo_search,sim_user,normal_hpo_search,gpu:1,normal_hpo_search
13.0,2026-01-01 00:00:13+00:00,,syn-normal-hpo-102,syn-normal-hpo-102,,,,,0,10.0,171.8697741480516,61.41314755848159,46.216354334634794,1813.0074950322148,45.51776559708712,3698.3018577453245,100.0,100.0,True,,synthetic_normal_hpo_search,sim_user,normal_hpo_search,gpu:1,normal_hpo_search
13.1,2026-01-01 00:00:13.100000+00:00,,syn-normal-hpo-102,syn-normal-hpo-102,,,,,0,10.0,171.84094253750476,59.64497246619497,32.05592205626568,1737.5908710511474,44.76062808373426,2483.114811307143,100.0,100.0,True,,synthetic_normal_hpo_search,sim_user,normal_hpo_search,gpu:1,normal_hpo_search
13.2,2026-01-01 00:00:13.200000+00:00,,syn-normal-hpo-102,syn-normal-hpo-102,,,,,0,10.0,171.50921886854292,60.82881236506793,39.72525456946862,1699.9029738548104,45.26051350418944,3248.1515663964733,100.0,100.0,True,,synthetic_normal_hpo_search,sim_user,normal_hpo_search,gpu:1,normal_hpo_search
13.3,2026-01-01 00:00:13.300000+00:00,,syn-normal-hpo-102,syn-normal-hpo-102,,,,,0,10.0,170.9669171853904,59.5921397015025,44.328596677660606,1666.9223704827666,44.631504940976264,3417.2111561326255,100.0,100.0,True,,synthetic_normal_hpo_search,sim_user,normal_hpo_search,gpu:1,normal_hpo_search
13.4,2026-01-01 00:00:13.400000+00:00,,syn-normal-hpo-102,syn-normal-hpo-102,,,,,0,10.0,172.39594127237538,60.891912804348216,35.40245205830288,1651.9371007731054,44.98732014342787,2871.2528120086126,100.0,100.0,True,,synthetic_normal_hpo_search,sim_user,normal_hpo_search,gpu:1,normal_hpo_search
13.5,2026-01-01 00:00:13.500000+00:00,,syn-normal-hpo-102,syn-normal-hpo-102,,,,,0,10.0,172.85272689092594,64.48500841818485,33.54591114892592,1878.5645534490425,46.11809565596913,2780.7268372291064,100.0,100.0,True,,synthetic_normal_hpo_search,sim_user,normal_hpo_search,gpu:1,normal_hpo_search
13.6,2026-01-01 00:00:13.600000+00:00,,syn-normal-hpo-102,syn-normal-hpo-102,,,,,0,10.0,173.92187573955107,62.93318631140552,45.04559704179991,1765.8409481055521,45.339379533214085,3533.9140409839165,100.0,100.0,True,,synthetic_normal_hpo_search,sim_user,normal_hpo_search,gpu:1,normal_hpo_search
13.7,2026-01-01 00:00:13.700000+00:00,,syn-normal-hpo-102,syn-normal-hpo-102,,,,,0,10.0,172.5093704102429,58.42188317379415,31.728403931440898,1680.1739661503323,44.19255500116618,2536.0588018482854,100.0,100.0,True,,synthetic_normal_hpo_search,sim_user,normal_hpo_search,gpu:1,normal_hpo_search
13.8,2026-01-01 00:00:13.800000+00:00,,syn-normal-hpo-102,syn-normal-hpo-102,,,,,0,10.0,173.17776662002882,60.98342857437604,39.652278981600425,1684.0791239795703,45.289529941380515,3198.0987560641543,100.0,100.0,True,,synthetic_normal_hpo_search,sim_user,normal_hpo_search,gpu:1,normal_hpo_search
13.9,2026-01-01 00:00:13.900000+00:00,,syn-normal-hpo-102,syn-normal-hpo-102,,,,,0,10.0,172.89380002543882,65.07789200590567,30.95373396423314,1853.803521942582,46.2566284917303,2538.6665709964,100.0,100.0,True,,synthetic_normal_hpo_search,sim_user,normal_hpo_search,gpu:1,normal_hpo_search
14.0,2026-01-01 00:00:14+00:00,,syn-normal-hpo-102,syn-normal-hpo-102,,,,,0,10.0,172.65939273127543,64.94694783923889,37.6682658935705,1874.5875520901,46.32103856596969,2853.253832910629,100.0,100.0,True,,synthetic_normal_hpo_search,sim_user,normal_hpo_search,gpu:1,normal_hpo_search
14.1,2026-01-01 00:00:14.100000+00:00,,syn-normal-hpo-102,syn-normal-hpo-102,,,,,0,10.0,174.7677838691236,59.57221078311469,24.607457512494573,1742.5214557593258,44.622405414984385,2190.107982893703,100.0,100.0,True,,synthetic_normal_hpo_search,sim_user,normal_hpo_search,gpu:1,normal_hpo_search
14.2,2026-01-01 00:00:14.200000+00:00,,syn-normal-hpo-102,syn-normal-hpo-102,,,,,0,10.0,176.3088566573693,63.489109346666496,29.34312842423788,1807.3229806495556,45.68717617835199,2558.2677843153947,100.0,100.0,True,,synthetic_normal_hpo_search,sim_user,normal_hpo_search,gpu:1,normal_hpo_search
14.3,2026-01-01 00:00:14.300000+00:00,,syn-normal-hpo-102,syn-normal-hpo-102,,,,,0,10.0,175.1404210239296,62.14686249408349,29.0575162100535,1746.0370938799247,45.40062485849081,2526.9694033563705,100.0,100.0,True,,synthetic_normal_hpo_search,sim_user,normal_hpo_search,gpu:1,normal_hpo_search
14.4,2026-01-01 00:00:14.400000+00:00,,syn-normal-hpo-102,syn-normal-hpo-102,,,,,0,10.0,174.66512710822056,56.73770680445986,30.95126110669282,1632.6006270564883,43.872551032336425,2678.0383862512654,100.0,100.0,True,,synthetic_normal_hpo_search,sim_user,normal_hpo_search,gpu:1,normal_hpo_search
14.5,2026-01-01 00:00:14.500000+00:00,,syn-normal-hpo-102,syn-normal-hpo-102,,,,,0,10.0,170.65743879193366,61.037252418602115,36.898701627318836,1709.8997529080784,45.14030923800869,2974.430769308387,100.0,100.0,True,,synthetic_normal_hpo_search,sim_user,normal_hpo_search,gpu:1,normal_hpo_search
14.6,2026-01-01 00:00:14.600000+00:00,,syn-normal-hpo-102,syn-normal-hpo-102,,,,,0,10.0,169.01996708918196,63.92812357536115,40.069448060796645,1748.541201133827,46.08915524083051,3196.0742006894384,100.0,100.0,True,,synthetic_normal_hpo_search,sim_user,normal_hpo_search,gpu:1,normal_hpo_search
14.7,2026-01-01 00:00:14.700000+00:00,,syn-normal-hpo-102,syn-normal-hpo-102,,,,,0,10.0,169.20988479097846,58.391258823188366,30.49248379253079,1602.348985012976,44.231194968332346,2619.4836466228207,100.0,100.0,True,,synthetic_normal_hpo_search,sim_user,normal_hpo_search,gpu:1,normal_hpo_search
14.8,2026-01-01 00:00:14.800000+00:00,,syn-normal-hpo-102,syn-normal-hpo-102,,,,,0,10.0,167.33815358604585,58.53267294989065,25.034682919185435,1683.7257509141562,44.16130210741429,2345.736189319262,100.0,100.0,True,,synthetic_normal_hpo_search,sim_user,normal_hpo_search,gpu:1,normal_hpo_search
14.9,2026-01-01 00:00:14.900000+00:00,,syn-normal-hpo-102,syn-normal-hpo-102,,,,,0,10.0,167.64619891027542,61.25183612376063,19.788167753283467,1793.4746605341072,44.974703354150115,1663.7740960560586,100.0,100.0,True,,synthetic_normal_hpo_search,sim_user,normal_hpo_search,gpu:1,normal_hpo_search
15.0,2026-01-01 00:00:15+00:00,,syn-normal-hpo-102,syn-normal-hpo-102,,,,,0,10.0,168.37500111421568,58.62918410361958,33.32673109962926,1683.9923045850346,44.1347038533421,2738.5781004620953,100.0,100.0,True,,synthetic_normal_hpo_search,sim_user,normal_hpo_search,gpu:1,normal_hpo_search
15.1,2026-01-01 00:00:15.100000+00:00,,syn-normal-hpo-102,syn-normal-hpo-102,,,,,0,10.0,166.12862913087622,57.77393926806508,30.38708688365098,1672.1022805739613,43.75374759410783,2562.631033292465,100.0,100.0,True,,synthetic_normal_hpo_search,sim_user,normal_hpo_search,gpu:1,normal_hpo_search
15.2,2026-01-01 00:00:15.200000+00:00,,syn-normal-hpo-102,syn-normal-hpo-102,,,,,0,10.0,166.4184232764288,59.38921417354959,30.465166615741342,1700.1698217240091,44.151798332315224,2527.571206038436,100.0,100.0,True,,synthetic_normal_hpo_search,sim_user,normal_hpo_search,gpu:1,normal_hpo_search
15.3,2026-01-01 00:00:15.300000+00:00,,syn-normal-hpo-102,syn-normal-hpo-102,,,,,0,10.0,166.38541086553167,55.813946921615056,34.56991037848701,1563.5285345051097,43.12147183392352,2826.425902630534,100.0,100.0,True,,synthetic_normal_hpo_search,sim_user,normal_hpo_search,gpu:1,normal_hpo_search
15.4,2026-01-01 00:00:15.400000+00:00,,syn-normal-hpo-102,syn-normal-hpo-102,,,,,0,10.0,168.08446316313132,60.471489938849714,36.71067964746932,1771.1192446504383,44.35022240364852,3106.0777373984783,100.0,100.0,True,,synthetic_normal_hpo_search,sim_user,normal_hpo_search,gpu:1,normal_hpo_search
15.5,2026-01-01 00:00:15.500000+00:00,,syn-normal-hpo-102,syn-normal-hpo-102,,,,,0,10.0,169.5493858127138,57.273808486622826,38.244552391079495,1612.0181846036648,43.3304054489278,3164.6336436694837,100.0,100.0,True,,synthetic_normal_hpo_search,sim_user,normal_hpo_search,gpu:1,normal_hpo_search
15.6,2026-01-01 00:00:15.600000+00:00,,syn-normal-hpo-102,syn-normal-hpo-102,,,,,0,10.0,168.74826811557318,59.8106394413978,39.24268689882605,1760.2586944699945,43.967468327983404,3112.5160635063803,100.0,100.0,True,,synthetic_normal_hpo_search,sim_user,normal_hpo_search,gpu:1,normal_hpo_search
15.7,2026-01-01 00:00:15.700000+00:00,,syn-normal-hpo-102,syn-normal-hpo-102,,,,,0,10.0,171.46653069797034,62.432583356289385,40.952922724824205,1749.8184749672848,44.75063892110086,3170.3424631665566,100.0,100.0,True,,synthetic_normal_hpo_search,sim_user,normal_hpo_search,gpu:1,normal_hpo_search
15.8,2026-01-01 00:00:15.800000+00:00,,syn-normal-hpo-102,syn-normal-hpo-102,,,,,0,10.0,171.4325533990207,64.14987257739797,35.82027901628291,1752.1050749071087,45.3100510459066,3000.8516137907504,100.0,100.0,True,,synthetic_normal_hpo_search,sim_user,normal_hpo_search,gpu:1,normal_hpo_search
15.9,2026-01-01 00:00:15.900000+00:00,,syn-normal-hpo-102,syn-normal-hpo-102,,,,,0,10.0,170.17843952810168,58.641478007869345,29.56851476528016,1688.860840430351,44.021193161427895,2620.975663281178,100.0,100.0,True,,synthetic_normal_hpo_search,sim_user,normal_hpo_search,gpu:1,normal_hpo_search
16.0,2026-01-01 00:00:16+00:00,,syn-normal-hpo-102,syn-normal-hpo-102,,,,,0,10.0,168.8974611319279,60.24384577362089,29.641974368655834,1682.2877663361135,44.76560319299259,2676.632750100248,100.0,100.0,True,,synthetic_normal_hpo_search,sim_user,normal_hpo_search,gpu:1,normal_hpo_search
16.1,2026-01-01 00:00:16.100000+00:00,,syn-normal-hpo-102,syn-normal-hpo-102,,,,,0,10.0,168.90202492498872,60.27217550675692,32.472564159723454,1778.868973127509,44.77648275554726,2857.17241151163,100.0,100.0,True,,synthetic_normal_hpo_search,sim_user,normal_hpo_search,gpu:1,normal_hpo_search
16.2,2026-01-01 00:00:16.200000+00:00,,syn-normal-hpo-102,syn-normal-hpo-102,,,,,0,10.0,168.92650922914905,56.03734395497365,32.32367449976108,1607.9005647353345,43.69533764014795,2708.583665955109,100.0,100.0,True,,synthetic_normal_hpo_search,sim_user,normal_hpo_search,gpu:1,normal_hpo_search
16.3,2026-01-01 00:00:16.300000+00:00,,syn-normal-hpo-102,syn-normal-hpo-102,,,,,0,10.0,170.03733842603194,59.99659917312714,26.223057584383586,1690.5728863383297,45.005053542661805,2274.4842967686036,100.0,100.0,True,,synthetic_normal_hpo_search,sim_user,normal_hpo_search,gpu:1,normal_hpo_search
16.4,2026-01-01 00:00:16.400000+00:00,,syn-normal-hpo-102,syn-normal-hpo-102,,,,,0,10.0,169.48373979113805,60.464059779851844,32.41168680681142,1741.600936094191,45.08455208168509,2470.3401732612233,100.0,100.0,True,,synthetic_normal_hpo_search,sim_user,normal_hpo_search,gpu:1,normal_hpo_search
16.5,2026-01-01 00:00:16.500000+00:00,,syn-normal-hpo-102,syn-normal-hpo-102,,,,,0,10.0,170.6751949196157,61.573792231585614,35.40528413818771,1794.8664951826383,45.480799775167895,2757.826431463554,100.0,100.0,True,,synthetic_normal_hpo_search,sim_user,normal_hpo_search,gpu:1,normal_hpo_search
16.6,2026-01-01 00:00:16.600000+00:00,,syn-normal-hpo-102,syn-normal-hpo-102,,,,,0,10.0,170.65431609397797,64.52819771783896,41.80342896153773,1793.3317617390949,46.413443450253666,3354.9958511010886,100.0,100.0,True,,synthetic_normal_hpo_search,sim_user,normal_hpo_search,gpu:1,normal_hpo_search
16.7,2026-01-01 00:00:16.700000+00:00,,syn-normal-hpo-102,syn-normal-hpo-102,,,,,0,10.0,169.8238275860338,60.357787475755465,31.990532297321693,1740.4180456697316,45.35392542961853,2818.966887227523,100.0,100.0,True,,synthetic_normal_hpo_search,sim_user,normal_hpo_search,gpu:1,normal_hpo_search
16.8,2026-01-01 00:00:16.800000+00:00,,syn-normal-hpo-102,syn-normal-hpo-102,,,,,0,10.0,170.5479916631592,60.2864039764388,31.88845255650062,1695.9859816800788,45.346102866851226,2811.0779999814904,100.0,100.0,True,,synthetic_normal_hpo_search,sim_user,normal_hpo_search,gpu:1,normal_hpo_search
16.9,2026-01-01 00:00:16.900000+00:00,,syn-normal-hpo-102,syn-normal-hpo-102,,,,,0,10.0,172.44171121231176,60.957535298744745,31.9779042651579,1741.6602351001015,45.37907560024586,2583.07778251761,100.0,100.0,True,,synthetic_normal_hpo_search,sim_user,normal_hpo_search,gpu:1,normal_hpo_search
17.0,2026-01-01 00:00:17+00:00,,syn-normal-hpo-102,syn-normal-hpo-102,,,,,0,10.0,172.0759879423037,60.95605848610826,38.89174742880627,1716.5128790151055,45.27724828134042,3347.178893225233,100.0,100.0,True,,synthetic_normal_hpo_search,sim_user,normal_hpo_search,gpu:1,normal_hpo_search
17.1,2026-01-01 00:00:17.100000+00:00,,syn-normal-hpo-102,syn-normal-hpo-102,,,,,0,10.0,171.99714503346365,61.95308999470722,26.80602543801438,1731.4200954198307,45.51923161716701,2414.469331902819,100.0,100.0,True,,synthetic_normal_hpo_search,sim_user,normal_hpo_search,gpu:1,normal_hpo_search
17.2,2026-01-01 00:00:17.200000+00:00,,syn-normal-hpo-102,syn-normal-hpo-102,,,,,0,10.0,172.55133227396243,64.42344416907096,38.50111885287897,1818.0740077063701,46.15440677512438,3187.5664457958374,100.0,100.0,True,,synthetic_normal_hpo_search,sim_user,normal_hpo_search,gpu:1,normal_hpo_search
17.3,2026-01-01 00:00:17.300000+00:00,,syn-normal-hpo-102,syn-normal-hpo-102,,,,,0,10.0,173.51159031811923,59.37225343576215,27.39780243252729,1707.0109728421235,44.666835444485734,2282.431691599609,100.0,100.0,True,,synthetic_normal_hpo_search,sim_user,normal_hpo_search,gpu:1,normal_hpo_search
17.4,2026-01-01 00:00:17.400000+00:00,,syn-normal-hpo-102,syn-normal-hpo-102,,,,,0,10.0,172.9810849046906,61.384392162676164,32.82676049785365,1717.7205861848618,45.31920399534869,2653.537473215393,100.0,100.0,True,,synthetic_normal_hpo_search,sim_user,normal_hpo_search,gpu:1,normal_hpo_search
17.5,2026-01-01 00:00:17.500000+00:00,,syn-normal-hpo-102,syn-normal-hpo-102,,,,,0,10.0,172.97120857669898,56.395109199736844,35.51970283087479,1609.3629237996565,43.80066022755567,2956.8444363194217,100.0,100.0,True,,synthetic_normal_hpo_search,sim_user,normal_hpo_search,gpu:1,normal_hpo_search
17.6,2026-01-01 00:00:17.600000+00:00,,syn-normal-hpo-102,syn-normal-hpo-102,,,,,0,10.0,174.17018550498892,58.33220394716582,30.88600761822019,1639.9720422827959,44.255187553124586,2748.4414279292478,100.0,100.0,True,,synthetic_normal_hpo_search,sim_user,normal_hpo_search,gpu:1,normal_hpo_search
17.7,2026-01-01 00:00:17.700000+00:00,,syn-normal-hpo-102,syn-normal-hpo-102,,,,,0,10.0,173.6901296417971,61.91287260780524,34.21729542362092,1722.934290227571,45.10531270669293,2955.5232825810353,100.0,100.0,True,,synthetic_normal_hpo_search,sim_user,normal_hpo_search,gpu:1,normal_hpo_search
17.8,2026-01-01 00:00:17.800000+00:00,,syn-normal-hpo-102,syn-normal-hpo-102,,,,,0,10.0,172.18287513683927,56.64735885455235,27.531370459054866,1542.5305693439866,43.64645731133824,2303.824935734993,100.0,100.0,True,,synthetic_normal_hpo_search,sim_user,normal_hpo_search,gpu:1,normal_hpo_search
17.9,2026-01-01 00:00:17.900000+00:00,,syn-normal-hpo-102,syn-normal-hpo-102,,,,,0,10.0,170.89504686638244,61.1984705242092,27.33263587010792,1696.1095232057226,45.08382755447848,2225.10107309139,100.0,100.0,True,,synthetic_normal_hpo_search,sim_user,normal_hpo_search,gpu:1,normal_hpo_search
18.0,2026-01-01 00:00:18+00:00,,syn-normal-hpo-102,syn-normal-hpo-102,,,,,0,10.0,169.45253819236663,62.62178070280888,40.550132449805155,1818.5084470847237,45.49194918168668,3339.641083294716,100.0,100.0,True,,synthetic_normal_hpo_search,sim_user,normal_hpo_search,gpu:1,normal_hpo_search
18.1,2026-01-01 00:00:18.100000+00:00,,syn-normal-hpo-102,syn-normal-hpo-102,,,,,0,10.0,169.74375124729028,58.297632469815355,31.312652472809337,1691.6504456313685,44.37666399706298,2532.7584553579136,100.0,100.0,True,,synthetic_normal_hpo_search,sim_user,normal_hpo_search,gpu:1,normal_hpo_search
18.2,2026-01-01 00:00:18.200000+00:00,,syn-normal-hpo-102,syn-normal-hpo-102,,,,,0,10.0,169.9943477340768,58.68198294033519,33.51109903925499,1743.5734234329811,44.762577338022815,2724.9955194966174,100.0,100.0,True,,synthetic_normal_hpo_search,sim_user,normal_hpo_search,gpu:1,normal_hpo_search
18.3,2026-01-01 00:00:18.300000+00:00,,syn-normal-hpo-102,syn-normal-hpo-102,,,,,0,10.0,168.53894603089117,59.61483294968974,31.374817319809292,1671.4453487618803,44.76558502955213,2543.464550397025,100.0,100.0,True,,synthetic_normal_hpo_search,sim_user,normal_hpo_search,gpu:1,normal_hpo_search
18.4,2026-01-01 00:00:18.400000+00:00,,syn-normal-hpo-102,syn-normal-hpo-102,,,,,0,10.0,168.45390967630425,58.49401178904003,32.15169667643465,1691.8634625975653,44.582758496491394,2641.62055648496,100.0,100.0,True,,synthetic_normal_hpo_search,sim_user,normal_hpo_search,gpu:1,normal_hpo_search
18.5,2026-01-01 00:00:18.500000+00:00,,syn-normal-hpo-102,syn-normal-hpo-102,,,,,0,10.0,166.49041803516027,58.69740213536916,32.974521392628446,1670.444794742172,44.675060031967405,2686.7268964070563,100.0,100.0,True,,synthetic_normal_hpo_search,sim_user,normal_hpo_search,gpu:1,normal_hpo_search
18.6,2026-01-01 00:00:18.600000+00:00,,syn-normal-hpo-102,syn-normal-hpo-102,,,,,0,10.0,166.43324564993625,57.34086768694907,33.69039714279561,1664.9121304257826,44.51726818983606,2685.9166927349324,100.0,100.0,True,,synthetic_normal_hpo_search,sim_user,normal_hpo_search,gpu:1,normal_hpo_search
18.7,2026-01-01 00:00:18.700000+00:00,,syn-normal-hpo-102,syn-normal-hpo-102,,,,,0,10.0,168.89351840434952,61.508111847261716,30.04323011942739,1730.5320521142078,45.48347364749314,2439.931767618323,100.0,100.0,True,,synthetic_normal_hpo_search,sim_user,normal_hpo_search,gpu:1,normal_hpo_search
18.8,2026-01-01 00:00:18.800000+00:00,,syn-normal-hpo-102,syn-normal-hpo-102,,,,,0,10.0,171.03073889506237,61.17380660058999,31.929591642808525,1785.6091792587074,45.14154073326926,2670.4500034288803,100.0,100.0,True,,synthetic_normal_hpo_search,sim_user,normal_hpo_search,gpu:1,normal_hpo_search
18.9,2026-01-01 00:00:18.900000+00:00,,syn-normal-hpo-102,syn-normal-hpo-102,,,,,0,10.0,173.18561861110072,61.22470336124161,35.37416770405837,1787.809654242171,45.091617499182185,3033.1565679216415,100.0,100.0,True,,synthetic_normal_hpo_search,sim_user,normal_hpo_search,gpu:1,normal_hpo_search
19.0,2026-01-01 00:00:19+00:00,,syn-normal-hpo-102,syn-normal-hpo-102,,,,,0,10.0,172.43050371461783,56.440793255070986,30.49836634036394,1533.2686877103652,43.413576755240044,2648.1995780170528,100.0,100.0,True,,synthetic_normal_hpo_search,sim_user,normal_hpo_search,gpu:1,normal_hpo_search
19.1,2026-01-01 00:00:19.100000+00:00,,syn-normal-hpo-102,syn-normal-hpo-102,,,,,0,10.0,33.07124910465146,6.437431519718749,4.239162512208357,438.9162570138787,29.06407040713142,706.2673909718919,100.0,100.0,True,,synthetic_normal_hpo_search,sim_user,normal_hpo_search,gpu:1,normal_hpo_search
19.2,2026-01-01 00:00:19.200000+00:00,,syn-normal-hpo-102,syn-normal-hpo-102,,,,,0,10.0,34.3572246602313,8.461311657075282,2.9763944751086546,486.6656512702992,29.78511220710668,615.1845701661382,100.0,100.0,True,,synthetic_normal_hpo_search,sim_user,normal_hpo_search,gpu:1,normal_hpo_search
19.3,2026-01-01 00:00:19.300000+00:00,,syn-normal-hpo-102,syn-normal-hpo-102,,,,,0,10.0,34.03463538234052,9.694107694658664,6.979556121258217,402.2203505170634,30.37096033726031,796.8791581062657,100.0,100.0,True,,synthetic_normal_hpo_search,sim_user,normal_hpo_search,gpu:1,normal_hpo_search
19.4,2026-01-01 00:00:19.400000+00:00,,syn-normal-hpo-102,syn-normal-hpo-102,,,,,0,10.0,34.79732334269549,7.192944420362004,3.1262997402250075,399.2404729039885,29.63908035729074,667.3655733842178,100.0,100.0,True,,synthetic_normal_hpo_search,sim_user,normal_hpo_search,gpu:1,normal_hpo_search
19.5,2026-01-01 00:00:19.500000+00:00,,syn-normal-hpo-102,syn-normal-hpo-102,,,,,0,10.0,33.349834286248175,9.232185677936197,0.0,403.35828135237773,29.82270824479686,402.2074434060428,100.0,100.0,True,,synthetic_normal_hpo_search,sim_user,normal_hpo_search,gpu:1,normal_hpo_search
19.6,2026-01-01 00:00:19.600000+00:00,,syn-normal-hpo-102,syn-normal-hpo-102,,,,,0,10.0,33.778630551592336,9.896393341738326,1.8968351155962169,453.1243002912565,29.92978234090553,706.6377980770509,100.0,100.0,True,,synthetic_normal_hpo_search,sim_user,normal_hpo_search,gpu:1,normal_hpo_search
19.7,2026-01-01 00:00:19.700000+00:00,,syn-normal-hpo-102,syn-normal-hpo-102,,,,,0,10.0,34.0686912486005,7.035523145324554,6.498331785722208,412.7699775201556,29.367913205756576,854.0619790025896,100.0,100.0,True,,synthetic_normal_hpo_search,sim_user,normal_hpo_search,gpu:1,normal_hpo_search
19.8,2026-01-01 00:00:19.800000+00:00,,syn-normal-hpo-102,syn-normal-hpo-102,,,,,0,10.0,32.77012819184873,9.266429221137436,16.667078477782805,447.0044887156438,30.21516735842013,1483.3024892224935,100.0,100.0,True,,synthetic_normal_hpo_search,sim_user,normal_hpo_search,gpu:1,normal_hpo_search
19.9,2026-01-01 00:00:19.900000+00:00,,syn-normal-hpo-102,syn-normal-hpo-102,,,,,0,10.0,31.12601824924074,6.7747461780092095,1.2018205089884657,366.9479941552953,29.705829982368893,503.43780538415365,100.0,100.0,True,,synthetic_normal_hpo_search,sim_user,normal_hpo_search,gpu:1,normal_hpo_search
20.0,2026-01-01 00:00:20+00:00,,syn-normal-hpo-102,syn-normal-hpo-102,,,,,0,10.0,32.56236321285924,5.420344851138969,0.0,348.5746589679753,29.455645268418397,389.7131181434388,100.0,100.0,True,,synthetic_normal_hpo_search,sim_user,normal_hpo_search,gpu:1,normal_hpo_search
20.1,2026-01-01 00:00:20.100000+00:00,,syn-normal-hpo-102,syn-normal-hpo-102,,,,,0,10.0,191.64841671575869,68.31193816777123,40.83231388348864,1982.5261596143075,47.17845105525208,3307.322975385676,100.0,100.0,True,,synthetic_normal_hpo_search,sim_user,normal_hpo_search,gpu:1,normal_hpo_search
20.2,2026-01-01 00:00:20.200000+00:00,,syn-normal-hpo-102,syn-normal-hpo-102,,,,,0,10.0,190.74610355509657,70.74780838400693,49.1732163091319,1940.8581214195897,47.4849630635736,3771.209528290906,100.0,100.0,True,,synthetic_normal_hpo_search,sim_user,normal_hpo_search,gpu:1,normal_hpo_search
20.3,2026-01-01 00:00:20.300000+00:00,,syn-normal-hpo-102,syn-normal-hpo-102,,,,,0,10.0,191.64408869369032,69.2119387277108,35.7252865337153,1902.1476532044585,46.874325903950805,2883.7583317492035,100.0,100.0,True,,synthetic_normal_hpo_search,sim_user,normal_hpo_search,gpu:1,normal_hpo_search
20.4,2026-01-01 00:00:20.400000+00:00,,syn-normal-hpo-102,syn-normal-hpo-102,,,,,0,10.0,193.13491066731453,69.01832825268205,37.62852720000157,1958.0032573651454,47.00707285994217,3100.917565484624,100.0,100.0,True,,synthetic_normal_hpo_search,sim_user,normal_hpo_search,gpu:1,normal_hpo_search
20.5,2026-01-01 00:00:20.500000+00:00,,syn-normal-hpo-102,syn-normal-hpo-102,,,,,0,10.0,191.62663598186833,70.11469483599187,38.18688005414046,1981.623781648455,47.71734961180925,3255.5212418973165,100.0,100.0,True,,synthetic_normal_hpo_search,sim_user,normal_hpo_search,gpu:1,normal_hpo_search
20.6,2026-01-01 00:00:20.600000+00:00,,syn-normal-hpo-102,syn-normal-hpo-102,,,,,0,10.0,191.41859177196332,69.78364956995225,44.51967517502909,1961.8972581357175,47.34937500150815,3482.855493400114,100.0,100.0,True,,synthetic_normal_hpo_search,sim_user,normal_hpo_search,gpu:1,normal_hpo_search
20.7,2026-01-01 00:00:20.700000+00:00,,syn-normal-hpo-102,syn-normal-hpo-102,,,,,0,10.0,192.01796072064596,68.96105154673477,30.468462847655026,1975.396150908717,46.88001243388449,2506.3543805125587,100.0,100.0,True,,synthetic_normal_hpo_search,sim_user,normal_hpo_search,gpu:1,normal_hpo_search
20.8,2026-01-01 00:00:20.800000+00:00,,syn-normal-hpo-102,syn-normal-hpo-102,,,,,0,10.0,191.99914338283133,64.77844215888031,39.64258983111162,1826.0360862608677,45.75697456241785,2984.037005434132,100.0,100.0,True,,synthetic_normal_hpo_search,sim_user,normal_hpo_search,gpu:1,normal_hpo_search
20.9,2026-01-01 00:00:20.900000+00:00,,syn-normal-hpo-102,syn-normal-hpo-102,,,,,0,10.0,190.79069330079875,62.9084001566889,35.46767908976097,1736.901087014747,45.28479679530568,2876.3785213689625,100.0,100.0,True,,synthetic_normal_hpo_search,sim_user,normal_hpo_search,gpu:1,normal_hpo_search
21.0,2026-01-01 00:00:21+00:00,,syn-normal-hpo-102,syn-normal-hpo-102,,,,,0,10.0,190.38255606878892,64.5831953218986,36.016882793200494,1772.7664653683428,45.74144231914582,2982.034276927557,100.0,100.0,True,,synthetic_normal_hpo_search,sim_user,normal_hpo_search,gpu:1,normal_hpo_search
21.1,2026-01-01 00:00:21.100000+00:00,,syn-normal-hpo-102,syn-normal-hpo-102,,,,,0,10.0,192.1412306281605,71.93546884296842,39.409959309580536,2027.1142831843467,47.70382144611802,3123.654399228513,100.0,100.0,True,,synthetic_normal_hpo_search,sim_user,normal_hpo_search,gpu:1,normal_hpo_search
21.2,2026-01-01 00:00:21.200000+00:00,,syn-normal-hpo-102,syn-normal-hpo-102,,,,,0,10.0,192.23615847955745,70.00173612468609,41.96536941530934,1964.2023554236694,47.495677957149624,3587.949182543277,100.0,100.0,True,,synthetic_normal_hpo_search,sim_user,normal_hpo_search,gpu:1,normal_hpo_search
21.3,2026-01-01 00:00:21.300000+00:00,,syn-normal-hpo-102,syn-normal-hpo-102,,,,,0,10.0,191.23879181554707,65.02004670390427,40.60949480300269,1804.8232863291353,46.41017406915896,3357.629971043938,100.0,100.0,True,,synthetic_normal_hpo_search,sim_user,normal_hpo_search,gpu:1,normal_hpo_search
21.4,2026-01-01 00:00:21.400000+00:00,,syn-normal-hpo-102,syn-normal-hpo-102,,,,,0,10.0,191.4913867236995,69.87174701643788,33.31592397306963,1953.8963046083638,47.494327751167845,2709.9276973392175,100.0,100.0,True,,synthetic_normal_hpo_search,sim_user,normal_hpo_search,gpu:1,normal_hpo_search
21.5,2026-01-01 00:00:21.500000+00:00,,syn-normal-hpo-102,syn-normal-hpo-102,,,,,0,10.0,191.03281383407662,65.21856652603866,35.33776368044089,1857.8511878714492,46.18331831337995,2834.915409525757,100.0,100.0,True,,synthetic_normal_hpo_search,sim_user,normal_hpo_search,gpu:1,normal_hpo_search
21.6,2026-01-01 00:00:21.600000+00:00,,syn-normal-hpo-102,syn-normal-hpo-102,,,,,0,10.0,189.7610064446793,67.97107807979458,41.30885965827227,1929.1705129989887,47.07156718256251,3357.7652294796653,100.0,100.0,True,,synthetic_normal_hpo_search,sim_user,normal_hpo_search,gpu:1,normal_hpo_search
21.7,2026-01-01 00:00:21.700000+00:00,,syn-normal-hpo-102,syn-normal-hpo-102,,,,,0,10.0,189.73038142453575,69.44821401634164,33.40836843048637,1903.5799404573954,47.72034880503423,2853.342292980937,100.0,100.0,True,,synthetic_normal_hpo_search,sim_user,normal_hpo_search,gpu:1,normal_hpo_search
21.8,2026-01-01 00:00:21.800000+00:00,,syn-normal-hpo-102,syn-normal-hpo-102,,,,,0,10.0,190.52969863553116,67.61754123155164,41.663180982945576,1862.915538384778,47.23068991067595,3379.1395672210406,100.0,100.0,True,,synthetic_normal_hpo_search,sim_user,normal_hpo_search,gpu:1,normal_hpo_search
21.9,2026-01-01 00:00:21.900000+00:00,,syn-normal-hpo-102,syn-normal-hpo-102,,,,,0,10.0,190.4115737470024,69.44274888131767,42.3199251389811,1946.1538901797187,47.64475806038889,3347.8201255686363,100.0,100.0,True,,synthetic_normal_hpo_search,sim_user,normal_hpo_search,gpu:1,normal_hpo_search
22.0,2026-01-01 00:00:22+00:00,,syn-normal-hpo-102,syn-normal-hpo-102,,,,,0,10.0,188.13513546753282,68.70758913149145,38.28713229677356,1931.8870152277593,47.573215692916676,3131.816797607267,100.0,100.0,True,,synthetic_normal_hpo_search,sim_user,normal_hpo_search,gpu:1,normal_hpo_search
22.1,2026-01-01 00:00:22.100000+00:00,,syn-normal-hpo-102,syn-normal-hpo-102,,,,,0,10.0,188.6488949370748,63.678824981123086,29.363173957485095,1845.4423872485202,46.2711228430247,2530.6423885948857,100.0,100.0,True,,synthetic_normal_hpo_search,sim_user,normal_hpo_search,gpu:1,normal_hpo_search
22.2,2026-01-01 00:00:22.200000+00:00,,syn-normal-hpo-102,syn-normal-hpo-102,,,,,0,10.0,189.45159871832084,67.23143400547566,33.485707208042456,1888.0113182597431,46.973391911347775,2807.0824297463814,100.0,100.0,True,,synthetic_normal_hpo_search,sim_user,normal_hpo_search,gpu:1,normal_hpo_search
22.3,2026-01-01 00:00:22.300000+00:00,,syn-normal-hpo-102,syn-normal-hpo-102,,,,,0,10.0,190.50550381361165,68.76967246963707,36.27090770244863,1909.9094947970511,47.614896597979055,2919.194526766013,100.0,100.0,True,,synthetic_normal_hpo_search,sim_user,normal_hpo_search,gpu:1,normal_hpo_search
22.4,2026-01-01 00:00:22.400000+00:00,,syn-normal-hpo-102,syn-normal-hpo-102,,,,,0,10.0,191.87760867343854,67.25701878403409,39.25261744961163,1893.5366497669372,47.225772216002674,3023.1525929408867,100.0,100.0,True,,synthetic_normal_hpo_search,sim_user,normal_hpo_search,gpu:1,normal_hpo_search
22.5,2026-01-01 00:00:22.500000+00:00,,syn-normal-hpo-102,syn-normal-hpo-102,,,,,0,10.0,193.30830135347955,66.06800408268388,36.85855552129589,1848.6399931117173,46.78957385453812,2797.8114732938725,100.0,100.0,True,,synthetic_normal_hpo_search,sim_user,normal_hpo_search,gpu:1,normal_hpo_search
22.6,2026-01-01 00:00:22.600000+00:00,,syn-normal-hpo-102,syn-normal-hpo-102,,,,,0,10.0,194.33969745449866,72.17208776730772,40.07404492122443,2051.108302116582,48.01025266782432,3293.0367309255384,100.0,100.0,True,,synthetic_normal_hpo_search,sim_user,normal_hpo_search,gpu:1,normal_hpo_search
22.7,2026-01-01 00:00:22.700000+00:00,,syn-normal-hpo-102,syn-normal-hpo-102,,,,,0,10.0,195.1497406406869,70.03335337487295,42.05422044046258,1946.8623222943138,47.40312459376224,3390.44751640912,100.0,100.0,True,,synthetic_normal_hpo_search,sim_user,normal_hpo_search,gpu:1,normal_hpo_search
22.8,2026-01-01 00:00:22.800000+00:00,,syn-normal-hpo-102,syn-normal-hpo-102,,,,,0,10.0,194.96293407965544,68.25794616171028,37.76558292636946,1943.350432314585,46.79395092239412,2968.4242545604397,100.0,100.0,True,,synthetic_normal_hpo_search,sim_user,normal_hpo_search,gpu:1,normal_hpo_search
22.9,2026-01-01 00:00:22.900000+00:00,,syn-normal-hpo-102,syn-normal-hpo-102,,,,,0,10.0,196.6384604342056,68.25351894110017,37.10094267212318,1948.6665790831046,46.84921768291899,3189.3787234127713,100.0,100.0,True,,synthetic_normal_hpo_search,sim_user,normal_hpo_search,gpu:1,normal_hpo_search
23.0,2026-01-01 00:00:23+00:00,,syn-normal-hpo-102,syn-normal-hpo-102,,,,,0,10.0,197.2935730084899,70.2097238006833,39.008494299828364,1925.7435698521688,47.02644965174897,3198.4612971360116,100.0,100.0,True,,synthetic_normal_hpo_search,sim_user,normal_hpo_search,gpu:1,normal_hpo_search
23.1,2026-01-01 00:00:23.100000+00:00,,syn-normal-hpo-102,syn-normal-hpo-102,,,,,0,10.0,197.86727221178805,72.91936050056128,41.25210179220744,2062.9032510242764,47.771394705887175,3408.1558557309313,100.0,100.0,True,,synthetic_normal_hpo_search,sim_user,normal_hpo_search,gpu:1,normal_hpo_search
23.2,2026-01-01 00:00:23.200000+00:00,,syn-normal-hpo-102,syn-normal-hpo-102,,,,,0,10.0,198.24450695942613,69.69295211364339,36.70786557870956,1957.0116486197423,46.63036753284752,3156.9139168958955,100.0,100.0,True,,synthetic_normal_hpo_search,sim_user,normal_hpo_search,gpu:1,normal_hpo_search
23.3,2026-01-01 00:00:23.300000+00:00,,syn-normal-hpo-102,syn-normal-hpo-102,,,,,0,10.0,198.24777243408707,71.708570851008,36.099623767808225,1997.545090627491,47.35513580229503,2873.7124393321615,100.0,100.0,True,,synthetic_normal_hpo_search,sim_user,normal_hpo_search,gpu:1,normal_hpo_search
23.4,2026-01-01 00:00:23.400000+00:00,,syn-normal-hpo-102,syn-normal-hpo-102,,,,,0,10.0,197.79407811999218,71.1342886141944,37.900346011684604,2053.100703283708,47.01606941184561,3059.120257552108,100.0,100.0,True,,synthetic_normal_hpo_search,sim_user,normal_hpo_search,gpu:1,normal_hpo_search
23.5,2026-01-01 00:00:23.500000+00:00,,syn-normal-hpo-102,syn-normal-hpo-102,,,,,0,10.0,198.1698314497926,70.24018775751883,39.317781467267174,1955.4626013774594,47.19494839152397,3229.1007975680527,100.0,100.0,True,,synthetic_normal_hpo_search,sim_user,normal_hpo_search,gpu:1,normal_hpo_search
23.6,2026-01-01 00:00:23.600000+00:00,,syn-normal-hpo-102,syn-normal-hpo-102,,,,,0,10.0,198.49579556666535,70.84222980706697,32.535855279151264,1985.1871632669288,47.60887256740754,2559.8822114439263,100.0,100.0,True,,synthetic_normal_hpo_search,sim_user,normal_hpo_search,gpu:1,normal_hpo_search
23.7,2026-01-01 00:00:23.700000+00:00,,syn-normal-hpo-102,syn-normal-hpo-102,,,,,0,10.0,199.03439117299408,71.16034197451053,37.6782064750692,1936.56394563263,47.85781548242742,3127.2334440375407,100.0,100.0,True,,synthetic_normal_hpo_search,sim_user,normal_hpo_search,gpu:1,normal_hpo_search
23.8,2026-01-01 00:00:23.800000+00:00,,syn-normal-hpo-102,syn-normal-hpo-102,,,,,0,10.0,198.0843990102366,68.7630025286126,35.35068630890243,1958.7014733199853,47.425111084636406,2815.2197330796016,100.0,100.0,True,,synthetic_normal_hpo_search,sim_user,normal_hpo_search,gpu:1,normal_hpo_search
23.9,2026-01-01 00:00:23.900000+00:00,,syn-normal-hpo-102,syn-normal-hpo-102,,,,,0,10.0,197.43239528914373,67.54369073279936,31.41026402732112,1892.052342670417,47.15925751636855,2758.469136010046,100.0,100.0,True,,synthetic_normal_hpo_search,sim_user,normal_hpo_search,gpu:1,normal_hpo_search
24.0,2026-01-01 00:00:24+00:00,,syn-normal-hpo-102,syn-normal-hpo-102,,,,,0,10.0,196.352641669208,71.4230137853936,43.466021647187716,1976.1123301128434,48.25472743539499,3546.9519435585566,100.0,100.0,True,,synthetic_normal_hpo_search,sim_user,normal_hpo_search,gpu:1,normal_hpo_search
24.1,2026-01-01 00:00:24.100000+00:00,,syn-normal-hpo-102,syn-normal-hpo-102,,,,,0,10.0,194.79947778945706,72.3352218069401,38.06725139502746,2047.0667409466155,48.78377981542408,3015.4739262751095,100.0,100.0,True,,synthetic_normal_hpo_search,sim_user,normal_hpo_search,gpu:1,normal_hpo_search
24.2,2026-01-01 00:00:24.200000+00:00,,syn-normal-hpo-102,syn-normal-hpo-102,,,,,0,10.0,194.53421168361373,70.50492906193989,29.03043129628811,2034.8057996311766,48.24632577867986,2507.034014391281,100.0,100.0,True,,synthetic_normal_hpo_search,sim_user,normal_hpo_search,gpu:1,normal_hpo_search
24.3,2026-01-01 00:00:24.300000+00:00,,syn-normal-hpo-102,syn-normal-hpo-102,,,,,0,10.0,194.99691173282028,67.82271348754954,42.13285380298414,1907.7016107150673,47.48605483961215,3407.7313448835225,100.0,100.0,True,,synthetic_normal_hpo_search,sim_user,normal_hpo_search,gpu:1,normal_hpo_search
24.4,2026-01-01 00:00:24.400000+00:00,,syn-normal-hpo-102,syn-normal-hpo-102,,,,,0,10.0,193.7830017243439,69.13435298919154,39.563905945654525,2018.9098735750458,47.723472106935056,3235.84613431421,100.0,100.0,True,,synthetic_normal_hpo_search,sim_user,normal_hpo_search,gpu:1,normal_hpo_search
24.5,2026-01-01 00:00:24.500000+00:00,,syn-normal-hpo-102,syn-normal-hpo-102,,,,,0,10.0,192.0655594332072,67.35642950428796,25.613569694759803,1915.0588402506378,46.97121704707085,2154.6796265849543,100.0,100.0,True,,synthetic_normal_hpo_search,sim_user,normal_hpo_search,gpu:1,normal_hpo_search
24.6,2026-01-01 00:00:24.600000+00:00,,syn-normal-hpo-102,syn-normal-hpo-102,,,,,0,10.0,190.81878600475054,65.16340247713285,38.08505458700242,1829.1329571774959,46.47015809492899,3335.4124867788946,100.0,100.0,True,,synthetic_normal_hpo_search,sim_user,normal_hpo_search,gpu:1,normal_hpo_search
24.7,2026-01-01 00:00:24.700000+00:00,,syn-normal-hpo-102,syn-normal-hpo-102,,,,,0,10.0,190.5265062342236,65.80973026287978,37.80177239842436,1896.5177695561306,46.55816842054767,3207.649976239686,100.0,100.0,True,,synthetic_normal_hpo_search,sim_user,normal_hpo_search,gpu:1,normal_hpo_search
24.8,2026-01-01 00:00:24.800000+00:00,,syn-normal-hpo-102,syn-normal-hpo-102,,,,,0,10.0,191.4484865117789,67.0584778615643,36.678389447168094,1874.6376339780968,46.867928503156016,2983.5295292466535,100.0,100.0,True,,synthetic_normal_hpo_search,sim_user,normal_hpo_search,gpu:1,normal_hpo_search
24.9,2026-01-01 00:00:24.900000+00:00,,syn-normal-hpo-102,syn-normal-hpo-102,,,,,0,10.0,191.03843449659362,69.12913860933958,41.31236261512505,1990.397746946606,47.58964850427306,3299.7527572089643,100.0,100.0,True,,synthetic_normal_hpo_search,sim_user,normal_hpo_search,gpu:1,normal_hpo_search
25.0,2026-01-01 00:00:25+00:00,,syn-normal-hpo-102,syn-normal-hpo-102,,,,,0,10.0,189.92453825739148,65.35278196294962,33.47121373676606,1858.771109522036,46.310764923915045,2734.699703409675,100.0,100.0,True,,synthetic_normal_hpo_search,sim_user,normal_hpo_search,gpu:1,normal_hpo_search
25.1,2026-01-01 00:00:25.100000+00:00,,syn-normal-hpo-102,syn-normal-hpo-102,,,,,0,10.0,191.28829615790076,70.42212879062707,42.70259324984671,1953.906612196088,47.61893996924503,3300.570305374181,100.0,100.0,True,,synthetic_normal_hpo_search,sim_user,normal_hpo_search,gpu:1,normal_hpo_search
25.2,2026-01-01 00:00:25.200000+00:00,,syn-normal-hpo-102,syn-normal-hpo-102,,,,,0,10.0,189.65053322110285,67.58842506879304,34.12060427188659,1891.6108198320496,47.13183742775074,2856.658199520426,100.0,100.0,True,,synthetic_normal_hpo_search,sim_user,normal_hpo_search,gpu:1,normal_hpo_search
25.3,2026-01-01 00:00:25.300000+00:00,,syn-normal-hpo-102,syn-normal-hpo-102,,,,,0,10.0,189.8793994097566,70.01588324615891,38.812113975192105,1957.3626766681864,47.861826291189786,3216.6816948508554,100.0,100.0,True,,synthetic_normal_hpo_search,sim_user,normal_hpo_search,gpu:1,normal_hpo_search
25.4,2026-01-01 00:00:25.400000+00:00,,syn-normal-hpo-102,syn-normal-hpo-102,,,,,0,10.0,191.45014513519766,70.20880102477022,37.30497259326955,1995.7158172158695,47.9701602737124,3263.5999192717068,100.0,100.0,True,,synthetic_normal_hpo_search,sim_user,normal_hpo_search,gpu:1,normal_hpo_search
25.5,2026-01-01 00:00:25.500000+00:00,,syn-normal-hpo-102,syn-normal-hpo-102,,,,,0,10.0,191.91709808487985,68.80161672730479,37.86706170448118,1909.8593164723757,47.50697408001329,3137.8085742827607,100.0,100.0,True,,synthetic_normal_hpo_search,sim_user,normal_hpo_search,gpu:1,normal_hpo_search
25.6,2026-01-01 00:00:25.600000+00:00,,syn-normal-hpo-102,syn-normal-hpo-102,,,,,0,10.0,192.8079433579789,69.00105063294585,36.796492372403854,1963.2156775999877,47.384740805492896,3100.272871976479,100.0,100.0,True,,synthetic_normal_hpo_search,sim_user,normal_hpo_search,gpu:1,normal_hpo_search
25.7,2026-01-01 00:00:25.700000+00:00,,syn-normal-hpo-102,syn-normal-hpo-102,,,,,0,10.0,192.2804673241721,69.19858908029245,33.36115628175228,1953.1276899791585,47.46229857875022,2904.2354502496655,100.0,100.0,True,,synthetic_normal_hpo_search,sim_user,normal_hpo_search,gpu:1,normal_hpo_search
25.8,2026-01-01 00:00:25.800000+00:00,,syn-normal-hpo-102,syn-normal-hpo-102,,,,,0,10.0,195.27814869729406,70.3268525392986,39.24877590551322,1965.5499843758832,47.57805769890933,3125.7278613175295,100.0,100.0,True,,synthetic_normal_hpo_search,sim_user,normal_hpo_search,gpu:1,normal_hpo_search
25.9,2026-01-01 00:00:25.900000+00:00,,syn-normal-hpo-102,syn-normal-hpo-102,,,,,0,10.0,196.7306531905627,71.72017654303524,37.61124406809328,2044.7212441407094,48.28497396821037,3064.4910909270843,100.0,100.0,True,,synthetic_normal_hpo_search,sim_user,normal_hpo_search,gpu:1,normal_hpo_search
26.0,2026-01-01 00:00:26+00:00,,syn-normal-hpo-102,syn-normal-hpo-102,,,,,0,10.0,195.09950524433137,73.3506276836975,40.988763162121884,2038.949175979993,49.12628094344842,3435.7914537053625,100.0,100.0,True,,synthetic_normal_hpo_search,sim_user,normal_hpo_search,gpu:1,normal_hpo_search
26.1,2026-01-01 00:00:26.100000+00:00,,syn-normal-hpo-102,syn-normal-hpo-102,,,,,0,10.0,196.3048966887823,71.41879469606108,33.04501195679824,2022.1593457162205,48.37852312356083,2719.5160710257637,100.0,100.0,True,,synthetic_normal_hpo_search,sim_user,normal_hpo_search,gpu:1,normal_hpo_search
26.2,2026-01-01 00:00:26.200000+00:00,,syn-normal-hpo-102,syn-normal-hpo-102,,,,,0,10.0,196.34766043466544,73.33318440702288,43.082431433470624,2035.6287220136235,48.69542216932152,3687.298764524312,100.0,100.0,True,,synthetic_normal_hpo_search,sim_user,normal_hpo_search,gpu:1,normal_hpo_search
26.3,2026-01-01 00:00:26.300000+00:00,,syn-normal-hpo-102,syn-normal-hpo-102,,,,,0,10.0,195.50472503054638,71.7635230702169,33.52065803756335,2018.3588049040834,48.01512265933046,2752.5473555820113,100.0,100.0,True,,synthetic_normal_hpo_search,sim_user,normal_hpo_search,gpu:1,normal_hpo_search
26.4,2026-01-01 00:00:26.400000+00:00,,syn-normal-hpo-102,syn-normal-hpo-102,,,,,0,10.0,195.66599649928935,69.21152010938142,32.14515540742858,1901.7358115008608,47.09857950533289,2647.2298876925734,100.0,100.0,True,,synthetic_normal_hpo_search,sim_user,normal_hpo_search,gpu:1,normal_hpo_search
26.5,2026-01-01 00:00:26.500000+00:00,,syn-normal-hpo-102,syn-normal-hpo-102,,,,,0,10.0,194.93320611242314,70.6575729647751,35.7153107856883,1964.5999831688478,47.429784761926605,2984.5667675872573,100.0,100.0,True,,synthetic_normal_hpo_search,sim_user,normal_hpo_search,gpu:1,normal_hpo_search
26.6,2026-01-01 00:00:26.600000+00:00,,syn-normal-hpo-102,syn-normal-hpo-102,,,,,0,10.0,193.7903813293874,70.50824628469799,42.62026682524821,1977.6649735031297,47.38361001094929,3434.8219289493954,100.0,100.0,True,,synthetic_normal_hpo_search,sim_user,normal_hpo_search,gpu:1,normal_hpo_search
26.7,2026-01-01 00:00:26.700000+00:00,,syn-normal-hpo-102,syn-normal-hpo-102,,,,,0,10.0,191.2658803934341,70.0074655638212,38.290102462057455,1957.693696273733,47.485987447646465,3129.344375145011,100.0,100.0,True,,synthetic_normal_hpo_search,sim_user,normal_hpo_search,gpu:1,normal_hpo_search
26.8,2026-01-01 00:00:26.800000+00:00,,syn-normal-hpo-102,syn-normal-hpo-102,,,,,0,10.0,190.0637091862595,67.0383465679748,35.924926182627466,1833.8144029163714,46.40271312360226,2945.637051470848,100.0,100.0,True,,synthetic_normal_hpo_search,sim_user,normal_hpo_search,gpu:1,normal_hpo_search
26.9,2026-01-01 00:00:26.900000+00:00,,syn-normal-hpo-102,syn-normal-hpo-102,,,,,0,10.0,189.3863327585956,69.70326550240468,39.28022416718505,1926.8604388274643,47.06891488266642,3224.902875881045,100.0,100.0,True,,synthetic_normal_hpo_search,sim_user,normal_hpo_search,gpu:1,normal_hpo_search
27.0,2026-01-01 00:00:27+00:00,,syn-normal-hpo-102,syn-normal-hpo-102,,,,,0,10.0,189.37351403016825,66.34408206199313,33.207437444828415,1868.4529449798488,45.95404595393745,2797.8310859745843,100.0,100.0,True,,synthetic_normal_hpo_search,sim_user,normal_hpo_search,gpu:1,normal_hpo_search
27.1,2026-01-01 00:00:27.100000+00:00,,syn-normal-hpo-102,syn-normal-hpo-102,,,,,0,10.0,189.33820243940622,67.16350230850384,36.55220606944219,1865.4503394503204,46.41656654608774,2968.4482646390666,100.0,100.0,True,,synthetic_normal_hpo_search,sim_user,normal_hpo_search,gpu:1,normal_hpo_search
27.2,2026-01-01 00:00:27.200000+00:00,,syn-normal-hpo-102,syn-normal-hpo-102,,,,,0,10.0,189.2875972310853,68.79399289957173,40.079556037620016,1938.8342502805867,46.97162876434372,3292.684401815383,100.0,100.0,True,,synthetic_normal_hpo_search,sim_user,normal_hpo_search,gpu:1,normal_hpo_search
27.3,2026-01-01 00:00:27.300000+00:00,,syn-normal-hpo-102,syn-normal-hpo-102,,,,,0,10.0,189.51223232305907,67.90409564410602,36.617338566754476,1839.8192374508053,46.88893943856041,2976.854241929351,100.0,100.0,True,,synthetic_normal_hpo_search,sim_user,normal_hpo_search,gpu:1,normal_hpo_search
27.4,2026-01-01 00:00:27.400000+00:00,,syn-normal-hpo-102,syn-normal-hpo-102,,,,,0,10.0,188.7338064864091,65.56035972710546,30.319052117309766,1837.6606669995942,46.36351354704781,2519.000650994788,100.0,100.0,True,,synthetic_normal_hpo_search,sim_user,normal_hpo_search,gpu:1,normal_hpo_search
27.5,2026-01-01 00:00:27.500000+00:00,,syn-normal-hpo-102,syn-normal-hpo-102,,,,,0,10.0,189.23973729434994,64.90731033670298,42.08124538340536,1860.0802904609031,46.15797929307471,3463.1118311205105,100.0,100.0,True,,synthetic_normal_hpo_search,sim_user,normal_hpo_search,gpu:1,normal_hpo_search
27.6,2026-01-01 00:00:27.600000+00:00,,syn-normal-hpo-102,syn-normal-hpo-102,,,,,0,10.0,189.0738557437934,66.36566924968737,36.61973812501808,1873.3335255766017,46.31961874582409,3120.857605519729,100.0,100.0,True,,synthetic_normal_hpo_search,sim_user,normal_hpo_search,gpu:1,normal_hpo_search
27.7,2026-01-01 00:00:27.700000+00:00,,syn-normal-hpo-102,syn-normal-hpo-102,,,,,0,10.0,189.8813456685041,66.31112055249831,29.708800387134787,1899.3993815594843,46.23587665228161,2449.3927270828203,100.0,100.0,True,,synthetic_normal_hpo_search,sim_user,normal_hpo_search,gpu:1,normal_hpo_search
27.8,2026-01-01 00:00:27.800000+00:00,,syn-normal-hpo-102,syn-normal-hpo-102,,,,,0,10.0,191.26311123645922,72.4939678554536,36.32557321633556,1980.906166470885,47.89586961144843,3146.7828935595676,100.0,100.0,True,,synthetic_normal_hpo_search,sim_user,normal_hpo_search,gpu:1,normal_hpo_search
27.9,2026-01-01 00:00:27.900000+00:00,,syn-normal-hpo-102,syn-normal-hpo-102,,,,,0,10.0,192.29900575106396,66.53793876151674,50.40559569702413,1859.791793978575,46.53529882892501,3999.3348326038167,100.0,100.0,True,,synthetic_normal_hpo_search,sim_user,normal_hpo_search,gpu:1,normal_hpo_search
28.0,2026-01-01 00:00:28+00:00,,syn-normal-hpo-102,syn-normal-hpo-102,,,,,0,10.0,191.11163761983647,65.33404294880185,36.901626672752634,1823.280738298694,45.981822001438516,2976.2130830979127,100.0,100.0,True,,synthetic_normal_hpo_search,sim_user,normal_hpo_search,gpu:1,normal_hpo_search
28.1,2026-01-01 00:00:28.100000+00:00,,syn-normal-hpo-102,syn-normal-hpo-102,,,,,0,10.0,191.78950890424497,72.81726840205587,35.758586240820485,2028.467001723821,48.34190534546443,2878.6954440916124,100.0,100.0,True,,synthetic_normal_hpo_search,sim_user,normal_hpo_search,gpu:1,normal_hpo_search
28.2,2026-01-01 00:00:28.200000+00:00,,syn-normal-hpo-102,syn-normal-hpo-102,,,,,0,10.0,192.5093578718798,65.36294083653905,28.805870861228925,1797.0575410821782,46.26206980403026,2569.1667773590366,100.0,100.0,True,,synthetic_normal_hpo_search,sim_user,normal_hpo_search,gpu:1,normal_hpo_search
28.3,2026-01-01 00:00:28.300000+00:00,,syn-normal-hpo-102,syn-normal-hpo-102,,,,,0,10.0,192.81766455470907,67.63385699160744,31.268788303722612,1901.8795828993325,46.75201284180494,2574.37000772223,100.0,100.0,True,,synthetic_normal_hpo_search,sim_user,normal_hpo_search,gpu:1,normal_hpo_search
28.4,2026-01-01 00:00:28.400000+00:00,,syn-normal-hpo-102,syn-normal-hpo-102,,,,,0,10.0,191.59833676340105,69.34161531097679,37.874737861892726,1977.666945256305,47.148085211757916,3287.5487547049743,100.0,100.0,True,,synthetic_normal_hpo_search,sim_user,normal_hpo_search,gpu:1,normal_hpo_search
28.5,2026-01-01 00:00:28.500000+00:00,,syn-normal-hpo-102,syn-normal-hpo-102,,,,,0,10.0,193.3335354617459,69.0419616441853,41.79219020342501,1987.5810718839298,47.04652751702071,3379.1042627720753,100.0,100.0,True,,synthetic_normal_hpo_search,sim_user,normal_hpo_search,gpu:1,normal_hpo_search
28.6,2026-01-01 00:00:28.600000+00:00,,syn-normal-hpo-102,syn-normal-hpo-102,,,,,0,10.0,192.31806047489124,69.24546115458371,40.99538024362566,2007.8662936651601,47.31696540496151,3261.431290452936,100.0,100.0,True,,synthetic_normal_hpo_search,sim_user,normal_hpo_search,gpu:1,normal_hpo_search
28.7,2026-01-01 00:00:28.700000+00:00,,syn-normal-hpo-102,syn-normal-hpo-102,,,,,0,10.0,192.77898164307953,71.88565789961532,40.512586175167385,1964.1147585841377,47.823806625391335,3460.726738178173,100.0,100.0,True,,synthetic_normal_hpo_search,sim_user,normal_hpo_search,gpu:1,normal_hpo_search
28.8,2026-01-01 00:00:28.800000+00:00,,syn-normal-hpo-102,syn-normal-hpo-102,,,,,0,10.0,190.77181341064912,72.69988987028806,41.61466562094635,2005.4703046242464,48.16098973187819,3367.489324783978,100.0,100.0,True,,synthetic_normal_hpo_search,sim_user,normal_hpo_search,gpu:1,normal_hpo_search
28.9,2026-01-01 00:00:28.900000+00:00,,syn-normal-hpo-102,syn-normal-hpo-102,,,,,0,10.0,191.76221887097404,68.85046345742822,38.90114488841165,1892.1395689251506,47.215780749728104,3054.5844792586463,100.0,100.0,True,,synthetic_normal_hpo_search,sim_user,normal_hpo_search,gpu:1,normal_hpo_search
29.0,2026-01-01 00:00:29+00:00,,syn-normal-hpo-102,syn-normal-hpo-102,,,,,0,10.0,190.97225154880192,68.83529047834931,37.87152654795625,1893.8488428807523,47.2326666610454,3031.2681881698286,100.0,100.0,True,,synthetic_normal_hpo_search,sim_user,normal_hpo_search,gpu:1,normal_hpo_search
29.1,2026-01-01 00:00:29.100000+00:00,,syn-normal-hpo-102,syn-normal-hpo-102,,,,,0,10.0,189.3894687875686,66.88440876916086,40.22473437235704,1889.2997746509968,46.7614744609419,3444.914964037896,100.0,100.0,True,,synthetic_normal_hpo_search,sim_user,normal_hpo_search,gpu:1,normal_hpo_search
29.2,2026-01-01 00:00:29.200000+00:00,,syn-normal-hpo-102,syn-normal-hpo-102,,,,,0,10.0,190.92276112974878,67.00691155418149,35.75232960663846,1943.5600857600994,46.961225247778444,2840.689183468632,100.0,100.0,True,,synthetic_normal_hpo_search,sim_user,normal_hpo_search,gpu:1,normal_hpo_search
29.3,2026-01-01 00:00:29.300000+00:00,,syn-normal-hpo-102,syn-normal-hpo-102,,,,,0,10.0,191.70474240168932,67.48561890208158,39.859403561415455,1906.3723427468776,47.23623454449547,3370.5234687101315,100.0,100.0,True,,synthetic_normal_hpo_search,sim_user,normal_hpo_search,gpu:1,normal_hpo_search
29.4,2026-01-01 00:00:29.400000+00:00,,syn-normal-hpo-102,syn-normal-hpo-102,,,,,0,10.0,190.66718820695306,68.38724764130897,27.596501092551716,1931.3072298656912,47.68146981695812,2328.267307939042,100.0,100.0,True,,synthetic_normal_hpo_search,sim_user,normal_hpo_search,gpu:1,normal_hpo_search
29.5,2026-01-01 00:00:29.500000+00:00,,syn-normal-hpo-102,syn-normal-hpo-102,,,,,0,10.0,192.00202242657903,67.47607120377472,29.88945763375571,1914.6784615628596,47.29994639756917,2389.9105408896526,100.0,100.0,True,,synthetic_normal_hpo_search,sim_user,normal_hpo_search,gpu:1,normal_hpo_search
29.6,2026-01-01 00:00:29.600000+00:00,,syn-normal-hpo-102,syn-normal-hpo-102,,,,,0,10.0,189.00242166550117,67.87302989334255,39.55698091508562,1916.149131986867,47.33916251597199,3233.6690814767385,100.0,100.0,True,,synthetic_normal_hpo_search,sim_user,normal_hpo_search,gpu:1,normal_hpo_search
29.7,2026-01-01 00:00:29.700000+00:00,,syn-normal-hpo-102,syn-normal-hpo-102,,,,,0,10.0,31.63646413043675,6.287942433480753,2.6407338172250525,367.0107936593349,30.019684177792804,686.9449828768077,100.0,100.0,True,,synthetic_normal_hpo_search,sim_user,normal_hpo_search,gpu:1,normal_hpo_search
29.8,2026-01-01 00:00:29.800000+00:00,,syn-normal-hpo-102,syn-normal-hpo-102,,,,,0,10.0,33.23626926948533,5.646326927661523,0.0,329.3545810108128,29.754702159617985,592.6477509274686,100.0,100.0,True,,synthetic_normal_hpo_search,sim_user,normal_hpo_search,gpu:1,normal_hpo_search
29.9,2026-01-01 00:00:29.900000+00:00,,syn-normal-hpo-102,syn-normal-hpo-102,,,,,0,10.0,32.6594604284642,6.893291209084033,10.628019385506697,375.00304062331514,30.013475449325124,1139.3061150607275,100.0,100.0,True,,synthetic_normal_hpo_search,sim_user,normal_hpo_search,gpu:1,normal_hpo_search
30.0,2026-01-01 00:00:30+00:00,,syn-normal-hpo-102,syn-normal-hpo-102,,,,,0,10.0,34.2914755267444,7.664547771055863,12.717211685595505,364.80041105249995,30.23305039038753,1558.7535841930821,100.0,100.0,True,,synthetic_normal_hpo_search,sim_user,normal_hpo_search,gpu:1,normal_hpo_search
30.1,2026-01-01 00:00:30.100000+00:00,,syn-normal-hpo-102,syn-normal-hpo-102,,,,,0,10.0,33.44909229444306,6.8297976626946495,3.511417476330847,357.7790584455973,30.09723441117112,642.5435555701931,100.0,100.0,True,,synthetic_normal_hpo_search,sim_user,normal_hpo_search,gpu:1,normal_hpo_search
30.2,2026-01-01 00:00:30.200000+00:00,,syn-normal-hpo-102,syn-normal-hpo-102,,,,,0,10.0,32.15773911688868,6.482834755658262,4.209677038435625,401.41819832696973,29.890861173738394,722.8382581715676,100.0,100.0,True,,synthetic_normal_hpo_search,sim_user,normal_hpo_search,gpu:1,normal_hpo_search
30.3,2026-01-01 00:00:30.300000+00:00,,syn-normal-hpo-102,syn-normal-hpo-102,,,,,0,10.0,32.69490304847929,8.604723714729055,0.8692135424277723,395.50013722055473,30.645994841576123,467.1248165861191,100.0,100.0,True,,synthetic_normal_hpo_search,sim_user,normal_hpo_search,gpu:1,normal_hpo_search
30.4,2026-01-01 00:00:30.400000+00:00,,syn-normal-hpo-102,syn-normal-hpo-102,,,,,0,10.0,33.165910767140645,5.106992668343591,0.0,292.36119813234757,29.52618904890797,374.82568386008825,100.0,100.0,True,,synthetic_normal_hpo_search,sim_user,normal_hpo_search,gpu:1,normal_hpo_search
30.5,2026-01-01 00:00:30.500000+00:00,,syn-normal-hpo-102,syn-normal-hpo-102,,,,,0,10.0,34.005689620375804,9.859000304215984,4.030890809693357,476.4553043517278,31.07706354809664,797.2567838666457,100.0,100.0,True,,synthetic_normal_hpo_search,sim_user,normal_hpo_search,gpu:1,normal_hpo_search
30.6,2026-01-01 00:00:30.600000+00:00,,syn-normal-hpo-102,syn-normal-hpo-102,,,,,0,10.0,34.05864109216036,6.839099513602383,0.0,356.135236824259,30.08272331472757,495.1885315542891,100.0,100.0,True,,synthetic_normal_hpo_search,sim_user,normal_hpo_search,gpu:1,normal_hpo_search
30.7,2026-01-01 00:00:30.700000+00:00,,syn-normal-hpo-102,syn-normal-hpo-102,,,,,0,10.0,32.32973710426742,7.117213708612311,3.0439868703901163,396.10358215687864,30.1524285154037,587.9532535052981,100.0,100.0,True,,synthetic_normal_hpo_search,sim_user,normal_hpo_search,gpu:1,normal_hpo_search
30.8,2026-01-01 00:00:30.800000+00:00,,syn-normal-hpo-102,syn-normal-hpo-102,,,,,0,10.0,32.83554215674544,10.069462910101446,3.7953212773615967,447.08933424070403,30.826260219237486,720.4891538125646,100.0,100.0,True,,synthetic_normal_hpo_search,sim_user,normal_hpo_search,gpu:1,normal_hpo_search
30.9,2026-01-01 00:00:30.900000+00:00,,syn-normal-hpo-102,syn-normal-hpo-102,,,,,0,10.0,29.52922888934013,8.17786440914464,1.8542572212787798,416.36650621134146,30.119550436518498,699.6162765778652,100.0,100.0,True,,synthetic_normal_hpo_search,sim_user,normal_hpo_search,gpu:1,normal_hpo_search
31.0,2026-01-01 00:00:31+00:00,,syn-normal-hpo-102,syn-normal-hpo-102,,,,,0,10.0,29.077856076908397,2.4899971038813304,0.779692218896258,243.5014445151806,28.341272230693654,561.4624336666212,100.0,100.0,True,,synthetic_normal_hpo_search,sim_user,normal_hpo_search,gpu:1,normal_hpo_search
31.1,2026-01-01 00:00:31.100000+00:00,,syn-normal-hpo-102,syn-normal-hpo-102,,,,,0,10.0,31.126510840589468,7.614491037834255,9.643787664900495,366.42529682202763,29.990287446727436,1049.9567251829085,100.0,100.0,True,,synthetic_normal_hpo_search,sim_user,normal_hpo_search,gpu:1,normal_hpo_search
31.2,2026-01-01 00:00:31.200000+00:00,,syn-normal-hpo-102,syn-normal-hpo-102,,,,,0,10.0,29.978402882040385,9.187668914479252,0.0,426.1004194344903,30.425181172036652,435.6047724300773,100.0,100.0,True,,synthetic_normal_hpo_search,sim_user,normal_hpo_search,gpu:1,normal_hpo_search
31.3,2026-01-01 00:00:31.300000+00:00,,syn-normal-hpo-102,syn-normal-hpo-102,,,,,0,10.0,29.657647098577655,4.461802061556675,2.040571664487533,368.7185511005548,29.3773666377607,498.47849282298876,100.0,100.0,True,,synthetic_normal_hpo_search,sim_user,normal_hpo_search,gpu:1,normal_hpo_search
31.4,2026-01-01 00:00:31.400000+00:00,,syn-normal-hpo-102,syn-normal-hpo-102,,,,,0,10.0,201.60394474531608,71.07708488242784,43.648972496677665,2005.074203134484,47.8956070127376,3551.7251732660393,100.0,100.0,True,,synthetic_normal_hpo_search,sim_user,normal_hpo_search,gpu:1,normal_hpo_search
31.5,2026-01-01 00:00:31.500000+00:00,,syn-normal-hpo-102,syn-normal-hpo-102,,,,,0,10.0,202.26810329880368,74.93812748134411,42.61801652531837,2063.1210551790396,49.06012304488428,3518.411439104473,100.0,100.0,True,,synthetic_normal_hpo_search,sim_user,normal_hpo_search,gpu:1,normal_hpo_search
31.6,2026-01-01 00:00:31.600000+00:00,,syn-normal-hpo-102,syn-normal-hpo-102,,,,,0,10.0,202.61040071074743,69.81767145097949,38.32001983875734,1963.5082398050229,47.520832629443554,3156.838555260311,100.0,100.0,True,,synthetic_normal_hpo_search,sim_user,normal_hpo_search,gpu:1,normal_hpo_search
31.7,2026-01-01 00:00:31.700000+00:00,,syn-normal-hpo-102,syn-normal-hpo-102,,,,,0,10.0,202.69333562762782,75.93042942218003,40.211166621635904,2110.8442712285146,49.57038780644564,3211.4804665544048,100.0,100.0,True,,synthetic_normal_hpo_search,sim_user,normal_hpo_search,gpu:1,normal_hpo_search
31.8,2026-01-01 00:00:31.800000+00:00,,syn-normal-hpo-102,syn-normal-hpo-102,,,,,0,10.0,204.27350503629083,70.35048876737879,34.43686375542849,1936.8588890544409,47.94172040537517,2833.7887303462553,100.0,100.0,True,,synthetic_normal_hpo_search,sim_user,normal_hpo_search,gpu:1,normal_hpo_search
31.9,2026-01-01 00:00:31.900000+00:00,,syn-normal-hpo-102,syn-normal-hpo-102,,,,,0,10.0,205.1830541200608,71.92653942025645,36.128739712790626,2006.257698542991,48.612392644678174,3015.155166968829,100.0,100.0,True,,synthetic_normal_hpo_search,sim_user,normal_hpo_search,gpu:1,normal_hpo_search
32.0,2026-01-01 00:00:32+00:00,,syn-normal-hpo-102,syn-normal-hpo-102,,,,,0,10.0,203.72882524142588,71.70836716356082,42.60329589132707,2030.9104507368413,48.48299835753645,3261.4265244880216,100.0,100.0,True,,synthetic_normal_hpo_search,sim_user,normal_hpo_search,gpu:1,normal_hpo_search
32.1,2026-01-01 00:00:32.100000+00:00,,syn-normal-hpo-102,syn-normal-hpo-102,,,,,0,10.0,204.86708996779686,72.37027303421986,37.81093349593361,1992.3859774116622,48.59436179584623,3059.694710457756,100.0,100.0,True,,synthetic_normal_hpo_search,sim_user,normal_hpo_search,gpu:1,normal_hpo_search
32.2,2026-01-01 00:00:32.200000+00:00,,syn-normal-hpo-102,syn-normal-hpo-102,,,,,0,10.0,206.12508728486472,75.2580846006425,47.230117677235306,2064.5986844002828,49.292091174378534,3789.5918882868373,100.0,100.0,True,,synthetic_normal_hpo_search,sim_user,normal_hpo_search,gpu:1,normal_hpo_search
32.3,2026-01-01 00:00:32.300000+00:00,,syn-normal-hpo-102,syn-normal-hpo-102,,,,,0,10.0,205.86197898833623,74.46156302909964,45.188162514954804,2024.556081411018,49.023259894516094,3510.153639807497,100.0,100.0,True,,synthetic_normal_hpo_search,sim_user,normal_hpo_search,gpu:1,normal_hpo_search
32.4,2026-01-01 00:00:32.400000+00:00,,syn-normal-hpo-102,syn-normal-hpo-102,,,,,0,10.0,204.46652260295951,73.44262707535907,42.486166688306525,1980.0387448010806,48.42611687220298,3315.678987898448,100.0,100.0,True,,synthetic_normal_hpo_search,sim_user,normal_hpo_search,gpu:1,normal_hpo_search
32.5,2026-01-01 00:00:32.500000+00:00,,syn-normal-hpo-102,syn-normal-hpo-102,,,,,0,10.0,205.22433743887487,73.81862149504201,44.952280907211865,2021.9710550130799,48.618637764799686,3658.7182468285314,100.0,100.0,True,,synthetic_normal_hpo_search,sim_user,normal_hpo_search,gpu:1,normal_hpo_search
32.6,2026-01-01 00:00:32.600000+00:00,,syn-normal-hpo-102,syn-normal-hpo-102,,,,,0,10.0,205.5551448706156,70.27349790042966,38.23936174486001,1933.6196838014941,47.43012445099355,3237.158206749777,100.0,100.0,True,,synthetic_normal_hpo_search,sim_user,normal_hpo_search,gpu:1,normal_hpo_search
32.7,2026-01-01 00:00:32.700000+00:00,,syn-normal-hpo-102,syn-normal-hpo-102,,,,,0,10.0,205.706438189516,72.29136365615237,47.61760807778725,1985.3164814339407,48.06380578125244,3866.684557065952,100.0,100.0,True,,synthetic_normal_hpo_search,sim_user,normal_hpo_search,gpu:1,normal_hpo_search
32.8,2026-01-01 00:00:32.800000+00:00,,syn-normal-hpo-102,syn-normal-hpo-102,,,,,0,10.0,204.78288339676246,75.37338132290843,39.94801148004878,2056.694770568296,48.67456492378859,3319.936787780802,100.0,100.0,True,,synthetic_normal_hpo_search,sim_user,normal_hpo_search,gpu:1,normal_hpo_search
32.9,2026-01-01 00:00:32.900000+00:00,,syn-normal-hpo-102,syn-normal-hpo-102,,,,,0,10.0,204.90218486265687,70.85834385462749,42.26837575712355,2017.0951151211884,47.37463447141868,3283.3672820345823,100.0,100.0,True,,synthetic_normal_hpo_search,sim_user,normal_hpo_search,gpu:1,normal_hpo_search
33.0,2026-01-01 00:00:33+00:00,,syn-normal-hpo-102,syn-normal-hpo-102,,,,,0,10.0,207.11465681759807,76.90006002327651,43.2732954258856,2127.3906657742473,49.01869286980827,3465.8021974627995,100.0,100.0,True,,synthetic_normal_hpo_search,sim_user,normal_hpo_search,gpu:1,normal_hpo_search
33.1,2026-01-01 00:00:33.100000+00:00,,syn-normal-hpo-102,syn-normal-hpo-102,,,,,0,10.0,208.32823408591335,74.20352304439305,41.52095749719386,2054.598919954046,48.224481625096374,3462.978082022835,100.0,100.0,True,,synthetic_normal_hpo_search,sim_user,normal_hpo_search,gpu:1,normal_hpo_search
33.2,2026-01-01 00:00:33.200000+00:00,,syn-normal-hpo-102,syn-normal-hpo-102,,,,,0,10.0,209.45352428506305,72.92668231227174,37.766020810514846,2025.950256400629,47.85765002963813,3083.7130753468946,100.0,100.0,True,,synthetic_normal_hpo_search,sim_user,normal_hpo_search,gpu:1,normal_hpo_search
33.3,2026-01-01 00:00:33.300000+00:00,,syn-normal-hpo-102,syn-normal-hpo-102,,,,,0,10.0,209.92971355936962,76.7361977130976,43.50065292435253,2161.701464120164,49.279289913203804,3564.0672017938086,100.0,100.0,True,,synthetic_normal_hpo_search,sim_user,normal_hpo_search,gpu:1,normal_hpo_search
33.4,2026-01-01 00:00:33.400000+00:00,,syn-normal-hpo-102,syn-normal-hpo-102,,,,,0,10.0,209.79090676320033,76.62115732289065,39.43152983015321,2144.0719858562497,49.32050066733855,3294.728839908605,100.0,100.0,True,,synthetic_normal_hpo_search,sim_user,normal_hpo_search,gpu:1,normal_hpo_search
33.5,2026-01-01 00:00:33.500000+00:00,,syn-normal-hpo-102,syn-normal-hpo-102,,,,,0,10.0,210.9444235831547,74.21974451917873,45.62543939917102,2030.5805645584926,48.396268347385934,3673.780076709348,100.0,100.0,True,,synthetic_normal_hpo_search,sim_user,normal_hpo_search,gpu:1,normal_hpo_search
33.6,2026-01-01 00:00:33.600000+00:00,,syn-normal-hpo-102,syn-normal-hpo-102,,,,,0,10.0,211.02493184725262,74.44023452270399,41.75146002799601,2102.7802581445335,48.55056079204744,3463.7181956131026,100.0,100.0,True,,synthetic_normal_hpo_search,sim_user,normal_hpo_search,gpu:1,normal_hpo_search
33.7,2026-01-01 00:00:33.700000+00:00,,syn-normal-hpo-102,syn-normal-hpo-102,,,,,0,10.0,212.25171744364243,74.33372527980596,44.124242504573814,2037.7089354287118,48.640670881430495,3512.737076394913,100.0,100.0,True,,synthetic_normal_hpo_search,sim_user,normal_hpo_search,gpu:1,normal_hpo_search
33.8,2026-01-01 00:00:33.800000+00:00,,syn-normal-hpo-102,syn-normal-hpo-102,,,,,0,10.0,213.4983633776673,75.27701868456055,40.413001137454515,2112.569740990557,48.81516932341183,3421.5144845859973,100.0,100.0,True,,synthetic_normal_hpo_search,sim_user,normal_hpo_search,gpu:1,normal_hpo_search
33.9,2026-01-01 00:00:33.900000+00:00,,syn-normal-hpo-102,syn-normal-hpo-102,,,,,0,10.0,212.0414250127607,71.34108858420353,39.47653223214333,2008.758067106319,47.77862123907672,3331.768232467125,100.0,100.0,True,,synthetic_normal_hpo_search,sim_user,normal_hpo_search,gpu:1,normal_hpo_search
34.0,2026-01-01 00:00:34+00:00,,syn-normal-hpo-102,syn-normal-hpo-102,,,,,0,10.0,209.67459194076326,73.70175319951811,40.93243966395894,1990.4505073687953,48.407851532705806,3490.6001796466403,100.0,100.0,True,,synthetic_normal_hpo_search,sim_user,normal_hpo_search,gpu:1,normal_hpo_search
34.1,2026-01-01 00:00:34.100000+00:00,,syn-normal-hpo-102,syn-normal-hpo-102,,,,,0,10.0,208.4237306463008,77.14314893252231,40.179509873025836,2094.8933760787945,49.627862154932835,3256.554404932369,100.0,100.0,True,,synthetic_normal_hpo_search,sim_user,normal_hpo_search,gpu:1,normal_hpo_search
34.2,2026-01-01 00:00:34.200000+00:00,,syn-normal-hpo-102,syn-normal-hpo-102,,,,,0,10.0,209.02861595857343,73.80906328358172,40.47584752445191,2101.4649372251497,48.51216683950955,3319.581404611857,100.0,100.0,True,,synthetic_normal_hpo_search,sim_user,normal_hpo_search,gpu:1,normal_hpo_search
34.3,2026-01-01 00:00:34.300000+00:00,,syn-normal-hpo-102,syn-normal-hpo-102,,,,,0,10.0,208.58357785613916,75.4386963153659,36.4265534099424,2104.520070419527,49.0368054394169,3044.5275772186906,100.0,100.0,True,,synthetic_normal_hpo_search,sim_user,normal_hpo_search,gpu:1,normal_hpo_search
34.4,2026-01-01 00:00:34.400000+00:00,,syn-normal-hpo-102,syn-normal-hpo-102,,,,,0,10.0,207.744185429279,76.00698234227208,38.76103352198323,2107.253398728356,49.26972455545614,3287.969293847268,100.0,100.0,True,,synthetic_normal_hpo_search,sim_user,normal_hpo_search,gpu:1,normal_hpo_search
34.5,2026-01-01 00:00:34.500000+00:00,,syn-normal-hpo-102,syn-normal-hpo-102,,,,,0,10.0,207.93275923985513,74.75450606338698,43.450645233929016,2114.4150890519563,48.81246958403024,3604.0602552785176,100.0,100.0,True,,synthetic_normal_hpo_search,sim_user,normal_hpo_search,gpu:1,normal_hpo_search
34.6,2026-01-01 00:00:34.600000+00:00,,syn-normal-hpo-102,syn-normal-hpo-102,,,,,0,10.0,208.07100680311888,73.50838366272791,34.28910179179547,2082.8606029464254,48.2507236382954,2855.415516213308,100.0,100.0,True,,synthetic_normal_hpo_search,sim_user,normal_hpo_search,gpu:1,normal_hpo_search
34.7,2026-01-01 00:00:34.700000+00:00,,syn-normal-hpo-102,syn-normal-hpo-102,,,,,0,10.0,207.35455437796546,73.11892192793914,29.5599470536759,2028.3911723067674,48.26366742185946,2520.846010229153,100.0,100.0,True,,synthetic_normal_hpo_search,sim_user,normal_hpo_search,gpu:1,normal_hpo_search
34.8,2026-01-01 00:00:34.800000+00:00,,syn-normal-hpo-102,syn-normal-hpo-102,,,,,0,10.0,205.75466660090527,72.49721475435285,40.168428388183976,2066.6075677155054,47.88362080673609,3103.776997639062,100.0,100.0,True,,synthetic_normal_hpo_search,sim_user,normal_hpo_search,gpu:1,normal_hpo_search
34.9,2026-01-01 00:00:34.900000+00:00,,syn-normal-hpo-102,syn-normal-hpo-102,,,,,0,10.0,206.66219539242238,74.59859887055234,46.90541425360722,2086.093762172066,48.65267517901899,3826.2261879984235,100.0,100.0,True,,synthetic_normal_hpo_search,sim_user,normal_hpo_search,gpu:1,normal_hpo_search
35.0,2026-01-01 00:00:35+00:00,,syn-normal-hpo-102,syn-normal-hpo-102,,,,,0,10.0,206.05501370084679,72.96714566765657,37.622171664704986,1980.5889978805887,48.01909102536318,3060.432561812687,100.0,100.0,True,,synthetic_normal_hpo_search,sim_user,normal_hpo_search,gpu:1,normal_hpo_search
35.1,2026-01-01 00:00:35.100000+00:00,,syn-normal-hpo-102,syn-normal-hpo-102,,,,,0,10.0,206.7932263303085,75.51705316933553,40.42972664050204,2135.9888818915592,48.750998431957676,3383.561157871147,100.0,100.0,True,,synthetic_normal_hpo_search,sim_user,normal_hpo_search,gpu:1,normal_hpo_search
35.2,2026-01-01 00:00:35.200000+00:00,,syn-normal-hpo-102,syn-normal-hpo-102,,,,,0,10.0,207.52888647598598,77.86668179970505,41.65097811049326,2114.718964815795,49.284751252516664,3436.0794845909318,100.0,100.0,True,,synthetic_normal_hpo_search,sim_user,normal_hpo_search,gpu:1,normal_hpo_search
35.3,2026-01-01 00:00:35.300000+00:00,,syn-normal-hpo-102,syn-normal-hpo-102,,,,,0,10.0,206.87531089012668,75.08339464119558,44.66063940358548,2055.8410681519736,48.51581467052542,3557.6505982383533,100.0,100.0,True,,synthetic_normal_hpo_search,sim_user,normal_hpo_search,gpu:1,normal_hpo_search
35.4,2026-01-01 00:00:35.400000+00:00,,syn-normal-hpo-102,syn-normal-hpo-102,,,,,0,10.0,206.96470319021412,71.24528390118071,33.882041840038916,2020.235498480316,47.557021330873674,2823.022206841201,100.0,100.0,True,,synthetic_normal_hpo_search,sim_user,normal_hpo_search,gpu:1,normal_hpo_search
35.5,2026-01-01 00:00:35.500000+00:00,,syn-normal-hpo-102,syn-normal-hpo-102,,,,,0,10.0,206.47517104025349,74.60443824342258,40.39739423965682,2024.7104944180887,48.74982804687386,3308.0294225541093,100.0,100.0,True,,synthetic_normal_hpo_search,sim_user,normal_hpo_search,gpu:1,normal_hpo_search
35.6,2026-01-01 00:00:35.600000+00:00,,syn-normal-hpo-102,syn-normal-hpo-102,,,,,0,10.0,205.68117246076696,73.2246154245351,39.58293485673329,2042.493784009502,48.224149317434104,3336.9450935087943,100.0,100.0,True,,synthetic_normal_hpo_search,sim_user,normal_hpo_search,gpu:1,normal_hpo_search
35.7,2026-01-01 00:00:35.700000+00:00,,syn-normal-hpo-102,syn-normal-hpo-102,,,,,0,10.0,204.70356409916843,72.43648588896966,46.48627909522772,2044.4890249575915,48.12707887193182,3758.6275560246227,100.0,100.0,True,,synthetic_normal_hpo_search,sim_user,normal_hpo_search,gpu:1,normal_hpo_search
35.8,2026-01-01 00:00:35.800000+00:00,,syn-normal-hpo-102,syn-normal-hpo-102,,,,,0,10.0,205.72181249411932,72.16171636986596,39.95039713006753,2001.1447401195533,47.97686279475904,3206.523499674607,100.0,100.0,True,,synthetic_normal_hpo_search,sim_user,normal_hpo_search,gpu:1,normal_hpo_search
35.9,2026-01-01 00:00:35.900000+00:00,,syn-normal-hpo-102,syn-normal-hpo-102,,,,,0,10.0,205.43548169995873,72.99913808704378,37.996006103288295,2053.421778488172,48.42315118233124,2970.9187342387745,100.0,100.0,True,,synthetic_normal_hpo_search,sim_user,normal_hpo_search,gpu:1,normal_hpo_search
36.0,2026-01-01 00:00:36+00:00,,syn-normal-hpo-102,syn-normal-hpo-102,,,,,0,10.0,204.60152428835073,79.6586820866381,39.52673692232281,2181.270759604753,50.28089302786335,3410.678505820251,100.0,100.0,True,,synthetic_normal_hpo_search,sim_user,normal_hpo_search,gpu:1,normal_hpo_search
36.1,2026-01-01 00:00:36.100000+00:00,,syn-normal-hpo-102,syn-normal-hpo-102,,,,,0,10.0,203.91375935970794,79.21756704320919,38.79578257621136,2213.3461915379294,50.18562806075731,3219.456857407895,100.0,100.0,True,,synthetic_normal_hpo_search,sim_user,normal_hpo_search,gpu:1,normal_hpo_search
36.2,2026-01-01 00:00:36.200000+00:00,,syn-normal-hpo-102,syn-normal-hpo-102,,,,,0,10.0,204.41378724874298,76.67589090054237,33.91493661944544,2162.829264758007,49.46428751125474,2960.3867550007976,100.0,100.0,True,,synthetic_normal_hpo_search,sim_user,normal_hpo_search,gpu:1,normal_hpo_search
36.3,2026-01-01 00:00:36.300000+00:00,,syn-normal-hpo-102,syn-normal-hpo-102,,,,,0,10.0,205.17761361808445,71.63469157881845,33.545645254067395,2027.1428259457152,47.97434890609502,2777.9306615162254,100.0,100.0,True,,synthetic_normal_hpo_search,sim_user,normal_hpo_search,gpu:1,normal_hpo_search
36.4,2026-01-01 00:00:36.400000+00:00,,syn-normal-hpo-102,syn-normal-hpo-102,,,,,0,10.0,205.66833859028685,73.98420642934472,37.84396928893,2060.9856883405264,48.48438288082653,3238.7587812371157,100.0,100.0,True,,synthetic_normal_hpo_search,sim_user,normal_hpo_search,gpu:1,normal_hpo_search
36.5,2026-01-01 00:00:36.500000+00:00,,syn-normal-hpo-102,syn-normal-hpo-102,,,,,0,10.0,205.63951505755665,75.80413029366113,41.0452470434967,2066.360199370828,48.973098669126294,3420.385866392145,100.0,100.0,True,,synthetic_normal_hpo_search,sim_user,normal_hpo_search,gpu:1,normal_hpo_search
36.6,2026-01-01 00:00:36.600000+00:00,,syn-normal-hpo-102,syn-normal-hpo-102,,,,,0,10.0,207.12000032514067,73.53982917911321,36.25340633474989,2033.2126968379525,48.12532999416015,3202.367155458215,100.0,100.0,True,,synthetic_normal_hpo_search,sim_user,normal_hpo_search,gpu:1,normal_hpo_search
36.7,2026-01-01 00:00:36.700000+00:00,,syn-normal-hpo-102,syn-normal-hpo-102,,,,,0,10.0,205.3674424680708,74.78674350856917,42.995945287474676,2035.177142511825,48.46966213403551,3396.80472394029,100.0,100.0,True,,synthetic_normal_hpo_search,sim_user,normal_hpo_search,gpu:1,normal_hpo_search
36.8,2026-01-01 00:00:36.800000+00:00,,syn-normal-hpo-102,syn-normal-hpo-102,,,,,0,10.0,205.77005499390083,75.93177674087298,40.53918721212485,2069.554964052551,48.711863521630605,3233.1533869023974,100.0,100.0,True,,synthetic_normal_hpo_search,sim_user,normal_hpo_search,gpu:1,normal_hpo_search
36.9,2026-01-01 00:00:36.900000+00:00,,syn-normal-hpo-102,syn-normal-hpo-102,,,,,0,10.0,207.05157141258866,77.31559759919938,42.54062024804861,2114.957332262219,49.30317969839771,3354.450468940484,100.0,100.0,True,,synthetic_normal_hpo_search,sim_user,normal_hpo_search,gpu:1,normal_hpo_search
37.0,2026-01-01 00:00:37+00:00,,syn-normal-hpo-102,syn-normal-hpo-102,,,,,0,10.0,207.5217774856115,75.2691431928857,49.53591072724403,2106.4138063320347,48.69399562421647,3851.3443061109565,100.0,100.0,True,,synthetic_normal_hpo_search,sim_user,normal_hpo_search,gpu:1,normal_hpo_search
37.1,2026-01-01 00:00:37.100000+00:00,,syn-normal-hpo-102,syn-normal-hpo-102,,,,,0,10.0,208.36051985671853,75.36766927951643,38.87838930533455,2109.1755564590885,48.7967999856169,3379.236338939458,100.0,100.0,True,,synthetic_normal_hpo_search,sim_user,normal_hpo_search,gpu:1,normal_hpo_search
37.2,2026-01-01 00:00:37.200000+00:00,,syn-normal-hpo-102,syn-normal-hpo-102,,,,,0,10.0,206.69937902953316,73.57644439928379,41.52488470730176,1971.7890406562663,48.36979231035004,3332.2075650141337,100.0,100.0,True,,synthetic_normal_hpo_search,sim_user,normal_hpo_search,gpu:1,normal_hpo_search
37.3,2026-01-01 00:00:37.300000+00:00,,syn-normal-hpo-102,syn-normal-hpo-102,,,,,0,10.0,207.58556444400116,73.71455361286641,44.62097616179873,2072.8806010073827,48.487990809950915,3544.8915949632715,100.0,100.0,True,,synthetic_normal_hpo_search,sim_user,normal_hpo_search,gpu:1,normal_hpo_search
37.4,2026-01-01 00:00:37.400000+00:00,,syn-normal-hpo-102,syn-normal-hpo-102,,,,,0,10.0,208.00042068359977,74.81650453839816,37.238040442387216,2076.0190175684384,48.69603108337685,3010.6345918717284,100.0,100.0,True,,synthetic_normal_hpo_search,sim_user,normal_hpo_search,gpu:1,normal_hpo_search
37.5,2026-01-01 00:00:37.500000+00:00,,syn-normal-hpo-102,syn-normal-hpo-102,,,,,0,10.0,206.843589943401,73.8586320272114,37.921701484862716,2047.8380044669705,48.52199629397163,2963.895331155341,100.0,100.0,True,,synthetic_normal_hpo_search,sim_user,normal_hpo_search,gpu:1,normal_hpo_search
37.6,2026-01-01 00:00:37.600000+00:00,,syn-normal-hpo-102,syn-normal-hpo-102,,,,,0,10.0,205.51391874999914,75.15370118706076,41.09763164143885,2075.5390952696357,48.89996799359471,3281.891963467894,100.0,100.0,True,,synthetic_normal_hpo_search,sim_user,normal_hpo_search,gpu:1,normal_hpo_search
37.7,2026-01-01 00:00:37.700000+00:00,,syn-normal-hpo-102,syn-normal-hpo-102,,,,,0,10.0,205.05681184821125,74.0475593341104,40.23365671580559,2077.337507358821,48.60221769505908,3377.6864457568267,100.0,100.0,True,,synthetic_normal_hpo_search,sim_user,normal_hpo_search,gpu:1,normal_hpo_search
37.8,2026-01-01 00:00:37.800000+00:00,,syn-normal-hpo-102,syn-normal-hpo-102,,,,,0,10.0,204.4151871942971,72.70971027460475,40.50855342562361,1984.9636149148469,48.18068561604761,3335.0089682831303,100.0,100.0,True,,synthetic_normal_hpo_search,sim_user,normal_hpo_search,gpu:1,normal_hpo_search
37.9,2026-01-01 00:00:37.900000+00:00,,syn-normal-hpo-102,syn-normal-hpo-102,,,,,0,10.0,202.25064190016144,75.29942647658851,41.84409493061067,2117.2267792919915,48.85094193425311,3469.6930772749392,100.0,100.0,True,,synthetic_normal_hpo_search,sim_user,normal_hpo_search,gpu:1,normal_hpo_search
38.0,2026-01-01 00:00:38+00:00,,syn-normal-hpo-102,syn-normal-hpo-102,,,,,0,10.0,200.65048016952989,71.05907972414717,41.44589357794963,2027.5547151197509,47.685693424309605,3505.382760110911,100.0,100.0,True,,synthetic_normal_hpo_search,sim_user,normal_hpo_search,gpu:1,normal_hpo_search
38.1,2026-01-01 00:00:38.100000+00:00,,syn-normal-hpo-102,syn-normal-hpo-102,,,,,0,10.0,202.6075446472171,73.67583042485185,38.23519873070476,2020.2966229827632,48.21091935644645,3106.019238677023,100.0,100.0,True,,synthetic_normal_hpo_search,sim_user,normal_hpo_search,gpu:1,normal_hpo_search
38.2,2026-01-01 00:00:38.200000+00:00,,syn-normal-hpo-102,syn-normal-hpo-102,,,,,0,10.0,202.20415193362948,73.31604676968578,36.34992601682547,2034.0724651788166,48.03408322205589,3100.7976016901075,100.0,100.0,True,,synthetic_normal_hpo_search,sim_user,normal_hpo_search,gpu:1,normal_hpo_search
38.3,2026-01-01 00:00:38.300000+00:00,,syn-normal-hpo-102,syn-normal-hpo-102,,,,,0,10.0,201.47151697268507,70.85429304334879,38.77210884902416,1954.8258026346512,47.521641589363966,3183.4502189040873,100.0,100.0,True,,synthetic_normal_hpo_search,sim_user,normal_hpo_search,gpu:1,normal_hpo_search
38.4,2026-01-01 00:00:38.400000+00:00,,syn-normal-hpo-102,syn-normal-hpo-102,,,,,0,10.0,202.56303621971153,72.4261501671098,42.157906926267806,2002.7933555024238,47.84202459543139,3458.96022413381,100.0,100.0,True,,synthetic_normal_hpo_search,sim_user,normal_hpo_search,gpu:1,normal_hpo_search
38.5,2026-01-01 00:00:38.500000+00:00,,syn-normal-hpo-102,syn-normal-hpo-102,,,,,0,10.0,203.62687821653523,73.33209074852914,36.24066978110055,1984.9091627077537,48.05681320075889,3013.5278141328104,100.0,100.0,True,,synthetic_normal_hpo_search,sim_user,normal_hpo_search,gpu:1,normal_hpo_search
38.6,2026-01-01 00:00:38.600000+00:00,,syn-normal-hpo-102,syn-normal-hpo-102,,,,,0,10.0,204.18492741791673,71.92831981276476,40.52042347930038,2031.2887423258712,47.51968596771434,3234.106421360838,100.0,100.0,True,,synthetic_normal_hpo_search,sim_user,normal_hpo_search,gpu:1,normal_hpo_search
38.7,2026-01-01 00:00:38.700000+00:00,,syn-normal-hpo-102,syn-normal-hpo-102,,,,,0,10.0,203.47593259413543,70.15163784350567,38.51883712841975,2006.964929605158,46.851183379655254,3239.8434411769895,100.0,100.0,True,,synthetic_normal_hpo_search,sim_user,normal_hpo_search,gpu:1,normal_hpo_search
38.8,2026-01-01 00:00:38.800000+00:00,,syn-normal-hpo-102,syn-normal-hpo-102,,,,,0,10.0,206.27894765959758,79.12783292959139,42.35627892935472,2149.4143259984658,49.48268829587826,3461.3441048684595,100.0,100.0,True,,synthetic_normal_hpo_search,sim_user,normal_hpo_search,gpu:1,normal_hpo_search
38.9,2026-01-01 00:00:38.900000+00:00,,syn-normal-hpo-102,syn-normal-hpo-102,,,,,0,10.0,206.97833060604916,72.82977264344284,38.82127934273899,2071.3934724941987,47.762094087899364,3184.0310009452755,100.0,100.0,True,,synthetic_normal_hpo_search,sim_user,normal_hpo_search,gpu:1,normal_hpo_search
39.0,2026-01-01 00:00:39+00:00,,syn-normal-hpo-102,syn-normal-hpo-102,,,,,0,10.0,206.26510838444065,73.19528521245653,42.08032558927075,1985.469804724548,47.8617172699527,3280.115614512456,100.0,100.0,True,,synthetic_normal_hpo_search,sim_user,normal_hpo_search,gpu:1,normal_hpo_search
39.1,2026-01-01 00:00:39.100000+00:00,,syn-normal-hpo-102,syn-normal-hpo-102,,,,,0,10.0,205.93931408148057,73.19404901156501,41.57540508410142,1976.5882617221705,48.0991169690599,3416.904891908219,100.0,100.0,True,,synthetic_normal_hpo_search,sim_user,normal_hpo_search,gpu:1,normal_hpo_search
39.2,2026-01-01 00:00:39.200000+00:00,,syn-normal-hpo-102,syn-normal-hpo-102,,,,,0,10.0,206.1174316747289,73.7524053281368,42.46841066384503,2094.2381276414712,48.29604110700604,3305.991982497398,100.0,100.0,True,,synthetic_normal_hpo_search,sim_user,normal_hpo_search,gpu:1,normal_hpo_search
39.3,2026-01-01 00:00:39.300000+00:00,,syn-normal-hpo-102,syn-normal-hpo-102,,,,,0,10.0,205.23593978256235,75.16483643059561,39.608175276959734,2120.8161214381485,49.04795524541839,3173.411682996285,100.0,100.0,True,,synthetic_normal_hpo_search,sim_user,normal_hpo_search,gpu:1,normal_hpo_search
39.4,2026-01-01 00:00:39.400000+00:00,,syn-normal-hpo-102,syn-normal-hpo-102,,,,,0,10.0,207.0674000312698,75.74924983105721,42.152277167837774,2070.8841353369626,49.28345144485871,3412.6401019703494,100.0,100.0,True,,synthetic_normal_hpo_search,sim_user,normal_hpo_search,gpu:1,normal_hpo_search
39.5,2026-01-01 00:00:39.500000+00:00,,syn-normal-hpo-102,syn-normal-hpo-102,,,,,0,10.0,206.4228900336347,72.71755455802418,41.01941416443458,2039.0598023692226,48.587945905937566,3321.6315165535684,100.0,100.0,True,,synthetic_normal_hpo_search,sim_user,normal_hpo_search,gpu:1,normal_hpo_search
39.6,2026-01-01 00:00:39.600000+00:00,,syn-normal-hpo-102,syn-normal-hpo-102,,,,,0,10.0,207.96031685368987,75.19413335527119,41.559890400355954,2050.240786760375,49.26767080310618,3383.9150969150296,100.0,100.0,True,,synthetic_normal_hpo_search,sim_user,normal_hpo_search,gpu:1,normal_hpo_search
39.7,2026-01-01 00:00:39.700000+00:00,,syn-normal-hpo-102,syn-normal-hpo-102,,,,,0,10.0,208.32010770022683,75.96355844538468,37.433533823482065,2120.27776057138,49.50813073530662,3063.086657893004,100.0,100.0,True,,synthetic_normal_hpo_search,sim_user,normal_hpo_search,gpu:1,normal_hpo_search
39.8,2026-01-01 00:00:39.800000+00:00,,syn-normal-hpo-102,syn-normal-hpo-102,,,,,0,10.0,208.67306489988914,74.38242289265168,45.119572792095624,2128.5822292366934,48.948416550200115,3750.408518236444,100.0,100.0,True,,synthetic_normal_hpo_search,sim_user,normal_hpo_search,gpu:1,normal_hpo_search
39.9,2026-01-01 00:00:39.900000+00:00,,syn-normal-hpo-102,syn-normal-hpo-102,,,,,0,10.0,208.23819884838207,76.8317000296964,46.06445972430278,2115.9849222363564,49.86140950171623,3885.6713058692126,100.0,100.0,True,,synthetic_normal_hpo_search,sim_user,normal_hpo_search,gpu:1,normal_hpo_search
40.0,2026-01-01 00:00:40+00:00,,syn-normal-hpo-102,syn-normal-hpo-102,,,,,0,10.0,207.4837943166746,74.841442344213,40.663820121317684,2078.663121997355,49.082678899784284,3212.8186912809056,100.0,100.0,True,,synthetic_normal_hpo_search,sim_user,normal_hpo_search,gpu:1,normal_hpo_search
40.1,2026-01-01 00:00:40.100000+00:00,,syn-normal-hpo-102,syn-normal-hpo-102,,,,,0,10.0,207.67860620050206,76.23537647817784,46.58723099116976,2145.6214889914286,49.683218502762024,3594.60175023921,100.0,100.0,True,,synthetic_normal_hpo_search,sim_user,normal_hpo_search,gpu:1,normal_hpo_search
40.2,2026-01-01 00:00:40.200000+00:00,,syn-normal-hpo-102,syn-normal-hpo-102,,,,,0,10.0,208.51730978150744,72.67955935995316,35.88522245908606,1995.1659870127232,48.6663476345832,2910.955427730338,100.0,100.0,True,,synthetic_normal_hpo_search,sim_user,normal_hpo_search,gpu:1,normal_hpo_search
40.3,2026-01-01 00:00:40.300000+00:00,,syn-normal-hpo-102,syn-normal-hpo-102,,,,,0,10.0,206.35196985467533,77.47013291313675,42.4571539919524,2144.9626008011855,49.85053634195897,3435.226399458173,100.0,100.0,True,,synthetic_normal_hpo_search,sim_user,normal_hpo_search,gpu:1,normal_hpo_search
40.4,2026-01-01 00:00:40.400000+00:00,,syn-normal-hpo-102,syn-normal-hpo-102,,,,,0,10.0,206.77957897861464,73.7871065338548,36.267940550236645,2023.3367124729616,48.51883266582306,3061.23384351357,100.0,100.0,True,,synthetic_normal_hpo_search,sim_user,normal_hpo_search,gpu:1,normal_hpo_search
40.5,2026-01-01 00:00:40.500000+00:00,,syn-normal-hpo-102,syn-normal-hpo-102,,,,,0,10.0,205.462732629543,71.63809547496403,31.49208326456625,2026.5480720182468,48.14919317497376,2769.0491256296164,100.0,100.0,True,,synthetic_normal_hpo_search,sim_user,normal_hpo_search,gpu:1,normal_hpo_search
40.6,2026-01-01 00:00:40.600000+00:00,,syn-normal-hpo-102,syn-normal-hpo-102,,,,,0,10.0,205.15192213768646,71.76270375527297,39.13135552203639,2016.175993340679,48.22578793184627,3175.2936311903054,100.0,100.0,True,,synthetic_normal_hpo_search,sim_user,normal_hpo_search,gpu:1,normal_hpo_search
40.7,2026-01-01 00:00:40.700000+00:00,,syn-normal-hpo-102,syn-normal-hpo-102,,,,,0,10.0,205.07053153013902,71.97907498381119,37.03288628187501,2010.5130572491091,48.31798250746159,2905.4667869399,100.0,100.0,True,,synthetic_normal_hpo_search,sim_user,normal_hpo_search,gpu:1,normal_hpo_search
40.8,2026-01-01 00:00:40.800000+00:00,,syn-normal-hpo-102,syn-normal-hpo-102,,,,,0,10.0,205.15409977194565,74.21104050592685,39.89828719317957,2100.239810654616,48.70209238862679,3162.1393399414474,100.0,100.0,True,,synthetic_normal_hpo_search,sim_user,normal_hpo_search,gpu:1,normal_hpo_search
40.9,2026-01-01 00:00:40.900000+00:00,,syn-normal-hpo-102,syn-normal-hpo-102,,,,,0,10.0,206.91584304759374,69.75446463136615,41.869635225428695,1937.6261724783392,47.656034108799844,3204.812281096137,100.0,100.0,True,,synthetic_normal_hpo_search,sim_user,normal_hpo_search,gpu:1,normal_hpo_search
41.0,2026-01-01 00:00:41+00:00,,syn-normal-hpo-102,syn-normal-hpo-102,,,,,0,10.0,207.55163485199077,72.58655571304726,44.906392950245696,2047.4716266831963,48.25222955237019,3577.600180387365,100.0,100.0,True,,synthetic_normal_hpo_search,sim_user,normal_hpo_search,gpu:1,normal_hpo_search
41.1,2026-01-01 00:00:41.100000+00:00,,syn-normal-hpo-102,syn-normal-hpo-102,,,,,0,10.0,208.0767423876681,76.91481794007788,42.92142591169613,2108.0418517546864,49.401546728321705,3426.3253838596784,100.0,100.0,True,,synthetic_normal_hpo_search,sim_user,normal_hpo_search,gpu:1,normal_hpo_search
41.2,2026-01-01 00:00:41.200000+00:00,,syn-normal-hpo-102,syn-normal-hpo-102,,,,,0,10.0,207.49047175904528,76.99699292205904,43.7208195535812,2126.7270275199,49.79277191178698,3718.455214775274,100.0,100.0,True,,synthetic_normal_hpo_search,sim_user,normal_hpo_search,gpu:1,normal_hpo_search
41.3,2026-01-01 00:00:41.300000+00:00,,syn-normal-hpo-102,syn-normal-hpo-102,,,,,0,10.0,207.02750186852884,72.23329423744805,42.64936153071084,2046.2638373588252,48.943938727732196,3385.3859478489753,100.0,100.0,True,,synthetic_normal_hpo_search,sim_user,normal_hpo_search,gpu:1,normal_hpo_search
41.4,2026-01-01 00:00:41.400000+00:00,,syn-normal-hpo-102,syn-normal-hpo-102,,,,,0,10.0,207.76902984891592,74.97418043758594,41.86070082609153,2130.069850309308,49.70776022029642,3582.8898275435795,100.0,100.0,True,,synthetic_normal_hpo_search,sim_user,normal_hpo_search,gpu:1,normal_hpo_search
41.5,2026-01-01 00:00:41.500000+00:00,,syn-normal-hpo-102,syn-normal-hpo-102,,,,,0,10.0,207.87489852577406,75.19553478659591,37.90356913804039,2106.0280678562926,49.72001693649282,3047.8184068184405,100.0,100.0,True,,synthetic_normal_hpo_search,sim_user,normal_hpo_search,gpu:1,normal_hpo_search
41.6,2026-01-01 00:00:41.600000+00:00,,syn-normal-hpo-102,syn-normal-hpo-102,,,,,0,10.0,205.21913517797216,73.29139822804599,41.97304244260576,2083.134334799296,49.08031651416648,3408.481496188243,100.0,100.0,True,,synthetic_normal_hpo_search,sim_user,normal_hpo_search,gpu:1,normal_hpo_search
41.7,2026-01-01 00:00:41.700000+00:00,,syn-normal-hpo-102,syn-normal-hpo-102,,,,,0,10.0,205.99945523941463,72.93842045563247,40.39494379695461,2017.8761379683588,49.15555227164203,3325.259826902665,100.0,100.0,True,,synthetic_normal_hpo_search,sim_user,normal_hpo_search,gpu:1,normal_hpo_search
41.8,2026-01-01 00:00:41.800000+00:00,,syn-normal-hpo-102,syn-normal-hpo-102,,,,,0,10.0,204.9851340309492,75.32441995071596,50.22225433264913,2059.8550220463717,49.83861378379092,4048.1001796904943,100.0,100.0,True,,synthetic_normal_hpo_search,sim_user,normal_hpo_search,gpu:1,normal_hpo_search
41.9,2026-01-01 00:00:41.900000+00:00,,syn-normal-hpo-102,syn-normal-hpo-102,,,,,0,10.0,205.01570144234626,73.1923631877837,37.63898407248689,2029.393219388887,49.08301658778617,2930.23398115259,100.0,100.0,True,,synthetic_normal_hpo_search,sim_user,normal_hpo_search,gpu:1,normal_hpo_search
42.0,2026-01-01 00:00:42+00:00,,syn-normal-hpo-102,syn-normal-hpo-102,,,,,0,10.0,205.01809182958416,74.14277596649029,44.93541335904378,2072.447946316701,49.42759342966388,3509.2831833635423,100.0,100.0,True,,synthetic_normal_hpo_search,sim_user,normal_hpo_search,gpu:1,normal_hpo_search
42.1,2026-01-01 00:00:42.100000+00:00,,syn-normal-hpo-102,syn-normal-hpo-102,,,,,0,10.0,204.8422652013849,75.25330408074919,45.726172050548534,2109.8192081305874,49.31247479658746,3586.3278734143055,100.0,100.0,True,,synthetic_normal_hpo_search,sim_user,normal_hpo_search,gpu:1,normal_hpo_search
42.2,2026-01-01 00:00:42.200000+00:00,,syn-normal-hpo-102,syn-normal-hpo-102,,,,,0,10.0,206.09040269389746,72.27642779330327,38.426212484691405,2059.5109483924625,48.068008341485985,3107.564712241921,100.0,100.0,True,,synthetic_normal_hpo_search,sim_user,normal_hpo_search,gpu:1,normal_hpo_search
42.3,2026-01-01 00:00:42.300000+00:00,,syn-normal-hpo-102,syn-normal-hpo-102,,,,,0,10.0,204.65695400494587,71.80314267867992,46.291455410911695,1947.0555070026746,47.81056343521447,3797.9169263460185,100.0,100.0,True,,synthetic_normal_hpo_search,sim_user,normal_hpo_search,gpu:1,normal_hpo_search
42.4,2026-01-01 00:00:42.400000+00:00,,syn-normal-hpo-102,syn-normal-hpo-102,,,,,0,10.0,203.56049891111945,77.66978899147544,48.33456352302067,2141.5306208688835,49.46774933845284,3881.9088202716507,100.0,100.0,True,,synthetic_normal_hpo_search,sim_user,normal_hpo_search,gpu:1,normal_hpo_search
42.5,2026-01-01 00:00:42.500000+00:00,,syn-normal-hpo-102,syn-normal-hpo-102,,,,,0,10.0,205.8274914269356,72.07342154001898,46.01028436891788,1961.8357340384496,48.210177115764594,3494.310620068588,100.0,100.0,True,,synthetic_normal_hpo_search,sim_user,normal_hpo_search,gpu:1,normal_hpo_search
42.6,2026-01-01 00:00:42.600000+00:00,,syn-normal-hpo-102,syn-normal-hpo-102,,,,,0,10.0,205.32576136239757,76.14052478576934,47.89044627666074,2087.28895744822,49.22450002026202,3767.6666529084046,100.0,100.0,True,,synthetic_normal_hpo_search,sim_user,normal_hpo_search,gpu:1,normal_hpo_search
42.7,2026-01-01 00:00:42.700000+00:00,,syn-normal-hpo-102,syn-normal-hpo-102,,,,,0,10.0,203.40794881491186,75.53203828034121,42.595984547249536,2129.5810910517926,48.73101035833395,3408.9671353065705,100.0,100.0,True,,synthetic_normal_hpo_search,sim_user,normal_hpo_search,gpu:1,normal_hpo_search
42.8,2026-01-01 00:00:42.800000+00:00,,syn-normal-hpo-102,syn-normal-hpo-102,,,,,0,10.0,203.57809598174757,73.43787450847803,35.408080596771704,2057.1189740527498,48.31364307050829,2889.5458688623276,100.0,100.0,True,,synthetic_normal_hpo_search,sim_user,normal_hpo_search,gpu:1,normal_hpo_search
42.9,2026-01-01 00:00:42.900000+00:00,,syn-normal-hpo-102,syn-normal-hpo-102,,,,,0,10.0,32.68087255883042,7.394194665303539,8.631647767190291,394.98214815465377,29.560093963129383,956.2866884248517,100.0,100.0,True,,synthetic_normal_hpo_search,sim_user,normal_hpo_search,gpu:1,normal_hpo_search
43.0,2026-01-01 00:00:43+00:00,,syn-normal-hpo-102,syn-normal-hpo-102,,,,,0,10.0,34.58315736835617,8.578843886486654,7.330059438196011,422.9939424338671,30.26283242006769,928.2198494640462,100.0,100.0,True,,synthetic_normal_hpo_search,sim_user,normal_hpo_search,gpu:1,normal_hpo_search
43.1,2026-01-01 00:00:43.100000+00:00,,syn-normal-hpo-102,syn-normal-hpo-102,,,,,0,10.0,33.68763893423277,6.919607692679038,0.0,348.2262993585748,30.061358544629158,565.2486915361551,100.0,100.0,True,,synthetic_normal_hpo_search,sim_user,normal_hpo_search,gpu:1,normal_hpo_search
43.2,2026-01-01 00:00:43.200000+00:00,,syn-normal-hpo-102,syn-normal-hpo-102,,,,,0,10.0,35.068748203422,8.969216283514728,0.0,478.06929772782155,30.738461381707683,362.70343174320044,100.0,100.0,True,,synthetic_normal_hpo_search,sim_user,normal_hpo_search,gpu:1,normal_hpo_search
43.3,2026-01-01 00:00:43.300000+00:00,,syn-normal-hpo-102,syn-normal-hpo-102,,,,,0,10.0,34.66544401218174,8.341296225229613,0.8617954133615346,420.2781755017299,30.74966870188529,416.08732916416307,100.0,100.0,True,,synthetic_normal_hpo_search,sim_user,normal_hpo_search,gpu:1,normal_hpo_search
43.4,2026-01-01 00:00:43.400000+00:00,,syn-normal-hpo-102,syn-normal-hpo-102,,,,,0,10.0,35.418808332636274,8.001408726912018,2.022574710297555,436.5957844724275,30.611763714141876,559.300597392234,100.0,100.0,True,,synthetic_normal_hpo_search,sim_user,normal_hpo_search,gpu:1,normal_hpo_search
43.5,2026-01-01 00:00:43.500000+00:00,,syn-normal-hpo-102,syn-normal-hpo-102,,,,,0,10.0,34.68610049162538,8.055337662473539,0.6541298233973611,356.438353599199,30.79342932955678,568.6894820487283,100.0,100.0,True,,synthetic_normal_hpo_search,sim_user,normal_hpo_search,gpu:1,normal_hpo_search
43.6,2026-01-01 00:00:43.600000+00:00,,syn-normal-hpo-102,syn-normal-hpo-102,,,,,0,10.0,34.90177305766347,10.524647125966277,0.9246792531137729,497.63055988238665,31.778306076349484,662.0385344804423,100.0,100.0,True,,synthetic_normal_hpo_search,sim_user,normal_hpo_search,gpu:1,normal_hpo_search
43.7,2026-01-01 00:00:43.700000+00:00,,syn-normal-hpo-102,syn-normal-hpo-102,,,,,0,10.0,34.11794277361794,8.58260570253734,0.6818444980421834,442.482496181299,31.03509050313344,634.377136393573,100.0,100.0,True,,synthetic_normal_hpo_search,sim_user,normal_hpo_search,gpu:1,normal_hpo_search
43.8,2026-01-01 00:00:43.800000+00:00,,syn-normal-hpo-102,syn-normal-hpo-102,,,,,0,10.0,35.15322585915067,8.525762888696354,5.088822682966282,413.2072289245492,31.238691048878252,801.971086996905,100.0,100.0,True,,synthetic_normal_hpo_search,sim_user,normal_hpo_search,gpu:1,normal_hpo_search
43.9,2026-01-01 00:00:43.900000+00:00,,syn-normal-hpo-102,syn-normal-hpo-102,,,,,0,10.0,35.410455532505125,12.858493238113166,8.762568784664515,556.9792700123993,32.26930191174089,1019.987899061079,100.0,100.0,True,,synthetic_normal_hpo_search,sim_user,normal_hpo_search,gpu:1,normal_hpo_search
44.0,2026-01-01 00:00:44+00:00,,syn-normal-hpo-102,syn-normal-hpo-102,,,,,0,10.0,35.98485815706564,9.226841416691402,1.777670487621851,410.57716029537045,31.205848128084476,657.1277387033667,100.0,100.0,True,,synthetic_normal_hpo_search,sim_user,normal_hpo_search,gpu:1,normal_hpo_search
44.1,2026-01-01 00:00:44.100000+00:00,,syn-normal-hpo-102,syn-normal-hpo-102,,,,,0,10.0,35.64609077007898,10.371043099561028,7.38047848305442,487.46082805535997,31.572902906002252,983.7710085055255,100.0,100.0,True,,synthetic_normal_hpo_search,sim_user,normal_hpo_search,gpu:1,normal_hpo_search
44.2,2026-01-01 00:00:44.200000+00:00,,syn-normal-hpo-102,syn-normal-hpo-102,,,,,0,10.0,36.56418109560822,7.746814239589677,0.0,434.92722819021856,30.589386486216977,310.1668564872923,100.0,100.0,True,,synthetic_normal_hpo_search,sim_user,normal_hpo_search,gpu:1,normal_hpo_search
44.3,2026-01-01 00:00:44.300000+00:00,,syn-normal-hpo-102,syn-normal-hpo-102,,,,,0,10.0,34.809378964788074,6.7271461255149205,0.0,378.1308555553384,30.24725666649808,473.32283138490953,100.0,100.0,True,,synthetic_normal_hpo_search,sim_user,normal_hpo_search,gpu:1,normal_hpo_search
44.4,2026-01-01 00:00:44.400000+00:00,,syn-normal-hpo-102,syn-normal-hpo-102,,,,,0,10.0,37.13426309310894,10.658083249720267,5.752496654840199,459.04732797954415,31.090848423645543,851.2611413834288,100.0,100.0,True,,synthetic_normal_hpo_search,sim_user,normal_hpo_search,gpu:1,normal_hpo_search
44.5,2026-01-01 00:00:44.500000+00:00,,syn-normal-hpo-102,syn-normal-hpo-102,,,,,0,10.0,37.26504132061463,11.664760521994612,3.858719739223079,533.8774172223116,31.40600673863238,685.3716019093873,100.0,100.0,True,,synthetic_normal_hpo_search,sim_user,normal_hpo_search,gpu:1,normal_hpo_search
44.6,2026-01-01 00:00:44.600000+00:00,,syn-normal-hpo-102,syn-normal-hpo-102,,,,,0,10.0,36.73767149627532,3.606921655046521,0.0,303.8780678928898,29.55118321215526,562.7834722160792,100.0,100.0,True,,synthetic_normal_hpo_search,sim_user,normal_hpo_search,gpu:1,normal_hpo_search
44.7,2026-01-01 00:00:44.700000+00:00,,syn-normal-hpo-102,syn-normal-hpo-102,,,,,0,10.0,35.21757441939204,10.306040771131423,4.157056029151105,476.37972381667834,31.45618305865757,757.672602403822,100.0,100.0,True,,synthetic_normal_hpo_search,sim_user,normal_hpo_search,gpu:1,normal_hpo_search
44.8,2026-01-01 00:00:44.800000+00:00,,syn-normal-hpo-102,syn-normal-hpo-102,,,,,0,10.0,33.09121783665722,9.69116530714414,8.344053008011521,487.5030913477923,31.18721472391714,1085.9126945588516,100.0,100.0,True,,synthetic_normal_hpo_search,sim_user,normal_hpo_search,gpu:1,normal_hpo_search
44.9,2026-01-01 00:00:44.900000+00:00,,syn-normal-hpo-102,syn-normal-hpo-102,,,,,0,10.0,33.306645129825114,8.273514875708308,8.703454050638651,450.9146689883099,31.001472280346356,1021.4135621722678,100.0,100.0,True,,synthetic_normal_hpo_search,sim_user,normal_hpo_search,gpu:1,normal_hpo_search
45.0,2026-01-01 00:00:45+00:00,,syn-normal-hpo-102,syn-normal-hpo-102,,,,,0,10.0,33.777685525967215,9.663370271951937,4.802145889614146,397.42737732540917,31.15354861214792,693.2698702982343,100.0,100.0,True,,synthetic_normal_hpo_search,sim_user,normal_hpo_search,gpu:1,normal_hpo_search
45.1,2026-01-01 00:00:45.100000+00:00,,syn-normal-hpo-102,syn-normal-hpo-102,,,,,0,10.0,33.153796843466736,6.049678017893332,2.548001579114798,358.5953587888501,30.117682462400793,668.4366806418561,100.0,100.0,True,,synthetic_normal_hpo_search,sim_user,normal_hpo_search,gpu:1,normal_hpo_search
45.2,2026-01-01 00:00:45.200000+00:00,,syn-normal-hpo-102,syn-normal-hpo-102,,,,,0,10.0,34.610179584387986,9.459433776139303,9.822888694624815,442.2978706069187,30.99650712751736,1151.2047658589952,100.0,100.0,True,,synthetic_normal_hpo_search,sim_user,normal_hpo_search,gpu:1,normal_hpo_search
45.3,2026-01-01 00:00:45.300000+00:00,,syn-normal-hpo-102,syn-normal-hpo-102,,,,,0,10.0,162.64330105117543,55.331624171328045,31.40715008597086,1572.748829246065,44.10209392890725,2540.518346053035,100.0,100.0,True,,synthetic_normal_hpo_search,sim_user,normal_hpo_search,gpu:1,normal_hpo_search
45.4,2026-01-01 00:00:45.400000+00:00,,syn-normal-hpo-102,syn-normal-hpo-102,,,,,0,10.0,161.98019759889553,56.7935629934981,29.377291820105615,1714.107845023922,44.61079649196382,2623.7917865465092,100.0,100.0,True,,synthetic_normal_hpo_search,sim_user,normal_hpo_search,gpu:1,normal_hpo_search
45.5,2026-01-01 00:00:45.500000+00:00,,syn-normal-hpo-102,syn-normal-hpo-102,,,,,0,10.0,161.93687855823046,56.488212581404014,27.78418725987345,1664.6563206608378,44.253170512810186,2367.2915233176877,100.0,100.0,True,,synthetic_normal_hpo_search,sim_user,normal_hpo_search,gpu:1,normal_hpo_search
45.6,2026-01-01 00:00:45.600000+00:00,,syn-normal-hpo-102,syn-normal-hpo-102,,,,,0,10.0,163.8398232425241,58.264062764412586,29.56929822219578,1682.2310035095113,44.497661886034514,2416.6276411838894,100.0,100.0,True,,synthetic_normal_hpo_search,sim_user,normal_hpo_search,gpu:1,normal_hpo_search
45.7,2026-01-01 00:00:45.700000+00:00,,syn-normal-hpo-102,syn-normal-hpo-102,,,,,0,10.0,164.58994907259046,55.56077171819141,28.357654398813473,1612.9546435143914,43.88157671073315,2421.3970085080605,100.0,100.0,True,,synthetic_normal_hpo_search,sim_user,normal_hpo_search,gpu:1,normal_hpo_search
45.8,2026-01-01 00:00:45.800000+00:00,,syn-normal-hpo-102,syn-normal-hpo-102,,,,,0,10.0,162.69255060275924,58.034699711163626,30.179752810447024,1634.1206737245818,44.330895323527635,2394.2953247655914,100.0,100.0,True,,synthetic_normal_hpo_search,sim_user,normal_hpo_search,gpu:1,normal_hpo_search
45.9,2026-01-01 00:00:45.900000+00:00,,syn-normal-hpo-102,syn-normal-hpo-102,,,,,0,10.0,161.12782497840593,57.61665408582957,26.923551676429454,1560.9442268086232,44.43943406385653,2249.07672783329,100.0,100.0,True,,synthetic_normal_hpo_search,sim_user,normal_hpo_search,gpu:1,normal_hpo_search
46.0,2026-01-01 00:00:46+00:00,,syn-normal-hpo-102,syn-normal-hpo-102,,,,,0,10.0,160.65967260794864,58.99068503335317,37.38404179464979,1702.9854329834525,44.779604410955805,3010.724997375507,100.0,100.0,True,,synthetic_normal_hpo_search,sim_user,normal_hpo_search,gpu:1,normal_hpo_search
46.1,2026-01-01 00:00:46.100000+00:00,,syn-normal-hpo-102,syn-normal-hpo-102,,,,,0,10.0,161.1638421510652,55.74198440508186,39.22293370486344,1591.4517279682152,43.78491689502679,3212.5410347689735,100.0,100.0,True,,synthetic_normal_hpo_search,sim_user,normal_hpo_search,gpu:1,normal_hpo_search
46.2,2026-01-01 00:00:46.200000+00:00,,syn-normal-hpo-102,syn-normal-hpo-102,,,,,0,10.0,161.7919267622908,58.114204723265374,31.388545820911943,1632.729264314782,44.53083563834435,2633.822455752049,100.0,100.0,True,,synthetic_normal_hpo_search,sim_user,normal_hpo_search,gpu:1,normal_hpo_search
46.3,2026-01-01 00:00:46.300000+00:00,,syn-normal-hpo-102,syn-normal-hpo-102,,,,,0,10.0,164.54264510603858,56.86405145912665,27.30853712614387,1646.9983537335147,43.848622276453604,2380.46879673496,100.0,100.0,True,,synthetic_normal_hpo_search,sim_user,normal_hpo_search,gpu:1,normal_hpo_search
46.4,2026-01-01 00:00:46.400000+00:00,,syn-normal-hpo-102,syn-normal-hpo-102,,,,,0,10.0,167.31547145217027,60.23594840549784,35.06026201343049,1626.237783187552,44.95843886605681,2944.254330528232,100.0,100.0,True,,synthetic_normal_hpo_search,sim_user,normal_hpo_search,gpu:1,normal_hpo_search
46.5,2026-01-01 00:00:46.500000+00:00,,syn-normal-hpo-102,syn-normal-hpo-102,,,,,0,10.0,166.10284353890233,57.47912073569753,21.678906480713124,1659.1079075713055,44.32408405484396,1907.2953790445242,100.0,100.0,True,,synthetic_normal_hpo_search,sim_user,normal_hpo_search,gpu:1,normal_hpo_search
46.6,2026-01-01 00:00:46.600000+00:00,,syn-normal-hpo-102,syn-normal-hpo-102,,,,,0,10.0,166.680314516519,56.8437942523112,26.198000928939276,1614.9902577958117,44.281991430392736,2351.0955068384274,100.0,100.0,True,,synthetic_normal_hpo_search,sim_user,normal_hpo_search,gpu:1,normal_hpo_search
46.7,2026-01-01 00:00:46.700000+00:00,,syn-normal-hpo-102,syn-normal-hpo-102,,,,,0,10.0,169.3881914233771,58.826380926713426,30.281537183460195,1644.2164226145674,44.71270896244479,2625.6327480309797,100.0,100.0,True,,synthetic_normal_hpo_search,sim_user,normal_hpo_search,gpu:1,normal_hpo_search
46.8,2026-01-01 00:00:46.800000+00:00,,syn-normal-hpo-102,syn-normal-hpo-102,,,,,0,10.0,170.0253392779331,63.341655153453615,37.235649060647276,1805.9172780846952,45.912028771064456,3088.029297718803,100.0,100.0,True,,synthetic_normal_hpo_search,sim_user,normal_hpo_search,gpu:1,normal_hpo_search
46.9,2026-01-01 00:00:46.900000+00:00,,syn-normal-hpo-102,syn-normal-hpo-102,,,,,0,10.0,170.5497184701832,63.34385196207568,38.62464087606511,1778.5710128064238,45.94486583402031,3123.835274450286,100.0,100.0,True,,synthetic_normal_hpo_search,sim_user,normal_hpo_search,gpu:1,normal_hpo_search
47.0,2026-01-01 00:00:47+00:00,,syn-normal-hpo-102,syn-normal-hpo-102,,,,,0,10.0,168.43940032826325,59.811007158977,32.92026706592672,1690.0995219714753,45.417172576344264,2743.018307363634,100.0,100.0,True,,synthetic_normal_hpo_search,sim_user,normal_hpo_search,gpu:1,normal_hpo_search
47.1,2026-01-01 00:00:47.100000+00:00,,syn-normal-hpo-102,syn-normal-hpo-102,,,,,0,10.0,169.034694081993,60.11608077079806,36.23767551861805,1712.171628254331,45.46347665370328,2977.930279457869,100.0,100.0,True,,synthetic_normal_hpo_search,sim_user,normal_hpo_search,gpu:1,normal_hpo_search
47.2,2026-01-01 00:00:47.200000+00:00,,syn-normal-hpo-102,syn-normal-hpo-102,,,,,0,10.0,167.00697210091738,59.87023124166484,29.695319232436773,1644.8280143457027,45.62417318286794,2253.7470541580133,100.0,100.0,True,,synthetic_normal_hpo_search,sim_user,normal_hpo_search,gpu:1,normal_hpo_search
47.3,2026-01-01 00:00:47.300000+00:00,,syn-normal-hpo-102,syn-normal-hpo-102,,,,,0,10.0,165.58795588074577,55.628361020721464,27.762689454114817,1604.6484986154308,44.24505118109557,2350.3413115149315,100.0,100.0,True,,synthetic_normal_hpo_search,sim_user,normal_hpo_search,gpu:1,normal_hpo_search
47.4,2026-01-01 00:00:47.400000+00:00,,syn-normal-hpo-102,syn-normal-hpo-102,,,,,0,10.0,167.17947976200395,63.12099345138219,33.50299096990494,1808.0801684124608,46.39214402993328,2809.967787984334,100.0,100.0,True,,synthetic_normal_hpo_search,sim_user,normal_hpo_search,gpu:1,normal_hpo_search
47.5,2026-01-01 00:00:47.500000+00:00,,syn-normal-hpo-102,syn-normal-hpo-102,,,,,0,10.0,165.52003287470006,56.695239712051524,34.04191142867469,1647.4980594549806,44.37721026152166,2909.6690445827903,100.0,100.0,True,,synthetic_normal_hpo_search,sim_user,normal_hpo_search,gpu:1,normal_hpo_search
47.6,2026-01-01 00:00:47.600000+00:00,,syn-normal-hpo-102,syn-normal-hpo-102,,,,,0,10.0,163.99349749220508,55.580987979166714,30.30066837444203,1633.4642902081007,44.28521693506683,2757.927111507255,100.0,100.0,True,,synthetic_normal_hpo_search,sim_user,normal_hpo_search,gpu:1,normal_hpo_search
47.7,2026-01-01 00:00:47.700000+00:00,,syn-normal-hpo-102,syn-normal-hpo-102,,,,,0,10.0,163.4454583798935,57.410315560304994,35.77548086121469,1659.431334345642,44.79849530531999,2828.014978279662,100.0,100.0,True,,synthetic_normal_hpo_search,sim_user,normal_hpo_search,gpu:1,normal_hpo_search
47.8,2026-01-01 00:00:47.800000+00:00,,syn-normal-hpo-102,syn-normal-hpo-102,,,,,0,10.0,162.66519315577568,55.550528858527805,26.514871166143465,1606.436743909663,44.29951222506112,2383.4530516913715,100.0,100.0,True,,synthetic_normal_hpo_search,sim_user,normal_hpo_search,gpu:1,normal_hpo_search
47.9,2026-01-01 00:00:47.900000+00:00,,syn-normal-hpo-102,syn-normal-hpo-102,,,,,0,10.0,164.74466551643098,58.88567377480189,33.96716304938765,1647.3790813692633,44.836837086907416,2889.4733983096385,100.0,100.0,True,,synthetic_normal_hpo_search,sim_user,normal_hpo_search,gpu:1,normal_hpo_search
48.0,2026-01-01 00:00:48+00:00,,syn-normal-hpo-102,syn-normal-hpo-102,,,,,0,10.0,162.61485439477414,58.725878021902425,35.928453401627856,1667.5207865021534,44.668849499050076,2876.1471935906147,100.0,100.0,True,,synthetic_normal_hpo_search,sim_user,normal_hpo_search,gpu:1,normal_hpo_search
48.1,2026-01-01 00:00:48.100000+00:00,,syn-normal-hpo-102,syn-normal-hpo-102,,,,,0,10.0,163.62191203103987,57.17462002412451,28.682565857364022,1575.0899435880096,44.0021650006154,2502.82448853988,100.0,100.0,True,,synthetic_normal_hpo_search,sim_user,normal_hpo_search,gpu:1,normal_hpo_search
48.2,2026-01-01 00:00:48.200000+00:00,,syn-normal-hpo-102,syn-normal-hpo-102,,,,,0,10.0,163.4256195942705,58.079996243720785,36.42778539868615,1686.383934151634,44.18243079121834,3093.9567802923784,100.0,100.0,True,,synthetic_normal_hpo_search,sim_user,normal_hpo_search,gpu:1,normal_hpo_search
48.3,2026-01-01 00:00:48.300000+00:00,,syn-normal-hpo-102,syn-normal-hpo-102,,,,,0,10.0,162.2093154724617,56.089533047434855,30.637396379838773,1600.4879666967486,43.637165344336296,2583.3363106027045,100.0,100.0,True,,synthetic_normal_hpo_search,sim_user,normal_hpo_search,gpu:1,normal_hpo_search
48.4,2026-01-01 00:00:48.400000+00:00,,syn-normal-hpo-102,syn-normal-hpo-102,,,,,0,10.0,161.79382378670365,53.78120042541962,27.006443137603185,1545.3707740750754,42.96107807599666,2354.12758852012,100.0,100.0,True,,synthetic_normal_hpo_search,sim_user,normal_hpo_search,gpu:1,normal_hpo_search
48.5,2026-01-01 00:00:48.500000+00:00,,syn-normal-hpo-102,syn-normal-hpo-102,,,,,0,10.0,161.09392331112994,54.376937477075316,32.58459742837172,1545.357509229032,43.10367307128724,2824.4497339539407,100.0,100.0,True,,synthetic_normal_hpo_search,sim_user,normal_hpo_search,gpu:1,normal_hpo_search
48.6,2026-01-01 00:00:48.600000+00:00,,syn-normal-hpo-102,syn-normal-hpo-102,,,,,0,10.0,162.83986744386004,61.46082563701187,32.36678077339222,1731.0030471654823,45.06744083750662,2906.2707717214594,100.0,100.0,True,,synthetic_normal_hpo_search,sim_user,normal_hpo_search,gpu:1,normal_hpo_search
48.7,2026-01-01 00:00:48.700000+00:00,,syn-normal-hpo-102,syn-normal-hpo-102,,,,,0,10.0,162.19900057583305,57.06039598119086,34.5209684855503,1612.413866946465,43.78237553345334,2794.2294281802247,100.0,100.0,True,,synthetic_normal_hpo_search,sim_user,normal_hpo_search,gpu:1,normal_hpo_search
48.8,2026-01-01 00:00:48.800000+00:00,,syn-normal-hpo-102,syn-normal-hpo-102,,,,,0,10.0,161.69195497064902,53.45150216682224,21.639789082380474,1526.6913462592513,42.722803559698555,1806.623356184256,100.0,100.0,True,,synthetic_normal_hpo_search,sim_user,normal_hpo_search,gpu:1,normal_hpo_search
48.9,2026-01-01 00:00:48.900000+00:00,,syn-normal-hpo-102,syn-normal-hpo-102,,,,,0,10.0,164.08335225650146,55.7656774062373,30.734585729619695,1614.0586250703016,43.21045527733691,2590.3646593448884,100.0,100.0,True,,synthetic_normal_hpo_search,sim_user,normal_hpo_search,gpu:1,normal_hpo_search
49.0,2026-01-01 00:00:49+00:00,,syn-normal-hpo-102,syn-normal-hpo-102,,,,,0,10.0,162.4475532992403,55.673099310405654,34.24825166770618,1617.470160369913,43.19411119951529,2877.2336761762695,100.0,100.0,True,,synthetic_normal_hpo_search,sim_user,normal_hpo_search,gpu:1,normal_hpo_search
49.1,2026-01-01 00:00:49.100000+00:00,,syn-normal-hpo-102,syn-normal-hpo-102,,,,,0,10.0,161.40282849847202,58.44240727703009,25.58202284892312,1692.07134410602,43.82648235604219,2327.787465729011,100.0,100.0,True,,synthetic_normal_hpo_search,sim_user,normal_hpo_search,gpu:1,normal_hpo_search
49.2,2026-01-01 00:00:49.200000+00:00,,syn-normal-hpo-102,syn-normal-hpo-102,,,,,0,10.0,161.21637923001114,57.123782943727115,38.587691882629684,1692.078212860979,43.27412272800288,3191.9782772703365,100.0,100.0,True,,synthetic_normal_hpo_search,sim_user,normal_hpo_search,gpu:1,normal_hpo_search
49.3,2026-01-01 00:00:49.300000+00:00,,syn-normal-hpo-102,syn-normal-hpo-102,,,,,0,10.0,161.63206895531903,59.908585189154635,31.498217988194927,1714.3879344103136,43.98300484444422,2722.353141444882,100.0,100.0,True,,synthetic_normal_hpo_search,sim_user,normal_hpo_search,gpu:1,normal_hpo_search
49.4,2026-01-01 00:00:49.400000+00:00,,syn-normal-hpo-102,syn-normal-hpo-102,,,,,0,10.0,163.44416899570984,61.51273574079865,39.62299561738402,1718.6910866876,44.29756765246499,3276.3630710163984,100.0,100.0,True,,synthetic_normal_hpo_search,sim_user,normal_hpo_search,gpu:1,normal_hpo_search
49.5,2026-01-01 00:00:49.500000+00:00,,syn-normal-hpo-102,syn-normal-hpo-102,,,,,0,10.0,163.58454106329228,59.01660729093318,31.039724226398217,1701.8786293970861,43.478207473841174,2676.6626248436482,100.0,100.0,True,,synthetic_normal_hpo_search,sim_user,normal_hpo_search,gpu:1,normal_hpo_search
49.6,2026-01-01 00:00:49.600000+00:00,,syn-normal-hpo-102,syn-normal-hpo-102,,,,,0,10.0,165.21211427420286,59.50961913873509,36.3388431182558,1725.2396293409436,43.66631279605173,2949.632473241793,100.0,100.0,True,,synthetic_normal_hpo_search,sim_user,normal_hpo_search,gpu:1,normal_hpo_search
49.7,2026-01-01 00:00:49.700000+00:00,,syn-normal-hpo-102,syn-normal-hpo-102,,,,,0,10.0,164.96433256823138,60.79308317130801,36.6021584568056,1716.5923484217053,44.15926372432741,3148.2036244070464,100.0,100.0,True,,synthetic_normal_hpo_search,sim_user,normal_hpo_search,gpu:1,normal_hpo_search
49.8,2026-01-01 00:00:49.800000+00:00,,syn-normal-hpo-102,syn-normal-hpo-102,,,,,0,10.0,163.908974682714,57.13271127302596,33.43320209493252,1648.656043133319,43.39739252628534,2828.0033877487253,100.0,100.0,True,,synthetic_normal_hpo_search,sim_user,normal_hpo_search,gpu:1,normal_hpo_search
49.9,2026-01-01 00:00:49.900000+00:00,,syn-normal-hpo-102,syn-normal-hpo-102,,,,,0,10.0,164.6425993957906,57.69066168678819,25.749830616217487,1661.7962966232815,43.785051111925156,2176.946111356193,100.0,100.0,True,,synthetic_normal_hpo_search,sim_user,normal_hpo_search,gpu:1,normal_hpo_search
50.0,2026-01-01 00:00:50+00:00,,syn-normal-hpo-102,syn-normal-hpo-102,,,,,0,10.0,166.27632433930378,55.55409420796387,33.03431815616784,1598.4421820191499,43.27098021819662,2967.0310340790497,100.0,100.0,True,,synthetic_normal_hpo_search,sim_user,normal_hpo_search,gpu:1,normal_hpo_search
50.1,2026-01-01 00:00:50.100000+00:00,,syn-normal-hpo-102,syn-normal-hpo-102,,,,,0,10.0,166.11804285211278,60.333846486710236,26.699384253174262,1683.717592552465,44.51916162263914,2474.2164521615728,100.0,100.0,True,,synthetic_normal_hpo_search,sim_user,normal_hpo_search,gpu:1,normal_hpo_search
50.2,2026-01-01 00:00:50.200000+00:00,,syn-normal-hpo-102,syn-normal-hpo-102,,,,,0,10.0,167.22478959575056,57.48059574821247,32.81253254781822,1680.4567515653268,43.80578026094818,2647.757149851855,100.0,100.0,True,,synthetic_normal_hpo_search,sim_user,normal_hpo_search,gpu:1,normal_hpo_search
50.3,2026-01-01 00:00:50.300000+00:00,,syn-normal-hpo-102,syn-normal-hpo-102,,,,,0,10.0,166.744152370286,59.57934257509227,33.68604949880197,1672.6502881579231,44.19992979785617,2817.438099079537,100.0,100.0,True,,synthetic_normal_hpo_search,sim_user,normal_hpo_search,gpu:1,normal_hpo_search
50.4,2026-01-01 00:00:50.400000+00:00,,syn-normal-hpo-102,syn-normal-hpo-102,,,,,0,10.0,164.46196547221095,62.932392998015445,33.577556413346215,1832.2465323647043,45.19166368857275,2852.737758953595,100.0,100.0,True,,synthetic_normal_hpo_search,sim_user,normal_hpo_search,gpu:1,normal_hpo_search
50.5,2026-01-01 00:00:50.500000+00:00,,syn-normal-hpo-102,syn-normal-hpo-102,,,,,0,10.0,163.56884008750424,55.148730619296714,30.274256426524204,1592.8001278566956,43.15548207758398,2629.384295645653,100.0,100.0,True,,synthetic_normal_hpo_search,sim_user,normal_hpo_search,gpu:1,normal_hpo_search
50.6,2026-01-01 00:00:50.600000+00:00,,syn-normal-hpo-102,syn-normal-hpo-102,,,,,0,10.0,161.72266663793644,56.121241282635125,27.17160596934228,1583.008787447125,43.365237150157064,2482.840557344182,100.0,100.0,True,,synthetic_normal_hpo_search,sim_user,normal_hpo_search,gpu:1,normal_hpo_search
50.7,2026-01-01 00:00:50.700000+00:00,,syn-normal-hpo-102,syn-normal-hpo-102,,,,,0,10.0,161.22499371230722,54.875318797411694,35.09933616016026,1594.1480062712783,43.193311932151744,2851.0632628197873,100.0,100.0,True,,synthetic_normal_hpo_search,sim_user,normal_hpo_search,gpu:1,normal_hpo_search
50.8,2026-01-01 00:00:50.800000+00:00,,syn-normal-hpo-102,syn-normal-hpo-102,,,,,0,10.0,162.5667870478316,55.14285966117917,29.919216021103416,1583.6015869533337,43.08580954988117,2615.5188042228274,100.0,100.0,True,,synthetic_normal_hpo_search,sim_user,normal_hpo_search,gpu:1,normal_hpo_search
50.9,2026-01-01 00:00:50.900000+00:00,,syn-normal-hpo-102,syn-normal-hpo-102,,,,,0,10.0,162.08209403319827,58.632236630809984,37.12140130529447,1689.9049976910867,44.241643867881244,2800.838727525975,100.0,100.0,True,,synthetic_normal_hpo_search,sim_user,normal_hpo_search,gpu:1,normal_hpo_search
51.0,2026-01-01 00:00:51+00:00,,syn-normal-hpo-102,syn-normal-hpo-102,,,,,0,10.0,160.97772763527348,53.5800407626359,37.871144577833434,1568.243039041374,43.162688186981306,3148.6636681537016,100.0,100.0,True,,synthetic_normal_hpo_search,sim_user,normal_hpo_search,gpu:1,normal_hpo_search
51.1,2026-01-01 00:00:51.100000+00:00,,syn-normal-hpo-102,syn-normal-hpo-102,,,,,0,10.0,160.61665547633407,57.22457180576829,35.473409323807964,1653.0422587334979,44.13828629083034,2819.935346844222,100.0,100.0,True,,synthetic_normal_hpo_search,sim_user,normal_hpo_search,gpu:1,normal_hpo_search
51.2,2026-01-01 00:00:51.200000+00:00,,syn-normal-hpo-102,syn-normal-hpo-102,,,,,0,10.0,159.97348854143445,56.55375373705651,36.61516740590586,1588.0867054983673,44.24639926356223,3048.3154618460603,100.0,100.0,True,,synthetic_normal_hpo_search,sim_user,normal_hpo_search,gpu:1,normal_hpo_search
51.3,2026-01-01 00:00:51.300000+00:00,,syn-normal-hpo-102,syn-normal-hpo-102,,,,,0,10.0,162.11917771741923,59.301615955487684,29.19877936686352,1667.2520067320806,45.10224514578544,2675.1024437989863,100.0,100.0,True,,synthetic_normal_hpo_search,sim_user,normal_hpo_search,gpu:1,normal_hpo_search
51.4,2026-01-01 00:00:51.400000+00:00,,syn-normal-hpo-102,syn-normal-hpo-102,,,,,0,10.0,161.92042701326616,53.584780117489565,25.1091215336387,1557.890092280465,43.15512361064292,2041.146240322861,100.0,100.0,True,,synthetic_normal_hpo_search,sim_user,normal_hpo_search,gpu:1,normal_hpo_search
51.5,2026-01-01 00:00:51.500000+00:00,,syn-normal-hpo-102,syn-normal-hpo-102,,,,,0,10.0,164.8908981597707,55.755577257285005,33.7061597805526,1663.8331863067774,43.66591882000183,2761.409954277817,100.0,100.0,True,,synthetic_normal_hpo_search,sim_user,normal_hpo_search,gpu:1,normal_hpo_search
51.6,2026-01-01 00:00:51.600000+00:00,,syn-normal-hpo-102,syn-normal-hpo-102,,,,,0,10.0,165.87747452079475,60.57924849485238,28.92709017775673,1648.6879396433815,45.05591239234221,2554.458365792027,100.0,100.0,True,,synthetic_normal_hpo_search,sim_user,normal_hpo_search,gpu:1,normal_hpo_search
51.7,2026-01-01 00:00:51.700000+00:00,,syn-normal-hpo-102,syn-normal-hpo-102,,,,,0,10.0,163.80302300611984,54.17270168191492,34.82895212261015,1567.5273804757824,43.051781598259076,2782.626553283134,100.0,100.0,True,,synthetic_normal_hpo_search,sim_user,normal_hpo_search,gpu:1,normal_hpo_search
51.8,2026-01-01 00:00:51.800000+00:00,,syn-normal-hpo-102,syn-normal-hpo-102,,,,,0,10.0,164.11480997382634,58.2671421385605,31.17533247151361,1640.4830933226203,44.2214026235145,2582.7281999491975,100.0,100.0,True,,synthetic_normal_hpo_search,sim_user,normal_hpo_search,gpu:1,normal_hpo_search
51.9,2026-01-01 00:00:51.900000+00:00,,syn-normal-hpo-102,syn-normal-hpo-102,,,,,0,10.0,165.23253294057656,60.58447266087917,41.18038000165412,1760.1642148584388,44.63576446384386,3237.4344773983858,100.0,100.0,True,,synthetic_normal_hpo_search,sim_user,normal_hpo_search,gpu:1,normal_hpo_search
52.0,2026-01-01 00:00:52+00:00,,syn-normal-hpo-102,syn-normal-hpo-102,,,,,0,10.0,165.2417480013512,55.30912718851989,31.70205411135194,1611.6578979232236,43.28199436822281,2606.4163415682488,100.0,100.0,True,,synthetic_normal_hpo_search,sim_user,normal_hpo_search,gpu:1,normal_hpo_search
52.1,2026-01-01 00:00:52.100000+00:00,,syn-normal-hpo-102,syn-normal-hpo-102,,,,,0,10.0,167.2208735199515,56.968987869643826,32.72120424085224,1624.9652942179196,43.400895262301766,2613.803499392981,100.0,100.0,True,,synthetic_normal_hpo_search,sim_user,normal_hpo_search,gpu:1,normal_hpo_search
52.2,2026-01-01 00:00:52.200000+00:00,,syn-normal-hpo-102,syn-normal-hpo-102,,,,,0,10.0,165.60734797223301,60.213317369228875,42.16293109202704,1650.3706022791935,44.16975725058495,3271.2438061620996,100.0,100.0,True,,synthetic_normal_hpo_search,sim_user,normal_hpo_search,gpu:1,normal_hpo_search
52.3,2026-01-01 00:00:52.300000+00:00,,syn-normal-hpo-102,syn-normal-hpo-102,,,,,0,10.0,166.3266639427396,56.2016618039609,35.41597512147808,1675.1014138954956,43.42776281639361,2939.4196035471587,100.0,100.0,True,,synthetic_normal_hpo_search,sim_user,normal_hpo_search,gpu:1,normal_hpo_search
52.4,2026-01-01 00:00:52.400000+00:00,,syn-normal-hpo-102,syn-normal-hpo-102,,,,,0,10.0,165.46994363988887,60.053787102469556,36.49332565329703,1735.9168387886798,44.77081110235963,2964.530948869758,100.0,100.0,True,,synthetic_normal_hpo_search,sim_user,normal_hpo_search,gpu:1,normal_hpo_search
52.5,2026-01-01 00:00:52.500000+00:00,,syn-normal-hpo-102,syn-normal-hpo-102,,,,,0,10.0,165.48169656459206,60.744042425932996,38.042676962681966,1737.1673072231624,44.832179554373695,3345.4122752329117,100.0,100.0,True,,synthetic_normal_hpo_search,sim_user,normal_hpo_search,gpu:1,normal_hpo_search
52.6,2026-01-01 00:00:52.600000+00:00,,syn-normal-hpo-102,syn-normal-hpo-102,,,,,0,10.0,166.6608548374894,58.925393672624224,30.17114443099882,1683.6267983359558,44.673798829030034,2725.1612858676085,100.0,100.0,True,,synthetic_normal_hpo_search,sim_user,normal_hpo_search,gpu:1,normal_hpo_search
52.7,2026-01-01 00:00:52.700000+00:00,,syn-normal-hpo-102,syn-normal-hpo-102,,,,,0,10.0,166.948763562305,58.79117276285317,27.311153870368557,1642.7544918202477,44.537470841339236,2321.1382403654766,100.0,100.0,True,,synthetic_normal_hpo_search,sim_user,normal_hpo_search,gpu:1,normal_hpo_search
52.8,2026-01-01 00:00:52.800000+00:00,,syn-normal-hpo-102,syn-normal-hpo-102,,,,,0,10.0,165.7740028450329,58.41656197041893,39.591351276468956,1656.4614380282178,44.41626029079089,3306.476015979706,100.0,100.0,True,,synthetic_normal_hpo_search,sim_user,normal_hpo_search,gpu:1,normal_hpo_search
52.9,2026-01-01 00:00:52.900000+00:00,,syn-normal-hpo-102,syn-normal-hpo-102,,,,,0,10.0,166.6019486712621,57.478884696275884,29.367390946951126,1674.057003336256,44.03229213621993,2609.4195252845448,100.0,100.0,True,,synthetic_normal_hpo_search,sim_user,normal_hpo_search,gpu:1,normal_hpo_search
53.0,2026-01-01 00:00:53+00:00,,syn-normal-hpo-102,syn-normal-hpo-102,,,,,0,10.0,164.88559849532888,59.75364335437226,32.8866603316608,1645.4479822775897,45.125769880176975,2760.6536314255127,100.0,100.0,True,,synthetic_normal_hpo_search,sim_user,normal_hpo_search,gpu:1,normal_hpo_search
53.1,2026-01-01 00:00:53.100000+00:00,,syn-normal-hpo-102,syn-normal-hpo-102,,,,,0,10.0,165.6173482915207,59.86100050755103,28.196140364692912,1707.41294275869,45.2302929989286,2332.3481975182262,100.0,100.0,True,,synthetic_normal_hpo_search,sim_user,normal_hpo_search,gpu:1,normal_hpo_search
53.2,2026-01-01 00:00:53.200000+00:00,,syn-normal-hpo-102,syn-normal-hpo-102,,,,,0,10.0,165.0881819600004,58.21919233896689,35.14549694989153,1636.537233503544,44.6446655955374,2861.540468198696,100.0,100.0,True,,synthetic_normal_hpo_search,sim_user,normal_hpo_search,gpu:1,normal_hpo_search
53.3,2026-01-01 00:00:53.300000+00:00,,syn-normal-hpo-102,syn-normal-hpo-102,,,,,0,10.0,164.79322285792398,58.71409215348821,25.189206857551014,1666.7775565339227,44.98125150294577,2263.048844983452,100.0,100.0,True,,synthetic_normal_hpo_search,sim_user,normal_hpo_search,gpu:1,normal_hpo_search
53.4,2026-01-01 00:00:53.400000+00:00,,syn-normal-hpo-102,syn-normal-hpo-102,,,,,0,10.0,162.9850618551952,54.656315559666915,30.114451826855632,1573.1252039782635,43.61761062004872,2583.6479636003633,100.0,100.0,True,,synthetic_normal_hpo_search,sim_user,normal_hpo_search,gpu:1,normal_hpo_search
53.5,2026-01-01 00:00:53.500000+00:00,,syn-normal-hpo-102,syn-normal-hpo-102,,,,,0,10.0,161.85077652056057,55.08016123373922,33.53157104035471,1610.770737742121,43.80108078670992,2948.3098472823517,100.0,100.0,True,,synthetic_normal_hpo_search,sim_user,normal_hpo_search,gpu:1,normal_hpo_search
53.6,2026-01-01 00:00:53.600000+00:00,,syn-normal-hpo-102,syn-normal-hpo-102,,,,,0,10.0,160.88230693473207,52.32210265211256,32.90454080478943,1586.4561602086462,43.14898392784241,2787.8865058856013,100.0,100.0,True,,synthetic_normal_hpo_search,sim_user,normal_hpo_search,gpu:1,normal_hpo_search
53.7,2026-01-01 00:00:53.700000+00:00,,syn-normal-hpo-102,syn-normal-hpo-102,,,,,0,10.0,162.13565732368994,55.908273292159414,34.986098556971875,1545.6927197420232,44.03131219529715,2752.120632145579,100.0,100.0,True,,synthetic_normal_hpo_search,sim_user,normal_hpo_search,gpu:1,normal_hpo_search
53.8,2026-01-01 00:00:53.800000+00:00,,syn-normal-hpo-102,syn-normal-hpo-102,,,,,0,10.0,160.7508390769161,58.26492408943511,30.933386153305502,1621.7272512476684,45.028216125395886,2698.2467221450243,100.0,100.0,True,,synthetic_normal_hpo_search,sim_user,normal_hpo_search,gpu:1,normal_hpo_search
53.9,2026-01-01 00:00:53.900000+00:00,,syn-normal-hpo-102,syn-normal-hpo-102,,,,,0,10.0,161.28079226804803,57.28735928677052,33.57308643708595,1673.3458257715577,44.909185957083025,2721.2671595675506,100.0,100.0,True,,synthetic_normal_hpo_search,sim_user,normal_hpo_search,gpu:1,normal_hpo_search
54.0,2026-01-01 00:00:54+00:00,,syn-normal-hpo-102,syn-normal-hpo-102,,,,,0,10.0,163.22635513724282,56.46368641514889,28.07464647640481,1602.6379424686972,44.71889480539523,2394.499943410726,100.0,100.0,True,,synthetic_normal_hpo_search,sim_user,normal_hpo_search,gpu:1,normal_hpo_search
54.1,2026-01-01 00:00:54.100000+00:00,,syn-normal-hpo-102,syn-normal-hpo-102,,,,,0,10.0,164.57002004120014,57.209030601990094,34.56989105914994,1648.0107939247014,44.87363435317106,3029.2213687681456,100.0,100.0,True,,synthetic_normal_hpo_search,sim_user,normal_hpo_search,gpu:1,normal_hpo_search
54.2,2026-01-01 00:00:54.200000+00:00,,syn-normal-hpo-102,syn-normal-hpo-102,,,,,0,10.0,165.20435601422452,57.423869872157816,37.19682106667802,1685.6723975653683,44.65948323164384,2868.3341447704233,100.0,100.0,True,,synthetic_normal_hpo_search,sim_user,normal_hpo_search,gpu:1,normal_hpo_search
54.3,2026-01-01 00:00:54.300000+00:00,,syn-normal-hpo-102,syn-normal-hpo-102,,,,,0,10.0,166.4100888818542,60.79123072765692,33.476310605543155,1688.2599840656517,45.661084848323696,2836.020233387524,100.0,100.0,True,,synthetic_normal_hpo_search,sim_user,normal_hpo_search,gpu:1,normal_hpo_search
54.4,2026-01-01 00:00:54.400000+00:00,,syn-normal-hpo-102,syn-normal-hpo-102,,,,,0,10.0,165.97364613663302,56.20640871081018,35.91871702016528,1613.3468204900469,44.15439563883721,3033.6147478428356,100.0,100.0,True,,synthetic_normal_hpo_search,sim_user,normal_hpo_search,gpu:1,normal_hpo_search
54.5,2026-01-01 00:00:54.500000+00:00,,syn-normal-hpo-102,syn-normal-hpo-102,,,,,0,10.0,165.7394984497385,60.85934315998991,35.23614038132416,1842.8998038757097,45.5132171185996,2980.6653736750904,100.0,100.0,True,,synthetic_normal_hpo_search,sim_user,normal_hpo_search,gpu:1,normal_hpo_search
54.6,2026-01-01 00:00:54.600000+00:00,,syn-normal-hpo-102,syn-normal-hpo-102,,,,,0,10.0,165.06946972622114,59.24771931201568,31.927713574195312,1711.4199516727372,45.22902688876411,2679.5142149494245,100.0,100.0,True,,synthetic_normal_hpo_search,sim_user,normal_hpo_search,gpu:1,normal_hpo_search
54.7,2026-01-01 00:00:54.700000+00:00,,syn-normal-hpo-102,syn-normal-hpo-102,,,,,0,10.0,164.9883677959291,55.21460281462797,31.927671339125776,1651.7614177243827,43.790164771007255,2699.9869888800204,100.0,100.0,True,,synthetic_normal_hpo_search,sim_user,normal_hpo_search,gpu:1,normal_hpo_search
54.8,2026-01-01 00:00:54.800000+00:00,,syn-normal-hpo-102,syn-normal-hpo-102,,,,,0,10.0,164.73579186552055,59.30743310611255,32.48685242493765,1715.4693040136826,44.672963662900266,2812.977422281539,100.0,100.0,True,,synthetic_normal_hpo_search,sim_user,normal_hpo_search,gpu:1,normal_hpo_search
54.9,2026-01-01 00:00:54.900000+00:00,,syn-normal-hpo-102,syn-normal-hpo-102,,,,,0,10.0,162.1044806361025,58.550415095907844,31.797026829034948,1658.6197764275548,44.51616028845226,2660.5763272340537,100.0,100.0,True,,synthetic_normal_hpo_search,sim_user,normal_hpo_search,gpu:1,normal_hpo_search
55.0,2026-01-01 00:00:55+00:00,,syn-normal-hpo-102,syn-normal-hpo-102,,,,,0,10.0,162.3695670140969,56.389991814131776,30.47088126077279,1626.9602174547933,43.91510471985976,2677.548888180067,100.0,100.0,True,,synthetic_normal_hpo_search,sim_user,normal_hpo_search,gpu:1,normal_hpo_search
55.1,2026-01-01 00:00:55.100000+00:00,,syn-normal-hpo-102,syn-normal-hpo-102,,,,,0,10.0,161.92563839638296,60.625624743301685,43.35586430725913,1693.4926051352995,44.98746231502584,3472.9050782035924,100.0,100.0,True,,synthetic_normal_hpo_search,sim_user,normal_hpo_search,gpu:1,normal_hpo_search
55.2,2026-01-01 00:00:55.200000+00:00,,syn-normal-hpo-102,syn-normal-hpo-102,,,,,0,10.0,162.28491870864508,55.586483707841865,28.73995854926445,1546.0649855037616,43.89250123881244,2396.2725977897876,100.0,100.0,True,,synthetic_normal_hpo_search,sim_user,normal_hpo_search,gpu:1,normal_hpo_search
55.3,2026-01-01 00:00:55.300000+00:00,,syn-normal-hpo-102,syn-normal-hpo-102,,,,,0,10.0,164.35753120417104,57.208101577792696,31.741049023276453,1604.9336291903146,44.45296015139955,2643.1005580809347,100.0,100.0,True,,synthetic_normal_hpo_search,sim_user,normal_hpo_search,gpu:1,normal_hpo_search
55.4,2026-01-01 00:00:55.400000+00:00,,syn-normal-hpo-102,syn-normal-hpo-102,,,,,0,10.0,164.60173300943075,58.497509925475306,37.13689815387333,1688.3307002620934,44.83615734377026,3125.2309793149,100.0,100.0,True,,synthetic_normal_hpo_search,sim_user,normal_hpo_search,gpu:1,normal_hpo_search
55.5,2026-01-01 00:00:55.500000+00:00,,syn-normal-hpo-102,syn-normal-hpo-102,,,,,0,10.0,165.95516616756436,59.612177274407834,30.282224317605326,1691.7332206730675,45.14829349539975,2474.2025572174875,100.0,100.0,True,,synthetic_normal_hpo_search,sim_user,normal_hpo_search,gpu:1,normal_hpo_search
55.6,2026-01-01 00:00:55.600000+00:00,,syn-normal-hpo-102,syn-normal-hpo-102,,,,,0,10.0,165.97467479002572,58.24411944603071,31.54912201912361,1691.0223799745372,44.9560673093282,2621.330564239989,100.0,100.0,True,,synthetic_normal_hpo_search,sim_user,normal_hpo_search,gpu:1,normal_hpo_search
55.7,2026-01-01 00:00:55.700000+00:00,,syn-normal-hpo-102,syn-normal-hpo-102,,,,,0,10.0,165.09099741288222,60.090787055354795,36.136689416170114,1730.4976999216253,45.60310440994804,2954.7232810434407,100.0,100.0,True,,synthetic_normal_hpo_search,sim_user,normal_hpo_search,gpu:1,normal_hpo_search
55.8,2026-01-01 00:00:55.800000+00:00,,syn-normal-hpo-102,syn-normal-hpo-102,,,,,0,10.0,165.70648444005747,57.28185876035125,29.897569750214842,1619.376085649229,44.57320793193568,2596.921939862943,100.0,100.0,True,,synthetic_normal_hpo_search,sim_user,normal_hpo_search,gpu:1,normal_hpo_search
55.9,2026-01-01 00:00:55.900000+00:00,,syn-normal-hpo-102,syn-normal-hpo-102,,,,,0,10.0,165.08533034285432,59.289303696594985,32.63986220671715,1745.9694431914986,45.347872784617664,2797.231858713305,100.0,100.0,True,,synthetic_normal_hpo_search,sim_user,normal_hpo_search,gpu:1,normal_hpo_search
56.0,2026-01-01 00:00:56+00:00,,syn-normal-hpo-102,syn-normal-hpo-102,,,,,0,10.0,163.8215556887064,57.48738764166867,29.278221684479647,1667.1401895298009,44.69086499452655,2478.448723244606,100.0,100.0,True,,synthetic_normal_hpo_search,sim_user,normal_hpo_search,gpu:1,normal_hpo_search
56.1,2026-01-01 00:00:56.100000+00:00,,syn-normal-hpo-102,syn-normal-hpo-102,,,,,0,10.0,164.4843190848388,58.072291694113204,29.89633884162464,1671.3591979426105,44.50210649305592,2727.6667336170603,100.0,100.0,True,,synthetic_normal_hpo_search,sim_user,normal_hpo_search,gpu:1,normal_hpo_search
56.2,2026-01-01 00:00:56.200000+00:00,,syn-normal-hpo-102,syn-normal-hpo-102,,,,,0,10.0,163.96491543254118,55.867640915201875,27.617888416671665,1646.2682378423901,43.89197758954361,2341.2273825379,100.0,100.0,True,,synthetic_normal_hpo_search,sim_user,normal_hpo_search,gpu:1,normal_hpo_search
56.3,2026-01-01 00:00:56.300000+00:00,,syn-normal-hpo-102,syn-normal-hpo-102,,,,,0,10.0,164.68356094789254,57.86508045461165,24.709603165800786,1648.121945476902,44.34881594247605,2141.998335920333,100.0,100.0,True,,synthetic_normal_hpo_search,sim_user,normal_hpo_search,gpu:1,normal_hpo_search
56.4,2026-01-01 00:00:56.400000+00:00,,syn-normal-hpo-102,syn-normal-hpo-102,,,,,0,10.0,162.78290829124325,54.333166370689334,32.70159763638939,1574.0091999467209,43.36172856188802,2816.6237552543016,100.0,100.0,True,,synthetic_normal_hpo_search,sim_user,normal_hpo_search,gpu:1,normal_hpo_search
56.5,2026-01-01 00:00:56.500000+00:00,,syn-normal-hpo-102,syn-normal-hpo-102,,,,,0,10.0,163.33030300392474,54.68278927134829,29.381755549803568,1630.5550256511726,43.21013425971059,2544.728164656593,100.0,100.0,True,,synthetic_normal_hpo_search,sim_user,normal_hpo_search,gpu:1,normal_hpo_search
56.6,2026-01-01 00:00:56.600000+00:00,,syn-normal-hpo-102,syn-normal-hpo-102,,,,,0,10.0,164.32234902350552,57.61838638681027,29.495068331023212,1669.7725942199427,44.023118085063665,2359.1743762554456,100.0,100.0,True,,synthetic_normal_hpo_search,sim_user,normal_hpo_search,gpu:1,normal_hpo_search
56.7,2026-01-01 00:00:56.700000+00:00,,syn-normal-hpo-102,syn-normal-hpo-102,,,,,0,10.0,163.9899370087519,59.446800385104574,27.805939608518635,1626.727147793405,44.71404813280358,2312.6484615665086,100.0,100.0,True,,synthetic_normal_hpo_search,sim_user,normal_hpo_search,gpu:1,normal_hpo_search
56.8,2026-01-01 00:00:56.800000+00:00,,syn-normal-hpo-102,syn-normal-hpo-102,,,,,0,10.0,163.29444507909082,55.48999587822346,27.729284107035873,1590.4336377053394,43.26375873517111,2293.325218997433,100.0,100.0,True,,synthetic_normal_hpo_search,sim_user,normal_hpo_search,gpu:1,normal_hpo_search
56.9,2026-01-01 00:00:56.900000+00:00,,syn-normal-hpo-102,syn-normal-hpo-102,,,,,0,10.0,164.74771731238118,59.03323918457361,30.35291409121731,1640.518215117773,44.17395104584429,2567.6594829087526,100.0,100.0,True,,synthetic_normal_hpo_search,sim_user,normal_hpo_search,gpu:1,normal_hpo_search
57.0,2026-01-01 00:00:57+00:00,,syn-normal-hpo-102,syn-normal-hpo-102,,,,,0,10.0,164.5694707887632,62.48230512804667,24.669082961375025,1722.0420402038365,45.369854288569535,2277.1126860956088,100.0,100.0,True,,synthetic_normal_hpo_search,sim_user,normal_hpo_search,gpu:1,normal_hpo_search
57.1,2026-01-01 00:00:57.100000+00:00,,syn-normal-hpo-102,syn-normal-hpo-102,,,,,0,10.0,164.54907014683207,59.11382157245785,35.27149613211693,1714.532625772948,44.25302855203955,2893.326285074536,100.0,100.0,True,,synthetic_normal_hpo_search,sim_user,normal_hpo_search,gpu:1,normal_hpo_search
57.2,2026-01-01 00:00:57.200000+00:00,,syn-normal-hpo-102,syn-normal-hpo-102,,,,,0,10.0,164.35941524552624,59.168630638745235,31.321607676160717,1727.834438685414,44.45491572622803,2561.9947652725195,100.0,100.0,True,,synthetic_normal_hpo_search,sim_user,normal_hpo_search,gpu:1,normal_hpo_search
57.3,2026-01-01 00:00:57.300000+00:00,,syn-normal-hpo-102,syn-normal-hpo-102,,,,,0,10.0,164.17173369706813,57.57609146349095,27.122831424042932,1668.8297947287954,43.974869076397766,2360.2286770743244,100.0,100.0,True,,synthetic_normal_hpo_search,sim_user,normal_hpo_search,gpu:1,normal_hpo_search
57.4,2026-01-01 00:00:57.400000+00:00,,syn-normal-hpo-102,syn-normal-hpo-102,,,,,0,10.0,164.97815835165653,54.32967445479147,28.00552490231963,1494.6619525501899,43.043529370268864,2344.6502112598796,100.0,100.0,True,,synthetic_normal_hpo_search,sim_user,normal_hpo_search,gpu:1,normal_hpo_search
57.5,2026-01-01 00:00:57.500000+00:00,,syn-normal-hpo-102,syn-normal-hpo-102,,,,,0,10.0,163.9768576369001,56.9597020489192,30.06837346562928,1645.4265127061592,43.830807554412196,2693.21349145003,100.0,100.0,True,,synthetic_normal_hpo_search,sim_user,normal_hpo_search,gpu:1,normal_hpo_search
57.6,2026-01-01 00:00:57.600000+00:00,,syn-normal-hpo-102,syn-normal-hpo-102,,,,,0,10.0,164.65263341787647,58.192144739606654,33.34355514334564,1604.5785119861441,44.182290486963126,2819.967503190028,100.0,100.0,True,,synthetic_normal_hpo_search,sim_user,normal_hpo_search,gpu:1,normal_hpo_search
57.7,2026-01-01 00:00:57.700000+00:00,,syn-normal-hpo-102,syn-normal-hpo-102,,,,,0,10.0,34.01727695172766,5.970660939422576,1.537839115051269,341.56802637082666,29.62611129262217,619.4764886995846,100.0,100.0,True,,synthetic_normal_hpo_search,sim_user,normal_hpo_search,gpu:1,normal_hpo_search
57.8,2026-01-01 00:00:57.800000+00:00,,syn-normal-hpo-102,syn-normal-hpo-102,,,,,0,10.0,33.956118184437955,8.550125954828642,8.31553197846746,504.76622418778584,30.942145655980553,1102.7994309563633,100.0,100.0,True,,synthetic_normal_hpo_search,sim_user,normal_hpo_search,gpu:1,normal_hpo_search
57.9,2026-01-01 00:00:57.900000+00:00,,syn-normal-hpo-102,syn-normal-hpo-102,,,,,0,10.0,34.1183683451122,6.776983358373066,0.7239881720246282,351.75857230156475,30.447129622626065,568.9120489091378,100.0,100.0,True,,synthetic_normal_hpo_search,sim_user,normal_hpo_search,gpu:1,normal_hpo_search
58.0,2026-01-01 00:00:58+00:00,,syn-normal-hpo-102,syn-normal-hpo-102,,,,,0,10.0,34.39945694908641,10.04045364921131,7.974685516044779,418.4718525834701,31.444061530212505,1153.2098098717076,100.0,100.0,True,,synthetic_normal_hpo_search,sim_user,normal_hpo_search,gpu:1,normal_hpo_search
58.1,2026-01-01 00:00:58.100000+00:00,,syn-normal-hpo-102,syn-normal-hpo-102,,,,,0,10.0,32.567849217999346,7.873350229868973,2.0676353686871214,420.2294070163297,30.81444122905766,608.8314274604971,100.0,100.0,True,,synthetic_normal_hpo_search,sim_user,normal_hpo_search,gpu:1,normal_hpo_search
58.2,2026-01-01 00:00:58.200000+00:00,,syn-normal-hpo-102,syn-normal-hpo-102,,,,,0,10.0,34.532304106755355,8.909364458758501,3.273126251711549,482.04381104856816,31.197361630305743,639.4782377039983,100.0,100.0,True,,synthetic_normal_hpo_search,sim_user,normal_hpo_search,gpu:1,normal_hpo_search
58.3,2026-01-01 00:00:58.300000+00:00,,syn-normal-hpo-102,syn-normal-hpo-102,,,,,0,10.0,33.594257639021116,8.852191418855703,7.368232981386122,408.4502045297989,31.091121500782656,828.890313980271,100.0,100.0,True,,synthetic_normal_hpo_search,sim_user,normal_hpo_search,gpu:1,normal_hpo_search
58.4,2026-01-01 00:00:58.400000+00:00,,syn-normal-hpo-102,syn-normal-hpo-102,,,,,0,10.0,32.39052438881599,7.291039363138458,5.287852750361094,334.7714287576487,30.20561980006534,860.363290079795,100.0,100.0,True,,synthetic_normal_hpo_search,sim_user,normal_hpo_search,gpu:1,normal_hpo_search
58.5,2026-01-01 00:00:58.500000+00:00,,syn-normal-hpo-102,syn-normal-hpo-102,,,,,0,10.0,33.70061864615571,11.261331531940536,5.249272921476077,507.1388066275602,31.099467362799068,831.2309289235817,100.0,100.0,True,,synthetic_normal_hpo_search,sim_user,normal_hpo_search,gpu:1,normal_hpo_search
58.6,2026-01-01 00:00:58.600000+00:00,,syn-normal-hpo-102,syn-normal-hpo-102,,,,,0,10.0,34.02966507459907,6.019283096903807,5.122836982149812,346.1607040781567,29.746738092574795,780.0263708535687,100.0,100.0,True,,synthetic_normal_hpo_search,sim_user,normal_hpo_search,gpu:1,normal_hpo_search
58.7,2026-01-01 00:00:58.700000+00:00,,syn-normal-hpo-102,syn-normal-hpo-102,,,,,0,10.0,34.39054844618767,6.727646198758742,1.801169601319749,395.3415168847302,29.663918886562872,534.1148465081355,100.0,100.0,True,,synthetic_normal_hpo_search,sim_user,normal_hpo_search,gpu:1,normal_hpo_search
58.8,2026-01-01 00:00:58.800000+00:00,,syn-normal-hpo-102,syn-normal-hpo-102,,,,,0,10.0,33.72597437837877,8.012077401639415,0.29488971114683515,418.67424956649836,29.947704829786993,512.2554906131382,100.0,100.0,True,,synthetic_normal_hpo_search,sim_user,normal_hpo_search,gpu:1,normal_hpo_search
58.9,2026-01-01 00:00:58.900000+00:00,,syn-normal-hpo-102,syn-normal-hpo-102,,,,,0,10.0,178.48108826597687,63.629632563328464,38.913312598622625,1824.3466957921387,45.38339939805957,3292.6976997059205,100.0,100.0,True,,synthetic_normal_hpo_search,sim_user,normal_hpo_search,gpu:1,normal_hpo_search
59.0,2026-01-01 00:00:59+00:00,,syn-normal-hpo-102,syn-normal-hpo-102,,,,,0,10.0,181.31055295581783,61.795467160540525,33.78193250254818,1803.6770527897447,44.8858468398579,2821.1023119447964,100.0,100.0,True,,synthetic_normal_hpo_search,sim_user,normal_hpo_search,gpu:1,normal_hpo_search
59.1,2026-01-01 00:00:59.100000+00:00,,syn-normal-hpo-102,syn-normal-hpo-102,,,,,0,10.0,178.48370592550623,65.33765743361604,27.445936301428,1843.8218573929712,46.16458044654528,2404.814446737152,100.0,100.0,True,,synthetic_normal_hpo_search,sim_user,normal_hpo_search,gpu:1,normal_hpo_search
59.2,2026-01-01 00:00:59.200000+00:00,,syn-normal-hpo-102,syn-normal-hpo-102,,,,,0,10.0,179.42215462382507,63.336747141233964,35.09706258053214,1839.898294084999,45.92363832182527,2926.1884626713345,100.0,100.0,True,,synthetic_normal_hpo_search,sim_user,normal_hpo_search,gpu:1,normal_hpo_search
59.3,2026-01-01 00:00:59.300000+00:00,,syn-normal-hpo-102,syn-normal-hpo-102,,,,,0,10.0,180.4054282725008,65.39584685717453,34.531922355125786,1893.777004272597,46.76430381261996,2889.1273541706582,100.0,100.0,True,,synthetic_normal_hpo_search,sim_user,normal_hpo_search,gpu:1,normal_hpo_search
59.4,2026-01-01 00:00:59.400000+00:00,,syn-normal-hpo-102,syn-normal-hpo-102,,,,,0,10.0,178.70010487748098,62.321925408672996,37.39081229510337,1754.172904183126,46.29303315856315,3010.7974520036823,100.0,100.0,True,,synthetic_normal_hpo_search,sim_user,normal_hpo_search,gpu:1,normal_hpo_search
59.5,2026-01-01 00:00:59.500000+00:00,,syn-normal-hpo-102,syn-normal-hpo-102,,,,,0,10.0,179.0659684630058,62.602034316947474,34.35844408049915,1754.1568453597877,46.48000057213454,2942.2634363166694,100.0,100.0,True,,synthetic_normal_hpo_search,sim_user,normal_hpo_search,gpu:1,normal_hpo_search
59.6,2026-01-01 00:00:59.600000+00:00,,syn-normal-hpo-102,syn-normal-hpo-102,,,,,0,10.0,178.3052902930436,63.88283430162566,39.87605911587299,1828.0841515624772,46.89334565966234,3193.0941697069566,100.0,100.0,True,,synthetic_normal_hpo_search,sim_user,normal_hpo_search,gpu:1,normal_hpo_search
59.7,2026-01-01 00:00:59.700000+00:00,,syn-normal-hpo-102,syn-normal-hpo-102,,,,,0,10.0,177.00046034813036,61.942890065662844,37.10026113981131,1723.6819837680985,46.081440236590296,3082.855584088482,100.0,100.0,True,,synthetic_normal_hpo_search,sim_user,normal_hpo_search,gpu:1,normal_hpo_search
59.8,2026-01-01 00:00:59.800000+00:00,,syn-normal-hpo-102,syn-normal-hpo-102,,,,,0,10.0,175.87574935904726,61.070483912056176,25.78534516048002,1731.6220724887637,45.824585595677334,2314.606678412189,100.0,100.0,True,,synthetic_normal_hpo_search,sim_user,normal_hpo_search,gpu:1,normal_hpo_search
59.9,2026-01-01 00:00:59.900000+00:00,,syn-normal-hpo-102,syn-normal-hpo-102,,,,,0,10.0,175.17864097055173,62.72516969799565,42.076311075433914,1758.1930331882622,46.23270354234247,3263.9407010683594,100.0,100.0,True,,synthetic_normal_hpo_search,sim_user,normal_hpo_search,gpu:1,normal_hpo_search
60.0,2026-01-01 00:01:00+00:00,,syn-normal-hpo-102,syn-normal-hpo-102,,,,,0,10.0,177.40364447911557,64.52441213908997,37.25352427068219,1833.2517898605147,46.26255922233662,3166.336518450123,100.0,100.0,True,,synthetic_normal_hpo_search,sim_user,normal_hpo_search,gpu:1,normal_hpo_search
60.1,2026-01-01 00:01:00.100000+00:00,,syn-normal-hpo-102,syn-normal-hpo-102,,,,,0,10.0,178.664040267682,63.001521765557435,36.57337071323799,1769.967181587205,45.74437764603742,3109.7883134066406,100.0,100.0,True,,synthetic_normal_hpo_search,sim_user,normal_hpo_search,gpu:1,normal_hpo_search
60.2,2026-01-01 00:01:00.200000+00:00,,syn-normal-hpo-102,syn-normal-hpo-102,,,,,0,10.0,179.4365941099969,64.59938107804098,41.935937251298384,1744.5261154581096,46.141453451601144,3339.9751748839603,100.0,100.0,True,,synthetic_normal_hpo_search,sim_user,normal_hpo_search,gpu:1,normal_hpo_search
60.3,2026-01-01 00:01:00.300000+00:00,,syn-normal-hpo-102,syn-normal-hpo-102,,,,,0,10.0,178.70857556994721,61.902874648077166,31.60309600248066,1814.7878486782695,45.38655935648433,2735.321260758916,100.0,100.0,True,,synthetic_normal_hpo_search,sim_user,normal_hpo_search,gpu:1,normal_hpo_search
60.4,2026-01-01 00:01:00.400000+00:00,,syn-normal-hpo-102,syn-normal-hpo-102,,,,,0,10.0,178.9597820494192,64.37596520349497,35.23315413953441,1757.4006983250847,45.715477579946416,2856.473348071241,100.0,100.0,True,,synthetic_normal_hpo_search,sim_user,normal_hpo_search,gpu:1,normal_hpo_search
60.5,2026-01-01 00:01:00.500000+00:00,,syn-normal-hpo-102,syn-normal-hpo-102,,,,,0,10.0,176.86753077071822,61.08120651933589,29.402950040117688,1780.6459412096801,44.78166782088034,2588.466050317403,100.0,100.0,True,,synthetic_normal_hpo_search,sim_user,normal_hpo_search,gpu:1,normal_hpo_search
60.6,2026-01-01 00:01:00.600000+00:00,,syn-normal-hpo-102,syn-normal-hpo-102,,,,,0,10.0,177.69710851638945,63.72925177782253,40.23001401307444,1838.3191524904269,45.7736472142904,3195.072496750329,100.0,100.0,True,,synthetic_normal_hpo_search,sim_user,normal_hpo_search,gpu:1,normal_hpo_search
60.7,2026-01-01 00:01:00.700000+00:00,,syn-normal-hpo-102,syn-normal-hpo-102,,,,,0,10.0,176.04177747001907,60.41348297963477,36.97047967130919,1809.1817980112364,44.93043498687396,2939.0109234288366,100.0,100.0,True,,synthetic_normal_hpo_search,sim_user,normal_hpo_search,gpu:1,normal_hpo_search
60.8,2026-01-01 00:01:00.800000+00:00,,syn-normal-hpo-102,syn-normal-hpo-102,,,,,0,10.0,174.30438717544274,62.253915518554585,38.75194466159715,1762.7088209738329,45.397071036145675,3131.636294347103,100.0,100.0,True,,synthetic_normal_hpo_search,sim_user,normal_hpo_search,gpu:1,normal_hpo_search
60.9,2026-01-01 00:01:00.900000+00:00,,syn-normal-hpo-102,syn-normal-hpo-102,,,,,0,10.0,172.41558164652992,62.98584933152658,27.532018047742213,1774.2013584250087,45.65442972811187,2222.765214491955,100.0,100.0,True,,synthetic_normal_hpo_search,sim_user,normal_hpo_search,gpu:1,normal_hpo_search
61.0,2026-01-01 00:01:01+00:00,,syn-normal-hpo-102,syn-normal-hpo-102,,,,,0,10.0,169.6352709793151,60.18826533561884,24.71042177233776,1772.5527325253258,44.830284589301705,2086.851950923246,100.0,100.0,True,,synthetic_normal_hpo_search,sim_user,normal_hpo_search,gpu:1,normal_hpo_search
61.1,2026-01-01 00:01:01.100000+00:00,,syn-normal-hpo-102,syn-normal-hpo-102,,,,,0,10.0,169.97755633265848,56.868351835130454,32.84966508122867,1592.4897242549507,44.036752924442105,2670.2958442461363,100.0,100.0,True,,synthetic_normal_hpo_search,sim_user,normal_hpo_search,gpu:1,normal_hpo_search
61.2,2026-01-01 00:01:01.200000+00:00,,syn-normal-hpo-102,syn-normal-hpo-102,,,,,0,10.0,169.21932341293362,62.70145539680462,42.70827399620461,1790.8983924532586,45.68249626476521,3649.556323371145,100.0,100.0,True,,synthetic_normal_hpo_search,sim_user,normal_hpo_search,gpu:1,normal_hpo_search
61.3,2026-01-01 00:01:01.300000+00:00,,syn-normal-hpo-102,syn-normal-hpo-102,,,,,0,10.0,168.19391362077403,58.156714834358475,34.83672991361006,1621.00049130711,44.671039625307294,2810.1711028649106,100.0,100.0,True,,synthetic_normal_hpo_search,sim_user,normal_hpo_search,gpu:1,normal_hpo_search
61.4,2026-01-01 00:01:01.400000+00:00,,syn-normal-hpo-102,syn-normal-hpo-102,,,,,0,10.0,170.42237025325844,55.91309971907881,30.807471490626668,1608.5179784818954,44.00721738150622,2429.807418612765,100.0,100.0,True,,synthetic_normal_hpo_search,sim_user,normal_hpo_search,gpu:1,normal_hpo_search
61.5,2026-01-01 00:01:01.500000+00:00,,syn-normal-hpo-102,syn-normal-hpo-102,,,,,0,10.0,170.3495769689434,63.872879360001036,35.31524900707938,1774.202025775053,46.3033036640433,2942.634752046731,100.0,100.0,True,,synthetic_normal_hpo_search,sim_user,normal_hpo_search,gpu:1,normal_hpo_search
61.6,2026-01-01 00:01:01.600000+00:00,,syn-normal-hpo-102,syn-normal-hpo-102,,,,,0,10.0,172.5250589611103,59.81173012678869,27.206308123711974,1753.512566355203,45.17154927698398,2280.5975088475675,100.0,100.0,True,,synthetic_normal_hpo_search,sim_user,normal_hpo_search,gpu:1,normal_hpo_search
61.7,2026-01-01 00:01:01.700000+00:00,,syn-normal-hpo-102,syn-normal-hpo-102,,,,,0,10.0,173.52632808893824,62.768967540895574,39.2445695111354,1781.6638897248163,45.66180560627531,3243.024042797548,100.0,100.0,True,,synthetic_normal_hpo_search,sim_user,normal_hpo_search,gpu:1,normal_hpo_search
61.8,2026-01-01 00:01:01.800000+00:00,,syn-normal-hpo-102,syn-normal-hpo-102,,,,,0,10.0,176.38526172820866,63.005531558626764,33.603190768971174,1808.1902553641503,45.81483239573943,2777.48611090529,100.0,100.0,True,,synthetic_normal_hpo_search,sim_user,normal_hpo_search,gpu:1,normal_hpo_search
61.9,2026-01-01 00:01:01.900000+00:00,,syn-normal-hpo-102,syn-normal-hpo-102,,,,,0,10.0,178.16515431109804,66.95666907813566,35.0400706657478,1875.243852360362,47.15919000896704,2819.606327868505,100.0,100.0,True,,synthetic_normal_hpo_search,sim_user,normal_hpo_search,gpu:1,normal_hpo_search
62.0,2026-01-01 00:01:02+00:00,,syn-normal-hpo-102,syn-normal-hpo-102,,,,,0,10.0,176.96935120449436,65.90296986790031,35.7570000103323,1867.8767033724187,46.79709468057349,3084.339766643295,100.0,100.0,True,,synthetic_normal_hpo_search,sim_user,normal_hpo_search,gpu:1,normal_hpo_search
62.1,2026-01-01 00:01:02.100000+00:00,,syn-normal-hpo-102,syn-normal-hpo-102,,,,,0,10.0,178.29848254883106,59.80598596069021,30.050107516755496,1678.7355370834111,44.76792976697018,2573.6266082616444,100.0,100.0,True,,synthetic_normal_hpo_search,sim_user,normal_hpo_search,gpu:1,normal_hpo_search
62.2,2026-01-01 00:01:02.200000+00:00,,syn-normal-hpo-102,syn-normal-hpo-102,,,,,0,10.0,180.5301325245353,64.97617291239577,30.1201442863231,1800.5004937825465,46.22157516912417,2739.8766902354696,100.0,100.0,True,,synthetic_normal_hpo_search,sim_user,normal_hpo_search,gpu:1,normal_hpo_search
62.3,2026-01-01 00:01:02.300000+00:00,,syn-normal-hpo-102,syn-normal-hpo-102,,,,,0,10.0,179.293415895605,61.51097815430826,31.522970968607414,1750.3471472558865,45.304752548319335,2663.3564389909798,100.0,100.0,True,,synthetic_normal_hpo_search,sim_user,normal_hpo_search,gpu:1,normal_hpo_search
62.4,2026-01-01 00:01:02.400000+00:00,,syn-normal-hpo-102,syn-normal-hpo-102,,,,,0,10.0,178.67943487439936,63.21487758033749,35.68138418650624,1733.5294586487926,45.64590128251552,2848.0028497013154,100.0,100.0,True,,synthetic_normal_hpo_search,sim_user,normal_hpo_search,gpu:1,normal_hpo_search
62.5,2026-01-01 00:01:02.500000+00:00,,syn-normal-hpo-102,syn-normal-hpo-102,,,,,0,10.0,175.90083329143565,61.923241101173154,31.482332100361546,1762.5383068558872,45.66150761016656,2608.3683657845177,100.0,100.0,True,,synthetic_normal_hpo_search,sim_user,normal_hpo_search,gpu:1,normal_hpo_search
62.6,2026-01-01 00:01:02.600000+00:00,,syn-normal-hpo-102,syn-normal-hpo-102,,,,,0,10.0,175.74300330599408,61.90340530906577,31.89167608571694,1806.3323169914281,46.102209186318554,2663.618458902196,100.0,100.0,True,,synthetic_normal_hpo_search,sim_user,normal_hpo_search,gpu:1,normal_hpo_search
62.7,2026-01-01 00:01:02.700000+00:00,,syn-normal-hpo-102,syn-normal-hpo-102,,,,,0,10.0,174.82619465763767,59.47466764885376,37.44089280802445,1674.1416012018997,45.274569884812216,3161.1775403384895,100.0,100.0,True,,synthetic_normal_hpo_search,sim_user,normal_hpo_search,gpu:1,normal_hpo_search
62.8,2026-01-01 00:01:02.800000+00:00,,syn-normal-hpo-102,syn-normal-hpo-102,,,,,0,10.0,175.08112745723093,63.24909286298765,38.85076501033902,1819.5034075508386,46.349694381061305,3002.113599163665,100.0,100.0,True,,synthetic_normal_hpo_search,sim_user,normal_hpo_search,gpu:1,normal_hpo_search
62.9,2026-01-01 00:01:02.900000+00:00,,syn-normal-hpo-102,syn-normal-hpo-102,,,,,0,10.0,175.85650856399735,63.909774884918356,35.076617520008824,1740.9190439929441,46.33583313427456,2941.92252924315,100.0,100.0,True,,synthetic_normal_hpo_search,sim_user,normal_hpo_search,gpu:1,normal_hpo_search
63.0,2026-01-01 00:01:03+00:00,,syn-normal-hpo-102,syn-normal-hpo-102,,,,,0,10.0,174.82627357187047,63.48712298964539,35.7371644034457,1830.8694143673424,46.30782259796245,3169.092755883327,100.0,100.0,True,,synthetic_normal_hpo_search,sim_user,normal_hpo_search,gpu:1,normal_hpo_search
63.1,2026-01-01 00:01:03.100000+00:00,,syn-normal-hpo-102,syn-normal-hpo-102,,,,,0,10.0,173.67711650358117,65.19670399835596,46.59601635029681,1877.8915522628185,46.886670870636124,3919.138575735165,100.0,100.0,True,,synthetic_normal_hpo_search,sim_user,normal_hpo_search,gpu:1,normal_hpo_search
63.2,2026-01-01 00:01:03.200000+00:00,,syn-normal-hpo-102,syn-normal-hpo-102,,,,,0,10.0,174.71547551594688,61.50211623156975,24.316818889791268,1743.0853868373315,45.58008416442582,2059.97151634309,100.0,100.0,True,,synthetic_normal_hpo_search,sim_user,normal_hpo_search,gpu:1,normal_hpo_search
63.3,2026-01-01 00:01:03.300000+00:00,,syn-normal-hpo-102,syn-normal-hpo-102,,,,,0,10.0,33.093952510652436,6.016136135742601,15.698862591487813,364.6516730123514,29.69932046305171,1450.2188792996374,100.0,100.0,True,,synthetic_normal_hpo_search,sim_user,normal_hpo_search,gpu:1,normal_hpo_search
63.4,2026-01-01 00:01:03.400000+00:00,,syn-normal-hpo-102,syn-normal-hpo-102,,,,,0,10.0,34.935681237098315,8.69104155291365,7.850669668296074,400.4476838995004,30.23985551574784,982.4865362381239,100.0,100.0,True,,synthetic_normal_hpo_search,sim_user,normal_hpo_search,gpu:1,normal_hpo_search
63.5,2026-01-01 00:01:03.500000+00:00,,syn-normal-hpo-102,syn-normal-hpo-102,,,,,0,10.0,36.11045393809535,3.9069953169163174,0.635961002069986,295.04452890525437,28.776757137745395,479.74039876424166,100.0,100.0,True,,synthetic_normal_hpo_search,sim_user,normal_hpo_search,gpu:1,normal_hpo_search
63.6,2026-01-01 00:01:03.600000+00:00,,syn-normal-hpo-102,syn-normal-hpo-102,,,,,0,10.0,34.7895585887616,7.898158822239246,1.888023445132558,409.39890270877737,30.115312136184507,349.65572140910524,100.0,100.0,True,,synthetic_normal_hpo_search,sim_user,normal_hpo_search,gpu:1,normal_hpo_search
63.7,2026-01-01 00:01:03.700000+00:00,,syn-normal-hpo-102,syn-normal-hpo-102,,,,,0,10.0,33.86751906553775,5.632363932975355,0.0,345.4991039748596,29.06967361192225,702.8419264862885,100.0,100.0,True,,synthetic_normal_hpo_search,sim_user,normal_hpo_search,gpu:1,normal_hpo_search
63.8,2026-01-01 00:01:03.800000+00:00,,syn-normal-hpo-102,syn-normal-hpo-102,,,,,0,10.0,33.96094598574994,5.848154197775825,0.053623611054837816,369.1315422832799,29.238159928656977,365.5241010780343,100.0,100.0,True,,synthetic_normal_hpo_search,sim_user,normal_hpo_search,gpu:1,normal_hpo_search
63.9,2026-01-01 00:01:03.900000+00:00,,syn-normal-hpo-102,syn-normal-hpo-102,,,,,0,10.0,34.78545859750308,5.7926569733332105,2.1288817484541855,309.1237654019672,29.240171241046436,459.1035663832913,100.0,100.0,True,,synthetic_normal_hpo_search,sim_user,normal_hpo_search,gpu:1,normal_hpo_search
64.0,2026-01-01 00:01:04+00:00,,syn-normal-hpo-102,syn-normal-hpo-102,,,,,0,10.0,35.012545815142694,6.021576149892288,8.749565463806116,432.7380762135615,29.150846340176493,1136.8402184923318,100.0,100.0,True,,synthetic_normal_hpo_search,sim_user,normal_hpo_search,gpu:1,normal_hpo_search
64.1,2026-01-01 00:01:04.100000+00:00,,syn-normal-hpo-102,syn-normal-hpo-102,,,,,0,10.0,33.68942466973396,8.451602962045595,7.99623015378949,402.7158138384106,29.99524255271841,1107.1692292941077,100.0,100.0,True,,synthetic_normal_hpo_search,sim_user,normal_hpo_search,gpu:1,normal_hpo_search
64.2,2026-01-01 00:01:04.200000+00:00,,syn-normal-hpo-102,syn-normal-hpo-102,,,,,0,10.0,31.683824078558104,3.771955918347893,2.065028158895029,214.48383821670578,29.082684162887073,605.9256961953638,100.0,100.0,True,,synthetic_normal_hpo_search,sim_user,normal_hpo_search,gpu:1,normal_hpo_search
64.3,2026-01-01 00:01:04.300000+00:00,,syn-normal-hpo-102,syn-normal-hpo-102,,,,,0,10.0,29.310187382410156,4.236977056995198,8.323720730776838,328.94005408188747,28.956313195911758,1013.5435676676699,100.0,100.0,True,,synthetic_normal_hpo_search,sim_user,normal_hpo_search,gpu:1,normal_hpo_search
64.4,2026-01-01 00:01:04.400000+00:00,,syn-normal-hpo-102,syn-normal-hpo-102,,,,,0,10.0,28.31337109695995,5.945373166514849,0.5654901578492173,362.23611192377456,29.640819382445443,269.99337226154427,100.0,100.0,True,,synthetic_normal_hpo_search,sim_user,normal_hpo_search,gpu:1,normal_hpo_search
64.5,2026-01-01 00:01:04.500000+00:00,,syn-normal-hpo-102,syn-normal-hpo-102,,,,,0,10.0,29.542698654011275,5.731981903983558,6.5978037578099205,269.90042255464135,29.445926335099376,963.4892109096984,100.0,100.0,True,,synthetic_normal_hpo_search,sim_user,normal_hpo_search,gpu:1,normal_hpo_search
64.6,2026-01-01 00:01:04.600000+00:00,,syn-normal-hpo-102,syn-normal-hpo-102,,,,,0,10.0,29.897250032915718,9.011999770642365,4.443344661066563,400.6794100665574,30.403402550466453,754.3434714791697,100.0,100.0,True,,synthetic_normal_hpo_search,sim_user,normal_hpo_search,gpu:1,normal_hpo_search
64.7,2026-01-01 00:01:04.700000+00:00,,syn-normal-hpo-102,syn-normal-hpo-102,,,,,0,10.0,31.426284641135975,7.133691046756276,8.641799776361008,392.9597735022893,29.812144775239684,1126.2386705302245,100.0,100.0,True,,synthetic_normal_hpo_search,sim_user,normal_hpo_search,gpu:1,normal_hpo_search
64.8,2026-01-01 00:01:04.800000+00:00,,syn-normal-hpo-102,syn-normal-hpo-102,,,,,0,10.0,31.946880971515377,11.141953498558909,1.3210879451299933,481.7859660227179,30.854378779935196,733.0396525756886,100.0,100.0,True,,synthetic_normal_hpo_search,sim_user,normal_hpo_search,gpu:1,normal_hpo_search
64.9,2026-01-01 00:01:04.900000+00:00,,syn-normal-hpo-102,syn-normal-hpo-102,,,,,0,10.0,30.771280713311814,8.40771388899872,1.717173315586828,432.0545047093727,30.12159518299048,474.22891304492924,100.0,100.0,True,,synthetic_normal_hpo_search,sim_user,normal_hpo_search,gpu:1,normal_hpo_search
65.0,2026-01-01 00:01:05+00:00,,syn-normal-hpo-102,syn-normal-hpo-102,,,,,0,10.0,32.604502659580724,5.347000388401563,9.213857949844071,369.0921049903622,29.03260610655532,1187.442577165507,100.0,100.0,True,,synthetic_normal_hpo_search,sim_user,normal_hpo_search,gpu:1,normal_hpo_search
65.1,2026-01-01 00:01:05.100000+00:00,,syn-normal-hpo-102,syn-normal-hpo-102,,,,,0,10.0,34.13738448101939,7.698869071085685,3.2392474347089992,475.82116031271386,29.82839410902346,601.5985580771563,100.0,100.0,True,,synthetic_normal_hpo_search,sim_user,normal_hpo_search,gpu:1,normal_hpo_search
65.2,2026-01-01 00:01:05.200000+00:00,,syn-normal-hpo-102,syn-normal-hpo-102,,,,,0,10.0,36.537928997545905,12.016557816812485,9.440463285797602,490.33308476971877,31.0728639423332,1072.688909907008,100.0,100.0,True,,synthetic_normal_hpo_search,sim_user,normal_hpo_search,gpu:1,normal_hpo_search
65.3,2026-01-01 00:01:05.300000+00:00,,syn-normal-hpo-102,syn-normal-hpo-102,,,,,0,10.0,37.51269401431742,6.673555990254696,5.10268291860345,287.7068549430875,29.131102397314066,843.2532627684033,100.0,100.0,True,,synthetic_normal_hpo_search,sim_user,normal_hpo_search,gpu:1,normal_hpo_search
65.4,2026-01-01 00:01:05.400000+00:00,,syn-normal-hpo-102,syn-normal-hpo-102,,,,,0,10.0,36.10806068561581,6.856104850473631,6.593450830164133,379.7572023449744,29.375824989873898,971.8250244213973,100.0,100.0,True,,synthetic_normal_hpo_search,sim_user,normal_hpo_search,gpu:1,normal_hpo_search
65.5,2026-01-01 00:01:05.500000+00:00,,syn-normal-hpo-102,syn-normal-hpo-102,,,,,0,10.0,35.07283663610306,4.735337749468102,0.0,385.0591658977487,28.85963659777495,417.65810719481317,100.0,100.0,True,,synthetic_normal_hpo_search,sim_user,normal_hpo_search,gpu:1,normal_hpo_search
65.6,2026-01-01 00:01:05.600000+00:00,,syn-normal-hpo-102,syn-normal-hpo-102,,,,,0,10.0,33.65885152644542,7.630602067014996,0.0,466.7869109253909,29.904605187956523,436.4630046833835,100.0,100.0,True,,synthetic_normal_hpo_search,sim_user,normal_hpo_search,gpu:1,normal_hpo_search
65.7,2026-01-01 00:01:05.700000+00:00,,syn-normal-hpo-102,syn-normal-hpo-102,,,,,0,10.0,34.65156365443938,10.111339036914654,0.0,450.67993269114845,30.60417246716624,249.4490946184965,100.0,100.0,True,,synthetic_normal_hpo_search,sim_user,normal_hpo_search,gpu:1,normal_hpo_search
65.8,2026-01-01 00:01:05.800000+00:00,,syn-normal-hpo-102,syn-normal-hpo-102,,,,,0,10.0,34.81699864943365,10.52530537052308,5.28434499850808,489.3710709526048,30.7117899690639,701.988358610653,100.0,100.0,True,,synthetic_normal_hpo_search,sim_user,normal_hpo_search,gpu:1,normal_hpo_search
65.9,2026-01-01 00:01:05.900000+00:00,,syn-normal-hpo-102,syn-normal-hpo-102,,,,,0,10.0,35.72692910111209,8.28323904355128,0.0,405.16280850742174,30.29554528868202,414.0509642115264,100.0,100.0,True,,synthetic_normal_hpo_search,sim_user,normal_hpo_search,gpu:1,normal_hpo_search
66.0,2026-01-01 00:01:06+00:00,,syn-normal-hpo-102,syn-normal-hpo-102,,,,,0,10.0,36.80300526929251,6.398137900379005,6.0319427054327655,355.4371375360336,29.500216212651004,775.7480791003234,100.0,100.0,True,,synthetic_normal_hpo_search,sim_user,normal_hpo_search,gpu:1,normal_hpo_search
66.1,2026-01-01 00:01:06.100000+00:00,,syn-normal-hpo-102,syn-normal-hpo-102,,,,,0,10.0,36.34331126267658,9.356681227720616,0.0,486.52988689359387,30.455964656257823,639.9317341465921,100.0,100.0,True,,synthetic_normal_hpo_search,sim_user,normal_hpo_search,gpu:1,normal_hpo_search
66.2,2026-01-01 00:01:06.200000+00:00,,syn-normal-hpo-102,syn-normal-hpo-102,,,,,0,10.0,34.85955292951708,7.997328913920622,0.0,389.1504047339665,30.19322224944538,406.46321093610504,100.0,100.0,True,,synthetic_normal_hpo_search,sim_user,normal_hpo_search,gpu:1,normal_hpo_search
66.3,2026-01-01 00:01:06.300000+00:00,,syn-normal-hpo-102,syn-normal-hpo-102,,,,,0,10.0,203.02270657138453,74.09427544077097,41.94436612021715,2083.2543819800844,48.608575378761785,3471.753855364086,100.0,100.0,True,,synthetic_normal_hpo_search,sim_user,normal_hpo_search,gpu:1,normal_hpo_search
66.4,2026-01-01 00:01:06.400000+00:00,,syn-normal-hpo-102,syn-normal-hpo-102,,,,,0,10.0,202.39153898312244,72.73411201458636,46.47534162626921,1992.9428698727727,48.22386895846004,3599.5302007217037,100.0,100.0,True,,synthetic_normal_hpo_search,sim_user,normal_hpo_search,gpu:1,normal_hpo_search
66.5,2026-01-01 00:01:06.500000+00:00,,syn-normal-hpo-102,syn-normal-hpo-102,,,,,0,10.0,203.82710928552956,75.21621895928264,42.49927969685496,2104.036926798686,48.80850115180748,3350.7122598684887,100.0,100.0,True,,synthetic_normal_hpo_search,sim_user,normal_hpo_search,gpu:1,normal_hpo_search
66.6,2026-01-01 00:01:06.600000+00:00,,syn-normal-hpo-102,syn-normal-hpo-102,,,,,0,10.0,202.95688918636057,71.37074031879035,36.934782360396454,1996.5177620508505,47.770320300301094,3209.5183332865063,100.0,100.0,True,,synthetic_normal_hpo_search,sim_user,normal_hpo_search,gpu:1,normal_hpo_search
66.7,2026-01-01 00:01:06.700000+00:00,,syn-normal-hpo-102,syn-normal-hpo-102,,,,,0,10.0,204.62817633075883,73.25682005110708,46.006705358022266,2017.1424071443614,48.21025708188768,3703.1438852214837,100.0,100.0,True,,synthetic_normal_hpo_search,sim_user,normal_hpo_search,gpu:1,normal_hpo_search
66.8,2026-01-01 00:01:06.800000+00:00,,syn-normal-hpo-102,syn-normal-hpo-102,,,,,0,10.0,202.91972337423726,72.30028315758771,38.169086249206245,2031.9529946984633,48.0002734143921,3241.3141242478205,100.0,100.0,True,,synthetic_normal_hpo_search,sim_user,normal_hpo_search,gpu:1,normal_hpo_search
66.9,2026-01-01 00:01:06.900000+00:00,,syn-normal-hpo-102,syn-normal-hpo-102,,,,,0,10.0,201.90659951172242,71.26281032380203,36.562073473071685,2002.2029200137604,47.58891134693049,2962.084076509429,100.0,100.0,True,,synthetic_normal_hpo_search,sim_user,normal_hpo_search,gpu:1,normal_hpo_search
67.0,2026-01-01 00:01:07+00:00,,syn-normal-hpo-102,syn-normal-hpo-102,,,,,0,10.0,202.1191010249664,73.13368070194633,35.63299108690533,2046.42404584606,48.052199798050175,3025.9393118924513,100.0,100.0,True,,synthetic_normal_hpo_search,sim_user,normal_hpo_search,gpu:1,normal_hpo_search
67.1,2026-01-01 00:01:07.100000+00:00,,syn-normal-hpo-102,syn-normal-hpo-102,,,,,0,10.0,204.1125130899335,69.61337389484395,35.540340474653895,1923.7181874203213,47.05744325550358,2646.9765372232782,100.0,100.0,True,,synthetic_normal_hpo_search,sim_user,normal_hpo_search,gpu:1,normal_hpo_search
67.2,2026-01-01 00:01:07.200000+00:00,,syn-normal-hpo-102,syn-normal-hpo-102,,,,,0,10.0,203.25836430266614,69.67160964701314,40.886989585981574,1940.7277716007975,47.05957717664505,3252.308705167067,100.0,100.0,True,,synthetic_normal_hpo_search,sim_user,normal_hpo_search,gpu:1,normal_hpo_search
67.3,2026-01-01 00:01:07.300000+00:00,,syn-normal-hpo-102,syn-normal-hpo-102,,,,,0,10.0,205.70145610990977,68.65661385802466,33.18936370442097,1898.2361795286938,46.79137727126054,2840.037390815519,100.0,100.0,True,,synthetic_normal_hpo_search,sim_user,normal_hpo_search,gpu:1,normal_hpo_search
67.4,2026-01-01 00:01:07.400000+00:00,,syn-normal-hpo-102,syn-normal-hpo-102,,,,,0,10.0,204.38985990677068,73.18814836224414,40.744733757133396,2016.8156447990496,48.10785303149433,3377.6826333436443,100.0,100.0,True,,synthetic_normal_hpo_search,sim_user,normal_hpo_search,gpu:1,normal_hpo_search
67.5,2026-01-01 00:01:07.500000+00:00,,syn-normal-hpo-102,syn-normal-hpo-102,,,,,0,10.0,204.2046854088246,74.61293161199491,36.0028957449632,2025.142183162969,48.51029888683148,2811.806124804288,100.0,100.0,True,,synthetic_normal_hpo_search,sim_user,normal_hpo_search,gpu:1,normal_hpo_search
67.6,2026-01-01 00:01:07.600000+00:00,,syn-normal-hpo-102,syn-normal-hpo-102,,,,,0,10.0,201.70302046006645,72.93821509256884,41.76421385549985,2063.9993285948967,48.33143175382615,3382.001914276743,100.0,100.0,True,,synthetic_normal_hpo_search,sim_user,normal_hpo_search,gpu:1,normal_hpo_search
67.7,2026-01-01 00:01:07.700000+00:00,,syn-normal-hpo-102,syn-normal-hpo-102,,,,,0,10.0,202.1339410813713,75.44072800672022,34.26926175833608,2077.0476921215004,49.07068432603035,2921.6236232712245,100.0,100.0,True,,synthetic_normal_hpo_search,sim_user,normal_hpo_search,gpu:1,normal_hpo_search
67.8,2026-01-01 00:01:07.800000+00:00,,syn-normal-hpo-102,syn-normal-hpo-102,,,,,0,10.0,201.59303532614902,72.31448460253146,39.98444175160474,2064.648280744227,48.34431563434682,3184.800903687333,100.0,100.0,True,,synthetic_normal_hpo_search,sim_user,normal_hpo_search,gpu:1,normal_hpo_search
67.9,2026-01-01 00:01:07.900000+00:00,,syn-normal-hpo-102,syn-normal-hpo-102,,,,,0,10.0,202.2341869089376,70.53250106790286,41.51799600005073,2005.4589104829402,47.95003580076077,3284.5676687497426,100.0,100.0,True,,synthetic_normal_hpo_search,sim_user,normal_hpo_search,gpu:1,normal_hpo_search
68.0,2026-01-01 00:01:08+00:00,,syn-normal-hpo-102,syn-normal-hpo-102,,,,,0,10.0,200.36429894488217,72.307668827161,32.49078433501277,2048.387771058273,48.42168908074071,2859.4865201396956,100.0,100.0,True,,synthetic_normal_hpo_search,sim_user,normal_hpo_search,gpu:1,normal_hpo_search
68.1,2026-01-01 00:01:08.100000+00:00,,syn-normal-hpo-102,syn-normal-hpo-102,,,,,0,10.0,200.74764535763478,72.16241234456984,37.17206773771383,1958.3373619215902,48.50881203801493,3089.3394785832393,100.0,100.0,True,,synthetic_normal_hpo_search,sim_user,normal_hpo_search,gpu:1,normal_hpo_search
68.2,2026-01-01 00:01:08.200000+00:00,,syn-normal-hpo-102,syn-normal-hpo-102,,,,,0,10.0,200.4782906262761,72.06448965348815,35.68285616627231,2002.4346117241412,48.26995515134359,3009.392407069018,100.0,100.0,True,,synthetic_normal_hpo_search,sim_user,normal_hpo_search,gpu:1,normal_hpo_search
68.3,2026-01-01 00:01:08.300000+00:00,,syn-normal-hpo-102,syn-normal-hpo-102,,,,,0,10.0,200.6296630563994,73.94634216828896,39.87435626793262,2011.6860787249964,48.856925170030124,3151.8311005991723,100.0,100.0,True,,synthetic_normal_hpo_search,sim_user,normal_hpo_search,gpu:1,normal_hpo_search
68.4,2026-01-01 00:01:08.400000+00:00,,syn-normal-hpo-102,syn-normal-hpo-102,,,,,0,10.0,200.2603195662969,69.94719357442737,41.64266002383688,1938.1959084302018,47.72598845122589,3457.119539086447,100.0,100.0,True,,synthetic_normal_hpo_search,sim_user,normal_hpo_search,gpu:1,normal_hpo_search
68.5,2026-01-01 00:01:08.500000+00:00,,syn-normal-hpo-102,syn-normal-hpo-102,,,,,0,10.0,201.96054554506088,70.70724189274968,36.14031996203575,2061.3485669724164,47.463433846138955,3015.2363567313837,100.0,100.0,True,,synthetic_normal_hpo_search,sim_user,normal_hpo_search,gpu:1,normal_hpo_search
68.6,2026-01-01 00:01:08.600000+00:00,,syn-normal-hpo-102,syn-normal-hpo-102,,,,,0,10.0,202.54757572268173,72.4171194895804,33.91701957623819,2012.8859104508101,48.01051032250385,2870.637675587256,100.0,100.0,True,,synthetic_normal_hpo_search,sim_user,normal_hpo_search,gpu:1,normal_hpo_search
68.7,2026-01-01 00:01:08.700000+00:00,,syn-normal-hpo-102,syn-normal-hpo-102,,,,,0,10.0,202.7553008162527,74.9916495511151,52.720996456010276,2124.268191058009,48.79959205558964,4173.24116167175,100.0,100.0,True,,synthetic_normal_hpo_search,sim_user,normal_hpo_search,gpu:1,normal_hpo_search
68.8,2026-01-01 00:01:08.800000+00:00,,syn-normal-hpo-102,syn-normal-hpo-102,,,,,0,10.0,202.16340368710192,70.87771636223297,37.7126916902092,2037.8290317861517,47.49148270208516,3024.325153679436,100.0,100.0,True,,synthetic_normal_hpo_search,sim_user,normal_hpo_search,gpu:1,normal_hpo_search
68.9,2026-01-01 00:01:08.900000+00:00,,syn-normal-hpo-102,syn-normal-hpo-102,,,,,0,10.0,203.93580848014648,75.71802990293571,40.84980068501217,2110.326680086456,48.96007260427721,3354.7673187517516,100.0,100.0,True,,synthetic_normal_hpo_search,sim_user,normal_hpo_search,gpu:1,normal_hpo_search
69.0,2026-01-01 00:01:09+00:00,,syn-normal-hpo-102,syn-normal-hpo-102,,,,,0,10.0,204.44457326682746,75.9944654822641,42.57266658220886,2108.7267895621626,48.90233420947115,3422.7853702681628,100.0,100.0,True,,synthetic_normal_hpo_search,sim_user,normal_hpo_search,gpu:1,normal_hpo_search
69.1,2026-01-01 00:01:09.100000+00:00,,syn-normal-hpo-102,syn-normal-hpo-102,,,,,0,10.0,201.72534267728986,71.50609842562855,43.57739646916325,1983.3446101994814,48.0229864865959,3398.01372440779,100.0,100.0,True,,synthetic_normal_hpo_search,sim_user,normal_hpo_search,gpu:1,normal_hpo_search
69.2,2026-01-01 00:01:09.200000+00:00,,syn-normal-hpo-102,syn-normal-hpo-102,,,,,0,10.0,202.25812437024837,71.22936581221633,35.78168378764455,2037.6172630458705,47.92353311772993,3150.619492580472,100.0,100.0,True,,synthetic_normal_hpo_search,sim_user,normal_hpo_search,gpu:1,normal_hpo_search
69.3,2026-01-01 00:01:09.300000+00:00,,syn-normal-hpo-102,syn-normal-hpo-102,,,,,0,10.0,203.80577399108287,72.89009459773862,40.95114231734811,2059.9330273005858,48.44497458302998,3269.0815491097983,100.0,100.0,True,,synthetic_normal_hpo_search,sim_user,normal_hpo_search,gpu:1,normal_hpo_search
69.4,2026-01-01 00:01:09.400000+00:00,,syn-normal-hpo-102,syn-normal-hpo-102,,,,,0,10.0,204.53546518319436,70.2697975325671,38.66519822948663,1993.5557465110408,48.11227526448109,2946.3108001737164,100.0,100.0,True,,synthetic_normal_hpo_search,sim_user,normal_hpo_search,gpu:1,normal_hpo_search
69.5,2026-01-01 00:01:09.500000+00:00,,syn-normal-hpo-102,syn-normal-hpo-102,,,,,0,10.0,204.9020812108025,76.5457173504365,45.04485512570458,2073.8654950542286,49.67747078345083,3759.961127003404,100.0,100.0,True,,synthetic_normal_hpo_search,sim_user,normal_hpo_search,gpu:1,normal_hpo_search
69.6,2026-01-01 00:01:09.600000+00:00,,syn-normal-hpo-102,syn-normal-hpo-102,,,,,0,10.0,203.26126963449192,73.22675037799095,36.89804014072324,2031.6548478955085,48.67722677849872,3062.1557065491547,100.0,100.0,True,,synthetic_normal_hpo_search,sim_user,normal_hpo_search,gpu:1,normal_hpo_search
69.7,2026-01-01 00:01:09.700000+00:00,,syn-normal-hpo-102,syn-normal-hpo-102,,,,,0,10.0,202.5393391186487,74.78158303111081,38.17594592574582,2053.957067700313,49.211092425288115,3044.4188697401246,100.0,100.0,True,,synthetic_normal_hpo_search,sim_user,normal_hpo_search,gpu:1,normal_hpo_search
69.8,2026-01-01 00:01:09.800000+00:00,,syn-normal-hpo-102,syn-normal-hpo-102,,,,,0,10.0,201.25661785790143,70.8515344484295,34.107325022462035,1956.9328423540785,48.13245856475951,2822.1398959105773,100.0,100.0,True,,synthetic_normal_hpo_search,sim_user,normal_hpo_search,gpu:1,normal_hpo_search
69.9,2026-01-01 00:01:09.900000+00:00,,syn-normal-hpo-102,syn-normal-hpo-102,,,,,0,10.0,201.41312194481372,72.55802503150223,42.82053063879629,1989.1768446812926,48.616332374923864,3495.7780124189426,100.0,100.0,True,,synthetic_normal_hpo_search,sim_user,normal_hpo_search,gpu:1,normal_hpo_search
70.0,2026-01-01 00:01:10+00:00,,syn-normal-hpo-102,syn-normal-hpo-102,,,,,0,10.0,203.27310540278808,72.5749092161137,39.277120497546335,2035.047539376483,48.480886048120084,3145.1916162012226,100.0,100.0,True,,synthetic_normal_hpo_search,sim_user,normal_hpo_search,gpu:1,normal_hpo_search
70.1,2026-01-01 00:01:10.100000+00:00,,syn-normal-hpo-102,syn-normal-hpo-102,,,,,0,10.0,201.37536844162193,75.37765128287279,47.339128779640845,2134.089548785552,49.13775563058982,3728.159367222341,100.0,100.0,True,,synthetic_normal_hpo_search,sim_user,normal_hpo_search,gpu:1,normal_hpo_search
70.2,2026-01-01 00:01:10.200000+00:00,,syn-normal-hpo-102,syn-normal-hpo-102,,,,,0,10.0,199.57499893785436,69.35364263696084,33.92585029421982,1991.3130227749416,47.3651572337351,2852.495005463813,100.0,100.0,True,,synthetic_normal_hpo_search,sim_user,normal_hpo_search,gpu:1,normal_hpo_search
70.3,2026-01-01 00:01:10.300000+00:00,,syn-normal-hpo-102,syn-normal-hpo-102,,,,,0,10.0,198.29938742289417,73.38684067409082,48.134777358486495,2007.4418090517863,48.256200618544014,3732.7930078030945,100.0,100.0,True,,synthetic_normal_hpo_search,sim_user,normal_hpo_search,gpu:1,normal_hpo_search
70.4,2026-01-01 00:01:10.400000+00:00,,syn-normal-hpo-102,syn-normal-hpo-102,,,,,0,10.0,198.24262185253784,71.05313469687655,34.84981901344742,1992.341393381416,47.58230788770007,2926.6669043022744,100.0,100.0,True,,synthetic_normal_hpo_search,sim_user,normal_hpo_search,gpu:1,normal_hpo_search
70.5,2026-01-01 00:01:10.500000+00:00,,syn-normal-hpo-102,syn-normal-hpo-102,,,,,0,10.0,201.85854239510752,72.27477617314094,39.89957756771637,2000.7154317452862,47.92430297015173,3116.1613282384383,100.0,100.0,True,,synthetic_normal_hpo_search,sim_user,normal_hpo_search,gpu:1,normal_hpo_search
70.6,2026-01-01 00:01:10.600000+00:00,,syn-normal-hpo-102,syn-normal-hpo-102,,,,,0,10.0,201.2209672100821,68.64969836532099,42.41848172005695,1907.7821705153692,47.25941564150536,3528.0785327439216,100.0,100.0,True,,synthetic_normal_hpo_search,sim_user,normal_hpo_search,gpu:1,normal_hpo_search
70.7,2026-01-01 00:01:10.700000+00:00,,syn-normal-hpo-102,syn-normal-hpo-102,,,,,0,10.0,201.175185669711,71.79002837021251,36.64911671653741,1998.488498477099,47.69611270744404,3095.179426971831,100.0,100.0,True,,synthetic_normal_hpo_search,sim_user,normal_hpo_search,gpu:1,normal_hpo_search
70.8,2026-01-01 00:01:10.800000+00:00,,syn-normal-hpo-102,syn-normal-hpo-102,,,,,0,10.0,200.17996201471084,70.87036853236339,41.59200376216834,1972.997716029903,47.4134275606954,3437.962011882755,100.0,100.0,True,,synthetic_normal_hpo_search,sim_user,normal_hpo_search,gpu:1,normal_hpo_search
70.9,2026-01-01 00:01:10.900000+00:00,,syn-normal-hpo-102,syn-normal-hpo-102,,,,,0,10.0,201.00715184315987,73.15273022419757,45.98969401458257,2065.6692585829674,48.26038015742028,3691.8471821896746,100.0,100.0,True,,synthetic_normal_hpo_search,sim_user,normal_hpo_search,gpu:1,normal_hpo_search
71.0,2026-01-01 00:01:11+00:00,,syn-normal-hpo-102,syn-normal-hpo-102,,,,,0,10.0,202.32385972445192,71.53238203432512,28.988587163880442,1996.9763613474822,47.871551243416725,2608.9003948280642,100.0,100.0,True,,synthetic_normal_hpo_search,sim_user,normal_hpo_search,gpu:1,normal_hpo_search
71.1,2026-01-01 00:01:11.100000+00:00,,syn-normal-hpo-102,syn-normal-hpo-102,,,,,0,10.0,203.30750439190285,71.64063150627968,33.71278338368871,1977.0596411306342,47.87559866905837,2930.8986992494274,100.0,100.0,True,,synthetic_normal_hpo_search,sim_user,normal_hpo_search,gpu:1,normal_hpo_search
71.2,2026-01-01 00:01:11.200000+00:00,,syn-normal-hpo-102,syn-normal-hpo-102,,,,,0,10.0,203.70161093420703,74.84247693215912,40.674249579922794,2087.2215105544956,48.67920597468977,3394.4334560489106,100.0,100.0,True,,synthetic_normal_hpo_search,sim_user,normal_hpo_search,gpu:1,normal_hpo_search
71.3,2026-01-01 00:01:11.300000+00:00,,syn-normal-hpo-102,syn-normal-hpo-102,,,,,0,10.0,202.2748795836861,72.93257844474104,38.721412503462865,2073.46739967823,48.162843606289705,3245.4209267227243,100.0,100.0,True,,synthetic_normal_hpo_search,sim_user,normal_hpo_search,gpu:1,normal_hpo_search
71.4,2026-01-01 00:01:11.400000+00:00,,syn-normal-hpo-102,syn-normal-hpo-102,,,,,0,10.0,199.77291153994545,70.64780095064935,39.996381016892016,1890.1201044277248,47.54346623881065,3326.9011894473797,100.0,100.0,True,,synthetic_normal_hpo_search,sim_user,normal_hpo_search,gpu:1,normal_hpo_search
71.5,2026-01-01 00:01:11.500000+00:00,,syn-normal-hpo-102,syn-normal-hpo-102,,,,,0,10.0,200.89394916636073,72.35040487274213,42.25632056653757,1938.1377746631651,47.81328374040266,3515.3110931100223,100.0,100.0,True,,synthetic_normal_hpo_search,sim_user,normal_hpo_search,gpu:1,normal_hpo_search
71.6,2026-01-01 00:01:11.600000+00:00,,syn-normal-hpo-102,syn-normal-hpo-102,,,,,0,10.0,201.6313385025745,73.28493073326878,32.485808205116825,1972.0455475825725,48.5810944959797,2677.2511109545912,100.0,100.0,True,,synthetic_normal_hpo_search,sim_user,normal_hpo_search,gpu:1,normal_hpo_search
71.7,2026-01-01 00:01:11.700000+00:00,,syn-normal-hpo-102,syn-normal-hpo-102,,,,,0,10.0,204.1948216241697,72.86996601880533,43.07612419295918,2015.0196322091879,48.587205900713826,3498.0613297041064,100.0,100.0,True,,synthetic_normal_hpo_search,sim_user,normal_hpo_search,gpu:1,normal_hpo_search
71.8,2026-01-01 00:01:11.800000+00:00,,syn-normal-hpo-102,syn-normal-hpo-102,,,,,0,10.0,204.2729645534635,73.06731424860209,41.874040147063546,2016.428375521273,48.315075331719505,3443.9638553826335,100.0,100.0,True,,synthetic_normal_hpo_search,sim_user,normal_hpo_search,gpu:1,normal_hpo_search
71.9,2026-01-01 00:01:11.900000+00:00,,syn-normal-hpo-102,syn-normal-hpo-102,,,,,0,10.0,203.87715929140623,76.11308826385488,38.38177367171878,2119.381298353192,49.0516923308506,3132.9842276575228,100.0,100.0,True,,synthetic_normal_hpo_search,sim_user,normal_hpo_search,gpu:1,normal_hpo_search
72.0,2026-01-01 00:01:12+00:00,,syn-normal-hpo-102,syn-normal-hpo-102,,,,,0,10.0,204.87481047952028,73.38349311772305,42.289602623292595,2066.7448574029113,48.35441874772087,3486.3172212919844,100.0,100.0,True,,synthetic_normal_hpo_search,sim_user,normal_hpo_search,gpu:1,normal_hpo_search
72.1,2026-01-01 00:01:12.100000+00:00,,syn-normal-hpo-102,syn-normal-hpo-102,,,,,0,10.0,205.10884019349967,69.26125782423361,41.36743149508494,1958.326737838417,47.4177098128546,3364.977411884487,100.0,100.0,True,,synthetic_normal_hpo_search,sim_user,normal_hpo_search,gpu:1,normal_hpo_search
72.2,2026-01-01 00:01:12.200000+00:00,,syn-normal-hpo-102,syn-normal-hpo-102,,,,,0,10.0,205.7605313701417,75.46158838281808,39.234617960851494,2133.5458973074064,49.154644859758356,3243.0634951907277,100.0,100.0,True,,synthetic_normal_hpo_search,sim_user,normal_hpo_search,gpu:1,normal_hpo_search
72.3,2026-01-01 00:01:12.300000+00:00,,syn-normal-hpo-102,syn-normal-hpo-102,,,,,0,10.0,206.459753103806,76.6819538366955,39.40544612256108,2170.3550523749627,49.410707592647896,3152.6609322976665,100.0,100.0,True,,synthetic_normal_hpo_search,sim_user,normal_hpo_search,gpu:1,normal_hpo_search
72.4,2026-01-01 00:01:12.400000+00:00,,syn-normal-hpo-102,syn-normal-hpo-102,,,,,0,10.0,205.9049143947787,75.90457610887874,42.87723628302737,2088.9819798888607,49.151777684098626,3442.257695164983,100.0,100.0,True,,synthetic_normal_hpo_search,sim_user,normal_hpo_search,gpu:1,normal_hpo_search
72.5,2026-01-01 00:01:12.500000+00:00,,syn-normal-hpo-102,syn-normal-hpo-102,,,,,0,10.0,203.81436405049234,74.94293851192334,42.21294912874178,2089.8495754331266,48.68156681382343,3433.1029130222555,100.0,100.0,True,,synthetic_normal_hpo_search,sim_user,normal_hpo_search,gpu:1,normal_hpo_search
72.6,2026-01-01 00:01:12.600000+00:00,,syn-normal-hpo-102,syn-normal-hpo-102,,,,,0,10.0,201.45452259275459,68.13234248473735,44.31476784306623,1849.6456712746315,46.851873113797076,3493.5351639943697,100.0,100.0,True,,synthetic_normal_hpo_search,sim_user,normal_hpo_search,gpu:1,normal_hpo_search
72.7,2026-01-01 00:01:12.700000+00:00,,syn-normal-hpo-102,syn-normal-hpo-102,,,,,0,10.0,200.3631860551682,69.9508573248355,34.46155269871058,2046.7644552715444,47.58531238094249,2936.3741326708196,100.0,100.0,True,,synthetic_normal_hpo_search,sim_user,normal_hpo_search,gpu:1,normal_hpo_search
72.8,2026-01-01 00:01:12.800000+00:00,,syn-normal-hpo-102,syn-normal-hpo-102,,,,,0,10.0,200.70794931103256,72.01747996722028,35.17180098039974,1959.2803676640879,48.03861603854538,2771.851286009426,100.0,100.0,True,,synthetic_normal_hpo_search,sim_user,normal_hpo_search,gpu:1,normal_hpo_search
72.9,2026-01-01 00:01:12.900000+00:00,,syn-normal-hpo-102,syn-normal-hpo-102,,,,,0,10.0,198.2326024845396,71.20071986262873,36.604942915367815,2046.4850977032331,47.741234434077,3181.505813135088,100.0,100.0,True,,synthetic_normal_hpo_search,sim_user,normal_hpo_search,gpu:1,normal_hpo_search
73.0,2026-01-01 00:01:13+00:00,,syn-normal-hpo-102,syn-normal-hpo-102,,,,,0,10.0,197.74316600143587,70.63521221671066,44.56066167435881,1988.5663814114923,47.493199940885575,3632.5545966799064,100.0,100.0,True,,synthetic_normal_hpo_search,sim_user,normal_hpo_search,gpu:1,normal_hpo_search
73.1,2026-01-01 00:01:13.100000+00:00,,syn-normal-hpo-102,syn-normal-hpo-102,,,,,0,10.0,196.1291423366957,67.51599288257833,40.20406655599115,1866.4125365926568,46.628963205493086,3221.8083376346813,100.0,100.0,True,,synthetic_normal_hpo_search,sim_user,normal_hpo_search,gpu:1,normal_hpo_search
73.2,2026-01-01 00:01:13.200000+00:00,,syn-normal-hpo-102,syn-normal-hpo-102,,,,,0,10.0,197.18816428777615,69.0927479267283,45.9654140433988,1948.3592256030863,47.25474105617417,3676.7383002205647,100.0,100.0,True,,synthetic_normal_hpo_search,sim_user,normal_hpo_search,gpu:1,normal_hpo_search
73.3,2026-01-01 00:01:13.300000+00:00,,syn-normal-hpo-102,syn-normal-hpo-102,,,,,0,10.0,197.52116993684302,69.83490927846447,33.21220235023224,1985.472768553716,47.408060023890464,2712.751031356753,100.0,100.0,True,,synthetic_normal_hpo_search,sim_user,normal_hpo_search,gpu:1,normal_hpo_search
73.4,2026-01-01 00:01:13.400000+00:00,,syn-normal-hpo-102,syn-normal-hpo-102,,,,,0,10.0,197.90296932336196,72.5592133739393,36.7564558921769,1993.9597999207242,48.24334083603582,3047.2597778279624,100.0,100.0,True,,synthetic_normal_hpo_search,sim_user,normal_hpo_search,gpu:1,normal_hpo_search
73.5,2026-01-01 00:01:13.500000+00:00,,syn-normal-hpo-102,syn-normal-hpo-102,,,,,0,10.0,199.12363077451647,75.37861085785633,40.93158561302583,2098.9765173378587,49.026386698786766,3331.7243196431887,100.0,100.0,True,,synthetic_normal_hpo_search,sim_user,normal_hpo_search,gpu:1,normal_hpo_search
73.6,2026-01-01 00:01:13.600000+00:00,,syn-normal-hpo-102,syn-normal-hpo-102,,,,,0,10.0,199.35532991181904,68.13167870430966,41.74252356315358,1901.8051289533903,47.024273625862605,3476.2013907150417,100.0,100.0,True,,synthetic_normal_hpo_search,sim_user,normal_hpo_search,gpu:1,normal_hpo_search
73.7,2026-01-01 00:01:13.700000+00:00,,syn-normal-hpo-102,syn-normal-hpo-102,,,,,0,10.0,198.31201738109021,71.00009698841562,34.61845045251383,1988.6126161894633,47.91753063888192,2876.375024374892,100.0,100.0,True,,synthetic_normal_hpo_search,sim_user,normal_hpo_search,gpu:1,normal_hpo_search
73.8,2026-01-01 00:01:13.800000+00:00,,syn-normal-hpo-102,syn-normal-hpo-102,,,,,0,10.0,200.93099844839298,69.99127239605073,38.918442614129916,1937.3441997906398,47.91651048019815,3150.8573866484744,100.0,100.0,True,,synthetic_normal_hpo_search,sim_user,normal_hpo_search,gpu:1,normal_hpo_search
73.9,2026-01-01 00:01:13.900000+00:00,,syn-normal-hpo-102,syn-normal-hpo-102,,,,,0,10.0,200.400418556536,73.51049327104694,40.45058115591875,2022.2647783656053,49.017100886712704,3175.8198967010176,100.0,100.0,True,,synthetic_normal_hpo_search,sim_user,normal_hpo_search,gpu:1,normal_hpo_search
74.0,2026-01-01 00:01:14+00:00,,syn-normal-hpo-102,syn-normal-hpo-102,,,,,0,10.0,202.37769228321966,72.86325887882687,39.20813573566111,2016.1687846042132,48.82833065582073,3210.631595638552,100.0,100.0,True,,synthetic_normal_hpo_search,sim_user,normal_hpo_search,gpu:1,normal_hpo_search
74.1,2026-01-01 00:01:14.100000+00:00,,syn-normal-hpo-102,syn-normal-hpo-102,,,,,0,10.0,200.78121472281282,72.67718677652522,39.2591525184708,2030.7952774643898,48.68479244349771,3234.540118715145,100.0,100.0,True,,synthetic_normal_hpo_search,sim_user,normal_hpo_search,gpu:1,normal_hpo_search
74.2,2026-01-01 00:01:14.200000+00:00,,syn-normal-hpo-102,syn-normal-hpo-102,,,,,0,10.0,201.98029985464282,72.42341468568773,42.23743290991153,2031.691853112756,48.542990637437086,3493.29946535193,100.0,100.0,True,,synthetic_normal_hpo_search,sim_user,normal_hpo_search,gpu:1,normal_hpo_search
74.3,2026-01-01 00:01:14.300000+00:00,,syn-normal-hpo-102,syn-normal-hpo-102,,,,,0,10.0,203.60359569294587,71.52463359119245,42.849738219043,1995.8252691440184,48.31186185901818,3622.2695403653597,100.0,100.0,True,,synthetic_normal_hpo_search,sim_user,normal_hpo_search,gpu:1,normal_hpo_search
74.4,2026-01-01 00:01:14.400000+00:00,,syn-normal-hpo-102,syn-normal-hpo-102,,,,,0,10.0,202.44025314948988,71.0149261350848,36.30813013985172,2028.9660371342857,47.98327519080472,2977.7840525231077,100.0,100.0,True,,synthetic_normal_hpo_search,sim_user,normal_hpo_search,gpu:1,normal_hpo_search
74.5,2026-01-01 00:01:14.500000+00:00,,syn-normal-hpo-102,syn-normal-hpo-102,,,,,0,10.0,201.80747583932038,71.58984117678358,43.08378807403102,1960.0331264889464,47.98182887067817,3438.7728657890457,100.0,100.0,True,,synthetic_normal_hpo_search,sim_user,normal_hpo_search,gpu:1,normal_hpo_search
74.6,2026-01-01 00:01:14.600000+00:00,,syn-normal-hpo-102,syn-normal-hpo-102,,,,,0,10.0,203.77012989552208,74.74223666892762,44.11307639045845,2162.707569610478,49.00345308152926,3508.736664314169,100.0,100.0,True,,synthetic_normal_hpo_search,sim_user,normal_hpo_search,gpu:1,normal_hpo_search
74.7,2026-01-01 00:01:14.700000+00:00,,syn-normal-hpo-102,syn-normal-hpo-102,,,,,0,10.0,202.50026866121175,76.35799984245692,43.43568773483991,2033.8640847444524,49.073768404521765,3352.8577453071794,100.0,100.0,True,,synthetic_normal_hpo_search,sim_user,normal_hpo_search,gpu:1,normal_hpo_search
74.8,2026-01-01 00:01:14.800000+00:00,,syn-normal-hpo-102,syn-normal-hpo-102,,,,,0,10.0,204.06729754051446,75.08572886165993,37.528488997352504,2132.5484885757633,48.660453981664645,3272.631954755904,100.0,100.0,True,,synthetic_normal_hpo_search,sim_user,normal_hpo_search,gpu:1,normal_hpo_search
74.9,2026-01-01 00:01:14.900000+00:00,,syn-normal-hpo-102,syn-normal-hpo-102,,,,,0,10.0,204.0136144300555,72.59702425716922,43.097933629491706,2072.1097370032435,48.0418253794999,3620.0083984593766,100.0,100.0,True,,synthetic_normal_hpo_search,sim_user,normal_hpo_search,gpu:1,normal_hpo_search
75.0,2026-01-01 00:01:15+00:00,,syn-normal-hpo-102,syn-normal-hpo-102,,,,,0,10.0,205.5065732566685,76.72527013149197,39.212067764944955,2120.795732393212,49.23992037349527,3092.252814758818,100.0,100.0,True,,synthetic_normal_hpo_search,sim_user,normal_hpo_search,gpu:1,normal_hpo_search
75.1,2026-01-01 00:01:15.100000+00:00,,syn-normal-hpo-102,syn-normal-hpo-102,,,,,0,10.0,205.39485357980047,74.2530990724983,38.91164218222136,2049.6816756957646,48.42545604998249,3143.4038950198615,100.0,100.0,True,,synthetic_normal_hpo_search,sim_user,normal_hpo_search,gpu:1,normal_hpo_search
75.2,2026-01-01 00:01:15.200000+00:00,,syn-normal-hpo-102,syn-normal-hpo-102,,,,,0,10.0,204.33126069361597,73.26864209167383,45.44092398861601,2045.0985792664776,48.34544977867913,3831.0028322218727,100.0,100.0,True,,synthetic_normal_hpo_search,sim_user,normal_hpo_search,gpu:1,normal_hpo_search
75.3,2026-01-01 00:01:15.300000+00:00,,syn-normal-hpo-102,syn-normal-hpo-102,,,,,0,10.0,206.35511277907898,74.08222744291781,45.13384964232861,1949.8301432647745,48.707849697663214,3565.5218381584227,100.0,100.0,True,,synthetic_normal_hpo_search,sim_user,normal_hpo_search,gpu:1,normal_hpo_search
75.4,2026-01-01 00:01:15.400000+00:00,,syn-normal-hpo-102,syn-normal-hpo-102,,,,,0,10.0,206.99444002509676,72.32098772009041,42.61647980567515,2010.7682367893121,48.09480182228045,3471.9584525449886,100.0,100.0,True,,synthetic_normal_hpo_search,sim_user,normal_hpo_search,gpu:1,normal_hpo_search
75.5,2026-01-01 00:01:15.500000+00:00,,syn-normal-hpo-102,syn-normal-hpo-102,,,,,0,10.0,206.11135768672742,70.93199582406463,40.711901976180414,1956.8999518349501,47.68647133150674,3429.539522916864,100.0,100.0,True,,synthetic_normal_hpo_search,sim_user,normal_hpo_search,gpu:1,normal_hpo_search
75.6,2026-01-01 00:01:15.600000+00:00,,syn-normal-hpo-102,syn-normal-hpo-102,,,,,0,10.0,206.18773753880419,72.45562841234468,44.835840275141656,2080.2748099250866,48.16006072507307,3488.330504383712,100.0,100.0,True,,synthetic_normal_hpo_search,sim_user,normal_hpo_search,gpu:1,normal_hpo_search
75.7,2026-01-01 00:01:15.700000+00:00,,syn-normal-hpo-102,syn-normal-hpo-102,,,,,0,10.0,206.51204724980923,73.56322680003859,41.951739257623494,2063.746944736731,48.3703484062025,3251.5400916671833,100.0,100.0,True,,synthetic_normal_hpo_search,sim_user,normal_hpo_search,gpu:1,normal_hpo_search
75.8,2026-01-01 00:01:15.800000+00:00,,syn-normal-hpo-102,syn-normal-hpo-102,,,,,0,10.0,205.5818601579955,73.97124102509835,44.17565783541801,2011.209125125407,48.34725528195329,3563.6549397630038,100.0,100.0,True,,synthetic_normal_hpo_search,sim_user,normal_hpo_search,gpu:1,normal_hpo_search
75.9,2026-01-01 00:01:15.900000+00:00,,syn-normal-hpo-102,syn-normal-hpo-102,,,,,0,10.0,204.70383072127368,70.84938410890732,33.77109880163062,2002.9526798200666,47.57458392124763,2806.2767521771507,100.0,100.0,True,,synthetic_normal_hpo_search,sim_user,normal_hpo_search,gpu:1,normal_hpo_search
76.0,2026-01-01 00:01:16+00:00,,syn-normal-hpo-102,syn-normal-hpo-102,,,,,0,10.0,204.10324810757584,72.65894349722413,31.721484996525433,2029.7908100197951,48.26008733902922,2700.5056231353938,100.0,100.0,True,,synthetic_normal_hpo_search,sim_user,normal_hpo_search,gpu:1,normal_hpo_search
76.1,2026-01-01 00:01:16.100000+00:00,,syn-normal-hpo-102,syn-normal-hpo-102,,,,,0,10.0,204.33330453485104,69.63786884994371,37.99083095981359,1977.3064335197726,47.30367139008684,3119.3934874210736,100.0,100.0,True,,synthetic_normal_hpo_search,sim_user,normal_hpo_search,gpu:1,normal_hpo_search
76.2,2026-01-01 00:01:16.200000+00:00,,syn-normal-hpo-102,syn-normal-hpo-102,,,,,0,10.0,202.042819141244,74.81929919526412,40.09736825077619,2077.230437679319,48.52878259122268,3161.0063850403735,100.0,100.0,True,,synthetic_normal_hpo_search,sim_user,normal_hpo_search,gpu:1,normal_hpo_search
76.3,2026-01-01 00:01:16.300000+00:00,,syn-normal-hpo-102,syn-normal-hpo-102,,,,,0,10.0,199.6961643986759,70.2849637793849,34.76357859455023,2010.034112848238,47.64501508133817,2707.125339369674,100.0,100.0,True,,synthetic_normal_hpo_search,sim_user,normal_hpo_search,gpu:1,normal_hpo_search
76.4,2026-01-01 00:01:16.400000+00:00,,syn-normal-hpo-102,syn-normal-hpo-102,,,,,0,10.0,198.92724900449295,69.04932803879353,41.045369564128364,1965.7073480808062,47.549365975978006,3417.5196395304465,100.0,100.0,True,,synthetic_normal_hpo_search,sim_user,normal_hpo_search,gpu:1,normal_hpo_search
76.5,2026-01-01 00:01:16.500000+00:00,,syn-normal-hpo-102,syn-normal-hpo-102,,,,,0,10.0,199.5183308343608,72.65682921290286,37.10165133346847,2019.9843199755728,48.71893363137269,3007.5668623378992,100.0,100.0,True,,synthetic_normal_hpo_search,sim_user,normal_hpo_search,gpu:1,normal_hpo_search
76.6,2026-01-01 00:01:16.600000+00:00,,syn-normal-hpo-102,syn-normal-hpo-102,,,,,0,10.0,198.31605809273597,70.95666316897317,42.20129993137837,1982.140543881951,48.478136703852314,3433.0810613213935,100.0,100.0,True,,synthetic_normal_hpo_search,sim_user,normal_hpo_search,gpu:1,normal_hpo_search
76.7,2026-01-01 00:01:16.700000+00:00,,syn-normal-hpo-102,syn-normal-hpo-102,,,,,0,10.0,198.5801522684367,68.95168218327197,45.160310646811354,1925.2369916196853,48.09771295172915,3736.3097012711137,100.0,100.0,True,,synthetic_normal_hpo_search,sim_user,normal_hpo_search,gpu:1,normal_hpo_search
76.8,2026-01-01 00:01:16.800000+00:00,,syn-normal-hpo-102,syn-normal-hpo-102,,,,,0,10.0,30.865874015407023,10.399222995540331,3.760203680902748,459.35332546251743,31.470885284538824,765.749299276795,100.0,100.0,True,,synthetic_normal_hpo_search,sim_user,normal_hpo_search,gpu:1,normal_hpo_search
76.9,2026-01-01 00:01:16.900000+00:00,,syn-normal-hpo-102,syn-normal-hpo-102,,,,,0,10.0,31.688103996581383,5.665267110268907,2.4647705229887333,372.8739606180261,30.24397269801241,709.064922819086,100.0,100.0,True,,synthetic_normal_hpo_search,sim_user,normal_hpo_search,gpu:1,normal_hpo_search
77.0,2026-01-01 00:01:17+00:00,,syn-normal-hpo-102,syn-normal-hpo-102,,,,,0,10.0,31.74717391388912,8.221608451673143,2.4963214896236434,408.98208738832625,31.16864716717202,819.8550827972686,100.0,100.0,True,,synthetic_normal_hpo_search,sim_user,normal_hpo_search,gpu:1,normal_hpo_search
77.1,2026-01-01 00:01:17.100000+00:00,,syn-normal-hpo-102,syn-normal-hpo-102,,,,,0,10.0,32.37031931181346,6.474045573948274,0.0,323.96254586736507,30.527087101562962,489.19282281778715,100.0,100.0,True,,synthetic_normal_hpo_search,sim_user,normal_hpo_search,gpu:1,normal_hpo_search
77.2,2026-01-01 00:01:17.200000+00:00,,syn-normal-hpo-102,syn-normal-hpo-102,,,,,0,10.0,35.155754211541336,10.188317738401954,3.837313340899116,436.9869949744783,31.35917308460803,832.6953105844032,100.0,100.0,True,,synthetic_normal_hpo_search,sim_user,normal_hpo_search,gpu:1,normal_hpo_search
77.3,2026-01-01 00:01:17.300000+00:00,,syn-normal-hpo-102,syn-normal-hpo-102,,,,,0,10.0,36.71741952444357,10.796590203739402,3.0273335419557434,472.84512949619204,31.402873649634294,612.0021886333215,100.0,100.0,True,,synthetic_normal_hpo_search,sim_user,normal_hpo_search,gpu:1,normal_hpo_search
77.4,2026-01-01 00:01:17.400000+00:00,,syn-normal-hpo-102,syn-normal-hpo-102,,,,,0,10.0,36.17058889091298,7.699886356447197,1.9108047262109724,430.3434128955107,30.386751918501368,746.4127823519111,100.0,100.0,True,,synthetic_normal_hpo_search,sim_user,normal_hpo_search,gpu:1,normal_hpo_search
77.5,2026-01-01 00:01:17.500000+00:00,,syn-normal-hpo-102,syn-normal-hpo-102,,,,,0,10.0,36.4279650637668,7.750547047364753,1.13107366480196,401.39182443637424,30.053595545960583,573.656055670029,100.0,100.0,True,,synthetic_normal_hpo_search,sim_user,normal_hpo_search,gpu:1,normal_hpo_search
77.6,2026-01-01 00:01:17.600000+00:00,,syn-normal-hpo-102,syn-normal-hpo-102,,,,,0,10.0,35.323904045631984,11.063148997864548,3.2535381908602137,506.2525854492181,31.1516329880907,708.2697507252622,100.0,100.0,True,,synthetic_normal_hpo_search,sim_user,normal_hpo_search,gpu:1,normal_hpo_search
77.7,2026-01-01 00:01:17.700000+00:00,,syn-normal-hpo-102,syn-normal-hpo-102,,,,,0,10.0,34.064110227228966,8.762598140852626,8.368654163556736,407.06803097724344,30.768113843154826,1102.0117640527176,100.0,100.0,True,,synthetic_normal_hpo_search,sim_user,normal_hpo_search,gpu:1,normal_hpo_search
77.8,2026-01-01 00:01:17.800000+00:00,,syn-normal-hpo-102,syn-normal-hpo-102,,,,,0,10.0,33.31976058606559,9.813781415295336,4.114421391521801,431.8313848365112,30.71541730556252,762.4841801474965,100.0,100.0,True,,synthetic_normal_hpo_search,sim_user,normal_hpo_search,gpu:1,normal_hpo_search
77.9,2026-01-01 00:01:17.900000+00:00,,syn-normal-hpo-102,syn-normal-hpo-102,,,,,0,10.0,32.928070820704065,8.551494538023306,0.0,448.8273373372283,29.946543315274305,449.1621313956675,100.0,100.0,True,,synthetic_normal_hpo_search,sim_user,normal_hpo_search,gpu:1,normal_hpo_search
78.0,2026-01-01 00:01:18+00:00,,syn-normal-hpo-102,syn-normal-hpo-102,,,,,0,10.0,32.68818974294095,9.954513817921256,8.928139942195896,423.11960730719267,30.461951403665736,978.8281671675901,100.0,100.0,True,,synthetic_normal_hpo_search,sim_user,normal_hpo_search,gpu:1,normal_hpo_search
78.1,2026-01-01 00:01:18.100000+00:00,,syn-normal-hpo-102,syn-normal-hpo-102,,,,,0,10.0,32.43644270965402,8.899160580460421,8.025333467003204,423.071550172448,30.23060035253548,1140.2628723740072,100.0,100.0,True,,synthetic_normal_hpo_search,sim_user,normal_hpo_search,gpu:1,normal_hpo_search
78.2,2026-01-01 00:01:18.200000+00:00,,syn-normal-hpo-102,syn-normal-hpo-102,,,,,0,10.0,32.10577199135754,6.643534269738838,8.651216659584293,373.9484305814166,29.449660599525473,1007.1696225988215,100.0,100.0,True,,synthetic_normal_hpo_search,sim_user,normal_hpo_search,gpu:1,normal_hpo_search
78.3,2026-01-01 00:01:18.300000+00:00,,syn-normal-hpo-102,syn-normal-hpo-102,,,,,0,10.0,34.21222117050458,11.506169406399337,6.838431627645863,481.2141136837892,31.002179815654365,753.908650554825,100.0,100.0,True,,synthetic_normal_hpo_search,sim_user,normal_hpo_search,gpu:1,normal_hpo_search
78.4,2026-01-01 00:01:18.400000+00:00,,syn-normal-hpo-102,syn-normal-hpo-102,,,,,0,10.0,33.20954664254087,7.960768165377601,4.0044723931002935,453.97235811816574,30.48098478269996,685.1343391198201,100.0,100.0,True,,synthetic_normal_hpo_search,sim_user,normal_hpo_search,gpu:1,normal_hpo_search
78.5,2026-01-01 00:01:18.500000+00:00,,syn-normal-hpo-102,syn-normal-hpo-102,,,,,0,10.0,34.82717868456374,8.886645324997998,7.9659973631955845,452.8651857160353,30.289218607537542,907.6232542930338,100.0,100.0,True,,synthetic_normal_hpo_search,sim_user,normal_hpo_search,gpu:1,normal_hpo_search
78.6,2026-01-01 00:01:18.600000+00:00,,syn-normal-hpo-102,syn-normal-hpo-102,,,,,0,10.0,38.278321157036515,10.542748527255974,8.625680800621856,432.07976653440926,30.640971425958625,1076.745927452981,100.0,100.0,True,,synthetic_normal_hpo_search,sim_user,normal_hpo_search,gpu:1,normal_hpo_search
78.7,2026-01-01 00:01:18.700000+00:00,,syn-normal-hpo-102,syn-normal-hpo-102,,,,,0,10.0,37.572527429302696,12.16648831908278,6.197187804064664,530.1641226609521,31.10807716868353,702.1829896205178,100.0,100.0,True,,synthetic_normal_hpo_search,sim_user,normal_hpo_search,gpu:1,normal_hpo_search
78.8,2026-01-01 00:01:18.800000+00:00,,syn-normal-hpo-102,syn-normal-hpo-102,,,,,0,10.0,262.8687922736522,94.21229169124551,54.13591822418673,2520.0,54.23309955362788,4262.720359932803,100.0,100.0,True,,synthetic_normal_hpo_search,sim_user,normal_hpo_search,gpu:1,normal_hpo_search
78.9,2026-01-01 00:01:18.900000+00:00,,syn-normal-hpo-102,syn-normal-hpo-102,,,,,0,10.0,262.4193631349627,95.65269455578756,56.26819299516657,2520.0,54.86638914638216,4441.596993807659,100.0,100.0,True,,synthetic_normal_hpo_search,sim_user,normal_hpo_search,gpu:1,normal_hpo_search
79.0,2026-01-01 00:01:19+00:00,,syn-normal-hpo-102,syn-normal-hpo-102,,,,,0,10.0,263.2958748873522,95.65218113906478,61.836784031536155,2520.0,54.87241126317795,4951.48243453346,100.0,100.0,True,,synthetic_normal_hpo_search,sim_user,normal_hpo_search,gpu:1,normal_hpo_search
79.1,2026-01-01 00:01:19.100000+00:00,,syn-normal-hpo-102,syn-normal-hpo-102,,,,,0,10.0,262.05458306994336,94.91796663542486,53.78272472442332,2520.0,54.76684368747825,4295.818336371031,100.0,100.0,True,,synthetic_normal_hpo_search,sim_user,normal_hpo_search,gpu:1,normal_hpo_search
79.2,2026-01-01 00:01:19.200000+00:00,,syn-normal-hpo-102,syn-normal-hpo-102,,,,,0,10.0,260.1327693090123,92.57205145215678,53.604340245239925,2520.0,54.23565213159941,4277.320424990008,100.0,100.0,True,,synthetic_normal_hpo_search,sim_user,normal_hpo_search,gpu:1,normal_hpo_search
79.3,2026-01-01 00:01:19.300000+00:00,,syn-normal-hpo-102,syn-normal-hpo-102,,,,,0,10.0,261.65794710822644,89.86498929662243,42.96590449285334,2416.5663789784885,53.341948631658774,3554.2665352781314,100.0,100.0,True,,synthetic_normal_hpo_search,sim_user,normal_hpo_search,gpu:1,normal_hpo_search
79.4,2026-01-01 00:01:19.400000+00:00,,syn-normal-hpo-102,syn-normal-hpo-102,,,,,0,10.0,261.1098080641124,93.51424320192194,49.59520126635377,2520.0,54.555097260084146,3867.5403982415064,100.0,100.0,True,,synthetic_normal_hpo_search,sim_user,normal_hpo_search,gpu:1,normal_hpo_search
79.5,2026-01-01 00:01:19.500000+00:00,,syn-normal-hpo-102,syn-normal-hpo-102,,,,,0,10.0,257.8173375078382,95.65673286930715,49.35460562917984,2520.0,55.01690548248142,3960.9053155199185,100.0,100.0,True,,synthetic_normal_hpo_search,sim_user,normal_hpo_search,gpu:1,normal_hpo_search
79.6,2026-01-01 00:01:19.600000+00:00,,syn-normal-hpo-102,syn-normal-hpo-102,,,,,0,10.0,257.77339421310256,93.49801100252239,46.75034419919582,2520.0,54.51306481622661,3715.8518027330665,100.0,100.0,True,,synthetic_normal_hpo_search,sim_user,normal_hpo_search,gpu:1,normal_hpo_search
79.7,2026-01-01 00:01:19.700000+00:00,,syn-normal-hpo-102,syn-normal-hpo-102,,,,,0,10.0,257.4010925043929,92.71983106841705,42.94495106288934,2492.4659454197244,54.265098624638725,3523.3532385228627,100.0,100.0,True,,synthetic_normal_hpo_search,sim_user,normal_hpo_search,gpu:1,normal_hpo_search
79.8,2026-01-01 00:01:19.800000+00:00,,syn-normal-hpo-102,syn-normal-hpo-102,,,,,0,10.0,258.82360669116736,93.70056608270392,57.08802677599773,2520.0,54.46244200763362,4505.039528155725,100.0,100.0,True,,synthetic_normal_hpo_search,sim_user,normal_hpo_search,gpu:1,normal_hpo_search
79.9,2026-01-01 00:01:19.900000+00:00,,syn-normal-hpo-102,syn-normal-hpo-102,,,,,0,10.0,258.4351955757682,95.64718709880597,58.38502940128013,2520.0,54.93102472568688,4530.164203410816,100.0,100.0,True,,synthetic_normal_hpo_search,sim_user,normal_hpo_search,gpu:1,normal_hpo_search
80.0,2026-01-01 00:01:20+00:00,,syn-normal-hpo-102,syn-normal-hpo-102,,,,,0,10.0,258.3009354862124,93.61834590533539,52.694372494218214,2484.3081657072908,54.194179963286764,4004.897783984446,100.0,100.0,True,,synthetic_normal_hpo_search,sim_user,normal_hpo_search,gpu:1,normal_hpo_search
80.1,2026-01-01 00:01:20.100000+00:00,,syn-normal-hpo-102,syn-normal-hpo-102,,,,,0,10.0,258.97801910027937,93.53343404080218,49.139525241204566,2520.0,53.883637295262105,4043.2293972726775,100.0,100.0,True,,synthetic_normal_hpo_search,sim_user,normal_hpo_search,gpu:1,normal_hpo_search
80.2,2026-01-01 00:01:20.200000+00:00,,syn-normal-hpo-102,syn-normal-hpo-102,,,,,0,10.0,258.69117172297103,94.99998874384741,51.17290492566625,2520.0,54.18475379755745,4006.701689392056,100.0,100.0,True,,synthetic_normal_hpo_search,sim_user,normal_hpo_search,gpu:1,normal_hpo_search
80.3,2026-01-01 00:01:20.300000+00:00,,syn-normal-hpo-102,syn-normal-hpo-102,,,,,0,10.0,259.0783022970555,96.25269388265906,56.02303447706612,2520.0,54.292850003778824,4432.650428489128,100.0,100.0,True,,synthetic_normal_hpo_search,sim_user,normal_hpo_search,gpu:1,normal_hpo_search
80.4,2026-01-01 00:01:20.400000+00:00,,syn-normal-hpo-102,syn-normal-hpo-102,,,,,0,10.0,259.79514590151246,95.18116735213744,52.103654376922535,2506.99115832449,54.04687038366619,4019.620670621224,100.0,100.0,True,,synthetic_normal_hpo_search,sim_user,normal_hpo_search,gpu:1,normal_hpo_search
80.5,2026-01-01 00:01:20.500000+00:00,,syn-normal-hpo-102,syn-normal-hpo-102,,,,,0,10.0,259.6585973881058,94.7965692899432,46.83758787795955,2520.0,54.09065900047167,3857.3682257197847,100.0,100.0,True,,synthetic_normal_hpo_search,sim_user,normal_hpo_search,gpu:1,normal_hpo_search
80.6,2026-01-01 00:01:20.600000+00:00,,syn-normal-hpo-102,syn-normal-hpo-102,,,,,0,10.0,257.6133531567915,90.31670014020443,48.59487443802845,2435.3376094039845,52.72295097045625,3927.121286294165,100.0,100.0,True,,synthetic_normal_hpo_search,sim_user,normal_hpo_search,gpu:1,normal_hpo_search
80.7,2026-01-01 00:01:20.700000+00:00,,syn-normal-hpo-102,syn-normal-hpo-102,,,,,0,10.0,256.6391194756959,90.03235044941496,45.73672106457982,2425.8128388762516,52.599631760216134,3632.8359181402275,100.0,100.0,True,,synthetic_normal_hpo_search,sim_user,normal_hpo_search,gpu:1,normal_hpo_search
80.8,2026-01-01 00:01:20.800000+00:00,,syn-normal-hpo-102,syn-normal-hpo-102,,,,,0,10.0,255.8752339019999,92.99542619443385,50.905425633791516,2481.670599461383,53.33468302564975,4093.527865397185,100.0,100.0,True,,synthetic_normal_hpo_search,sim_user,normal_hpo_search,gpu:1,normal_hpo_search
80.9,2026-01-01 00:01:20.900000+00:00,,syn-normal-hpo-102,syn-normal-hpo-102,,,,,0,10.0,257.9697927744197,92.61066786555695,50.31782027764168,2520.0,52.95792465682139,4006.42448647934,100.0,100.0,True,,synthetic_normal_hpo_search,sim_user,normal_hpo_search,gpu:1,normal_hpo_search
81.0,2026-01-01 00:01:21+00:00,,syn-normal-hpo-102,syn-normal-hpo-102,,,,,0,10.0,257.4151197363243,92.39724253998347,53.597422552480786,2459.9959698743073,53.01392437873686,4112.601598131772,100.0,100.0,True,,synthetic_normal_hpo_search,sim_user,normal_hpo_search,gpu:1,normal_hpo_search
81.1,2026-01-01 00:01:21.100000+00:00,,syn-normal-hpo-102,syn-normal-hpo-102,,,,,0,10.0,255.96281651812265,93.39231862894346,53.8868975570987,2520.0,53.35992244329273,4208.513545905034,100.0,100.0,True,,synthetic_normal_hpo_search,sim_user,normal_hpo_search,gpu:1,normal_hpo_search
81.2,2026-01-01 00:01:21.200000+00:00,,syn-normal-hpo-102,syn-normal-hpo-102,,,,,0,10.0,256.5167426244381,94.5311007004252,49.68840225044053,2520.0,54.01465608494368,3907.951688746556,100.0,100.0,True,,synthetic_normal_hpo_search,sim_user,normal_hpo_search,gpu:1,normal_hpo_search
81.3,2026-01-01 00:01:21.300000+00:00,,syn-normal-hpo-102,syn-normal-hpo-102,,,,,0,10.0,256.11199876146657,98.51505548719615,54.68278274562239,2520.0,54.99981229440917,4291.798745602098,100.0,100.0,True,,synthetic_normal_hpo_search,sim_user,normal_hpo_search,gpu:1,normal_hpo_search
81.4,2026-01-01 00:01:21.400000+00:00,,syn-normal-hpo-102,syn-normal-hpo-102,,,,,0,10.0,258.79574891504456,92.21125733349322,49.357962309410745,2500.8923184684445,53.19124194739836,3844.159261118811,100.0,100.0,True,,synthetic_normal_hpo_search,sim_user,normal_hpo_search,gpu:1,normal_hpo_search
81.5,2026-01-01 00:01:21.500000+00:00,,syn-normal-hpo-102,syn-normal-hpo-102,,,,,0,10.0,263.00628080607083,96.01450900031467,58.69946798729521,2520.0,54.51813630967962,4654.548124792416,100.0,100.0,True,,synthetic_normal_hpo_search,sim_user,normal_hpo_search,gpu:1,normal_hpo_search
81.6,2026-01-01 00:01:21.600000+00:00,,syn-normal-hpo-102,syn-normal-hpo-102,,,,,0,10.0,263.8625489709429,100.0,58.21244890934725,2520.0,55.62151190144081,4694.18038933499,100.0,100.0,True,,synthetic_normal_hpo_search,sim_user,normal_hpo_search,gpu:1,normal_hpo_search
81.7,2026-01-01 00:01:21.700000+00:00,,syn-normal-hpo-102,syn-normal-hpo-102,,,,,0,10.0,263.5187611435338,94.32443749502036,53.174135606837446,2520.0,53.98117494139186,4103.966900472172,100.0,100.0,True,,synthetic_normal_hpo_search,sim_user,normal_hpo_search,gpu:1,normal_hpo_search
81.8,2026-01-01 00:01:21.800000+00:00,,syn-normal-hpo-102,syn-normal-hpo-102,,,,,0,10.0,263.44000537209763,96.94957259904305,53.6829501740978,2520.0,54.829607248677135,4154.4860941650395,100.0,100.0,True,,synthetic_normal_hpo_search,sim_user,normal_hpo_search,gpu:1,normal_hpo_search
81.9,2026-01-01 00:01:21.900000+00:00,,syn-normal-hpo-102,syn-normal-hpo-102,,,,,0,10.0,263.23610666647636,93.60752668864733,47.848675293996465,2520.0,53.805603042983385,3691.3955741774553,100.0,100.0,True,,synthetic_normal_hpo_search,sim_user,normal_hpo_search,gpu:1,normal_hpo_search
82.0,2026-01-01 00:01:22+00:00,,syn-normal-hpo-102,syn-normal-hpo-102,,,,,0,10.0,264.79344948539796,98.73455985515562,51.76989316966117,2520.0,55.20245948715342,4011.098709168098,100.0,100.0,True,,synthetic_normal_hpo_search,sim_user,normal_hpo_search,gpu:1,normal_hpo_search
82.1,2026-01-01 00:01:22.100000+00:00,,syn-normal-hpo-102,syn-normal-hpo-102,,,,,0,10.0,264.5413969014247,94.80069319754864,47.14159290049536,2520.0,54.045883653048826,3831.8816688001007,100.0,100.0,True,,synthetic_normal_hpo_search,sim_user,normal_hpo_search,gpu:1,normal_hpo_search
82.2,2026-01-01 00:01:22.200000+00:00,,syn-normal-hpo-102,syn-normal-hpo-102,,,,,0,10.0,264.97224403926447,97.57236544002329,59.29316662501426,2520.0,54.94594209523862,4411.129844447424,100.0,100.0,True,,synthetic_normal_hpo_search,sim_user,normal_hpo_search,gpu:1,normal_hpo_search
82.3,2026-01-01 00:01:22.300000+00:00,,syn-normal-hpo-102,syn-normal-hpo-102,,,,,0,10.0,263.7836941333156,97.54648816491763,59.46949712173651,2520.0,54.91331164440565,4753.9310144826795,100.0,100.0,True,,synthetic_normal_hpo_search,sim_user,normal_hpo_search,gpu:1,normal_hpo_search
82.4,2026-01-01 00:01:22.400000+00:00,,syn-normal-hpo-102,syn-normal-hpo-102,,,,,0,10.0,262.64051752323877,94.64160761791912,56.631473874962545,2506.2318799362465,54.15499002786526,4309.898374502881,100.0,100.0,True,,synthetic_normal_hpo_search,sim_user,normal_hpo_search,gpu:1,normal_hpo_search
82.5,2026-01-01 00:01:22.500000+00:00,,syn-normal-hpo-102,syn-normal-hpo-102,,,,,0,10.0,262.5488201410276,92.6447183501265,49.159280477578214,2515.301737639986,53.73173793449544,3802.459130424228,100.0,100.0,True,,synthetic_normal_hpo_search,sim_user,normal_hpo_search,gpu:1,normal_hpo_search
82.6,2026-01-01 00:01:22.600000+00:00,,syn-normal-hpo-102,syn-normal-hpo-102,,,,,0,10.0,262.766658590304,93.93853547254345,43.523959456733365,2520.0,54.21675413716653,3512.343817463246,100.0,100.0,True,,synthetic_normal_hpo_search,sim_user,normal_hpo_search,gpu:1,normal_hpo_search
82.7,2026-01-01 00:01:22.700000+00:00,,syn-normal-hpo-102,syn-normal-hpo-102,,,,,0,10.0,261.28170581421506,95.28820837239579,57.89533434525997,2520.0,54.76903494750723,4530.946419402726,100.0,100.0,True,,synthetic_normal_hpo_search,sim_user,normal_hpo_search,gpu:1,normal_hpo_search
82.8,2026-01-01 00:01:22.800000+00:00,,syn-normal-hpo-102,syn-normal-hpo-102,,,,,0,10.0,261.54851925294946,96.16413905150773,54.413574064571364,2520.0,54.90237034252561,4416.500093913297,100.0,100.0,True,,synthetic_normal_hpo_search,sim_user,normal_hpo_search,gpu:1,normal_hpo_search
82.9,2026-01-01 00:01:22.900000+00:00,,syn-normal-hpo-102,syn-normal-hpo-102,,,,,0,10.0,261.98517506102274,96.78889548305617,52.40563870904484,2520.0,55.01312953424332,4201.359863279585,100.0,100.0,True,,synthetic_normal_hpo_search,sim_user,normal_hpo_search,gpu:1,normal_hpo_search
83.0,2026-01-01 00:01:23+00:00,,syn-normal-hpo-102,syn-normal-hpo-102,,,,,0,10.0,261.51214460563216,93.34253546409833,49.56022343934296,2489.0785089610713,54.07960390878859,3936.577278198797,100.0,100.0,True,,synthetic_normal_hpo_search,sim_user,normal_hpo_search,gpu:1,normal_hpo_search
83.1,2026-01-01 00:01:23.100000+00:00,,syn-normal-hpo-102,syn-normal-hpo-102,,,,,0,10.0,261.0225633721406,97.58846219387696,57.66139613322529,2520.0,55.37327621182813,4427.448237183847,100.0,100.0,True,,synthetic_normal_hpo_search,sim_user,normal_hpo_search,gpu:1,normal_hpo_search
83.2,2026-01-01 00:01:23.200000+00:00,,syn-normal-hpo-102,syn-normal-hpo-102,,,,,0,10.0,260.7994015524107,95.76216729169003,52.36100357160121,2520.0,54.92788033528141,4000.3619508402035,100.0,100.0,True,,synthetic_normal_hpo_search,sim_user,normal_hpo_search,gpu:1,normal_hpo_search
83.3,2026-01-01 00:01:23.300000+00:00,,syn-normal-hpo-102,syn-normal-hpo-102,,,,,0,10.0,259.435599549847,94.28953848456929,54.550375943377574,2520.0,54.28341205087083,4230.5052536148705,100.0,100.0,True,,synthetic_normal_hpo_search,sim_user,normal_hpo_search,gpu:1,normal_hpo_search
83.4,2026-01-01 00:01:23.400000+00:00,,syn-normal-hpo-102,syn-normal-hpo-102,,,,,0,10.0,259.4064832559773,93.05838674793009,42.45017146651787,2520.0,53.975162223225865,3327.4788098029235,100.0,100.0,True,,synthetic_normal_hpo_search,sim_user,normal_hpo_search,gpu:1,normal_hpo_search
83.5,2026-01-01 00:01:23.500000+00:00,,syn-normal-hpo-102,syn-normal-hpo-102,,,,,0,10.0,261.3862891888892,93.10450229468377,52.315094049879136,2513.445842860368,54.07886355214478,4102.554678892189,100.0,100.0,True,,synthetic_normal_hpo_search,sim_user,normal_hpo_search,gpu:1,normal_hpo_search
83.6,2026-01-01 00:01:23.600000+00:00,,syn-normal-hpo-102,syn-normal-hpo-102,,,,,0,10.0,262.8944806602225,91.30190222047646,47.35034335315902,2410.4640264930986,53.70718149586347,3530.5179220727787,100.0,100.0,True,,synthetic_normal_hpo_search,sim_user,normal_hpo_search,gpu:1,normal_hpo_search
83.7,2026-01-01 00:01:23.700000+00:00,,syn-normal-hpo-102,syn-normal-hpo-102,,,,,0,10.0,260.54993897062076,93.59101881977858,52.98558268884674,2480.5261971328223,54.77746190745649,4214.563855678888,100.0,100.0,True,,synthetic_normal_hpo_search,sim_user,normal_hpo_search,gpu:1,normal_hpo_search
83.8,2026-01-01 00:01:23.800000+00:00,,syn-normal-hpo-102,syn-normal-hpo-102,,,,,0,10.0,258.84164654382823,93.87046845997477,55.14391398368132,2520.0,55.03729105359565,4385.471335023018,100.0,100.0,True,,synthetic_normal_hpo_search,sim_user,normal_hpo_search,gpu:1,normal_hpo_search
83.9,2026-01-01 00:01:23.900000+00:00,,syn-normal-hpo-102,syn-normal-hpo-102,,,,,0,10.0,259.10769141008666,97.1376663900953,59.58125731491877,2520.0,55.890732384367716,4562.675237331767,100.0,100.0,True,,synthetic_normal_hpo_search,sim_user,normal_hpo_search,gpu:1,normal_hpo_search
84.0,2026-01-01 00:01:24+00:00,,syn-normal-hpo-102,syn-normal-hpo-102,,,,,0,10.0,258.6951909615566,95.45223814409158,51.1178813502657,2520.0,55.43045770936479,4074.1149027812385,100.0,100.0,True,,synthetic_normal_hpo_search,sim_user,normal_hpo_search,gpu:1,normal_hpo_search
84.1,2026-01-01 00:01:24.100000+00:00,,syn-normal-hpo-102,syn-normal-hpo-102,,,,,0,10.0,256.60596456548575,90.89411742147702,50.797414136768566,2499.17789367535,54.23936879635443,4110.021116828038,100.0,100.0,True,,synthetic_normal_hpo_search,sim_user,normal_hpo_search,gpu:1,normal_hpo_search
84.2,2026-01-01 00:01:24.200000+00:00,,syn-normal-hpo-102,syn-normal-hpo-102,,,,,0,10.0,256.50322869133043,94.41677316170053,55.79175621848864,2520.0,55.10918607012455,4291.882125312628,100.0,100.0,True,,synthetic_normal_hpo_search,sim_user,normal_hpo_search,gpu:1,normal_hpo_search
84.3,2026-01-01 00:01:24.300000+00:00,,syn-normal-hpo-102,syn-normal-hpo-102,,,,,0,10.0,255.87237062388718,90.79896751119632,47.99534709847161,2520.0,54.00076587584562,3804.8379390752357,100.0,100.0,True,,synthetic_normal_hpo_search,sim_user,normal_hpo_search,gpu:1,normal_hpo_search
84.4,2026-01-01 00:01:24.400000+00:00,,syn-normal-hpo-102,syn-normal-hpo-102,,,,,0,10.0,253.8329807677779,96.2603237259066,54.37965750248008,2520.0,55.538581558292904,4277.801127219116,100.0,100.0,True,,synthetic_normal_hpo_search,sim_user,normal_hpo_search,gpu:1,normal_hpo_search
84.5,2026-01-01 00:01:24.500000+00:00,,syn-normal-hpo-102,syn-normal-hpo-102,,,,,0,10.0,252.79094936598662,96.91972502870688,51.108670530018685,2520.0,55.59340384217299,4040.0315949702954,100.0,100.0,True,,synthetic_normal_hpo_search,sim_user,normal_hpo_search,gpu:1,normal_hpo_search
84.6,2026-01-01 00:01:24.600000+00:00,,syn-normal-hpo-102,syn-normal-hpo-102,,,,,0,10.0,253.80093783589706,92.94195860511311,46.93854844389372,2508.4797304811086,54.335037403116,3543.4933241551644,100.0,100.0,True,,synthetic_normal_hpo_search,sim_user,normal_hpo_search,gpu:1,normal_hpo_search
84.7,2026-01-01 00:01:24.700000+00:00,,syn-normal-hpo-102,syn-normal-hpo-102,,,,,0,10.0,254.32526425383034,91.37333057977672,55.467331330812414,2520.0,54.05496980394196,4255.467455946009,100.0,100.0,True,,synthetic_normal_hpo_search,sim_user,normal_hpo_search,gpu:1,normal_hpo_search
84.8,2026-01-01 00:01:24.800000+00:00,,syn-normal-hpo-102,syn-normal-hpo-102,,,,,0,10.0,254.05962289772893,95.03393989177557,50.55717535138662,2520.0,55.19299145914562,3918.5461983959667,100.0,100.0,True,,synthetic_normal_hpo_search,sim_user,normal_hpo_search,gpu:1,normal_hpo_search
84.9,2026-01-01 00:01:24.900000+00:00,,syn-normal-hpo-102,syn-normal-hpo-102,,,,,0,10.0,256.3149630158649,94.08508475336932,50.55015904316161,2520.0,55.156178385355325,3884.9982769051135,100.0,100.0,True,,synthetic_normal_hpo_search,sim_user,normal_hpo_search,gpu:1,normal_hpo_search
85.0,2026-01-01 00:01:25+00:00,,syn-normal-hpo-102,syn-normal-hpo-102,,,,,0,10.0,256.2011849948436,94.24366020055696,53.76730089761162,2520.0,55.33923274685017,3967.1895421378786,100.0,100.0,True,,synthetic_normal_hpo_search,sim_user,normal_hpo_search,gpu:1,normal_hpo_search
85.1,2026-01-01 00:01:25.100000+00:00,,syn-normal-hpo-102,syn-normal-hpo-102,,,,,0,10.0,256.8417010661487,93.97882818069652,51.49330966042731,2520.0,55.44083880422616,4139.090693240649,100.0,100.0,True,,synthetic_normal_hpo_search,sim_user,normal_hpo_search,gpu:1,normal_hpo_search
85.2,2026-01-01 00:01:25.200000+00:00,,syn-normal-hpo-102,syn-normal-hpo-102,,,,,0,10.0,255.52290739824372,91.63500573114172,47.473803601760544,2511.440987391626,54.67100772611478,3805.21763333166,100.0,100.0,True,,synthetic_normal_hpo_search,sim_user,normal_hpo_search,gpu:1,normal_hpo_search
85.3,2026-01-01 00:01:25.300000+00:00,,syn-normal-hpo-102,syn-normal-hpo-102,,,,,0,10.0,254.39833567883716,93.80184637418526,62.83614701609063,2520.0,55.265556233463535,4916.427501568865,100.0,100.0,True,,synthetic_normal_hpo_search,sim_user,normal_hpo_search,gpu:1,normal_hpo_search
85.4,2026-01-01 00:01:25.400000+00:00,,syn-normal-hpo-102,syn-normal-hpo-102,,,,,0,10.0,254.38313078767428,94.95521182703075,57.094187608432975,2520.0,55.74263537605585,4435.993202687477,100.0,100.0,True,,synthetic_normal_hpo_search,sim_user,normal_hpo_search,gpu:1,normal_hpo_search
85.5,2026-01-01 00:01:25.500000+00:00,,syn-normal-hpo-102,syn-normal-hpo-102,,,,,0,10.0,255.24356487025145,93.2861982883364,49.81131122829306,2520.0,55.31817307670792,3926.9223936433295,100.0,100.0,True,,synthetic_normal_hpo_search,sim_user,normal_hpo_search,gpu:1,normal_hpo_search
85.6,2026-01-01 00:01:25.600000+00:00,,syn-normal-hpo-102,syn-normal-hpo-102,,,,,0,10.0,255.6587876406819,92.3723879753148,53.16017896857384,2518.1353425305388,54.83341152003849,4126.948732941644,100.0,100.0,True,,synthetic_normal_hpo_search,sim_user,normal_hpo_search,gpu:1,normal_hpo_search
85.7,2026-01-01 00:01:25.700000+00:00,,syn-normal-hpo-102,syn-normal-hpo-102,,,,,0,10.0,255.6816688667729,92.31182771088157,44.01419968773578,2466.1655666816487,54.73999234031504,3530.8230464590692,100.0,100.0,True,,synthetic_normal_hpo_search,sim_user,normal_hpo_search,gpu:1,normal_hpo_search
85.8,2026-01-01 00:01:25.800000+00:00,,syn-normal-hpo-102,syn-normal-hpo-102,,,,,0,10.0,254.81374626542737,94.11249623690898,45.890995775526264,2519.6441319413966,55.08570952384921,3628.5498744578517,100.0,100.0,True,,synthetic_normal_hpo_search,sim_user,normal_hpo_search,gpu:1,normal_hpo_search
85.9,2026-01-01 00:01:25.900000+00:00,,syn-normal-hpo-102,syn-normal-hpo-102,,,,,0,10.0,255.85455307498304,95.09384845749183,56.661277807471855,2520.0,55.11066457608254,4256.484656414687,100.0,100.0,True,,synthetic_normal_hpo_search,sim_user,normal_hpo_search,gpu:1,normal_hpo_search
86.0,2026-01-01 00:01:26+00:00,,syn-normal-hpo-102,syn-normal-hpo-102,,,,,0,10.0,255.60065012827215,92.44087961144514,54.367915585772664,2505.3536130946513,54.43926436241988,4284.08626276304,100.0,100.0,True,,synthetic_normal_hpo_search,sim_user,normal_hpo_search,gpu:1,normal_hpo_search
86.1,2026-01-01 00:01:26.100000+00:00,,syn-normal-hpo-102,syn-normal-hpo-102,,,,,0,10.0,258.4173357656469,91.63806678727039,51.96792458659536,2473.8121155253384,54.021027362373005,4129.06040499673,100.0,100.0,True,,synthetic_normal_hpo_search,sim_user,normal_hpo_search,gpu:1,normal_hpo_search
86.2,2026-01-01 00:01:26.200000+00:00,,syn-normal-hpo-102,syn-normal-hpo-102,,,,,0,10.0,257.9077520976525,94.6390528542466,52.06810698036808,2520.0,54.726196976901775,3996.018355528097,100.0,100.0,True,,synthetic_normal_hpo_search,sim_user,normal_hpo_search,gpu:1,normal_hpo_search
86.3,2026-01-01 00:01:26.300000+00:00,,syn-normal-hpo-102,syn-normal-hpo-102,,,,,0,10.0,257.38322759744784,93.03160306242326,53.03668593421641,2520.0,54.197918231153,4053.589554758458,100.0,100.0,True,,synthetic_normal_hpo_search,sim_user,normal_hpo_search,gpu:1,normal_hpo_search
86.4,2026-01-01 00:01:26.400000+00:00,,syn-normal-hpo-102,syn-normal-hpo-102,,,,,0,10.0,256.4045634045354,93.66376577143986,50.59067367411111,2520.0,54.327169263845114,3936.46470080296,100.0,100.0,True,,synthetic_normal_hpo_search,sim_user,normal_hpo_search,gpu:1,normal_hpo_search
86.5,2026-01-01 00:01:26.500000+00:00,,syn-normal-hpo-102,syn-normal-hpo-102,,,,,0,10.0,254.7408463957109,96.47663165613386,56.31832034358857,2520.0,55.10287835844981,4266.058743985261,100.0,100.0,True,,synthetic_normal_hpo_search,sim_user,normal_hpo_search,gpu:1,normal_hpo_search
86.6,2026-01-01 00:01:26.600000+00:00,,syn-normal-hpo-102,syn-normal-hpo-102,,,,,0,10.0,254.52410427273736,95.26348989320203,56.80084518375656,2520.0,54.803058987835435,4289.018757001639,100.0,100.0,True,,synthetic_normal_hpo_search,sim_user,normal_hpo_search,gpu:1,normal_hpo_search
86.7,2026-01-01 00:01:26.700000+00:00,,syn-normal-hpo-102,syn-normal-hpo-102,,,,,0,10.0,254.3456958680582,88.65865242981502,46.509793104152486,2393.998146618306,52.99328351765469,3705.3931417515178,100.0,100.0,True,,synthetic_normal_hpo_search,sim_user,normal_hpo_search,gpu:1,normal_hpo_search
86.8,2026-01-01 00:01:26.800000+00:00,,syn-normal-hpo-102,syn-normal-hpo-102,,,,,0,10.0,252.55366843164893,89.9904532106863,53.03580918328836,2418.850145984278,53.21238475280009,4029.859735604119,100.0,100.0,True,,synthetic_normal_hpo_search,sim_user,normal_hpo_search,gpu:1,normal_hpo_search
86.9,2026-01-01 00:01:26.900000+00:00,,syn-normal-hpo-102,syn-normal-hpo-102,,,,,0,10.0,250.4013585319669,91.05524233499683,50.183792924177475,2487.5588095838452,53.3760112073656,3964.6125516074953,100.0,100.0,True,,synthetic_normal_hpo_search,sim_user,normal_hpo_search,gpu:1,normal_hpo_search
87.0,2026-01-01 00:01:27+00:00,,syn-normal-hpo-102,syn-normal-hpo-102,,,,,0,10.0,249.1814690694915,87.18519910799478,47.394184236178994,2403.804924868964,52.50598629962381,3624.079108160165,100.0,100.0,True,,synthetic_normal_hpo_search,sim_user,normal_hpo_search,gpu:1,normal_hpo_search
87.1,2026-01-01 00:01:27.100000+00:00,,syn-normal-hpo-102,syn-normal-hpo-102,,,,,0,10.0,250.8100691237645,87.229560242683,46.41200239183675,2353.667274907213,52.67529544796347,3553.492849398199,100.0,100.0,True,,synthetic_normal_hpo_search,sim_user,normal_hpo_search,gpu:1,normal_hpo_search
87.2,2026-01-01 00:01:27.200000+00:00,,syn-normal-hpo-102,syn-normal-hpo-102,,,,,0,10.0,252.28498416943253,90.85477276557666,52.685893458123225,2520.0,53.73620250551336,4050.717244343631,100.0,100.0,True,,synthetic_normal_hpo_search,sim_user,normal_hpo_search,gpu:1,normal_hpo_search
87.3,2026-01-01 00:01:27.300000+00:00,,syn-normal-hpo-102,syn-normal-hpo-102,,,,,0,10.0,252.6155506353088,90.79831043835657,49.125504835619786,2434.628531774493,53.537486901182874,3894.564027500506,100.0,100.0,True,,synthetic_normal_hpo_search,sim_user,normal_hpo_search,gpu:1,normal_hpo_search
87.4,2026-01-01 00:01:27.400000+00:00,,syn-normal-hpo-102,syn-normal-hpo-102,,,,,0,10.0,255.08727778794744,92.02021526250455,51.746687425653505,2516.665562957966,53.906543986490256,4107.58250584053,100.0,100.0,True,,synthetic_normal_hpo_search,sim_user,normal_hpo_search,gpu:1,normal_hpo_search
87.5,2026-01-01 00:01:27.500000+00:00,,syn-normal-hpo-102,syn-normal-hpo-102,,,,,0,10.0,255.03823750721122,93.11513112649556,51.51868262362774,2520.0,54.075631803287074,4082.095079182465,100.0,100.0,True,,synthetic_normal_hpo_search,sim_user,normal_hpo_search,gpu:1,normal_hpo_search
87.6,2026-01-01 00:01:27.600000+00:00,,syn-normal-hpo-102,syn-normal-hpo-102,,,,,0,10.0,254.18615993205225,90.87024178836077,44.951080986263236,2487.844513693197,53.166509967305416,3747.3979499518723,100.0,100.0,True,,synthetic_normal_hpo_search,sim_user,normal_hpo_search,gpu:1,normal_hpo_search
87.7,2026-01-01 00:01:27.700000+00:00,,syn-normal-hpo-102,syn-normal-hpo-102,,,,,0,10.0,256.8994973421985,92.82871356484584,45.497597078994104,2517.198148283911,53.96216049881971,3807.2339580415223,100.0,100.0,True,,synthetic_normal_hpo_search,sim_user,normal_hpo_search,gpu:1,normal_hpo_search
87.8,2026-01-01 00:01:27.800000+00:00,,syn-normal-hpo-102,syn-normal-hpo-102,,,,,0,10.0,258.63622972578645,93.60027476904484,56.31489681669664,2520.0,54.36961615157417,4287.5116814125795,100.0,100.0,True,,synthetic_normal_hpo_search,sim_user,normal_hpo_search,gpu:1,normal_hpo_search
87.9,2026-01-01 00:01:27.900000+00:00,,syn-normal-hpo-102,syn-normal-hpo-102,,,,,0,10.0,258.6414668748727,95.86999260328201,51.275089473973026,2520.0,55.19670833604795,4202.513324449636,100.0,100.0,True,,synthetic_normal_hpo_search,sim_user,normal_hpo_search,gpu:1,normal_hpo_search
88.0,2026-01-01 00:01:28+00:00,,syn-normal-hpo-102,syn-normal-hpo-102,,,,,0,10.0,256.706822426864,89.22397460168561,51.9462564861706,2359.424782403252,53.04142656888174,4093.847441499014,100.0,100.0,True,,synthetic_normal_hpo_search,sim_user,normal_hpo_search,gpu:1,normal_hpo_search
88.1,2026-01-01 00:01:28.100000+00:00,,syn-normal-hpo-102,syn-normal-hpo-102,,,,,0,10.0,255.87754719722074,93.66698626176363,50.612549114245795,2520.0,54.1114138893378,4085.7224746469933,100.0,100.0,True,,synthetic_normal_hpo_search,sim_user,normal_hpo_search,gpu:1,normal_hpo_search
88.2,2026-01-01 00:01:28.200000+00:00,,syn-normal-hpo-102,syn-normal-hpo-102,,,,,0,10.0,256.1766419030229,89.19006625635288,52.00653575456261,2409.5754893759076,53.00469611918771,4255.531132069707,100.0,100.0,True,,synthetic_normal_hpo_search,sim_user,normal_hpo_search,gpu:1,normal_hpo_search
88.3,2026-01-01 00:01:28.300000+00:00,,syn-normal-hpo-102,syn-normal-hpo-102,,,,,0,10.0,255.3719987019895,89.59858872004602,49.18622561782303,2433.0558414741895,52.93796535981108,3783.054386051602,100.0,100.0,True,,synthetic_normal_hpo_search,sim_user,normal_hpo_search,gpu:1,normal_hpo_search
88.4,2026-01-01 00:01:28.400000+00:00,,syn-normal-hpo-102,syn-normal-hpo-102,,,,,0,10.0,256.15123581741994,93.50568063945343,53.28192689257658,2520.0,54.066418640765704,4237.770457253777,100.0,100.0,True,,synthetic_normal_hpo_search,sim_user,normal_hpo_search,gpu:1,normal_hpo_search
88.5,2026-01-01 00:01:28.500000+00:00,,syn-normal-hpo-102,syn-normal-hpo-102,,,,,0,10.0,258.6766576039357,94.51995523370859,53.78683968388947,2520.0,54.36950539283716,4358.035600513256,100.0,100.0,True,,synthetic_normal_hpo_search,sim_user,normal_hpo_search,gpu:1,normal_hpo_search
88.6,2026-01-01 00:01:28.600000+00:00,,syn-normal-hpo-102,syn-normal-hpo-102,,,,,0,10.0,258.44488819524713,94.35274199145786,56.194950798961116,2520.0,54.308328838196886,4457.674844429737,100.0,100.0,True,,synthetic_normal_hpo_search,sim_user,normal_hpo_search,gpu:1,normal_hpo_search
88.7,2026-01-01 00:01:28.700000+00:00,,syn-normal-hpo-102,syn-normal-hpo-102,,,,,0,10.0,258.6760379719691,93.66694979813943,56.65114949669295,2490.5080951286086,54.13715741294108,4406.140047153036,100.0,100.0,True,,synthetic_normal_hpo_search,sim_user,normal_hpo_search,gpu:1,normal_hpo_search
88.8,2026-01-01 00:01:28.800000+00:00,,syn-normal-hpo-102,syn-normal-hpo-102,,,,,0,10.0,259.6297263250048,94.29432239566722,59.259223300169005,2520.0,54.30503888289684,4700.34262253816,100.0,100.0,True,,synthetic_normal_hpo_search,sim_user,normal_hpo_search,gpu:1,normal_hpo_search
88.9,2026-01-01 00:01:28.900000+00:00,,syn-normal-hpo-102,syn-normal-hpo-102,,,,,0,10.0,262.8404187151138,93.90659270173393,46.4687941028707,2520.0,54.31226021139639,3767.4261000154133,100.0,100.0,True,,synthetic_normal_hpo_search,sim_user,normal_hpo_search,gpu:1,normal_hpo_search
89.0,2026-01-01 00:01:29+00:00,,syn-normal-hpo-102,syn-normal-hpo-102,,,,,0,10.0,262.8103531694616,95.74151480897315,56.8535578511542,2520.0,54.60933471111463,4476.185552580257,100.0,100.0,True,,synthetic_normal_hpo_search,sim_user,normal_hpo_search,gpu:1,normal_hpo_search
89.1,2026-01-01 00:01:29.100000+00:00,,syn-normal-hpo-102,syn-normal-hpo-102,,,,,0,10.0,262.6817621309683,98.01019872770259,48.833418461162296,2520.0,55.179869903629815,3942.8788761484006,100.0,100.0,True,,synthetic_normal_hpo_search,sim_user,normal_hpo_search,gpu:1,normal_hpo_search
89.2,2026-01-01 00:01:29.200000+00:00,,syn-normal-hpo-102,syn-normal-hpo-102,,,,,0,10.0,262.07307390564534,91.00939877935623,48.543564158556066,2520.0,53.35251751869621,3773.548896772522,100.0,100.0,True,,synthetic_normal_hpo_search,sim_user,normal_hpo_search,gpu:1,normal_hpo_search
89.3,2026-01-01 00:01:29.300000+00:00,,syn-normal-hpo-102,syn-normal-hpo-102,,,,,0,10.0,261.16008251135383,94.23705805829086,50.125326468090876,2520.0,54.421710481834374,3906.2095385077423,100.0,100.0,True,,synthetic_normal_hpo_search,sim_user,normal_hpo_search,gpu:1,normal_hpo_search
89.4,2026-01-01 00:01:29.400000+00:00,,syn-normal-hpo-102,syn-normal-hpo-102,,,,,0,10.0,259.0844775340538,92.47359967458391,53.988415258361705,2518.647876141248,53.69295524637515,4238.071623436086,100.0,100.0,True,,synthetic_normal_hpo_search,sim_user,normal_hpo_search,gpu:1,normal_hpo_search
89.5,2026-01-01 00:01:29.500000+00:00,,syn-normal-hpo-102,syn-normal-hpo-102,,,,,0,10.0,259.89459630739105,91.162639910881,55.552354927045016,2465.661892578576,53.11247840818543,4395.439214064145,100.0,100.0,True,,synthetic_normal_hpo_search,sim_user,normal_hpo_search,gpu:1,normal_hpo_search
89.6,2026-01-01 00:01:29.600000+00:00,,syn-normal-hpo-102,syn-normal-hpo-102,,,,,0,10.0,259.5781014043699,93.52354014059567,51.894750979315404,2520.0,53.745393915199685,4091.4721460339865,100.0,100.0,True,,synthetic_normal_hpo_search,sim_user,normal_hpo_search,gpu:1,normal_hpo_search
89.7,2026-01-01 00:01:29.700000+00:00,,syn-normal-hpo-102,syn-normal-hpo-102,,,,,0,10.0,259.27781547080383,93.7586015411241,56.56062700810595,2520.0,53.72736710406725,4476.280835267727,100.0,100.0,True,,synthetic_normal_hpo_search,sim_user,normal_hpo_search,gpu:1,normal_hpo_search
89.8,2026-01-01 00:01:29.800000+00:00,,syn-normal-hpo-102,syn-normal-hpo-102,,,,,0,10.0,257.5785975013761,87.86642917463368,49.03727026523297,2374.111364065658,52.14609643504532,3879.6713908711163,100.0,100.0,True,,synthetic_normal_hpo_search,sim_user,normal_hpo_search,gpu:1,normal_hpo_search
89.9,2026-01-01 00:01:29.900000+00:00,,syn-normal-hpo-102,syn-normal-hpo-102,,,,,0,10.0,258.12802537050226,89.1118714419251,51.81664338900758,2423.002216494931,52.773489621178996,4057.4918532437555,100.0,100.0,True,,synthetic_normal_hpo_search,sim_user,normal_hpo_search,gpu:1,normal_hpo_search
90.0,2026-01-01 00:01:30+00:00,,syn-normal-hpo-102,syn-normal-hpo-102,,,,,0,10.0,258.32140784384944,93.60137811286143,49.41542910289402,2520.0,53.93422873160713,3849.328951918855,100.0,100.0,True,,synthetic_normal_hpo_search,sim_user,normal_hpo_search,gpu:1,normal_hpo_search
90.1,2026-01-01 00:01:30.100000+00:00,,syn-normal-hpo-102,syn-normal-hpo-102,,,,,0,10.0,259.94265757895965,93.86070477163045,52.96676520685592,2500.026095593146,54.02105315571216,4123.3801762636695,100.0,100.0,True,,synthetic_normal_hpo_search,sim_user,normal_hpo_search,gpu:1,normal_hpo_search
90.2,2026-01-01 00:01:30.200000+00:00,,syn-normal-hpo-102,syn-normal-hpo-102,,,,,0,10.0,261.0261288728253,97.50449534475095,52.96711895180594,2520.0,54.91736839145662,4154.150764095597,100.0,100.0,True,,synthetic_normal_hpo_search,sim_user,normal_hpo_search,gpu:1,normal_hpo_search
90.3,2026-01-01 00:01:30.300000+00:00,,syn-normal-hpo-102,syn-normal-hpo-102,,,,,0,10.0,261.9818027042462,94.32309857928729,43.815060517474365,2520.0,54.0252634186044,3381.383799847131,100.0,100.0,True,,synthetic_normal_hpo_search,sim_user,normal_hpo_search,gpu:1,normal_hpo_search
90.4,2026-01-01 00:01:30.400000+00:00,,syn-normal-hpo-102,syn-normal-hpo-102,,,,,0,10.0,260.7083423615225,97.03458100908607,56.25419461557323,2520.0,54.77099695430507,4336.811274843059,100.0,100.0,True,,synthetic_normal_hpo_search,sim_user,normal_hpo_search,gpu:1,normal_hpo_search
90.5,2026-01-01 00:01:30.500000+00:00,,syn-normal-hpo-102,syn-normal-hpo-102,,,,,0,10.0,260.70473729512713,93.84316462231787,55.892608378701595,2520.0,53.792332330534066,4507.963842044154,100.0,100.0,True,,synthetic_normal_hpo_search,sim_user,normal_hpo_search,gpu:1,normal_hpo_search
90.6,2026-01-01 00:01:30.600000+00:00,,syn-normal-hpo-102,syn-normal-hpo-102,,,,,0,10.0,35.58300444143214,6.471374812875698,0.0,367.3854604603581,29.18488716904133,321.6617188417888,100.0,100.0,True,,synthetic_normal_hpo_search,sim_user,normal_hpo_search,gpu:1,normal_hpo_search
90.7,2026-01-01 00:01:30.700000+00:00,,syn-normal-hpo-102,syn-normal-hpo-102,,,,,0,10.0,36.128955012523065,9.458223899451239,6.253710855481423,495.89223690468344,29.967057784927704,1022.3984051517157,100.0,100.0,True,,synthetic_normal_hpo_search,sim_user,normal_hpo_search,gpu:1,normal_hpo_search
90.8,2026-01-01 00:01:30.800000+00:00,,syn-normal-hpo-102,syn-normal-hpo-102,,,,,0,10.0,34.66501380526261,7.737930202580635,6.738422315247113,414.82704348971606,29.40112647630947,1101.2149373454502,100.0,100.0,True,,synthetic_normal_hpo_search,sim_user,normal_hpo_search,gpu:1,normal_hpo_search
90.9,2026-01-01 00:01:30.900000+00:00,,syn-normal-hpo-102,syn-normal-hpo-102,,,,,0,10.0,35.24149721118931,8.477777804921118,10.879869636179532,435.15363808028985,29.794674304859022,1313.1965044948993,100.0,100.0,True,,synthetic_normal_hpo_search,sim_user,normal_hpo_search,gpu:1,normal_hpo_search
91.0,2026-01-01 00:01:31+00:00,,syn-normal-hpo-102,syn-normal-hpo-102,,,,,0,10.0,34.6019093604253,3.5095532581513282,0.41447111878512666,276.83070852960014,28.41607066434355,449.0057207710085,100.0,100.0,True,,synthetic_normal_hpo_search,sim_user,normal_hpo_search,gpu:1,normal_hpo_search
91.1,2026-01-01 00:01:31.100000+00:00,,syn-normal-hpo-102,syn-normal-hpo-102,,,,,0,10.0,33.870741109113176,8.947892314226653,10.526419447145457,444.9955928198656,30.055438346562912,1208.74812271194,100.0,100.0,True,,synthetic_normal_hpo_search,sim_user,normal_hpo_search,gpu:1,normal_hpo_search
91.2,2026-01-01 00:01:31.200000+00:00,,syn-normal-hpo-102,syn-normal-hpo-102,,,,,0,10.0,34.97372146191426,8.361545414146917,7.417927009009947,430.1700391827293,30.274131797260193,910.0771590017721,100.0,100.0,True,,synthetic_normal_hpo_search,sim_user,normal_hpo_search,gpu:1,normal_hpo_search
91.3,2026-01-01 00:01:31.300000+00:00,,syn-normal-hpo-102,syn-normal-hpo-102,,,,,0,10.0,35.52868411176958,9.287410075318196,12.368296779796992,494.7059265601971,30.66442205884238,1285.4859033447624,100.0,100.0,True,,synthetic_normal_hpo_search,sim_user,normal_hpo_search,gpu:1,normal_hpo_search
91.4,2026-01-01 00:01:31.400000+00:00,,syn-normal-hpo-102,syn-normal-hpo-102,,,,,0,10.0,34.72226345780717,9.353340858260047,4.972614146339101,450.56873541248694,30.335348474216374,780.2624519438426,100.0,100.0,True,,synthetic_normal_hpo_search,sim_user,normal_hpo_search,gpu:1,normal_hpo_search
91.5,2026-01-01 00:01:31.500000+00:00,,syn-normal-hpo-102,syn-normal-hpo-102,,,,,0,10.0,34.83379363935793,11.867647820324883,2.6047965671015985,484.3607221205198,31.16370152225191,500.84961536938533,100.0,100.0,True,,synthetic_normal_hpo_search,sim_user,normal_hpo_search,gpu:1,normal_hpo_search
91.6,2026-01-01 00:01:31.600000+00:00,,syn-normal-hpo-102,syn-normal-hpo-102,,,,,0,10.0,35.08539177185452,8.538481152427774,6.309905398298433,443.9986701948379,30.660798044906898,949.6114838083722,100.0,100.0,True,,synthetic_normal_hpo_search,sim_user,normal_hpo_search,gpu:1,normal_hpo_search
91.7,2026-01-01 00:01:31.700000+00:00,,syn-normal-hpo-102,syn-normal-hpo-102,,,,,0,10.0,35.43336037138163,8.551246113934718,5.22122608247286,441.2950512102587,30.78380463814689,907.2618054577192,100.0,100.0,True,,synthetic_normal_hpo_search,sim_user,normal_hpo_search,gpu:1,normal_hpo_search
91.8,2026-01-01 00:01:31.800000+00:00,,syn-normal-hpo-102,syn-normal-hpo-102,,,,,0,10.0,35.16421163277514,10.59408161976601,1.2555764257985258,468.12673306676095,31.495802005320407,569.3901222510057,100.0,100.0,True,,synthetic_normal_hpo_search,sim_user,normal_hpo_search,gpu:1,normal_hpo_search
91.9,2026-01-01 00:01:31.900000+00:00,,syn-normal-hpo-102,syn-normal-hpo-102,,,,,0,10.0,33.79916135363234,10.427253384837089,2.485234510526045,432.61589665969746,31.35212320999169,787.577337303097,100.0,100.0,True,,synthetic_normal_hpo_search,sim_user,normal_hpo_search,gpu:1,normal_hpo_search
92.0,2026-01-01 00:01:32+00:00,,syn-normal-hpo-102,syn-normal-hpo-102,,,,,0,10.0,33.87588412242515,8.882207596900592,7.036400228114795,451.3919013709326,30.722677215071247,831.6874490807327,100.0,100.0,True,,synthetic_normal_hpo_search,sim_user,normal_hpo_search,gpu:1,normal_hpo_search
92.1,2026-01-01 00:01:32.100000+00:00,,syn-normal-hpo-102,syn-normal-hpo-102,,,,,0,10.0,32.34035143304678,7.06722607532154,4.5377761834982095,389.65938939471755,30.048307921675217,774.6317981349139,100.0,100.0,True,,synthetic_normal_hpo_search,sim_user,normal_hpo_search,gpu:1,normal_hpo_search
92.2,2026-01-01 00:01:32.200000+00:00,,syn-normal-hpo-102,syn-normal-hpo-102,,,,,0,10.0,32.601021544735936,6.80055936103909,6.49697988201766,351.64620865664654,29.914422347789532,955.2878819159624,100.0,100.0,True,,synthetic_normal_hpo_search,sim_user,normal_hpo_search,gpu:1,normal_hpo_search
92.3,2026-01-01 00:01:32.300000+00:00,,syn-normal-hpo-102,syn-normal-hpo-102,,,,,0,10.0,33.39879964023153,6.794028432884167,9.014119863472665,373.7912090555649,30.255527782611146,1014.703985451292,100.0,100.0,True,,synthetic_normal_hpo_search,sim_user,normal_hpo_search,gpu:1,normal_hpo_search
92.4,2026-01-01 00:01:32.400000+00:00,,syn-normal-hpo-102,syn-normal-hpo-102,,,,,0,10.0,32.95898361088632,6.482041124524196,2.1553885691611936,403.95920322054116,29.975241887143174,571.3815763037622,100.0,100.0,True,,synthetic_normal_hpo_search,sim_user,normal_hpo_search,gpu:1,normal_hpo_search
92.5,2026-01-01 00:01:32.500000+00:00,,syn-normal-hpo-102,syn-normal-hpo-102,,,,,0,10.0,32.78321058737524,9.482652563807664,0.7459602087230826,462.6761189096745,30.49776105283159,254.69764008984617,100.0,100.0,True,,synthetic_normal_hpo_search,sim_user,normal_hpo_search,gpu:1,normal_hpo_search
92.6,2026-01-01 00:01:32.600000+00:00,,syn-normal-hpo-102,syn-normal-hpo-102,,,,,0,10.0,33.289367460230906,7.02090713531009,0.0,349.30734851420254,29.80478608185057,452.84114352531884,100.0,100.0,True,,synthetic_normal_hpo_search,sim_user,normal_hpo_search,gpu:1,normal_hpo_search
92.7,2026-01-01 00:01:32.700000+00:00,,syn-normal-hpo-102,syn-normal-hpo-102,,,,,0,10.0,32.76943279942488,9.004503819749303,5.844235986033299,461.54485184580204,30.167871330202775,743.3871277135999,100.0,100.0,True,,synthetic_normal_hpo_search,sim_user,normal_hpo_search,gpu:1,normal_hpo_search
92.8,2026-01-01 00:01:32.800000+00:00,,syn-normal-hpo-102,syn-normal-hpo-102,,,,,0,10.0,33.386256008109314,6.446433299755334,6.560452236390652,417.71124041639575,29.346165129461458,891.8772312191577,100.0,100.0,True,,synthetic_normal_hpo_search,sim_user,normal_hpo_search,gpu:1,normal_hpo_search
92.9,2026-01-01 00:01:32.900000+00:00,,syn-normal-hpo-102,syn-normal-hpo-102,,,,,0,10.0,152.71165836810687,55.47046133553889,29.83299434511083,1594.8778179883698,43.349338394595286,2405.895086064511,100.0,100.0,True,,synthetic_normal_hpo_search,sim_user,normal_hpo_search,gpu:1,normal_hpo_search
93.0,2026-01-01 00:01:33+00:00,,syn-normal-hpo-102,syn-normal-hpo-102,,,,,0,10.0,154.0605121478461,53.9551641523865,29.82519565739484,1502.254245285936,42.829885197774914,2581.625486517152,100.0,100.0,True,,synthetic_normal_hpo_search,sim_user,normal_hpo_search,gpu:1,normal_hpo_search
93.1,2026-01-01 00:01:33.100000+00:00,,syn-normal-hpo-102,syn-normal-hpo-102,,,,,0,10.0,152.83505513753735,56.33403877289653,27.19420617529353,1621.0061893272618,43.60172626483461,2251.396880350583,100.0,100.0,True,,synthetic_normal_hpo_search,sim_user,normal_hpo_search,gpu:1,normal_hpo_search
93.2,2026-01-01 00:01:33.200000+00:00,,syn-normal-hpo-102,syn-normal-hpo-102,,,,,0,10.0,155.58622920502347,55.862993094784116,20.83062863697989,1610.2674248515216,43.546732062487095,1910.7831865374023,100.0,100.0,True,,synthetic_normal_hpo_search,sim_user,normal_hpo_search,gpu:1,normal_hpo_search
93.3,2026-01-01 00:01:33.300000+00:00,,syn-normal-hpo-102,syn-normal-hpo-102,,,,,0,10.0,156.03891418365575,55.604072247128656,26.05033367609933,1548.7154931183788,43.372813519460344,2397.317798463382,100.0,100.0,True,,synthetic_normal_hpo_search,sim_user,normal_hpo_search,gpu:1,normal_hpo_search
93.4,2026-01-01 00:01:33.400000+00:00,,syn-normal-hpo-102,syn-normal-hpo-102,,,,,0,10.0,157.28882872492426,54.13322587188544,32.76871269869295,1564.518899396186,42.738238243271766,2726.337412572168,100.0,100.0,True,,synthetic_normal_hpo_search,sim_user,normal_hpo_search,gpu:1,normal_hpo_search
93.5,2026-01-01 00:01:33.500000+00:00,,syn-normal-hpo-102,syn-normal-hpo-102,,,,,0,10.0,156.664776818399,54.097326157878186,32.71385489002799,1550.3336987561174,42.69334378506665,2659.248243003043,100.0,100.0,True,,synthetic_normal_hpo_search,sim_user,normal_hpo_search,gpu:1,normal_hpo_search
93.6,2026-01-01 00:01:33.600000+00:00,,syn-normal-hpo-102,syn-normal-hpo-102,,,,,0,10.0,157.36206248558915,54.69499341147598,28.461377306158905,1594.1711777714079,42.908540023562125,2534.8714897253094,100.0,100.0,True,,synthetic_normal_hpo_search,sim_user,normal_hpo_search,gpu:1,normal_hpo_search
93.7,2026-01-01 00:01:33.700000+00:00,,syn-normal-hpo-102,syn-normal-hpo-102,,,,,0,10.0,157.70374223552972,55.11888320440469,33.65956087049578,1570.558307525699,43.19486859203262,2710.9861844896013,100.0,100.0,True,,synthetic_normal_hpo_search,sim_user,normal_hpo_search,gpu:1,normal_hpo_search
93.8,2026-01-01 00:01:33.800000+00:00,,syn-normal-hpo-102,syn-normal-hpo-102,,,,,0,10.0,158.51645121481374,54.39191308039691,38.384393695069576,1589.7189731153528,42.94466104332849,3081.8467453926487,100.0,100.0,True,,synthetic_normal_hpo_search,sim_user,normal_hpo_search,gpu:1,normal_hpo_search
93.9,2026-01-01 00:01:33.900000+00:00,,syn-normal-hpo-102,syn-normal-hpo-102,,,,,0,10.0,156.19631240022733,56.06735064685515,35.843321300944424,1600.7869439737176,43.77797703903057,3033.60267041606,100.0,100.0,True,,synthetic_normal_hpo_search,sim_user,normal_hpo_search,gpu:1,normal_hpo_search
94.0,2026-01-01 00:01:34+00:00,,syn-normal-hpo-102,syn-normal-hpo-102,,,,,0,10.0,156.73699984588015,56.38408971345848,34.24588809865125,1680.5518631079237,43.803434155763725,2839.8886078402084,100.0,100.0,True,,synthetic_normal_hpo_search,sim_user,normal_hpo_search,gpu:1,normal_hpo_search
94.1,2026-01-01 00:01:34.100000+00:00,,syn-normal-hpo-102,syn-normal-hpo-102,,,,,0,10.0,153.20334477974475,53.30846941730972,41.092782913698244,1504.3851813996744,42.8459288987725,3284.4474226681727,100.0,100.0,True,,synthetic_normal_hpo_search,sim_user,normal_hpo_search,gpu:1,normal_hpo_search
94.2,2026-01-01 00:01:34.200000+00:00,,syn-normal-hpo-102,syn-normal-hpo-102,,,,,0,10.0,154.6690012538327,57.56296958699978,29.966112204782092,1608.1135489452172,44.30749116312305,2531.640576828127,100.0,100.0,True,,synthetic_normal_hpo_search,sim_user,normal_hpo_search,gpu:1,normal_hpo_search
94.3,2026-01-01 00:01:34.300000+00:00,,syn-normal-hpo-102,syn-normal-hpo-102,,,,,0,10.0,152.6747228902695,53.62098171694545,30.531341813032423,1589.5941640816031,43.494825208895044,2636.1669286130777,100.0,100.0,True,,synthetic_normal_hpo_search,sim_user,normal_hpo_search,gpu:1,normal_hpo_search
94.4,2026-01-01 00:01:34.400000+00:00,,syn-normal-hpo-102,syn-normal-hpo-102,,,,,0,10.0,154.62668222387597,51.505068877664904,32.563032338035406,1418.1038894287908,43.120268916100784,2624.8656531948927,100.0,100.0,True,,synthetic_normal_hpo_search,sim_user,normal_hpo_search,gpu:1,normal_hpo_search
94.5,2026-01-01 00:01:34.500000+00:00,,syn-normal-hpo-102,syn-normal-hpo-102,,,,,0,10.0,154.04248667199437,53.67906580503585,21.293825006815055,1588.4845148500722,43.625405132480005,1931.397401606062,100.0,100.0,True,,synthetic_normal_hpo_search,sim_user,normal_hpo_search,gpu:1,normal_hpo_search
94.6,2026-01-01 00:01:34.600000+00:00,,syn-normal-hpo-102,syn-normal-hpo-102,,,,,0,10.0,152.3728017899515,53.65049880186235,24.742280960691936,1612.7407678072173,43.672086492241824,2180.679088509828,100.0,100.0,True,,synthetic_normal_hpo_search,sim_user,normal_hpo_search,gpu:1,normal_hpo_search
94.7,2026-01-01 00:01:34.700000+00:00,,syn-normal-hpo-102,syn-normal-hpo-102,,,,,0,10.0,154.3688310214148,53.59196015002975,30.18818060382568,1597.2087356085915,43.64190331937712,2545.431245457513,100.0,100.0,True,,synthetic_normal_hpo_search,sim_user,normal_hpo_search,gpu:1,normal_hpo_search
94.8,2026-01-01 00:01:34.800000+00:00,,syn-normal-hpo-102,syn-normal-hpo-102,,,,,0,10.0,156.43630116060666,55.55335439914693,39.2081876614438,1560.7799548924374,44.02713000669202,3260.8592015859012,100.0,100.0,True,,synthetic_normal_hpo_search,sim_user,normal_hpo_search,gpu:1,normal_hpo_search
94.9,2026-01-01 00:01:34.900000+00:00,,syn-normal-hpo-102,syn-normal-hpo-102,,,,,0,10.0,156.5314451043136,53.23427944155991,32.73144294195782,1528.7434767580376,43.27895550703112,2618.6509914996223,100.0,100.0,True,,synthetic_normal_hpo_search,sim_user,normal_hpo_search,gpu:1,normal_hpo_search
95.0,2026-01-01 00:01:35+00:00,,syn-normal-hpo-102,syn-normal-hpo-102,,,,,0,10.0,157.2970751243804,55.04341160579255,30.915184640785572,1573.661923421282,43.64873210922036,2594.968772514108,100.0,100.0,True,,synthetic_normal_hpo_search,sim_user,normal_hpo_search,gpu:1,normal_hpo_search
95.1,2026-01-01 00:01:35.100000+00:00,,syn-normal-hpo-102,syn-normal-hpo-102,,,,,0,10.0,155.48875695294745,54.4208695391321,32.53256974907135,1572.7731317138525,43.5253730015691,2706.1011670969183,100.0,100.0,True,,synthetic_normal_hpo_search,sim_user,normal_hpo_search,gpu:1,normal_hpo_search
95.2,2026-01-01 00:01:35.200000+00:00,,syn-normal-hpo-102,syn-normal-hpo-102,,,,,0,10.0,157.26658135598643,55.95990918257271,29.63161112139945,1580.2244037941432,43.790596183250074,2387.661430954642,100.0,100.0,True,,synthetic_normal_hpo_search,sim_user,normal_hpo_search,gpu:1,normal_hpo_search
95.3,2026-01-01 00:01:35.300000+00:00,,syn-normal-hpo-102,syn-normal-hpo-102,,,,,0,10.0,154.53356544936614,53.26453285449595,27.440711287146918,1521.7397540979605,42.74423951961721,2280.569874858398,100.0,100.0,True,,synthetic_normal_hpo_search,sim_user,normal_hpo_search,gpu:1,normal_hpo_search
95.4,2026-01-01 00:01:35.400000+00:00,,syn-normal-hpo-102,syn-normal-hpo-102,,,,,0,10.0,154.25866327429063,52.771980570092765,26.437841902663006,1572.050666400229,42.45529283478155,2355.739167279675,100.0,100.0,True,,synthetic_normal_hpo_search,sim_user,normal_hpo_search,gpu:1,normal_hpo_search
95.5,2026-01-01 00:01:35.500000+00:00,,syn-normal-hpo-102,syn-normal-hpo-102,,,,,0,10.0,156.69616978960303,54.90496351462814,37.21443916772168,1552.599912741619,43.17843457894471,3024.16482322352,100.0,100.0,True,,synthetic_normal_hpo_search,sim_user,normal_hpo_search,gpu:1,normal_hpo_search
95.6,2026-01-01 00:01:35.600000+00:00,,syn-normal-hpo-102,syn-normal-hpo-102,,,,,0,10.0,156.7256437619515,55.63025832558956,30.81440735905756,1592.8108065122362,43.17311595208541,2612.515236151014,100.0,100.0,True,,synthetic_normal_hpo_search,sim_user,normal_hpo_search,gpu:1,normal_hpo_search
95.7,2026-01-01 00:01:35.700000+00:00,,syn-normal-hpo-102,syn-normal-hpo-102,,,,,0,10.0,155.20270186274286,53.91271518377341,31.42608945324238,1526.9113290897185,42.60061654012965,2722.649985587005,100.0,100.0,True,,synthetic_normal_hpo_search,sim_user,normal_hpo_search,gpu:1,normal_hpo_search
95.8,2026-01-01 00:01:35.800000+00:00,,syn-normal-hpo-102,syn-normal-hpo-102,,,,,0,10.0,155.08922619957093,54.071728624962084,24.255061872429106,1489.968522506305,43.0465172796233,1928.3533934820841,100.0,100.0,True,,synthetic_normal_hpo_search,sim_user,normal_hpo_search,gpu:1,normal_hpo_search
95.9,2026-01-01 00:01:35.900000+00:00,,syn-normal-hpo-102,syn-normal-hpo-102,,,,,0,10.0,154.9092922033299,51.96473519771511,26.586123482912804,1517.731118928489,42.64389981694677,2328.294487074167,100.0,100.0,True,,synthetic_normal_hpo_search,sim_user,normal_hpo_search,gpu:1,normal_hpo_search
96.0,2026-01-01 00:01:36+00:00,,syn-normal-hpo-102,syn-normal-hpo-102,,,,,0,10.0,156.2545069118056,57.74802849777824,28.700724720253714,1680.4682341782136,44.10372360439787,2312.6106754367256,100.0,100.0,True,,synthetic_normal_hpo_search,sim_user,normal_hpo_search,gpu:1,normal_hpo_search
96.1,2026-01-01 00:01:36.100000+00:00,,syn-normal-hpo-102,syn-normal-hpo-102,,,,,0,10.0,154.62350383743396,52.19393667705655,30.25915865411207,1528.9648143873262,42.74293133710024,2655.4558781861824,100.0,100.0,True,,synthetic_normal_hpo_search,sim_user,normal_hpo_search,gpu:1,normal_hpo_search
96.2,2026-01-01 00:01:36.200000+00:00,,syn-normal-hpo-102,syn-normal-hpo-102,,,,,0,10.0,155.6077974212657,59.864640383853526,35.12660322807722,1751.0924109720115,44.994139716490665,3129.2715074870716,100.0,100.0,True,,synthetic_normal_hpo_search,sim_user,normal_hpo_search,gpu:1,normal_hpo_search
96.3,2026-01-01 00:01:36.300000+00:00,,syn-normal-hpo-102,syn-normal-hpo-102,,,,,0,10.0,156.47270419183488,54.63548007837394,27.957271744679396,1570.943833827996,43.789950474377406,2363.7097979674522,100.0,100.0,True,,synthetic_normal_hpo_search,sim_user,normal_hpo_search,gpu:1,normal_hpo_search
96.4,2026-01-01 00:01:36.400000+00:00,,syn-normal-hpo-102,syn-normal-hpo-102,,,,,0,10.0,156.14052852845361,57.50521837688988,32.34068250450905,1634.8994271955949,44.319705619712416,2657.606963452055,100.0,100.0,True,,synthetic_normal_hpo_search,sim_user,normal_hpo_search,gpu:1,normal_hpo_search
96.5,2026-01-01 00:01:36.500000+00:00,,syn-normal-hpo-102,syn-normal-hpo-102,,,,,0,10.0,155.12018997321408,53.61344214832224,29.800432920361846,1558.4814516578656,43.363245123645314,2576.839822478283,100.0,100.0,True,,synthetic_normal_hpo_search,sim_user,normal_hpo_search,gpu:1,normal_hpo_search
96.6,2026-01-01 00:01:36.600000+00:00,,syn-normal-hpo-102,syn-normal-hpo-102,,,,,0,10.0,154.9635729354871,55.390347664296684,25.49265561927108,1543.0105089367655,43.766417472592046,2274.1733494867713,100.0,100.0,True,,synthetic_normal_hpo_search,sim_user,normal_hpo_search,gpu:1,normal_hpo_search
96.7,2026-01-01 00:01:36.700000+00:00,,syn-normal-hpo-102,syn-normal-hpo-102,,,,,0,10.0,155.5232382532578,55.006142801468265,27.83816044498606,1533.7356671292118,43.4974955933616,2338.385827487566,100.0,100.0,True,,synthetic_normal_hpo_search,sim_user,normal_hpo_search,gpu:1,normal_hpo_search
96.8,2026-01-01 00:01:36.800000+00:00,,syn-normal-hpo-102,syn-normal-hpo-102,,,,,0,10.0,156.51478546677887,54.406044853671084,31.33163208002043,1553.9636988741208,43.08354396147135,2564.500092968334,100.0,100.0,True,,synthetic_normal_hpo_search,sim_user,normal_hpo_search,gpu:1,normal_hpo_search
96.9,2026-01-01 00:01:36.900000+00:00,,syn-normal-hpo-102,syn-normal-hpo-102,,,,,0,10.0,156.43538395230647,52.59674540312223,34.7628330141989,1489.0493963565914,42.73419491572659,2835.092985898043,100.0,100.0,True,,synthetic_normal_hpo_search,sim_user,normal_hpo_search,gpu:1,normal_hpo_search
97.0,2026-01-01 00:01:37+00:00,,syn-normal-hpo-102,syn-normal-hpo-102,,,,,0,10.0,158.4407575221904,54.86728586863469,28.322571899265384,1559.7571684030434,43.28822829090773,2387.4734459005012,100.0,100.0,True,,synthetic_normal_hpo_search,sim_user,normal_hpo_search,gpu:1,normal_hpo_search
97.1,2026-01-01 00:01:37.100000+00:00,,syn-normal-hpo-102,syn-normal-hpo-102,,,,,0,10.0,159.49288805391026,53.39660796333017,25.731896416400925,1475.6036186233162,42.90491187667295,2219.220931072407,100.0,100.0,True,,synthetic_normal_hpo_search,sim_user,normal_hpo_search,gpu:1,normal_hpo_search
97.2,2026-01-01 00:01:37.200000+00:00,,syn-normal-hpo-102,syn-normal-hpo-102,,,,,0,10.0,158.45908559233033,58.6912823236491,35.92369748724086,1593.2704949770714,44.32897455885492,3045.882752157135,100.0,100.0,True,,synthetic_normal_hpo_search,sim_user,normal_hpo_search,gpu:1,normal_hpo_search
97.3,2026-01-01 00:01:37.300000+00:00,,syn-normal-hpo-102,syn-normal-hpo-102,,,,,0,10.0,158.1070310326895,53.768580729728846,29.872286141669328,1583.4048730658005,42.55917636535816,2474.867372049836,100.0,100.0,True,,synthetic_normal_hpo_search,sim_user,normal_hpo_search,gpu:1,normal_hpo_search
97.4,2026-01-01 00:01:37.400000+00:00,,syn-normal-hpo-102,syn-normal-hpo-102,,,,,0,10.0,156.4643757670722,58.51834069478902,38.36567014132012,1667.2244365988513,43.671615170407634,3124.348269139502,100.0,100.0,True,,synthetic_normal_hpo_search,sim_user,normal_hpo_search,gpu:1,normal_hpo_search
97.5,2026-01-01 00:01:37.500000+00:00,,syn-normal-hpo-102,syn-normal-hpo-102,,,,,0,10.0,158.4358090156169,55.4010388814288,29.01421893655508,1585.0738662279286,43.007715742372895,2345.462684009677,100.0,100.0,True,,synthetic_normal_hpo_search,sim_user,normal_hpo_search,gpu:1,normal_hpo_search
97.6,2026-01-01 00:01:37.600000+00:00,,syn-normal-hpo-102,syn-normal-hpo-102,,,,,0,10.0,158.18195637594334,52.26401507093704,34.691335212978956,1527.3711122822385,42.0480006663605,3090.187487621881,100.0,100.0,True,,synthetic_normal_hpo_search,sim_user,normal_hpo_search,gpu:1,normal_hpo_search
97.7,2026-01-01 00:01:37.700000+00:00,,syn-normal-hpo-102,syn-normal-hpo-102,,,,,0,10.0,157.76640995147227,59.374775918001326,36.06254465796538,1654.0582568772325,44.23196335889779,2926.3299736160216,100.0,100.0,True,,synthetic_normal_hpo_search,sim_user,normal_hpo_search,gpu:1,normal_hpo_search
97.8,2026-01-01 00:01:37.800000+00:00,,syn-normal-hpo-102,syn-normal-hpo-102,,,,,0,10.0,157.3482747662032,57.596945456884555,28.85900347365534,1665.0848021794118,43.71698069903358,2201.461473814021,100.0,100.0,True,,synthetic_normal_hpo_search,sim_user,normal_hpo_search,gpu:1,normal_hpo_search
97.9,2026-01-01 00:01:37.900000+00:00,,syn-normal-hpo-102,syn-normal-hpo-102,,,,,0,10.0,155.6153613389821,54.003086095432394,32.56172146328652,1548.6510324423714,42.525095823586334,2704.8719019589057,100.0,100.0,True,,synthetic_normal_hpo_search,sim_user,normal_hpo_search,gpu:1,normal_hpo_search
98.0,2026-01-01 00:01:38+00:00,,syn-normal-hpo-102,syn-normal-hpo-102,,,,,0,10.0,155.43545279894607,53.570811072242044,30.41773652845989,1610.210821871049,42.53213546742538,2637.411150572578,100.0,100.0,True,,synthetic_normal_hpo_search,sim_user,normal_hpo_search,gpu:1,normal_hpo_search
98.1,2026-01-01 00:01:38.100000+00:00,,syn-normal-hpo-102,syn-normal-hpo-102,,,,,0,10.0,156.7427292690197,53.96754262126444,30.721949031763558,1616.4860118157499,42.74368077061844,2667.1244454836615,100.0,100.0,True,,synthetic_normal_hpo_search,sim_user,normal_hpo_search,gpu:1,normal_hpo_search
98.2,2026-01-01 00:01:38.200000+00:00,,syn-normal-hpo-102,syn-normal-hpo-102,,,,,0,10.0,156.7673341770385,57.2574087323256,37.35183062199444,1673.3585203231753,44.26909752878682,3268.589810312459,100.0,100.0,True,,synthetic_normal_hpo_search,sim_user,normal_hpo_search,gpu:1,normal_hpo_search
98.3,2026-01-01 00:01:38.300000+00:00,,syn-normal-hpo-102,syn-normal-hpo-102,,,,,0,10.0,157.77213182682527,52.86814204308626,20.749520310562872,1520.4924513933067,43.349654554621374,2050.3814526992155,100.0,100.0,True,,synthetic_normal_hpo_search,sim_user,normal_hpo_search,gpu:1,normal_hpo_search
98.4,2026-01-01 00:01:38.400000+00:00,,syn-normal-hpo-102,syn-normal-hpo-102,,,,,0,10.0,153.62814469962856,52.947729934516644,24.224279162449132,1517.0589310192852,43.23247356885856,2168.1738233037945,100.0,100.0,True,,synthetic_normal_hpo_search,sim_user,normal_hpo_search,gpu:1,normal_hpo_search
98.5,2026-01-01 00:01:38.500000+00:00,,syn-normal-hpo-102,syn-normal-hpo-102,,,,,0,10.0,153.41990197913873,55.93103207660255,30.767668424809173,1645.8693394873333,44.1371953113301,2620.720451413384,100.0,100.0,True,,synthetic_normal_hpo_search,sim_user,normal_hpo_search,gpu:1,normal_hpo_search
98.6,2026-01-01 00:01:38.600000+00:00,,syn-normal-hpo-102,syn-normal-hpo-102,,,,,0,10.0,153.99081580908563,58.00018870907818,27.406562624318106,1645.9038939962525,44.774925635774004,2292.0809563452844,100.0,100.0,True,,synthetic_normal_hpo_search,sim_user,normal_hpo_search,gpu:1,normal_hpo_search
98.7,2026-01-01 00:01:38.700000+00:00,,syn-normal-hpo-102,syn-normal-hpo-102,,,,,0,10.0,153.94015668694792,52.86966472917329,28.772631113874958,1529.0360780220137,43.499271503112816,2577.417957533801,100.0,100.0,True,,synthetic_normal_hpo_search,sim_user,normal_hpo_search,gpu:1,normal_hpo_search
98.8,2026-01-01 00:01:38.800000+00:00,,syn-normal-hpo-102,syn-normal-hpo-102,,,,,0,10.0,151.27553041955966,52.09152899041728,24.85386642008493,1569.0655603414573,43.504887570517056,2230.6783599126325,100.0,100.0,True,,synthetic_normal_hpo_search,sim_user,normal_hpo_search,gpu:1,normal_hpo_search
98.9,2026-01-01 00:01:38.900000+00:00,,syn-normal-hpo-102,syn-normal-hpo-102,,,,,0,10.0,151.1880434525467,51.54499414175663,32.286110882081495,1467.9942470417175,43.30445753402165,3002.7980865022423,100.0,100.0,True,,synthetic_normal_hpo_search,sim_user,normal_hpo_search,gpu:1,normal_hpo_search
99.0,2026-01-01 00:01:39+00:00,,syn-normal-hpo-102,syn-normal-hpo-102,,,,,0,10.0,151.33636733529403,54.931011939636804,24.83643745025292,1549.048201113855,44.26471495949615,1998.7388345902655,100.0,100.0,True,,synthetic_normal_hpo_search,sim_user,normal_hpo_search,gpu:1,normal_hpo_search
99.1,2026-01-01 00:01:39.100000+00:00,,syn-normal-hpo-102,syn-normal-hpo-102,,,,,0,10.0,150.45460101905758,51.17848391055091,30.147207981214567,1468.697875692768,42.96827215211143,2725.7624045935145,100.0,100.0,True,,synthetic_normal_hpo_search,sim_user,normal_hpo_search,gpu:1,normal_hpo_search
99.2,2026-01-01 00:01:39.200000+00:00,,syn-normal-hpo-102,syn-normal-hpo-102,,,,,0,10.0,149.52621249823997,51.93586075254412,31.60461320928769,1431.652607055241,42.9664626637397,2469.1325712500907,100.0,100.0,True,,synthetic_normal_hpo_search,sim_user,normal_hpo_search,gpu:1,normal_hpo_search
99.3,2026-01-01 00:01:39.300000+00:00,,syn-normal-hpo-102,syn-normal-hpo-102,,,,,0,10.0,152.4181910358949,54.43200797123063,30.706244998264076,1512.9582519589244,43.91760163404766,2745.1255637628733,100.0,100.0,True,,synthetic_normal_hpo_search,sim_user,normal_hpo_search,gpu:1,normal_hpo_search
99.4,2026-01-01 00:01:39.400000+00:00,,syn-normal-hpo-102,syn-normal-hpo-102,,,,,0,10.0,151.778657132082,54.557278280591404,35.623511589701565,1597.1637327903552,43.89157285787687,3102.8013778057416,100.0,100.0,True,,synthetic_normal_hpo_search,sim_user,normal_hpo_search,gpu:1,normal_hpo_search
99.5,2026-01-01 00:01:39.500000+00:00,,syn-normal-hpo-102,syn-normal-hpo-102,,,,,0,10.0,150.28650389982363,54.290727198293546,26.945998504588644,1576.9042769459056,43.6733743119001,2216.9341611281275,100.0,100.0,True,,synthetic_normal_hpo_search,sim_user,normal_hpo_search,gpu:1,normal_hpo_search
99.6,2026-01-01 00:01:39.600000+00:00,,syn-normal-hpo-102,syn-normal-hpo-102,,,,,0,10.0,148.73658601575715,50.531405118600794,24.59911886294645,1446.3657370300898,42.51396056846072,2058.498330747098,100.0,100.0,True,,synthetic_normal_hpo_search,sim_user,normal_hpo_search,gpu:1,normal_hpo_search
99.7,2026-01-01 00:01:39.700000+00:00,,syn-normal-hpo-102,syn-normal-hpo-102,,,,,0,10.0,152.8464042235069,53.95027836674729,29.427258383285107,1558.9287121096538,43.50926025507799,2560.312606819738,100.0,100.0,True,,synthetic_normal_hpo_search,sim_user,normal_hpo_search,gpu:1,normal_hpo_search
99.8,2026-01-01 00:01:39.800000+00:00,,syn-normal-hpo-102,syn-normal-hpo-102,,,,,0,10.0,152.2123934075163,54.166904463060334,24.02035774447379,1532.7211785996424,43.38063377683643,2177.145739404962,100.0,100.0,True,,synthetic_normal_hpo_search,sim_user,normal_hpo_search,gpu:1,normal_hpo_search
99.9,2026-01-01 00:01:39.900000+00:00,,syn-normal-hpo-102,syn-normal-hpo-102,,,,,0,10.0,150.7030535167168,54.510663011770646,39.27439595852687,1617.4402816055647,43.23907606596024,3110.4752197992098,100.0,100.0,True,,synthetic_normal_hpo_search,sim_user,normal_hpo_search,gpu:1,normal_hpo_search
100.0,2026-01-01 00:01:40+00:00,,syn-normal-hpo-102,syn-normal-hpo-102,,,,,0,10.0,150.21045248361457,55.59739850761482,28.621557283438623,1613.5577609009392,43.63946341108121,2573.9021364046525,100.0,100.0,True,,synthetic_normal_hpo_search,sim_user,normal_hpo_search,gpu:1,normal_hpo_search
100.1,2026-01-01 00:01:40.100000+00:00,,syn-normal-hpo-102,syn-normal-hpo-102,,,,,0,10.0,151.48640192454036,55.051233820285915,29.8654002350744,1610.4677135579866,43.339522984389234,2426.3347122558775,100.0,100.0,True,,synthetic_normal_hpo_search,sim_user,normal_hpo_search,gpu:1,normal_hpo_search
100.2,2026-01-01 00:01:40.200000+00:00,,syn-normal-hpo-102,syn-normal-hpo-102,,,,,0,10.0,150.9568080404068,51.54823568452354,24.066489766108948,1489.046446201424,42.169162737077755,2212.914189716744,100.0,100.0,True,,synthetic_normal_hpo_search,sim_user,normal_hpo_search,gpu:1,normal_hpo_search
100.3,2026-01-01 00:01:40.300000+00:00,,syn-normal-hpo-102,syn-normal-hpo-102,,,,,0,10.0,151.52615120432037,53.6687901022348,22.86351316510092,1529.4496135885877,42.66152002321198,1976.827209469753,100.0,100.0,True,,synthetic_normal_hpo_search,sim_user,normal_hpo_search,gpu:1,normal_hpo_search
100.4,2026-01-01 00:01:40.400000+00:00,,syn-normal-hpo-102,syn-normal-hpo-102,,,,,0,10.0,152.2865441153143,51.358040728371186,31.85366502388975,1444.9257474333408,41.865984893990905,2767.479888179182,100.0,100.0,True,,synthetic_normal_hpo_search,sim_user,normal_hpo_search,gpu:1,normal_hpo_search
100.5,2026-01-01 00:01:40.500000+00:00,,syn-normal-hpo-102,syn-normal-hpo-102,,,,,0,10.0,153.11456387550552,56.63792504653239,30.341565730827504,1615.097916525944,43.31964372720019,2365.061205241229,100.0,100.0,True,,synthetic_normal_hpo_search,sim_user,normal_hpo_search,gpu:1,normal_hpo_search
100.6,2026-01-01 00:01:40.600000+00:00,,syn-normal-hpo-102,syn-normal-hpo-102,,,,,0,10.0,152.32322588448795,53.179446100242615,26.713378475996596,1566.9343381823028,41.84569743010157,2181.8611570652874,100.0,100.0,True,,synthetic_normal_hpo_search,sim_user,normal_hpo_search,gpu:1,normal_hpo_search
100.7,2026-01-01 00:01:40.700000+00:00,,syn-normal-hpo-102,syn-normal-hpo-102,,,,,0,10.0,153.2103005205518,53.6127625514497,37.1350953732772,1537.5098543291633,42.070188907734945,3035.5823981965514,100.0,100.0,True,,synthetic_normal_hpo_search,sim_user,normal_hpo_search,gpu:1,normal_hpo_search
100.8,2026-01-01 00:01:40.800000+00:00,,syn-normal-hpo-102,syn-normal-hpo-102,,,,,0,10.0,152.61685853138349,54.30023624267662,31.654852723812315,1561.2696591433084,42.5432517729841,2598.672729465261,100.0,100.0,True,,synthetic_normal_hpo_search,sim_user,normal_hpo_search,gpu:1,normal_hpo_search
100.9,2026-01-01 00:01:40.900000+00:00,,syn-normal-hpo-102,syn-normal-hpo-102,,,,,0,10.0,152.77563614420126,52.67731040766719,33.18918946210793,1489.1936233429067,42.003043888098865,2890.161328695229,100.0,100.0,True,,synthetic_normal_hpo_search,sim_user,normal_hpo_search,gpu:1,normal_hpo_search
101.0,2026-01-01 00:01:41+00:00,,syn-normal-hpo-102,syn-normal-hpo-102,,,,,0,10.0,152.62192757990672,55.079797375145894,25.895973258770443,1548.9151983091235,42.96196501049383,2367.7003385613107,100.0,100.0,True,,synthetic_normal_hpo_search,sim_user,normal_hpo_search,gpu:1,normal_hpo_search
101.1,2026-01-01 00:01:41.100000+00:00,,syn-normal-hpo-102,syn-normal-hpo-102,,,,,0,10.0,152.2459146154216,54.98157756068211,38.2570403094238,1577.3693456478316,43.10960472582739,3201.434327873894,100.0,100.0,True,,synthetic_normal_hpo_search,sim_user,normal_hpo_search,gpu:1,normal_hpo_search
101.2,2026-01-01 00:01:41.200000+00:00,,syn-normal-hpo-102,syn-normal-hpo-102,,,,,0,10.0,152.51115013262725,54.100062457318415,29.0118715533335,1519.8932926060393,42.981277836721155,2393.565044121938,100.0,100.0,True,,synthetic_normal_hpo_search,sim_user,normal_hpo_search,gpu:1,normal_hpo_search
101.3,2026-01-01 00:01:41.300000+00:00,,syn-normal-hpo-102,syn-normal-hpo-102,,,,,0,10.0,153.94820413810078,54.25298516520985,30.954318387882925,1597.6105587348845,42.81209525984489,2808.5578675520524,100.0,100.0,True,,synthetic_normal_hpo_search,sim_user,normal_hpo_search,gpu:1,normal_hpo_search
101.4,2026-01-01 00:01:41.400000+00:00,,syn-normal-hpo-102,syn-normal-hpo-102,,,,,0,10.0,154.78156753218605,47.95014305963911,28.532350703360635,1353.584591414162,41.02018699838252,2510.9909929009195,100.0,100.0,True,,synthetic_normal_hpo_search,sim_user,normal_hpo_search,gpu:1,normal_hpo_search
101.5,2026-01-01 00:01:41.500000+00:00,,syn-normal-hpo-102,syn-normal-hpo-102,,,,,0,10.0,155.45965129226042,53.907873657256076,26.456627598198562,1592.3930613746704,43.0989939169589,2234.9010073373433,100.0,100.0,True,,synthetic_normal_hpo_search,sim_user,normal_hpo_search,gpu:1,normal_hpo_search
101.6,2026-01-01 00:01:41.600000+00:00,,syn-normal-hpo-102,syn-normal-hpo-102,,,,,0,10.0,155.6056524873938,55.81147184684847,30.575695985660023,1610.1116822064369,43.53978194480779,2637.5012440265955,100.0,100.0,True,,synthetic_normal_hpo_search,sim_user,normal_hpo_search,gpu:1,normal_hpo_search
101.7,2026-01-01 00:01:41.700000+00:00,,syn-normal-hpo-102,syn-normal-hpo-102,,,,,0,10.0,157.8124202272728,56.169067978132915,33.556978392030395,1638.1679316756304,43.34341554815447,2697.750319044148,100.0,100.0,True,,synthetic_normal_hpo_search,sim_user,normal_hpo_search,gpu:1,normal_hpo_search
101.8,2026-01-01 00:01:41.800000+00:00,,syn-normal-hpo-102,syn-normal-hpo-102,,,,,0,10.0,158.99401326981877,49.05505952670943,24.432156047223785,1426.7178914526398,41.363775185382465,2083.2192388764947,100.0,100.0,True,,synthetic_normal_hpo_search,sim_user,normal_hpo_search,gpu:1,normal_hpo_search
101.9,2026-01-01 00:01:41.900000+00:00,,syn-normal-hpo-102,syn-normal-hpo-102,,,,,0,10.0,160.05197003353135,57.718525350259476,35.35774671247988,1735.2335728054368,43.80230848641737,2724.9778425545505,100.0,100.0,True,,synthetic_normal_hpo_search,sim_user,normal_hpo_search,gpu:1,normal_hpo_search
102.0,2026-01-01 00:01:42+00:00,,syn-normal-hpo-102,syn-normal-hpo-102,,,,,0,10.0,160.40319537419768,58.42842045830902,38.300252501407755,1674.258797126774,44.03435045323092,2999.8252272563527,100.0,100.0,True,,synthetic_normal_hpo_search,sim_user,normal_hpo_search,gpu:1,normal_hpo_search
102.1,2026-01-01 00:01:42.100000+00:00,,syn-normal-hpo-102,syn-normal-hpo-102,,,,,0,10.0,160.01385017504998,54.9793906674929,24.605226473935073,1613.442454972532,43.04222083978423,2178.67492891324,100.0,100.0,True,,synthetic_normal_hpo_search,sim_user,normal_hpo_search,gpu:1,normal_hpo_search
102.2,2026-01-01 00:01:42.200000+00:00,,syn-normal-hpo-102,syn-normal-hpo-102,,,,,0,10.0,159.361545111752,54.23003822379884,31.715470929559558,1560.6225848795957,43.14544033047592,2631.079362799884,100.0,100.0,True,,synthetic_normal_hpo_search,sim_user,normal_hpo_search,gpu:1,normal_hpo_search
102.3,2026-01-01 00:01:42.300000+00:00,,syn-normal-hpo-102,syn-normal-hpo-102,,,,,0,10.0,158.24098960065882,55.77733568667978,25.31912434769472,1642.0007444767894,43.30655435305241,2155.407768360153,100.0,100.0,True,,synthetic_normal_hpo_search,sim_user,normal_hpo_search,gpu:1,normal_hpo_search
102.4,2026-01-01 00:01:42.400000+00:00,,syn-normal-hpo-102,syn-normal-hpo-102,,,,,0,10.0,157.44382701701176,53.226155786401534,30.299699505183504,1554.8339215258966,42.492885441905415,2626.0599872762823,100.0,100.0,True,,synthetic_normal_hpo_search,sim_user,normal_hpo_search,gpu:1,normal_hpo_search
102.5,2026-01-01 00:01:42.500000+00:00,,syn-normal-hpo-102,syn-normal-hpo-102,,,,,0,10.0,156.02834959273326,52.615443618780894,29.362423429856314,1538.7853427625369,42.305430841988006,2476.117663640989,100.0,100.0,True,,synthetic_normal_hpo_search,sim_user,normal_hpo_search,gpu:1,normal_hpo_search
102.6,2026-01-01 00:01:42.600000+00:00,,syn-normal-hpo-102,syn-normal-hpo-102,,,,,0,10.0,156.02754298372273,52.00057885424733,35.17601621540569,1508.8964558496095,42.20596418674186,2748.3829671465155,100.0,100.0,True,,synthetic_normal_hpo_search,sim_user,normal_hpo_search,gpu:1,normal_hpo_search
102.7,2026-01-01 00:01:42.700000+00:00,,syn-normal-hpo-102,syn-normal-hpo-102,,,,,0,10.0,156.3375394356699,57.28834374197587,33.971902659344046,1582.3095058659997,43.73858964166354,2935.6799674236877,100.0,100.0,True,,synthetic_normal_hpo_search,sim_user,normal_hpo_search,gpu:1,normal_hpo_search
102.8,2026-01-01 00:01:42.800000+00:00,,syn-normal-hpo-102,syn-normal-hpo-102,,,,,0,10.0,155.99868731790625,54.74512133764576,33.90547987759944,1589.231797835066,43.07502319894847,2659.561495497336,100.0,100.0,True,,synthetic_normal_hpo_search,sim_user,normal_hpo_search,gpu:1,normal_hpo_search
102.9,2026-01-01 00:01:42.900000+00:00,,syn-normal-hpo-102,syn-normal-hpo-102,,,,,0,10.0,156.11314612008823,53.39516732994811,35.23954017656528,1520.8793498537216,42.41808164884063,3037.973859341639,100.0,100.0,True,,synthetic_normal_hpo_search,sim_user,normal_hpo_search,gpu:1,normal_hpo_search
103.0,2026-01-01 00:01:43+00:00,,syn-normal-hpo-102,syn-normal-hpo-102,,,,,0,10.0,155.09881499832855,51.99528267575915,30.65718621860426,1562.9736447444573,41.89979178652904,2598.830881647324,100.0,100.0,True,,synthetic_normal_hpo_search,sim_user,normal_hpo_search,gpu:1,normal_hpo_search
103.1,2026-01-01 00:01:43.100000+00:00,,syn-normal-hpo-102,syn-normal-hpo-102,,,,,0,10.0,155.62958054998057,55.67667144936487,29.98804964548933,1580.8694954059104,42.90140290267584,2693.682067971646,100.0,100.0,True,,synthetic_normal_hpo_search,sim_user,normal_hpo_search,gpu:1,normal_hpo_search
103.2,2026-01-01 00:01:43.200000+00:00,,syn-normal-hpo-102,syn-normal-hpo-102,,,,,0,10.0,157.81543990545367,54.42334425112354,35.79795077139672,1573.8080153460667,42.914712256651676,3083.1571051821106,100.0,100.0,True,,synthetic_normal_hpo_search,sim_user,normal_hpo_search,gpu:1,normal_hpo_search
103.3,2026-01-01 00:01:43.300000+00:00,,syn-normal-hpo-102,syn-normal-hpo-102,,,,,0,10.0,157.0006640742014,54.33805085492054,21.04910823146676,1589.5141165828002,42.94112891798064,1940.8149153393904,100.0,100.0,True,,synthetic_normal_hpo_search,sim_user,normal_hpo_search,gpu:1,normal_hpo_search
103.4,2026-01-01 00:01:43.400000+00:00,,syn-normal-hpo-102,syn-normal-hpo-102,,,,,0,10.0,156.48589915372358,54.50094517403215,26.461896612755787,1547.48383754401,43.03851290456391,2270.033330371269,100.0,100.0,True,,synthetic_normal_hpo_search,sim_user,normal_hpo_search,gpu:1,normal_hpo_search
103.5,2026-01-01 00:01:43.500000+00:00,,syn-normal-hpo-102,syn-normal-hpo-102,,,,,0,10.0,153.96777913478576,53.07754273255952,28.78152865980682,1635.9106717123439,42.812495324333455,2620.043834743404,100.0,100.0,True,,synthetic_normal_hpo_search,sim_user,normal_hpo_search,gpu:1,normal_hpo_search
103.6,2026-01-01 00:01:43.600000+00:00,,syn-normal-hpo-102,syn-normal-hpo-102,,,,,0,10.0,154.47745099209428,54.79795605598543,39.92817922732655,1570.848329947065,43.244038910320626,3158.674487189086,100.0,100.0,True,,synthetic_normal_hpo_search,sim_user,normal_hpo_search,gpu:1,normal_hpo_search
103.7,2026-01-01 00:01:43.700000+00:00,,syn-normal-hpo-102,syn-normal-hpo-102,,,,,0,10.0,152.3864025003565,55.36246038285495,39.7944033973968,1619.6569675903183,43.22496823016697,3274.0684901443974,100.0,100.0,True,,synthetic_normal_hpo_search,sim_user,normal_hpo_search,gpu:1,normal_hpo_search
103.8,2026-01-01 00:01:43.800000+00:00,,syn-normal-hpo-102,syn-normal-hpo-102,,,,,0,10.0,153.00671854679246,50.87439743771196,27.596364720852876,1475.8900889213544,42.218158877866735,2217.2422441396475,100.0,100.0,True,,synthetic_normal_hpo_search,sim_user,normal_hpo_search,gpu:1,normal_hpo_search
103.9,2026-01-01 00:01:43.900000+00:00,,syn-normal-hpo-102,syn-normal-hpo-102,,,,,0,10.0,154.75085253625036,52.219737210206745,28.537651773760697,1503.1937624964992,42.7698463657037,2469.2944611031644,100.0,100.0,True,,synthetic_normal_hpo_search,sim_user,normal_hpo_search,gpu:1,normal_hpo_search
104.0,2026-01-01 00:01:44+00:00,,syn-normal-hpo-102,syn-normal-hpo-102,,,,,0,10.0,153.14868506795793,54.38402749405425,27.834851781959273,1530.5146403765507,43.52337022082254,2430.9271415681305,100.0,100.0,True,,synthetic_normal_hpo_search,sim_user,normal_hpo_search,gpu:1,normal_hpo_search
104.1,2026-01-01 00:01:44.100000+00:00,,syn-normal-hpo-102,syn-normal-hpo-102,,,,,0,10.0,151.47945054251744,51.15927176539604,32.35570821160679,1499.3543582077446,42.42622322115216,2595.877106171641,100.0,100.0,True,,synthetic_normal_hpo_search,sim_user,normal_hpo_search,gpu:1,normal_hpo_search
104.2,2026-01-01 00:01:44.200000+00:00,,syn-normal-hpo-102,syn-normal-hpo-102,,,,,0,10.0,151.72986103778751,52.92330118419465,27.643828709884644,1526.985539969926,42.94084793345607,2385.3347019124844,100.0,100.0,True,,synthetic_normal_hpo_search,sim_user,normal_hpo_search,gpu:1,normal_hpo_search
104.3,2026-01-01 00:01:44.300000+00:00,,syn-normal-hpo-102,syn-normal-hpo-102,,,,,0,10.0,153.3460841351611,56.53604940983021,32.25597639657789,1645.0090671593819,43.949181810314926,2530.8302695221755,100.0,100.0,True,,synthetic_normal_hpo_search,sim_user,normal_hpo_search,gpu:1,normal_hpo_search
104.4,2026-01-01 00:01:44.400000+00:00,,syn-normal-hpo-102,syn-normal-hpo-102,,,,,0,10.0,156.12712368538428,55.776694558418974,29.590842925350728,1632.715648416279,43.82097198132218,2471.666713232843,100.0,100.0,True,,synthetic_normal_hpo_search,sim_user,normal_hpo_search,gpu:1,normal_hpo_search
104.5,2026-01-01 00:01:44.500000+00:00,,syn-normal-hpo-102,syn-normal-hpo-102,,,,,0,10.0,156.2318500562258,56.99318682233107,31.110442293320617,1675.5638226464746,44.26504514663696,2592.8993362670494,100.0,100.0,True,,synthetic_normal_hpo_search,sim_user,normal_hpo_search,gpu:1,normal_hpo_search
104.6,2026-01-01 00:01:44.600000+00:00,,syn-normal-hpo-102,syn-normal-hpo-102,,,,,0,10.0,156.0080156911933,57.07310200337943,26.05709046441239,1621.4469840750478,44.39074484366765,2411.3850360762644,100.0,100.0,True,,synthetic_normal_hpo_search,sim_user,normal_hpo_search,gpu:1,normal_hpo_search
104.7,2026-01-01 00:01:44.700000+00:00,,syn-normal-hpo-102,syn-normal-hpo-102,,,,,0,10.0,34.353503665321554,10.557255093235923,9.382319689287792,444.9125897576413,31.290670906882465,1144.3099885153342,100.0,100.0,True,,synthetic_normal_hpo_search,sim_user,normal_hpo_search,gpu:1,normal_hpo_search
104.8,2026-01-01 00:01:44.800000+00:00,,syn-normal-hpo-102,syn-normal-hpo-102,,,,,0,10.0,33.66141318582954,8.666200189666855,2.651630269859202,352.71297683862076,30.72594704219175,554.6469211585088,100.0,100.0,True,,synthetic_normal_hpo_search,sim_user,normal_hpo_search,gpu:1,normal_hpo_search
104.9,2026-01-01 00:01:44.900000+00:00,,syn-normal-hpo-102,syn-normal-hpo-102,,,,,0,10.0,34.49141035669917,11.480511074926865,12.395009982234653,555.536673060649,31.398333795630535,1293.4750372588537,100.0,100.0,True,,synthetic_normal_hpo_search,sim_user,normal_hpo_search,gpu:1,normal_hpo_search
105.0,2026-01-01 00:01:45+00:00,,syn-normal-hpo-102,syn-normal-hpo-102,,,,,0,10.0,35.304679632821646,7.613023123124852,7.8938249522419905,374.175301558449,30.454962719363586,1065.736080887956,100.0,100.0,True,,synthetic_normal_hpo_search,sim_user,normal_hpo_search,gpu:1,normal_hpo_search
105.1,2026-01-01 00:01:45.100000+00:00,,syn-normal-hpo-102,syn-normal-hpo-102,,,,,0,10.0,33.84682502032752,7.058832911961916,11.804181220564619,402.461216791464,30.349493426450866,1315.1796947176676,100.0,100.0,True,,synthetic_normal_hpo_search,sim_user,normal_hpo_search,gpu:1,normal_hpo_search
105.2,2026-01-01 00:01:45.200000+00:00,,syn-normal-hpo-102,syn-normal-hpo-102,,,,,0,10.0,33.22497534441799,9.225791709235281,8.867436205469389,399.858301273332,31.138373224763175,1119.8446452714627,100.0,100.0,True,,synthetic_normal_hpo_search,sim_user,normal_hpo_search,gpu:1,normal_hpo_search
105.3,2026-01-01 00:01:45.300000+00:00,,syn-normal-hpo-102,syn-normal-hpo-102,,,,,0,10.0,32.72187749860859,6.159527420671939,2.5679797534483075,373.2150697747522,30.128267789753295,628.1425669369447,100.0,100.0,True,,synthetic_normal_hpo_search,sim_user,normal_hpo_search,gpu:1,normal_hpo_search
105.4,2026-01-01 00:01:45.400000+00:00,,syn-normal-hpo-102,syn-normal-hpo-102,,,,,0,10.0,31.546077064317185,7.614958304177205,1.2242850714224867,437.39027996862825,30.322884155830884,570.9791698081425,100.0,100.0,True,,synthetic_normal_hpo_search,sim_user,normal_hpo_search,gpu:1,normal_hpo_search
105.5,2026-01-01 00:01:45.500000+00:00,,syn-normal-hpo-102,syn-normal-hpo-102,,,,,0,10.0,32.71373633456311,6.834709527562597,0.0,412.2398882286595,29.875550711138423,496.0715400475838,100.0,100.0,True,,synthetic_normal_hpo_search,sim_user,normal_hpo_search,gpu:1,normal_hpo_search
105.6,2026-01-01 00:01:45.600000+00:00,,syn-normal-hpo-102,syn-normal-hpo-102,,,,,0,10.0,32.2026626442705,9.734601289050554,3.6352573109314195,449.57102189446806,30.53260823587898,680.4394739541923,100.0,100.0,True,,synthetic_normal_hpo_search,sim_user,normal_hpo_search,gpu:1,normal_hpo_search
105.7,2026-01-01 00:01:45.700000+00:00,,syn-normal-hpo-102,syn-normal-hpo-102,,,,,0,10.0,33.94175205521055,9.470679685596643,7.335341252166561,416.26326907874306,30.403781730105763,989.2622603335714,100.0,100.0,True,,synthetic_normal_hpo_search,sim_user,normal_hpo_search,gpu:1,normal_hpo_search
105.8,2026-01-01 00:01:45.800000+00:00,,syn-normal-hpo-102,syn-normal-hpo-102,,,,,0,10.0,34.03705864375063,10.544696719226462,9.728188380698144,502.2646394448705,30.649158871431098,1287.3680243352014,100.0,100.0,True,,synthetic_normal_hpo_search,sim_user,normal_hpo_search,gpu:1,normal_hpo_search
105.9,2026-01-01 00:01:45.900000+00:00,,syn-normal-hpo-102,syn-normal-hpo-102,,,,,0,10.0,33.06499144205598,7.015809192115765,5.7204989554679395,374.7766068938223,29.837286202084726,834.0732250285535,100.0,100.0,True,,synthetic_normal_hpo_search,sim_user,normal_hpo_search,gpu:1,normal_hpo_search
106.0,2026-01-01 00:01:46+00:00,,syn-normal-hpo-102,syn-normal-hpo-102,,,,,0,10.0,34.49104764478914,5.022446604239329,5.178870729287237,352.04014294392977,29.271425038231403,662.7183461755728,100.0,100.0,True,,synthetic_normal_hpo_search,sim_user,normal_hpo_search,gpu:1,normal_hpo_search
106.1,2026-01-01 00:01:46.100000+00:00,,syn-normal-hpo-102,syn-normal-hpo-102,,,,,0,10.0,35.134064336055985,11.148591792799364,0.30494654609664273,491.80109181783007,30.836796733635644,554.4340655552639,100.0,100.0,True,,synthetic_normal_hpo_search,sim_user,normal_hpo_search,gpu:1,normal_hpo_search
106.2,2026-01-01 00:01:46.200000+00:00,,syn-normal-hpo-102,syn-normal-hpo-102,,,,,0,10.0,35.49526331623868,12.136135575368067,2.594725392791851,463.7972655638584,31.2317255792796,434.05827663773346,100.0,100.0,True,,synthetic_normal_hpo_search,sim_user,normal_hpo_search,gpu:1,normal_hpo_search
106.3,2026-01-01 00:01:46.300000+00:00,,syn-normal-hpo-102,syn-normal-hpo-102,,,,,0,10.0,35.30405352228353,7.2158927832863915,3.1201617400594825,379.89339245652724,29.984570129917703,719.0388332351067,100.0,100.0,True,,synthetic_normal_hpo_search,sim_user,normal_hpo_search,gpu:1,normal_hpo_search
106.4,2026-01-01 00:01:46.400000+00:00,,syn-normal-hpo-102,syn-normal-hpo-102,,,,,0,10.0,34.23719436898799,6.257895290650128,3.2783557226138837,459.36730573584265,30.001976077050113,571.070238786194,100.0,100.0,True,,synthetic_normal_hpo_search,sim_user,normal_hpo_search,gpu:1,normal_hpo_search
106.5,2026-01-01 00:01:46.500000+00:00,,syn-normal-hpo-102,syn-normal-hpo-102,,,,,0,10.0,36.3215093074307,5.640732503132075,4.586244369986285,384.32086348028093,30.203294961042364,683.0774382393918,100.0,100.0,True,,synthetic_normal_hpo_search,sim_user,normal_hpo_search,gpu:1,normal_hpo_search
106.6,2026-01-01 00:01:46.600000+00:00,,syn-normal-hpo-102,syn-normal-hpo-102,,,,,0,10.0,34.40408244656898,10.793883408301046,7.9016752401197925,483.994740766764,31.58192358206049,1091.0001360582123,100.0,100.0,True,,synthetic_normal_hpo_search,sim_user,normal_hpo_search,gpu:1,normal_hpo_search
106.7,2026-01-01 00:01:46.700000+00:00,,syn-normal-hpo-102,syn-normal-hpo-102,,,,,0,10.0,33.84974836097636,5.768353216099882,4.6141985699295365,395.19984595798934,30.322088310048954,785.8283333345256,100.0,100.0,True,,synthetic_normal_hpo_search,sim_user,normal_hpo_search,gpu:1,normal_hpo_search
106.8,2026-01-01 00:01:46.800000+00:00,,syn-normal-hpo-102,syn-normal-hpo-102,,,,,0,10.0,33.93874819057433,8.744977558631511,5.24599963277023,402.17594658177967,31.063416010690748,897.8403810284445,100.0,100.0,True,,synthetic_normal_hpo_search,sim_user,normal_hpo_search,gpu:1,normal_hpo_search
106.9,2026-01-01 00:01:46.900000+00:00,,syn-normal-hpo-102,syn-normal-hpo-102,,,,,0,10.0,224.1160905893681,81.31454122290539,49.99401424005013,2248.060690979827,51.36537884900843,4146.883534677593,100.0,100.0,True,,synthetic_normal_hpo_search,sim_user,normal_hpo_search,gpu:1,normal_hpo_search
107.0,2026-01-01 00:01:47+00:00,,syn-normal-hpo-102,syn-normal-hpo-102,,,,,0,10.0,224.52979362578347,79.82399372477302,47.63930515883137,2289.8704982978243,50.983302673569014,3666.302335446521,100.0,100.0,True,,synthetic_normal_hpo_search,sim_user,normal_hpo_search,gpu:1,normal_hpo_search
107.1,2026-01-01 00:01:47.100000+00:00,,syn-normal-hpo-102,syn-normal-hpo-102,,,,,0,10.0,222.3442851043663,79.68872068976628,39.549070577101936,2226.4769151138494,50.701336200353914,3132.1109806841023,100.0,100.0,True,,synthetic_normal_hpo_search,sim_user,normal_hpo_search,gpu:1,normal_hpo_search
107.2,2026-01-01 00:01:47.200000+00:00,,syn-normal-hpo-102,syn-normal-hpo-102,,,,,0,10.0,223.77743388752776,79.70759333469671,35.08548579957196,2198.9968393005215,50.72185206013068,2940.404310164789,100.0,100.0,True,,synthetic_normal_hpo_search,sim_user,normal_hpo_search,gpu:1,normal_hpo_search
107.3,2026-01-01 00:01:47.300000+00:00,,syn-normal-hpo-102,syn-normal-hpo-102,,,,,0,10.0,224.21191274929646,82.3956392293852,48.62558473972902,2247.8010095987393,51.592891046608365,3955.6086913764216,100.0,100.0,True,,synthetic_normal_hpo_search,sim_user,normal_hpo_search,gpu:1,normal_hpo_search
107.4,2026-01-01 00:01:47.400000+00:00,,syn-normal-hpo-102,syn-normal-hpo-102,,,,,0,10.0,223.57084151330463,83.35920726044822,37.192310025841394,2328.0265894225695,51.71050314324386,3125.8450391553088,100.0,100.0,True,,synthetic_normal_hpo_search,sim_user,normal_hpo_search,gpu:1,normal_hpo_search
107.5,2026-01-01 00:01:47.500000+00:00,,syn-normal-hpo-102,syn-normal-hpo-102,,,,,0,10.0,224.21453452284354,83.46806973359992,48.474526323996585,2315.5847526975563,51.87075722872533,3853.2364563130595,100.0,100.0,True,,synthetic_normal_hpo_search,sim_user,normal_hpo_search,gpu:1,normal_hpo_search
107.6,2026-01-01 00:01:47.600000+00:00,,syn-normal-hpo-102,syn-normal-hpo-102,,,,,0,10.0,224.72538818022247,78.10979215744794,49.03567278620762,2102.314749223187,50.39499439951426,3942.411909763819,100.0,100.0,True,,synthetic_normal_hpo_search,sim_user,normal_hpo_search,gpu:1,normal_hpo_search
107.7,2026-01-01 00:01:47.700000+00:00,,syn-normal-hpo-102,syn-normal-hpo-102,,,,,0,10.0,224.11943586719383,78.25173998543553,45.38842085471533,2166.5131158268596,50.38782379646518,3618.129329757667,100.0,100.0,True,,synthetic_normal_hpo_search,sim_user,normal_hpo_search,gpu:1,normal_hpo_search
107.8,2026-01-01 00:01:47.800000+00:00,,syn-normal-hpo-102,syn-normal-hpo-102,,,,,0,10.0,226.74032238577578,80.75883966535893,42.920165915339346,2221.222407207621,51.03942567290495,3325.6470941411935,100.0,100.0,True,,synthetic_normal_hpo_search,sim_user,normal_hpo_search,gpu:1,normal_hpo_search
107.9,2026-01-01 00:01:47.900000+00:00,,syn-normal-hpo-102,syn-normal-hpo-102,,,,,0,10.0,225.5031697760697,82.06296299767808,45.83001894894795,2265.7787682267735,51.17774443212101,3571.9505998468694,100.0,100.0,True,,synthetic_normal_hpo_search,sim_user,normal_hpo_search,gpu:1,normal_hpo_search
108.0,2026-01-01 00:01:48+00:00,,syn-normal-hpo-102,syn-normal-hpo-102,,,,,0,10.0,228.10841625203116,83.71837804328443,49.5727012749656,2271.0080940962525,51.66113548945379,4018.0696861133447,100.0,100.0,True,,synthetic_normal_hpo_search,sim_user,normal_hpo_search,gpu:1,normal_hpo_search
108.1,2026-01-01 00:01:48.100000+00:00,,syn-normal-hpo-102,syn-normal-hpo-102,,,,,0,10.0,227.7038263017948,77.92587419254298,41.17837103617289,2184.2215071543783,50.14711783800782,3248.9329327293185,100.0,100.0,True,,synthetic_normal_hpo_search,sim_user,normal_hpo_search,gpu:1,normal_hpo_search
108.2,2026-01-01 00:01:48.200000+00:00,,syn-normal-hpo-102,syn-normal-hpo-102,,,,,0,10.0,228.5290529511146,82.64405472075008,49.71708728516594,2276.231446727288,51.31291381868164,3987.1414905153856,100.0,100.0,True,,synthetic_normal_hpo_search,sim_user,normal_hpo_search,gpu:1,normal_hpo_search
108.3,2026-01-01 00:01:48.300000+00:00,,syn-normal-hpo-102,syn-normal-hpo-102,,,,,0,10.0,228.15867067816802,83.97811909437534,44.85280003889204,2356.14898481382,51.42468291293575,3538.0281175365744,100.0,100.0,True,,synthetic_normal_hpo_search,sim_user,normal_hpo_search,gpu:1,normal_hpo_search
108.4,2026-01-01 00:01:48.400000+00:00,,syn-normal-hpo-102,syn-normal-hpo-102,,,,,0,10.0,228.64889885153545,82.51483299655513,41.68449454456742,2240.9910623655337,51.186891227526736,3144.1672071754983,100.0,100.0,True,,synthetic_normal_hpo_search,sim_user,normal_hpo_search,gpu:1,normal_hpo_search
108.5,2026-01-01 00:01:48.500000+00:00,,syn-normal-hpo-102,syn-normal-hpo-102,,,,,0,10.0,228.75035672236316,82.2730994767205,39.638788445619454,2210.763646485924,51.18191990633633,3273.6550756355527,100.0,100.0,True,,synthetic_normal_hpo_search,sim_user,normal_hpo_search,gpu:1,normal_hpo_search
108.6,2026-01-01 00:01:48.600000+00:00,,syn-normal-hpo-102,syn-normal-hpo-102,,,,,0,10.0,229.0325386151189,78.97684236462261,40.775160254422055,2180.2779726638696,50.32740815460646,3263.694642232175,100.0,100.0,True,,synthetic_normal_hpo_search,sim_user,normal_hpo_search,gpu:1,normal_hpo_search
108.7,2026-01-01 00:01:48.700000+00:00,,syn-normal-hpo-102,syn-normal-hpo-102,,,,,0,10.0,227.39526365661715,84.92174018038114,52.244581744714935,2321.739360491157,51.95886842124026,4105.391087913611,100.0,100.0,True,,synthetic_normal_hpo_search,sim_user,normal_hpo_search,gpu:1,normal_hpo_search
108.8,2026-01-01 00:01:48.800000+00:00,,syn-normal-hpo-102,syn-normal-hpo-102,,,,,0,10.0,228.21297847859617,83.31156409402644,44.601888778111466,2292.59462492086,51.796443845215656,3474.2143573685107,100.0,100.0,True,,synthetic_normal_hpo_search,sim_user,normal_hpo_search,gpu:1,normal_hpo_search
108.9,2026-01-01 00:01:48.900000+00:00,,syn-normal-hpo-102,syn-normal-hpo-102,,,,,0,10.0,227.76862236016643,81.40154916770582,47.5686328894524,2313.6928505796604,51.250801095154216,3971.4595278490556,100.0,100.0,True,,synthetic_normal_hpo_search,sim_user,normal_hpo_search,gpu:1,normal_hpo_search
109.0,2026-01-01 00:01:49+00:00,,syn-normal-hpo-102,syn-normal-hpo-102,,,,,0,10.0,226.95616680430737,80.84916667056966,52.11798716603003,2220.263250447023,50.96859698458457,4367.419122315145,100.0,100.0,True,,synthetic_normal_hpo_search,sim_user,normal_hpo_search,gpu:1,normal_hpo_search
109.1,2026-01-01 00:01:49.100000+00:00,,syn-normal-hpo-102,syn-normal-hpo-102,,,,,0,10.0,226.85759667051332,83.4529539440385,39.683353660506235,2272.214236344097,51.69789873586267,3244.451885411618,100.0,100.0,True,,synthetic_normal_hpo_search,sim_user,normal_hpo_search,gpu:1,normal_hpo_search
109.2,2026-01-01 00:01:49.200000+00:00,,syn-normal-hpo-102,syn-normal-hpo-102,,,,,0,10.0,226.81993159598636,84.27990541663506,43.80050416502818,2309.9251643250254,52.08778826250776,3560.5856181111103,100.0,100.0,True,,synthetic_normal_hpo_search,sim_user,normal_hpo_search,gpu:1,normal_hpo_search
109.3,2026-01-01 00:01:49.300000+00:00,,syn-normal-hpo-102,syn-normal-hpo-102,,,,,0,10.0,225.32734403673047,80.81698518659638,43.38639975635422,2223.7272988339123,51.12168663775776,3538.8531163961466,100.0,100.0,True,,synthetic_normal_hpo_search,sim_user,normal_hpo_search,gpu:1,normal_hpo_search
109.4,2026-01-01 00:01:49.400000+00:00,,syn-normal-hpo-102,syn-normal-hpo-102,,,,,0,10.0,225.76429181642195,78.73307572401438,44.91865797247822,2204.2979981313733,50.51801749514689,3576.7245963464293,100.0,100.0,True,,synthetic_normal_hpo_search,sim_user,normal_hpo_search,gpu:1,normal_hpo_search
109.5,2026-01-01 00:01:49.500000+00:00,,syn-normal-hpo-102,syn-normal-hpo-102,,,,,0,10.0,226.63739277929866,82.75247646517373,48.84645853583188,2277.4426194811917,51.54028299171564,3792.8682662912233,100.0,100.0,True,,synthetic_normal_hpo_search,sim_user,normal_hpo_search,gpu:1,normal_hpo_search
109.6,2026-01-01 00:01:49.600000+00:00,,syn-normal-hpo-102,syn-normal-hpo-102,,,,,0,10.0,226.48559201982457,80.26036605758807,38.45437622515715,2256.068721409699,51.09522062902722,3159.8109578669114,100.0,100.0,True,,synthetic_normal_hpo_search,sim_user,normal_hpo_search,gpu:1,normal_hpo_search
109.7,2026-01-01 00:01:49.700000+00:00,,syn-normal-hpo-102,syn-normal-hpo-102,,,,,0,10.0,226.93996428393453,81.57848401888329,46.42088575250703,2209.5818418290564,51.48441732292455,3831.695655181873,100.0,100.0,True,,synthetic_normal_hpo_search,sim_user,normal_hpo_search,gpu:1,normal_hpo_search
109.8,2026-01-01 00:01:49.800000+00:00,,syn-normal-hpo-102,syn-normal-hpo-102,,,,,0,10.0,226.73132489985053,81.20592845583835,40.42208133407613,2231.356495755101,51.34646134665203,3387.33423494446,100.0,100.0,True,,synthetic_normal_hpo_search,sim_user,normal_hpo_search,gpu:1,normal_hpo_search
109.9,2026-01-01 00:01:49.900000+00:00,,syn-normal-hpo-102,syn-normal-hpo-102,,,,,0,10.0,225.30138453605935,79.02954728184422,44.68426679240315,2194.867102027712,50.978672685448544,3648.9785789091497,100.0,100.0,True,,synthetic_normal_hpo_search,sim_user,normal_hpo_search,gpu:1,normal_hpo_search
110.0,2026-01-01 00:01:50+00:00,,syn-normal-hpo-102,syn-normal-hpo-102,,,,,0,10.0,223.36343483095243,83.05028690217054,39.040940900830634,2303.973333430531,51.88662965852724,3236.214933273127,100.0,100.0,True,,synthetic_normal_hpo_search,sim_user,normal_hpo_search,gpu:1,normal_hpo_search
110.1,2026-01-01 00:01:50.100000+00:00,,syn-normal-hpo-102,syn-normal-hpo-102,,,,,0,10.0,224.1062257696806,78.32686268754985,39.272690769776496,2133.9369646609466,50.53325204689145,3215.7906647933437,100.0,100.0,True,,synthetic_normal_hpo_search,sim_user,normal_hpo_search,gpu:1,normal_hpo_search
110.2,2026-01-01 00:01:50.200000+00:00,,syn-normal-hpo-102,syn-normal-hpo-102,,,,,0,10.0,224.6599348725472,83.786862408055,49.634400069283984,2286.5388335794014,51.81415485553567,3988.8942770828544,100.0,100.0,True,,synthetic_normal_hpo_search,sim_user,normal_hpo_search,gpu:1,normal_hpo_search
110.3,2026-01-01 00:01:50.300000+00:00,,syn-normal-hpo-102,syn-normal-hpo-102,,,,,0,10.0,224.60630431033871,79.26872313624011,43.11734111879964,2158.1837185460286,50.427938347999785,3600.248268929577,100.0,100.0,True,,synthetic_normal_hpo_search,sim_user,normal_hpo_search,gpu:1,normal_hpo_search
110.4,2026-01-01 00:01:50.400000+00:00,,syn-normal-hpo-102,syn-normal-hpo-102,,,,,0,10.0,223.29475273388613,80.03439352197645,44.621011502096295,2191.2876234819455,50.646908417526674,3531.204303706749,100.0,100.0,True,,synthetic_normal_hpo_search,sim_user,normal_hpo_search,gpu:1,normal_hpo_search
110.5,2026-01-01 00:01:50.500000+00:00,,syn-normal-hpo-102,syn-normal-hpo-102,,,,,0,10.0,224.05559958941382,80.78130209389766,41.227447347284674,2252.5173150908226,50.891309657042,3343.825495552535,100.0,100.0,True,,synthetic_normal_hpo_search,sim_user,normal_hpo_search,gpu:1,normal_hpo_search
110.6,2026-01-01 00:01:50.600000+00:00,,syn-normal-hpo-102,syn-normal-hpo-102,,,,,0,10.0,223.43259569739553,81.38936570059359,51.15491013251214,2266.509646123018,50.877844164186634,3980.4685368256764,100.0,100.0,True,,synthetic_normal_hpo_search,sim_user,normal_hpo_search,gpu:1,normal_hpo_search
110.7,2026-01-01 00:01:50.700000+00:00,,syn-normal-hpo-102,syn-normal-hpo-102,,,,,0,10.0,221.62405697350204,77.89341709568924,40.69104824009391,2142.1508149673346,50.04990651975253,3217.989992626825,100.0,100.0,True,,synthetic_normal_hpo_search,sim_user,normal_hpo_search,gpu:1,normal_hpo_search
110.8,2026-01-01 00:01:50.800000+00:00,,syn-normal-hpo-102,syn-normal-hpo-102,,,,,0,10.0,224.95285615746738,84.79353087999658,42.54831859564933,2278.5456781408275,51.58998348469826,3392.9358925730594,100.0,100.0,True,,synthetic_normal_hpo_search,sim_user,normal_hpo_search,gpu:1,normal_hpo_search
110.9,2026-01-01 00:01:50.900000+00:00,,syn-normal-hpo-102,syn-normal-hpo-102,,,,,0,10.0,226.29469771182963,81.38536974796244,45.84120576273909,2217.1343992053894,50.72580348235541,3702.93723118078,100.0,100.0,True,,synthetic_normal_hpo_search,sim_user,normal_hpo_search,gpu:1,normal_hpo_search
111.0,2026-01-01 00:01:51+00:00,,syn-normal-hpo-102,syn-normal-hpo-102,,,,,0,10.0,226.29060291765734,85.0223047945977,54.419484873256025,2366.9968171960477,51.60794294849307,4264.025717199773,100.0,100.0,True,,synthetic_normal_hpo_search,sim_user,normal_hpo_search,gpu:1,normal_hpo_search
111.1,2026-01-01 00:01:51.100000+00:00,,syn-normal-hpo-102,syn-normal-hpo-102,,,,,0,10.0,226.36826910123435,83.52849731445397,43.93792220484885,2287.909620587219,51.4619999998208,3406.335683978567,100.0,100.0,True,,synthetic_normal_hpo_search,sim_user,normal_hpo_search,gpu:1,normal_hpo_search
111.2,2026-01-01 00:01:51.200000+00:00,,syn-normal-hpo-102,syn-normal-hpo-102,,,,,0,10.0,225.17231498634655,81.3414932975591,43.64621652031154,2268.1271531955617,50.77697650707662,3376.6662846462405,100.0,100.0,True,,synthetic_normal_hpo_search,sim_user,normal_hpo_search,gpu:1,normal_hpo_search
111.3,2026-01-01 00:01:51.300000+00:00,,syn-normal-hpo-102,syn-normal-hpo-102,,,,,0,10.0,225.4103641724819,80.00842745549203,37.756957198711426,2262.374707580325,50.28179234625561,2961.9685475701904,100.0,100.0,True,,synthetic_normal_hpo_search,sim_user,normal_hpo_search,gpu:1,normal_hpo_search
111.4,2026-01-01 00:01:51.400000+00:00,,syn-normal-hpo-102,syn-normal-hpo-102,,,,,0,10.0,224.19339763410332,81.93690421507583,43.1101124703184,2291.7393818107603,50.57810596504212,3582.8222381572095,100.0,100.0,True,,synthetic_normal_hpo_search,sim_user,normal_hpo_search,gpu:1,normal_hpo_search
111.5,2026-01-01 00:01:51.500000+00:00,,syn-normal-hpo-102,syn-normal-hpo-102,,,,,0,10.0,224.0592648893142,81.85680559975879,48.187776427441754,2222.2803196245536,50.40951594673227,3810.5069061865315,100.0,100.0,True,,synthetic_normal_hpo_search,sim_user,normal_hpo_search,gpu:1,normal_hpo_search
111.6,2026-01-01 00:01:51.600000+00:00,,syn-normal-hpo-102,syn-normal-hpo-102,,,,,0,10.0,223.57577383132684,79.27317228637379,36.86200123775853,2208.6813601340177,49.66048860441411,3028.156967473521,100.0,100.0,True,,synthetic_normal_hpo_search,sim_user,normal_hpo_search,gpu:1,normal_hpo_search
111.7,2026-01-01 00:01:51.700000+00:00,,syn-normal-hpo-102,syn-normal-hpo-102,,,,,0,10.0,221.56049510170857,79.81501422047066,53.2954735658951,2217.010149016991,49.96894290569076,4231.039071660083,100.0,100.0,True,,synthetic_normal_hpo_search,sim_user,normal_hpo_search,gpu:1,normal_hpo_search
111.8,2026-01-01 00:01:51.800000+00:00,,syn-normal-hpo-102,syn-normal-hpo-102,,,,,0,10.0,222.22531548780196,81.67220426452522,49.929380501831545,2273.686356375139,50.473469953521096,3950.017609979331,100.0,100.0,True,,synthetic_normal_hpo_search,sim_user,normal_hpo_search,gpu:1,normal_hpo_search
111.9,2026-01-01 00:01:51.900000+00:00,,syn-normal-hpo-102,syn-normal-hpo-102,,,,,0,10.0,222.18159928448216,82.45435872863906,41.41746812486764,2249.9850706431193,50.839645632101906,3305.2383889391676,100.0,100.0,True,,synthetic_normal_hpo_search,sim_user,normal_hpo_search,gpu:1,normal_hpo_search
112.0,2026-01-01 00:01:52+00:00,,syn-normal-hpo-102,syn-normal-hpo-102,,,,,0,10.0,222.58606902406208,80.25704760278542,43.02126120653731,2158.4649725538657,50.097210990644506,3385.3428840731417,100.0,100.0,True,,synthetic_normal_hpo_search,sim_user,normal_hpo_search,gpu:1,normal_hpo_search
112.1,2026-01-01 00:01:52.100000+00:00,,syn-normal-hpo-102,syn-normal-hpo-102,,,,,0,10.0,224.67468061995314,80.92979517558977,47.26643593025323,2280.729519629163,50.52658038690902,3717.8852962981855,100.0,100.0,True,,synthetic_normal_hpo_search,sim_user,normal_hpo_search,gpu:1,normal_hpo_search
112.2,2026-01-01 00:01:52.200000+00:00,,syn-normal-hpo-102,syn-normal-hpo-102,,,,,0,10.0,225.52041587084236,79.96568075692707,44.49511594502739,2212.710617543382,50.15000340138228,3516.157239694709,100.0,100.0,True,,synthetic_normal_hpo_search,sim_user,normal_hpo_search,gpu:1,normal_hpo_search
112.3,2026-01-01 00:01:52.300000+00:00,,syn-normal-hpo-102,syn-normal-hpo-102,,,,,0,10.0,226.06837521130646,79.29414164629782,46.86953202559877,2178.4614848757615,49.912768427216044,3722.0117004727526,100.0,100.0,True,,synthetic_normal_hpo_search,sim_user,normal_hpo_search,gpu:1,normal_hpo_search
112.4,2026-01-01 00:01:52.400000+00:00,,syn-normal-hpo-102,syn-normal-hpo-102,,,,,0,10.0,225.06336730345316,83.22313999908766,45.53660142208146,2281.543829452338,51.27191483466579,3701.076507897633,100.0,100.0,True,,synthetic_normal_hpo_search,sim_user,normal_hpo_search,gpu:1,normal_hpo_search
112.5,2026-01-01 00:01:52.500000+00:00,,syn-normal-hpo-102,syn-normal-hpo-102,,,,,0,10.0,227.73306586926284,82.82422285877445,40.37664502386478,2398.396479706102,51.0630251427904,3235.666786494299,100.0,100.0,True,,synthetic_normal_hpo_search,sim_user,normal_hpo_search,gpu:1,normal_hpo_search
112.6,2026-01-01 00:01:52.600000+00:00,,syn-normal-hpo-102,syn-normal-hpo-102,,,,,0,10.0,229.0159312635379,82.31872732250078,46.320582782643044,2239.0940082888824,50.85570066894509,3709.284128214868,100.0,100.0,True,,synthetic_normal_hpo_search,sim_user,normal_hpo_search,gpu:1,normal_hpo_search
112.7,2026-01-01 00:01:52.700000+00:00,,syn-normal-hpo-102,syn-normal-hpo-102,,,,,0,10.0,228.17668261389912,84.96579938050021,49.330254404430924,2364.653431811924,51.65695372610911,3839.336724968188,100.0,100.0,True,,synthetic_normal_hpo_search,sim_user,normal_hpo_search,gpu:1,normal_hpo_search
112.8,2026-01-01 00:01:52.800000+00:00,,syn-normal-hpo-102,syn-normal-hpo-102,,,,,0,10.0,227.21885992004357,83.90732144930507,46.83285893867946,2299.1812700771266,51.482752706543565,3707.1135276440696,100.0,100.0,True,,synthetic_normal_hpo_search,sim_user,normal_hpo_search,gpu:1,normal_hpo_search
112.9,2026-01-01 00:01:52.900000+00:00,,syn-normal-hpo-102,syn-normal-hpo-102,,,,,0,10.0,226.3160420027364,78.46317474043764,44.33927716657988,2181.6640279287262,50.10807557861195,3523.9731330937448,100.0,100.0,True,,synthetic_normal_hpo_search,sim_user,normal_hpo_search,gpu:1,normal_hpo_search
113.0,2026-01-01 00:01:53+00:00,,syn-normal-hpo-102,syn-normal-hpo-102,,,,,0,10.0,225.45870698816807,76.86862123393682,48.079642716254696,2145.041694494911,49.65169932640941,3959.1093251532448,100.0,100.0,True,,synthetic_normal_hpo_search,sim_user,normal_hpo_search,gpu:1,normal_hpo_search
113.1,2026-01-01 00:01:53.100000+00:00,,syn-normal-hpo-102,syn-normal-hpo-102,,,,,0,10.0,225.63876635478883,81.6821272057213,46.73058502085573,2284.420742146248,51.216481745717736,3560.47343283815,100.0,100.0,True,,synthetic_normal_hpo_search,sim_user,normal_hpo_search,gpu:1,normal_hpo_search
113.2,2026-01-01 00:01:53.200000+00:00,,syn-normal-hpo-102,syn-normal-hpo-102,,,,,0,10.0,226.38806966955286,80.6619941267383,42.58926189385797,2215.8968940245695,51.101163609341896,3475.1058647453174,100.0,100.0,True,,synthetic_normal_hpo_search,sim_user,normal_hpo_search,gpu:1,normal_hpo_search
113.3,2026-01-01 00:01:53.300000+00:00,,syn-normal-hpo-102,syn-normal-hpo-102,,,,,0,10.0,226.17145433834992,83.52535743142634,50.872610862314275,2335.804973565778,52.07681667218531,3908.355902518434,100.0,100.0,True,,synthetic_normal_hpo_search,sim_user,normal_hpo_search,gpu:1,normal_hpo_search
113.4,2026-01-01 00:01:53.400000+00:00,,syn-normal-hpo-102,syn-normal-hpo-102,,,,,0,10.0,224.92829341378888,78.80282892763645,49.1600956107899,2189.0489832151966,50.926385837390896,3782.9257781083224,100.0,100.0,True,,synthetic_normal_hpo_search,sim_user,normal_hpo_search,gpu:1,normal_hpo_search
113.5,2026-01-01 00:01:53.500000+00:00,,syn-normal-hpo-102,syn-normal-hpo-102,,,,,0,10.0,223.78748322535992,82.03526736633087,49.2110843765278,2287.1020331638233,52.22296499964123,3737.2186094654285,100.0,100.0,True,,synthetic_normal_hpo_search,sim_user,normal_hpo_search,gpu:1,normal_hpo_search
113.6,2026-01-01 00:01:53.600000+00:00,,syn-normal-hpo-102,syn-normal-hpo-102,,,,,0,10.0,225.5953720927095,82.57891891731234,38.77664032110618,2179.1944604630057,52.330081194660565,3129.1236004257253,100.0,100.0,True,,synthetic_normal_hpo_search,sim_user,normal_hpo_search,gpu:1,normal_hpo_search
113.7,2026-01-01 00:01:53.700000+00:00,,syn-normal-hpo-102,syn-normal-hpo-102,,,,,0,10.0,225.78303241720087,79.29014547515621,37.516380036269744,2171.049931081621,51.19611634888466,2992.8017246897607,100.0,100.0,True,,synthetic_normal_hpo_search,sim_user,normal_hpo_search,gpu:1,normal_hpo_search
113.8,2026-01-01 00:01:53.800000+00:00,,syn-normal-hpo-102,syn-normal-hpo-102,,,,,0,10.0,224.33803630857366,85.19809419906407,50.510851884685124,2359.426413515082,52.67842065166111,3889.6210549367934,100.0,100.0,True,,synthetic_normal_hpo_search,sim_user,normal_hpo_search,gpu:1,normal_hpo_search
113.9,2026-01-01 00:01:53.900000+00:00,,syn-normal-hpo-102,syn-normal-hpo-102,,,,,0,10.0,223.2281520789598,79.0365040867942,39.82446093838866,2148.7615021250435,50.86475933712687,3236.595275626196,100.0,100.0,True,,synthetic_normal_hpo_search,sim_user,normal_hpo_search,gpu:1,normal_hpo_search
114.0,2026-01-01 00:01:54+00:00,,syn-normal-hpo-102,syn-normal-hpo-102,,,,,0,10.0,223.98986889405663,81.04363485052966,49.01340256055559,2254.5193318008482,51.49356603447053,4049.999936310788,100.0,100.0,True,,synthetic_normal_hpo_search,sim_user,normal_hpo_search,gpu:1,normal_hpo_search
114.1,2026-01-01 00:01:54.100000+00:00,,syn-normal-hpo-102,syn-normal-hpo-102,,,,,0,10.0,224.92352496019484,80.27781966696202,42.63398063985367,2195.6367942838815,51.08428982630791,3409.515064722696,100.0,100.0,True,,synthetic_normal_hpo_search,sim_user,normal_hpo_search,gpu:1,normal_hpo_search
114.2,2026-01-01 00:01:54.200000+00:00,,syn-normal-hpo-102,syn-normal-hpo-102,,,,,0,10.0,223.90344995851365,79.96890795237391,52.057298225234554,2242.731630471899,50.98500399046342,4237.294438445195,100.0,100.0,True,,synthetic_normal_hpo_search,sim_user,normal_hpo_search,gpu:1,normal_hpo_search
114.3,2026-01-01 00:01:54.300000+00:00,,syn-normal-hpo-102,syn-normal-hpo-102,,,,,0,10.0,224.40977165121734,79.14055288764499,42.26361979127716,2168.5440823154654,50.71652290900628,3362.2900103499715,100.0,100.0,True,,synthetic_normal_hpo_search,sim_user,normal_hpo_search,gpu:1,normal_hpo_search
114.4,2026-01-01 00:01:54.400000+00:00,,syn-normal-hpo-102,syn-normal-hpo-102,,,,,0,10.0,225.1292058474892,79.80914266517257,42.65075885909115,2205.0092415322615,50.79092490749159,3587.8573476576803,100.0,100.0,True,,synthetic_normal_hpo_search,sim_user,normal_hpo_search,gpu:1,normal_hpo_search
114.5,2026-01-01 00:01:54.500000+00:00,,syn-normal-hpo-102,syn-normal-hpo-102,,,,,0,10.0,224.35958652390627,81.8054996527012,42.51674088728455,2272.0568795382123,51.247280311472466,3458.6505792584367,100.0,100.0,True,,synthetic_normal_hpo_search,sim_user,normal_hpo_search,gpu:1,normal_hpo_search
114.6,2026-01-01 00:01:54.600000+00:00,,syn-normal-hpo-102,syn-normal-hpo-102,,,,,0,10.0,224.69839058096764,77.78835193542727,41.58681870294339,2215.8642902855713,50.10583426712007,3382.5526689248463,100.0,100.0,True,,synthetic_normal_hpo_search,sim_user,normal_hpo_search,gpu:1,normal_hpo_search
114.7,2026-01-01 00:01:54.700000+00:00,,syn-normal-hpo-102,syn-normal-hpo-102,,,,,0,10.0,227.48018018089704,81.86287310899138,43.13980955189283,2225.4887860881613,51.35264289805555,3391.0066801814987,100.0,100.0,True,,synthetic_normal_hpo_search,sim_user,normal_hpo_search,gpu:1,normal_hpo_search
114.8,2026-01-01 00:01:54.800000+00:00,,syn-normal-hpo-102,syn-normal-hpo-102,,,,,0,10.0,227.70525899317624,82.24097631631187,46.3181902327327,2227.8865490951634,51.45588341628973,3905.0482137859826,100.0,100.0,True,,synthetic_normal_hpo_search,sim_user,normal_hpo_search,gpu:1,normal_hpo_search
114.9,2026-01-01 00:01:54.900000+00:00,,syn-normal-hpo-102,syn-normal-hpo-102,,,,,0,10.0,228.1238071428363,82.5229341461206,46.32275336456651,2246.649849467172,51.438512124095844,3688.075823871594,100.0,100.0,True,,synthetic_normal_hpo_search,sim_user,normal_hpo_search,gpu:1,normal_hpo_search
115.0,2026-01-01 00:01:55+00:00,,syn-normal-hpo-102,syn-normal-hpo-102,,,,,0,10.0,226.0137916688029,81.60396189555858,44.52761535427444,2252.6268591416115,51.36156298732723,3514.4993913886374,100.0,100.0,True,,synthetic_normal_hpo_search,sim_user,normal_hpo_search,gpu:1,normal_hpo_search
115.1,2026-01-01 00:01:55.100000+00:00,,syn-normal-hpo-102,syn-normal-hpo-102,,,,,0,10.0,229.5308163175683,86.81589112226075,50.60824417504238,2395.296590655532,52.70700930205247,3868.8816071799597,100.0,100.0,True,,synthetic_normal_hpo_search,sim_user,normal_hpo_search,gpu:1,normal_hpo_search
115.2,2026-01-01 00:01:55.200000+00:00,,syn-normal-hpo-102,syn-normal-hpo-102,,,,,0,10.0,229.0825672786373,82.82676547256548,48.40592916249533,2323.5992823069205,51.578121833755304,3853.8412311320603,100.0,100.0,True,,synthetic_normal_hpo_search,sim_user,normal_hpo_search,gpu:1,normal_hpo_search
115.3,2026-01-01 00:01:55.300000+00:00,,syn-normal-hpo-102,syn-normal-hpo-102,,,,,0,10.0,227.8772415527902,82.0908012639115,49.69266445534145,2260.150740191241,51.00667424432817,3828.300447280453,100.0,100.0,True,,synthetic_normal_hpo_search,sim_user,normal_hpo_search,gpu:1,normal_hpo_search
115.4,2026-01-01 00:01:55.400000+00:00,,syn-normal-hpo-102,syn-normal-hpo-102,,,,,0,10.0,228.63493950835806,81.17586160463162,48.57182630573805,2254.5690889705556,50.81325312613661,3895.605131249187,100.0,100.0,True,,synthetic_normal_hpo_search,sim_user,normal_hpo_search,gpu:1,normal_hpo_search
115.5,2026-01-01 00:01:55.500000+00:00,,syn-normal-hpo-102,syn-normal-hpo-102,,,,,0,10.0,229.0686394789252,85.46301917509477,50.74711945662312,2364.6836506815125,52.20158895368438,3952.6257453763105,100.0,100.0,True,,synthetic_normal_hpo_search,sim_user,normal_hpo_search,gpu:1,normal_hpo_search
115.6,2026-01-01 00:01:55.600000+00:00,,syn-normal-hpo-102,syn-normal-hpo-102,,,,,0,10.0,229.43086482003255,85.49377224600907,44.70690678133551,2332.1406703066536,51.910893469322176,3462.9893285090307,100.0,100.0,True,,synthetic_normal_hpo_search,sim_user,normal_hpo_search,gpu:1,normal_hpo_search
115.7,2026-01-01 00:01:55.700000+00:00,,syn-normal-hpo-102,syn-normal-hpo-102,,,,,0,10.0,39.27347240855819,8.440263612657885,4.224016812549086,362.34083260024283,30.489895672765325,824.2382490099268,100.0,100.0,True,,synthetic_normal_hpo_search,sim_user,normal_hpo_search,gpu:1,normal_hpo_search
115.8,2026-01-01 00:01:55.800000+00:00,,syn-normal-hpo-102,syn-normal-hpo-102,,,,,0,10.0,37.53327436935733,7.631574010349961,0.0,377.15419120848776,30.420262328861547,446.26299367828085,100.0,100.0,True,,synthetic_normal_hpo_search,sim_user,normal_hpo_search,gpu:1,normal_hpo_search
115.9,2026-01-01 00:01:55.900000+00:00,,syn-normal-hpo-102,syn-normal-hpo-102,,,,,0,10.0,37.878174741961395,7.7732474216548955,3.8195312868449776,477.94562939706356,30.451130184299565,811.7366585108202,100.0,100.0,True,,synthetic_normal_hpo_search,sim_user,normal_hpo_search,gpu:1,normal_hpo_search
116.0,2026-01-01 00:01:56+00:00,,syn-normal-hpo-102,syn-normal-hpo-102,,,,,0,10.0,38.02362676220856,11.800798794350172,6.144377265979017,455.7789089949554,31.379010728732435,728.1214505142739,100.0,100.0,True,,synthetic_normal_hpo_search,sim_user,normal_hpo_search,gpu:1,normal_hpo_search
116.1,2026-01-01 00:01:56.100000+00:00,,syn-normal-hpo-102,syn-normal-hpo-102,,,,,0,10.0,37.07468711347547,9.954728808078185,9.854194729208547,450.82661160302223,30.935073942233103,1163.2663285468177,100.0,100.0,True,,synthetic_normal_hpo_search,sim_user,normal_hpo_search,gpu:1,normal_hpo_search
116.2,2026-01-01 00:01:56.200000+00:00,,syn-normal-hpo-102,syn-normal-hpo-102,,,,,0,10.0,37.95685995156258,11.296228637907308,5.3254142738585974,543.963804294281,31.712829226914106,864.3149908167779,100.0,100.0,True,,synthetic_normal_hpo_search,sim_user,normal_hpo_search,gpu:1,normal_hpo_search
116.3,2026-01-01 00:01:56.300000+00:00,,syn-normal-hpo-102,syn-normal-hpo-102,,,,,0,10.0,38.09757925727954,7.972510597679637,2.652886641491283,360.8841606745713,30.785805370242635,580.7492035641826,100.0,100.0,True,,synthetic_normal_hpo_search,sim_user,normal_hpo_search,gpu:1,normal_hpo_search
116.4,2026-01-01 00:01:56.400000+00:00,,syn-normal-hpo-102,syn-normal-hpo-102,,,,,0,10.0,38.685564087322135,10.008821280605401,5.083917757843643,449.91568757574316,31.000615173711985,742.5396005513171,100.0,100.0,True,,synthetic_normal_hpo_search,sim_user,normal_hpo_search,gpu:1,normal_hpo_search
116.5,2026-01-01 00:01:56.500000+00:00,,syn-normal-hpo-102,syn-normal-hpo-102,,,,,0,10.0,39.04314934986324,10.268092685563506,3.7884357662819657,447.4426612575259,31.107383330291604,830.2171646947627,100.0,100.0,True,,synthetic_normal_hpo_search,sim_user,normal_hpo_search,gpu:1,normal_hpo_search
116.6,2026-01-01 00:01:56.600000+00:00,,syn-normal-hpo-102,syn-normal-hpo-102,,,,,0,10.0,37.806456850312905,11.948147225829114,3.778644966936521,522.1866993664826,31.46751549921976,510.901516184789,100.0,100.0,True,,synthetic_normal_hpo_search,sim_user,normal_hpo_search,gpu:1,normal_hpo_search
116.7,2026-01-01 00:01:56.700000+00:00,,syn-normal-hpo-102,syn-normal-hpo-102,,,,,0,10.0,38.91394623113347,8.580724192992918,0.0,385.18582729357894,30.378066507549732,502.04395884523996,100.0,100.0,True,,synthetic_normal_hpo_search,sim_user,normal_hpo_search,gpu:1,normal_hpo_search
116.8,2026-01-01 00:01:56.800000+00:00,,syn-normal-hpo-102,syn-normal-hpo-102,,,,,0,10.0,40.1217001707428,5.378216842346552,1.5093713000722386,323.69340510443624,29.309623254163043,691.2529234148288,100.0,100.0,True,,synthetic_normal_hpo_search,sim_user,normal_hpo_search,gpu:1,normal_hpo_search
116.9,2026-01-01 00:01:56.900000+00:00,,syn-normal-hpo-102,syn-normal-hpo-102,,,,,0,10.0,36.91084500946229,8.878881405825705,11.415454690558263,439.56462927807667,30.199895670053955,1288.3341467549296,100.0,100.0,True,,synthetic_normal_hpo_search,sim_user,normal_hpo_search,gpu:1,normal_hpo_search
117.0,2026-01-01 00:01:57+00:00,,syn-normal-hpo-102,syn-normal-hpo-102,,,,,0,10.0,38.297411383260446,12.135227565508108,8.96016137852029,551.0789979189026,30.902782708451152,1072.0872670496417,100.0,100.0,True,,synthetic_normal_hpo_search,sim_user,normal_hpo_search,gpu:1,normal_hpo_search
117.1,2026-01-01 00:01:57.100000+00:00,,syn-normal-hpo-102,syn-normal-hpo-102,,,,,0,10.0,37.534743642346356,13.235859895067756,2.7979273169688517,520.3936307161924,30.77441746008518,794.2049101639761,100.0,100.0,True,,synthetic_normal_hpo_search,sim_user,normal_hpo_search,gpu:1,normal_hpo_search
117.2,2026-01-01 00:01:57.200000+00:00,,syn-normal-hpo-102,syn-normal-hpo-102,,,,,0,10.0,154.21709049163908,49.99275840656626,35.55507601411836,1460.1400954592452,41.286574434883235,2828.2454925993993,100.0,100.0,True,,synthetic_normal_hpo_search,sim_user,normal_hpo_search,gpu:1,normal_hpo_search
117.3,2026-01-01 00:01:57.300000+00:00,,syn-normal-hpo-102,syn-normal-hpo-102,,,,,0,10.0,154.32183230172507,55.279038590627934,29.293928285642053,1600.342662055689,42.836772252534466,2463.9079342894847,100.0,100.0,True,,synthetic_normal_hpo_search,sim_user,normal_hpo_search,gpu:1,normal_hpo_search
117.4,2026-01-01 00:01:57.400000+00:00,,syn-normal-hpo-102,syn-normal-hpo-102,,,,,0,10.0,153.5093566655182,55.571275457377936,29.408699572619515,1610.6998982009761,43.10602650360681,2538.359552147984,100.0,100.0,True,,synthetic_normal_hpo_search,sim_user,normal_hpo_search,gpu:1,normal_hpo_search
117.5,2026-01-01 00:01:57.500000+00:00,,syn-normal-hpo-102,syn-normal-hpo-102,,,,,0,10.0,155.43097465162148,55.10628539546793,30.683031258625732,1550.6211723267197,42.823959497144,2752.062332283165,100.0,100.0,True,,synthetic_normal_hpo_search,sim_user,normal_hpo_search,gpu:1,normal_hpo_search
117.6,2026-01-01 00:01:57.600000+00:00,,syn-normal-hpo-102,syn-normal-hpo-102,,,,,0,10.0,155.08837743950556,53.67940933780706,34.20296672554785,1562.6259890915426,42.43834699410089,2873.6706462313746,100.0,100.0,True,,synthetic_normal_hpo_search,sim_user,normal_hpo_search,gpu:1,normal_hpo_search
117.7,2026-01-01 00:01:57.700000+00:00,,syn-normal-hpo-102,syn-normal-hpo-102,,,,,0,10.0,152.5146634566535,54.53047416441742,26.975376700746114,1624.7972870391395,42.65288494672627,2460.533765169428,100.0,100.0,True,,synthetic_normal_hpo_search,sim_user,normal_hpo_search,gpu:1,normal_hpo_search
117.8,2026-01-01 00:01:57.800000+00:00,,syn-normal-hpo-102,syn-normal-hpo-102,,,,,0,10.0,153.43700827824915,53.855918459702195,37.192020369503794,1585.1395946216799,42.93101500353721,3177.499024165528,100.0,100.0,True,,synthetic_normal_hpo_search,sim_user,normal_hpo_search,gpu:1,normal_hpo_search
117.9,2026-01-01 00:01:57.900000+00:00,,syn-normal-hpo-102,syn-normal-hpo-102,,,,,0,10.0,153.33388223339244,56.97904997781719,36.91794241564412,1600.423061949374,44.00084760989707,2912.8098584029785,100.0,100.0,True,,synthetic_normal_hpo_search,sim_user,normal_hpo_search,gpu:1,normal_hpo_search
118.0,2026-01-01 00:01:58+00:00,,syn-normal-hpo-102,syn-normal-hpo-102,,,,,0,10.0,154.38735424390032,53.08351894554166,21.9687566672912,1552.922177119589,43.04954981304482,2200.4760891490546,100.0,100.0,True,,synthetic_normal_hpo_search,sim_user,normal_hpo_search,gpu:1,normal_hpo_search
118.1,2026-01-01 00:01:58.100000+00:00,,syn-normal-hpo-102,syn-normal-hpo-102,,,,,0,10.0,154.4090131753909,57.97930852248683,31.790419038510905,1671.4564363799645,44.057251389520566,2591.911600275541,100.0,100.0,True,,synthetic_normal_hpo_search,sim_user,normal_hpo_search,gpu:1,normal_hpo_search
118.2,2026-01-01 00:01:58.200000+00:00,,syn-normal-hpo-102,syn-normal-hpo-102,,,,,0,10.0,154.17188342720775,54.213252324619376,33.379297523766624,1579.257369933192,43.272867792858165,2747.9000071578153,100.0,100.0,True,,synthetic_normal_hpo_search,sim_user,normal_hpo_search,gpu:1,normal_hpo_search
118.3,2026-01-01 00:01:58.300000+00:00,,syn-normal-hpo-102,syn-normal-hpo-102,,,,,0,10.0,153.2491899704362,52.76000352842997,38.41854193318949,1499.4813516740674,42.683886103403815,3283.163872863176,100.0,100.0,True,,synthetic_normal_hpo_search,sim_user,normal_hpo_search,gpu:1,normal_hpo_search
118.4,2026-01-01 00:01:58.400000+00:00,,syn-normal-hpo-102,syn-normal-hpo-102,,,,,0,10.0,153.15279281993608,55.94166899022969,33.85750066428784,1601.4675007661308,43.891931791653064,2897.0547667745336,100.0,100.0,True,,synthetic_normal_hpo_search,sim_user,normal_hpo_search,gpu:1,normal_hpo_search
118.5,2026-01-01 00:01:58.500000+00:00,,syn-normal-hpo-102,syn-normal-hpo-102,,,,,0,10.0,152.99460897010695,53.856176293118885,26.70419084958533,1521.920443812065,43.16202000401288,2397.45849332737,100.0,100.0,True,,synthetic_normal_hpo_search,sim_user,normal_hpo_search,gpu:1,normal_hpo_search
118.6,2026-01-01 00:01:58.600000+00:00,,syn-normal-hpo-102,syn-normal-hpo-102,,,,,0,10.0,154.91584797017876,56.26186027125892,24.212990395495765,1507.5801562626114,44.133137474592516,2158.66371233139,100.0,100.0,True,,synthetic_normal_hpo_search,sim_user,normal_hpo_search,gpu:1,normal_hpo_search
118.7,2026-01-01 00:01:58.700000+00:00,,syn-normal-hpo-102,syn-normal-hpo-102,,,,,0,10.0,153.0790986469529,54.95230910073135,22.72618922133604,1579.2440093573189,43.38899571050507,1946.7864519755958,100.0,100.0,True,,synthetic_normal_hpo_search,sim_user,normal_hpo_search,gpu:1,normal_hpo_search
118.8,2026-01-01 00:01:58.800000+00:00,,syn-normal-hpo-102,syn-normal-hpo-102,,,,,0,10.0,152.79402652153763,52.8575758720968,37.063696925017226,1525.2101267419887,42.61652899953728,2906.889143985773,100.0,100.0,True,,synthetic_normal_hpo_search,sim_user,normal_hpo_search,gpu:1,normal_hpo_search
118.9,2026-01-01 00:01:58.900000+00:00,,syn-normal-hpo-102,syn-normal-hpo-102,,,,,0,10.0,152.26176164451286,53.04834156333034,22.704324962209963,1559.5183016415574,42.84325574885139,2224.272717088297,100.0,100.0,True,,synthetic_normal_hpo_search,sim_user,normal_hpo_search,gpu:1,normal_hpo_search
119.0,2026-01-01 00:01:59+00:00,,syn-normal-hpo-102,syn-normal-hpo-102,,,,,0,10.0,152.08541705006616,57.41980702137427,32.865904926248675,1610.9974775314631,44.52268882027149,2633.8924248758576,100.0,100.0,True,,synthetic_normal_hpo_search,sim_user,normal_hpo_search,gpu:1,normal_hpo_search
119.1,2026-01-01 00:01:59.100000+00:00,,syn-normal-hpo-102,syn-normal-hpo-102,,,,,0,10.0,151.06437405663374,50.892199845289745,29.032381098673017,1437.4458648595887,42.68712214024759,2461.3179541966665,100.0,100.0,True,,synthetic_normal_hpo_search,sim_user,normal_hpo_search,gpu:1,normal_hpo_search
119.2,2026-01-01 00:01:59.200000+00:00,,syn-normal-hpo-102,syn-normal-hpo-102,,,,,0,10.0,152.26759787560565,54.37028127328809,33.661497715767005,1563.1045526808668,43.72215067244183,2925.482973242004,100.0,100.0,True,,synthetic_normal_hpo_search,sim_user,normal_hpo_search,gpu:1,normal_hpo_search
119.3,2026-01-01 00:01:59.300000+00:00,,syn-normal-hpo-102,syn-normal-hpo-102,,,,,0,10.0,150.5719308772131,55.27333691575668,28.855964531123288,1569.4287106216432,43.77306505103119,2357.4274761759602,100.0,100.0,True,,synthetic_normal_hpo_search,sim_user,normal_hpo_search,gpu:1,normal_hpo_search
119.4,2026-01-01 00:01:59.400000+00:00,,syn-normal-hpo-102,syn-normal-hpo-102,,,,,0,10.0,150.46964816833622,54.21552555102156,29.912296467345627,1501.941027298228,43.6307932968839,2477.4624566159086,100.0,100.0,True,,synthetic_normal_hpo_search,sim_user,normal_hpo_search,gpu:1,normal_hpo_search
119.5,2026-01-01 00:01:59.500000+00:00,,syn-normal-hpo-102,syn-normal-hpo-102,,,,,0,10.0,148.26271166443976,54.52734902162875,26.457633145765804,1631.1379935484317,43.48691226235515,2373.6005983281216,100.0,100.0,True,,synthetic_normal_hpo_search,sim_user,normal_hpo_search,gpu:1,normal_hpo_search
119.6,2026-01-01 00:01:59.600000+00:00,,syn-normal-hpo-102,syn-normal-hpo-102,,,,,0,10.0,151.11250111640268,51.41922604039922,21.97007150126135,1529.494311422754,42.631514649569155,1945.41764282941,100.0,100.0,True,,synthetic_normal_hpo_search,sim_user,normal_hpo_search,gpu:1,normal_hpo_search
119.7,2026-01-01 00:01:59.700000+00:00,,syn-normal-hpo-102,syn-normal-hpo-102,,,,,0,10.0,149.308739799858,54.01931517198025,26.908633509904014,1505.3273095476827,43.50348898996108,2174.1681243194453,100.0,100.0,True,,synthetic_normal_hpo_search,sim_user,normal_hpo_search,gpu:1,normal_hpo_search
119.8,2026-01-01 00:01:59.800000+00:00,,syn-normal-hpo-102,syn-normal-hpo-102,,,,,0,10.0,147.39110947787768,53.90697042639697,24.29405688874231,1486.6939844581784,43.266857610195515,2113.7063865834843,100.0,100.0,True,,synthetic_normal_hpo_search,sim_user,normal_hpo_search,gpu:1,normal_hpo_search
119.9,2026-01-01 00:01:59.900000+00:00,,syn-normal-hpo-102,syn-normal-hpo-102,,,,,0,10.0,148.03789150224333,48.65070037587548,30.962953607034763,1391.175922743611,41.437321858357556,2618.600112256123,100.0,100.0,True,,synthetic_normal_hpo_search,sim_user,normal_hpo_search,gpu:1,normal_hpo_search
