timestamp,collection_timestamp,raw_timestamp,session_id,attack_id,waveform_kind,waveform_frequency_hz,waveform_amplitude_frac,waveform_duty_cycle,gpu_id,sample_hz,power_w,util_gpu_pct,mem_copy_util_pct,sm_clock_mhz,temp_c,fb_used_mb,requested_interval_ms,actual_interval_ms,value_changed,pid,process_name,id_user,job_type,gres_req,label
0.0,2026-01-01 00:00:00+00:00,,syn-normal-ddp-101,syn-normal-ddp-101,,,,,0,10.0,199.66048503846238,83.33028482332814,42.671046652978426,2342.1573858135202,51.13239843790151,3360.2097207987695,100.0,100.0,True,,synthetic_normal_distributed_training,sim_user,normal_distributed_training,gpu:2,normal_distributed_training
0.1,2026-01-01 00:00:00.100000+00:00,,syn-normal-ddp-101,syn-normal-ddp-101,,,,,0,10.0,203.1013723702681,90.88051271371033,41.8457800652132,2447.8035713605323,53.566877627140634,3299.048807781478,100.0,100.0,True,,synthetic_normal_distributed_training,sim_user,normal_distributed_training,gpu:2,normal_distributed_training
0.2,2026-01-01 00:00:00.200000+00:00,,syn-normal-ddp-101,syn-normal-ddp-101,,,,,0,10.0,206.84863226786314,89.2951963754703,51.52556499420772,2435.4200747498694,53.14084562052108,3944.888466377015,100.0,100.0,True,,synthetic_normal_distributed_training,sim_user,normal_distributed_training,gpu:2,normal_distributed_training
0.3,2026-01-01 00:00:00.300000+00:00,,syn-normal-ddp-101,syn-normal-ddp-101,,,,,0,10.0,209.31416316466706,90.8475726448691,52.943343074197664,2386.811947364784,53.61195630221799,4048.2908976552703,100.0,100.0,True,,synthetic_normal_distributed_training,sim_user,normal_distributed_training,gpu:2,normal_distributed_training
0.4,2026-01-01 00:00:00.400000+00:00,,syn-normal-ddp-101,syn-normal-ddp-101,,,,,0,10.0,206.3904626510067,96.0831277103693,51.60697304123803,2520.0,54.7906719809268,3946.2709201768766,100.0,100.0,True,,synthetic_normal_distributed_training,sim_user,normal_distributed_training,gpu:2,normal_distributed_training
0.5,2026-01-01 00:00:00.500000+00:00,,syn-normal-ddp-101,syn-normal-ddp-101,,,,,0,10.0,211.94333456295405,92.5229071962295,52.35688444970839,2520.0,53.804405607628226,4121.090730091842,100.0,100.0,True,,synthetic_normal_distributed_training,sim_user,normal_distributed_training,gpu:2,normal_distributed_training
0.6,2026-01-01 00:00:00.600000+00:00,,syn-normal-ddp-101,syn-normal-ddp-101,,,,,0,10.0,212.20639383938624,90.19988533707563,56.45151410130218,2502.951944603299,53.079422717057675,4434.513887696601,100.0,100.0,True,,synthetic_normal_distributed_training,sim_user,normal_distributed_training,gpu:2,normal_distributed_training
0.7,2026-01-01 00:00:00.700000+00:00,,syn-normal-ddp-101,syn-normal-ddp-101,,,,,0,10.0,214.39943397180681,98.61228131252521,58.479946082152125,2520.0,55.34330815374128,4404.263293409344,100.0,100.0,True,,synthetic_normal_distributed_training,sim_user,normal_distributed_training,gpu:2,normal_distributed_training
0.8,2026-01-01 00:00:00.800000+00:00,,syn-normal-ddp-101,syn-normal-ddp-101,,,,,0,10.0,212.4927196368821,89.88767863160568,52.26877933060743,2434.552011400558,52.77401143499075,4255.248231323752,100.0,100.0,True,,synthetic_normal_distributed_training,sim_user,normal_distributed_training,gpu:2,normal_distributed_training
0.9,2026-01-01 00:00:00.900000+00:00,,syn-normal-ddp-101,syn-normal-ddp-101,,,,,0,10.0,208.03899527036566,96.89864750345559,56.04525368092236,2520.0,54.991684479256364,4455.47460231209,100.0,100.0,True,,synthetic_normal_distributed_training,sim_user,normal_distributed_training,gpu:2,normal_distributed_training
1.0,2026-01-01 00:00:01+00:00,,syn-normal-ddp-101,syn-normal-ddp-101,,,,,0,10.0,204.87291078982568,89.32586290481332,45.67495478263789,2468.00666610977,52.77521677761269,3627.424319413928,100.0,100.0,True,,synthetic_normal_distributed_training,sim_user,normal_distributed_training,gpu:2,normal_distributed_training
1.1,2026-01-01 00:00:01.100000+00:00,,syn-normal-ddp-101,syn-normal-ddp-101,,,,,0,10.0,205.48508872333747,94.41580508037848,55.784759720902414,2520.0,54.08817033626815,4295.877812996245,100.0,100.0,True,,synthetic_normal_distributed_training,sim_user,normal_distributed_training,gpu:2,normal_distributed_training
1.2,2026-01-01 00:00:01.200000+00:00,,syn-normal-ddp-101,syn-normal-ddp-101,,,,,0,10.0,202.79402064263107,87.36129148042117,41.45485905153217,2422.091439064531,52.350039575763894,3322.3066340777996,100.0,100.0,True,,synthetic_normal_distributed_training,sim_user,normal_distributed_training,gpu:2,normal_distributed_training
1.3,2026-01-01 00:00:01.300000+00:00,,syn-normal-ddp-101,syn-normal-ddp-101,,,,,0,10.0,201.82944436573882,81.52084491849467,43.508097454097424,2195.1093744630716,50.86712811394192,3443.829367854348,100.0,100.0,True,,synthetic_normal_distributed_training,sim_user,normal_distributed_training,gpu:2,normal_distributed_training
1.4,2026-01-01 00:00:01.400000+00:00,,syn-normal-ddp-101,syn-normal-ddp-101,,,,,0,10.0,201.7184687826043,72.34306760780709,38.03951182055745,2013.7630276573068,48.29785040729193,2917.110290616164,100.0,100.0,True,,synthetic_normal_distributed_training,sim_user,normal_distributed_training,gpu:2,normal_distributed_training
1.5,2026-01-01 00:00:01.500000+00:00,,syn-normal-ddp-101,syn-normal-ddp-101,,,,,0,10.0,206.67263893513305,85.53563833572515,40.1305262612648,2315.172944075838,52.04362220555272,3298.4670288562756,100.0,100.0,True,,synthetic_normal_distributed_training,sim_user,normal_distributed_training,gpu:2,normal_distributed_training
1.6,2026-01-01 00:00:01.600000+00:00,,syn-normal-ddp-101,syn-normal-ddp-101,,,,,0,10.0,210.73276245123733,98.78297303136705,53.88927961924607,2520.0,55.69819003914622,4159.464700888535,100.0,100.0,True,,synthetic_normal_distributed_training,sim_user,normal_distributed_training,gpu:2,normal_distributed_training
1.7,2026-01-01 00:00:01.700000+00:00,,syn-normal-ddp-101,syn-normal-ddp-101,,,,,0,10.0,213.92338508623416,93.050570743877,57.75163421566996,2520.0,54.25563936915819,4543.615984779803,100.0,100.0,True,,synthetic_normal_distributed_training,sim_user,normal_distributed_training,gpu:2,normal_distributed_training
1.8,2026-01-01 00:00:01.800000+00:00,,syn-normal-ddp-101,syn-normal-ddp-101,,,,,0,10.0,215.1070323120561,100.0,53.63949064949955,2520.0,56.40450460451445,4306.997486926957,100.0,100.0,True,,synthetic_normal_distributed_training,sim_user,normal_distributed_training,gpu:2,normal_distributed_training
1.9,2026-01-01 00:00:01.900000+00:00,,syn-normal-ddp-101,syn-normal-ddp-101,,,,,0,10.0,213.01800003606797,100.0,50.16958663896266,2520.0,56.33798937031655,3926.5370969181813,100.0,100.0,True,,synthetic_normal_distributed_training,sim_user,normal_distributed_training,gpu:2,normal_distributed_training
2.0,2026-01-01 00:00:02+00:00,,syn-normal-ddp-101,syn-normal-ddp-101,,,,,0,10.0,209.48982325983033,83.82815666135959,45.741271289722036,2290.085745725062,51.8339280009993,3652.455126012223,100.0,100.0,True,,synthetic_normal_distributed_training,sim_user,normal_distributed_training,gpu:2,normal_distributed_training
2.1,2026-01-01 00:00:02.100000+00:00,,syn-normal-ddp-101,syn-normal-ddp-101,,,,,0,10.0,207.86537848089614,88.80447946657297,52.25816097261909,2331.9457089106318,53.26599055984595,4158.282185252825,100.0,100.0,True,,synthetic_normal_distributed_training,sim_user,normal_distributed_training,gpu:2,normal_distributed_training
2.2,2026-01-01 00:00:02.200000+00:00,,syn-normal-ddp-101,syn-normal-ddp-101,,,,,0,10.0,204.73804319629787,87.90899087123532,49.12281744178096,2431.931288401885,52.78477973545515,3878.34395069668,100.0,100.0,True,,synthetic_normal_distributed_training,sim_user,normal_distributed_training,gpu:2,normal_distributed_training
2.3,2026-01-01 00:00:02.300000+00:00,,syn-normal-ddp-101,syn-normal-ddp-101,,,,,0,10.0,203.15043309282436,94.64183930529187,52.04234875205784,2520.0,54.92890147085829,4080.0055313062635,100.0,100.0,True,,synthetic_normal_distributed_training,sim_user,normal_distributed_training,gpu:2,normal_distributed_training
2.4,2026-01-01 00:00:02.400000+00:00,,syn-normal-ddp-101,syn-normal-ddp-101,,,,,0,10.0,201.1530376478314,93.83739152866457,45.97367630713507,2520.0,55.0072717690589,3656.3798773891044,100.0,100.0,True,,synthetic_normal_distributed_training,sim_user,normal_distributed_training,gpu:2,normal_distributed_training
2.5,2026-01-01 00:00:02.500000+00:00,,syn-normal-ddp-101,syn-normal-ddp-101,,,,,0,10.0,202.55867266599256,83.33084337511978,47.83602682613759,2281.742249640598,52.13981725990692,3919.9499552015186,100.0,100.0,True,,synthetic_normal_distributed_training,sim_user,normal_distributed_training,gpu:2,normal_distributed_training
2.6,2026-01-01 00:00:02.600000+00:00,,syn-normal-ddp-101,syn-normal-ddp-101,,,,,0,10.0,205.37459739677826,92.37202768533383,52.747539574068405,2520.0,54.70190193473673,4158.465138256097,100.0,100.0,True,,synthetic_normal_distributed_training,sim_user,normal_distributed_training,gpu:2,normal_distributed_training
2.7,2026-01-01 00:00:02.700000+00:00,,syn-normal-ddp-101,syn-normal-ddp-101,,,,,0,10.0,207.4990805309868,92.3203887961491,56.14127866075102,2520.0,54.408693349148365,4339.760509418357,100.0,100.0,True,,synthetic_normal_distributed_training,sim_user,normal_distributed_training,gpu:2,normal_distributed_training
2.8,2026-01-01 00:00:02.800000+00:00,,syn-normal-ddp-101,syn-normal-ddp-101,,,,,0,10.0,207.1098843890629,84.82464712751928,52.609769014619424,2293.5619310752563,52.42074688794315,4263.5980235803945,100.0,100.0,True,,synthetic_normal_distributed_training,sim_user,normal_distributed_training,gpu:2,normal_distributed_training
2.9,2026-01-01 00:00:02.900000+00:00,,syn-normal-ddp-101,syn-normal-ddp-101,,,,,0,10.0,205.62473442547838,94.75718675811945,54.870784637369894,2520.0,55.21408343447472,4245.6320129420565,100.0,100.0,True,,synthetic_normal_distributed_training,sim_user,normal_distributed_training,gpu:2,normal_distributed_training
3.0,2026-01-01 00:00:03+00:00,,syn-normal-ddp-101,syn-normal-ddp-101,,,,,0,10.0,205.8933157428291,97.9618611700207,47.309356118766935,2520.0,56.087821281067,3775.909513659074,100.0,100.0,True,,synthetic_normal_distributed_training,sim_user,normal_distributed_training,gpu:2,normal_distributed_training
3.1,2026-01-01 00:00:03.100000+00:00,,syn-normal-ddp-101,syn-normal-ddp-101,,,,,0,10.0,206.74031566713526,84.81333540889248,40.90576046602979,2326.9348289839836,52.69550963923157,3338.0606482654543,100.0,100.0,True,,synthetic_normal_distributed_training,sim_user,normal_distributed_training,gpu:2,normal_distributed_training
3.2,2026-01-01 00:00:03.200000+00:00,,syn-normal-ddp-101,syn-normal-ddp-101,,,,,0,10.0,205.46826411495636,92.40638290885819,46.43159677970777,2518.5188646786714,54.68293432809773,3744.0065291541355,100.0,100.0,True,,synthetic_normal_distributed_training,sim_user,normal_distributed_training,gpu:2,normal_distributed_training
3.3,2026-01-01 00:00:03.300000+00:00,,syn-normal-ddp-101,syn-normal-ddp-101,,,,,0,10.0,202.20528438282594,83.24474443236822,46.96430926893299,2307.686704074912,51.68601021756972,3808.3279127169885,100.0,100.0,True,,synthetic_normal_distributed_training,sim_user,normal_distributed_training,gpu:2,normal_distributed_training
3.4,2026-01-01 00:00:03.400000+00:00,,syn-normal-ddp-101,syn-normal-ddp-101,,,,,0,10.0,202.7450876831636,92.43873805427357,47.692321521628244,2520.0,54.120790344755534,3722.296685199457,100.0,100.0,True,,synthetic_normal_distributed_training,sim_user,normal_distributed_training,gpu:2,normal_distributed_training
3.5,2026-01-01 00:00:03.500000+00:00,,syn-normal-ddp-101,syn-normal-ddp-101,,,,,0,10.0,204.48673382703748,93.9028999273061,56.884745604323804,2520.0,54.41351678501285,4484.98500812549,100.0,100.0,True,,synthetic_normal_distributed_training,sim_user,normal_distributed_training,gpu:2,normal_distributed_training
3.6,2026-01-01 00:00:03.600000+00:00,,syn-normal-ddp-101,syn-normal-ddp-101,,,,,0,10.0,203.80271826376787,86.13663245192456,48.35056889152682,2352.1919567138284,52.14598430374446,3629.747570238842,100.0,100.0,True,,synthetic_normal_distributed_training,sim_user,normal_distributed_training,gpu:2,normal_distributed_training
3.7,2026-01-01 00:00:03.700000+00:00,,syn-normal-ddp-101,syn-normal-ddp-101,,,,,0,10.0,206.62740269295617,89.06171057731157,50.44301040032363,2460.3288670644083,52.79090370577904,4027.9569179261107,100.0,100.0,True,,synthetic_normal_distributed_training,sim_user,normal_distributed_training,gpu:2,normal_distributed_training
3.8,2026-01-01 00:00:03.800000+00:00,,syn-normal-ddp-101,syn-normal-ddp-101,,,,,0,10.0,206.4791166119994,97.91968457625562,56.857858935801225,2520.0,55.38457223121358,4384.950373089107,100.0,100.0,True,,synthetic_normal_distributed_training,sim_user,normal_distributed_training,gpu:2,normal_distributed_training
3.9,2026-01-01 00:00:03.900000+00:00,,syn-normal-ddp-101,syn-normal-ddp-101,,,,,0,10.0,206.33852780151267,88.76392976166653,50.18115297462821,2420.4392954056216,52.812170525452174,3930.5969784682384,100.0,100.0,True,,synthetic_normal_distributed_training,sim_user,normal_distributed_training,gpu:2,normal_distributed_training
4.0,2026-01-01 00:00:04+00:00,,syn-normal-ddp-101,syn-normal-ddp-101,,,,,0,10.0,203.6655773236453,93.1123363133191,45.56951693824838,2520.0,53.589556117273425,3724.8472908327544,100.0,100.0,True,,synthetic_normal_distributed_training,sim_user,normal_distributed_training,gpu:2,normal_distributed_training
4.1,2026-01-01 00:00:04.100000+00:00,,syn-normal-ddp-101,syn-normal-ddp-101,,,,,0,10.0,198.83496175626925,75.42901216921769,51.293673412724694,2085.1609568702124,48.468019486217024,4128.743170306076,100.0,100.0,True,,synthetic_normal_distributed_training,sim_user,normal_distributed_training,gpu:2,normal_distributed_training
4.2,2026-01-01 00:00:04.200000+00:00,,syn-normal-ddp-101,syn-normal-ddp-101,,,,,0,10.0,197.86771675165846,76.0297993461942,47.668345263054036,2082.555472217567,48.966945178730015,3613.598296919857,100.0,100.0,True,,synthetic_normal_distributed_training,sim_user,normal_distributed_training,gpu:2,normal_distributed_training
4.3,2026-01-01 00:00:04.300000+00:00,,syn-normal-ddp-101,syn-normal-ddp-101,,,,,0,10.0,197.62101750512954,88.56801740580761,54.80492425847717,2443.5263763309054,52.657270229191774,4250.261038774469,100.0,100.0,True,,synthetic_normal_distributed_training,sim_user,normal_distributed_training,gpu:2,normal_distributed_training
4.4,2026-01-01 00:00:04.400000+00:00,,syn-normal-ddp-101,syn-normal-ddp-101,,,,,0,10.0,196.6029059375723,83.67189632998873,43.029612449471784,2269.9377975908283,51.375337926918746,3511.102246554448,100.0,100.0,True,,synthetic_normal_distributed_training,sim_user,normal_distributed_training,gpu:2,normal_distributed_training
4.5,2026-01-01 00:00:04.500000+00:00,,syn-normal-ddp-101,syn-normal-ddp-101,,,,,0,10.0,197.3805544821916,81.48437830856446,37.426416966699364,2287.42001476233,50.848012099429575,2922.8731641465474,100.0,100.0,True,,synthetic_normal_distributed_training,sim_user,normal_distributed_training,gpu:2,normal_distributed_training
4.6,2026-01-01 00:00:04.600000+00:00,,syn-normal-ddp-101,syn-normal-ddp-101,,,,,0,10.0,198.43923207239925,78.20575340308689,36.98662552281614,2168.861634278436,49.924957207997736,2928.6642195577724,100.0,100.0,True,,synthetic_normal_distributed_training,sim_user,normal_distributed_training,gpu:2,normal_distributed_training
4.7,2026-01-01 00:00:04.700000+00:00,,syn-normal-ddp-101,syn-normal-ddp-101,,,,,0,10.0,204.42169605421816,89.20780613171496,44.85044051656025,2476.3682917715514,53.21325545535463,3490.999717070863,100.0,100.0,True,,synthetic_normal_distributed_training,sim_user,normal_distributed_training,gpu:2,normal_distributed_training
4.8,2026-01-01 00:00:04.800000+00:00,,syn-normal-ddp-101,syn-normal-ddp-101,,,,,0,10.0,208.44875998228937,84.37011007274725,49.93211840468436,2319.997981442061,51.79325394480899,3973.970008438277,100.0,100.0,True,,synthetic_normal_distributed_training,sim_user,normal_distributed_training,gpu:2,normal_distributed_training
4.9,2026-01-01 00:00:04.900000+00:00,,syn-normal-ddp-101,syn-normal-ddp-101,,,,,0,10.0,201.58885255006768,85.13224656506634,50.4240132540185,2303.1697744374756,52.515095884218,4001.673682893986,100.0,100.0,True,,synthetic_normal_distributed_training,sim_user,normal_distributed_training,gpu:2,normal_distributed_training
5.0,2026-01-01 00:00:05+00:00,,syn-normal-ddp-101,syn-normal-ddp-101,,,,,0,10.0,200.47878060072608,88.42856480930928,54.46928230308917,2321.9087183183224,53.32579295574831,4210.364116331179,100.0,100.0,True,,synthetic_normal_distributed_training,sim_user,normal_distributed_training,gpu:2,normal_distributed_training
5.1,2026-01-01 00:00:05.100000+00:00,,syn-normal-ddp-101,syn-normal-ddp-101,,,,,0,10.0,200.7656212635943,83.88248228147694,54.70516507869073,2274.9163605381614,51.76051236639046,4278.355689490051,100.0,100.0,True,,synthetic_normal_distributed_training,sim_user,normal_distributed_training,gpu:2,normal_distributed_training
5.2,2026-01-01 00:00:05.200000+00:00,,syn-normal-ddp-101,syn-normal-ddp-101,,,,,0,10.0,204.10171452212438,79.81811048717273,45.98359120251058,2244.985916244324,50.58538985187325,3700.0754565033094,100.0,100.0,True,,synthetic_normal_distributed_training,sim_user,normal_distributed_training,gpu:2,normal_distributed_training
5.3,2026-01-01 00:00:05.300000+00:00,,syn-normal-ddp-101,syn-normal-ddp-101,,,,,0,10.0,203.50784443812233,78.85819934021053,44.79025693656008,2164.317352339336,50.35954526674187,3604.4300405003655,100.0,100.0,True,,synthetic_normal_distributed_training,sim_user,normal_distributed_training,gpu:2,normal_distributed_training
5.4,2026-01-01 00:00:05.400000+00:00,,syn-normal-ddp-101,syn-normal-ddp-101,,,,,0,10.0,200.01840941894514,82.34123407135343,43.83566941027925,2298.950951651144,51.382208710402885,3443.2054339334977,100.0,100.0,True,,synthetic_normal_distributed_training,sim_user,normal_distributed_training,gpu:2,normal_distributed_training
5.5,2026-01-01 00:00:05.500000+00:00,,syn-normal-ddp-101,syn-normal-ddp-101,,,,,0,10.0,197.75579192248657,71.67938044770311,38.077808466937796,2039.5473832539353,48.279157958956006,3252.0360505830454,100.0,100.0,True,,synthetic_normal_distributed_training,sim_user,normal_distributed_training,gpu:2,normal_distributed_training
5.6,2026-01-01 00:00:05.600000+00:00,,syn-normal-ddp-101,syn-normal-ddp-101,,,,,0,10.0,204.29092943623021,91.70883452103858,45.8087241519154,2444.0151723822873,53.714038462145,3755.928208099187,100.0,100.0,True,,synthetic_normal_distributed_training,sim_user,normal_distributed_training,gpu:2,normal_distributed_training
5.7,2026-01-01 00:00:05.700000+00:00,,syn-normal-ddp-101,syn-normal-ddp-101,,,,,0,10.0,204.1893381058357,84.09849989436218,48.297375449021814,2297.014113353752,51.65994108400211,3904.11802237269,100.0,100.0,True,,synthetic_normal_distributed_training,sim_user,normal_distributed_training,gpu:2,normal_distributed_training
5.8,2026-01-01 00:00:05.800000+00:00,,syn-normal-ddp-101,syn-normal-ddp-101,,,,,0,10.0,200.38629272913306,81.67188673822314,46.19222186583849,2246.2961768697187,51.0261193038512,3542.625932614649,100.0,100.0,True,,synthetic_normal_distributed_training,sim_user,normal_distributed_training,gpu:2,normal_distributed_training
5.9,2026-01-01 00:00:05.900000+00:00,,syn-normal-ddp-101,syn-normal-ddp-101,,,,,0,10.0,177.19644031498134,65.8185629510672,34.579416482881,1905.3250736175967,46.60598461527859,2863.348193192163,100.0,100.0,True,,synthetic_normal_distributed_training,sim_user,normal_distributed_training,gpu:2,normal_distributed_training
6.0,2026-01-01 00:00:06+00:00,,syn-normal-ddp-101,syn-normal-ddp-101,,,,,0,10.0,177.5356724798781,64.00540833820239,31.96063251380541,1864.721939129919,46.04309145525022,2584.165749350353,100.0,100.0,True,,synthetic_normal_distributed_training,sim_user,normal_distributed_training,gpu:2,normal_distributed_training
6.1,2026-01-01 00:00:06.100000+00:00,,syn-normal-ddp-101,syn-normal-ddp-101,,,,,0,10.0,178.29576053195194,75.12119980290277,43.144465605007426,2061.782410800669,48.95906405129356,3387.7253521896496,100.0,100.0,True,,synthetic_normal_distributed_training,sim_user,normal_distributed_training,gpu:2,normal_distributed_training
6.2,2026-01-01 00:00:06.200000+00:00,,syn-normal-ddp-101,syn-normal-ddp-101,,,,,0,10.0,182.50536478940225,68.22763931089513,42.74984188019333,1938.1305974753093,46.925951214942536,3349.107011002422,100.0,100.0,True,,synthetic_normal_distributed_training,sim_user,normal_distributed_training,gpu:2,normal_distributed_training
6.3,2026-01-01 00:00:06.300000+00:00,,syn-normal-ddp-101,syn-normal-ddp-101,,,,,0,10.0,179.43771089609447,63.18105699910369,35.075573828004465,1800.5887289825562,45.44507199695594,2985.3429468916215,100.0,100.0,True,,synthetic_normal_distributed_training,sim_user,normal_distributed_training,gpu:2,normal_distributed_training
6.4,2026-01-01 00:00:06.400000+00:00,,syn-normal-ddp-101,syn-normal-ddp-101,,,,,0,10.0,180.47838179268936,75.39876059616527,42.60439450385776,2055.5791812979223,48.995351638071135,3557.282254225781,100.0,100.0,True,,synthetic_normal_distributed_training,sim_user,normal_distributed_training,gpu:2,normal_distributed_training
6.5,2026-01-01 00:00:06.500000+00:00,,syn-normal-ddp-101,syn-normal-ddp-101,,,,,0,10.0,181.89687237008587,67.57317344849608,34.97257964145808,1937.1680576093502,46.61182772562431,3030.8269423845964,100.0,100.0,True,,synthetic_normal_distributed_training,sim_user,normal_distributed_training,gpu:2,normal_distributed_training
6.6,2026-01-01 00:00:06.600000+00:00,,syn-normal-ddp-101,syn-normal-ddp-101,,,,,0,10.0,181.77551512081968,78.51952419883199,42.191634909636605,2231.866903383312,49.60058696864159,3494.972812672791,100.0,100.0,True,,synthetic_normal_distributed_training,sim_user,normal_distributed_training,gpu:2,normal_distributed_training
6.7,2026-01-01 00:00:06.700000+00:00,,syn-normal-ddp-101,syn-normal-ddp-101,,,,,0,10.0,181.02174311351308,74.11882356756382,39.49934404666863,2025.417855814345,48.0677722093698,3273.52238703748,100.0,100.0,True,,synthetic_normal_distributed_training,sim_user,normal_distributed_training,gpu:2,normal_distributed_training
6.8,2026-01-01 00:00:06.800000+00:00,,syn-normal-ddp-101,syn-normal-ddp-101,,,,,0,10.0,184.88147070621164,71.19311585813027,38.01589914696508,2012.0223184414162,47.361372094342144,3176.081233148151,100.0,100.0,True,,synthetic_normal_distributed_training,sim_user,normal_distributed_training,gpu:2,normal_distributed_training
6.9,2026-01-01 00:00:06.900000+00:00,,syn-normal-ddp-101,syn-normal-ddp-101,,,,,0,10.0,182.02330705888306,71.76789233888195,37.08336167061511,1979.1794152913808,47.741754711534924,3018.7076975717823,100.0,100.0,True,,synthetic_normal_distributed_training,sim_user,normal_distributed_training,gpu:2,normal_distributed_training
7.0,2026-01-01 00:00:07+00:00,,syn-normal-ddp-101,syn-normal-ddp-101,,,,,0,10.0,185.24403034624532,68.52615543946493,39.274919004324325,1959.6949680834678,46.71067272934093,3178.635272134536,100.0,100.0,True,,synthetic_normal_distributed_training,sim_user,normal_distributed_training,gpu:2,normal_distributed_training
7.1,2026-01-01 00:00:07.100000+00:00,,syn-normal-ddp-101,syn-normal-ddp-101,,,,,0,10.0,186.28019678487541,68.77859385949273,43.02714380106028,1967.2243039123407,46.745040008544024,3276.664423236058,100.0,100.0,True,,synthetic_normal_distributed_training,sim_user,normal_distributed_training,gpu:2,normal_distributed_training
7.2,2026-01-01 00:00:07.200000+00:00,,syn-normal-ddp-101,syn-normal-ddp-101,,,,,0,10.0,187.54715510839296,80.99204726426838,40.75692392583712,2221.7435140691628,50.473728391845434,3401.486016929371,100.0,100.0,True,,synthetic_normal_distributed_training,sim_user,normal_distributed_training,gpu:2,normal_distributed_training
7.3,2026-01-01 00:00:07.300000+00:00,,syn-normal-ddp-101,syn-normal-ddp-101,,,,,0,10.0,186.67624451647595,72.9809495457472,45.736349185212646,2027.2951061287918,48.14073428735824,3581.9816565537,100.0,100.0,True,,synthetic_normal_distributed_training,sim_user,normal_distributed_training,gpu:2,normal_distributed_training
7.4,2026-01-01 00:00:07.400000+00:00,,syn-normal-ddp-101,syn-normal-ddp-101,,,,,0,10.0,186.58151231839418,73.85009485602856,39.00554239975841,2111.7984476685806,48.44148740855547,3144.280576968401,100.0,100.0,True,,synthetic_normal_distributed_training,sim_user,normal_distributed_training,gpu:2,normal_distributed_training
7.5,2026-01-01 00:00:07.500000+00:00,,syn-normal-ddp-101,syn-normal-ddp-101,,,,,0,10.0,185.94888463353362,71.83799222661007,38.042540591826636,1998.1345772483332,47.90210083002566,3044.851424202502,100.0,100.0,True,,synthetic_normal_distributed_training,sim_user,normal_distributed_training,gpu:2,normal_distributed_training
7.6,2026-01-01 00:00:07.600000+00:00,,syn-normal-ddp-101,syn-normal-ddp-101,,,,,0,10.0,186.40633523385145,75.25610345572645,32.764993336522366,2127.885947056382,49.18055829718262,2674.833233595253,100.0,100.0,True,,synthetic_normal_distributed_training,sim_user,normal_distributed_training,gpu:2,normal_distributed_training
7.7,2026-01-01 00:00:07.700000+00:00,,syn-normal-ddp-101,syn-normal-ddp-101,,,,,0,10.0,188.26083786234156,74.56578281104548,31.32527773481616,2011.8922982059314,49.14043551835031,2712.629507407284,100.0,100.0,True,,synthetic_normal_distributed_training,sim_user,normal_distributed_training,gpu:2,normal_distributed_training
7.8,2026-01-01 00:00:07.800000+00:00,,syn-normal-ddp-101,syn-normal-ddp-101,,,,,0,10.0,187.9983309358506,76.15985410659167,44.82993192620623,2060.964935301774,49.68032094912437,3643.0293463410735,100.0,100.0,True,,synthetic_normal_distributed_training,sim_user,normal_distributed_training,gpu:2,normal_distributed_training
7.9,2026-01-01 00:00:07.900000+00:00,,syn-normal-ddp-101,syn-normal-ddp-101,,,,,0,10.0,186.6449082052091,75.17495868367976,36.9818936312792,2125.3892574245683,49.62539871425211,2928.0726848947384,100.0,100.0,True,,synthetic_normal_distributed_training,sim_user,normal_distributed_training,gpu:2,normal_distributed_training
8.0,2026-01-01 00:00:08+00:00,,syn-normal-ddp-101,syn-normal-ddp-101,,,,,0,10.0,189.30605163550842,83.5910422999654,49.19630654239914,2306.7975973179405,51.925767624836446,4041.726886407797,100.0,100.0,True,,synthetic_normal_distributed_training,sim_user,normal_distributed_training,gpu:2,normal_distributed_training
8.1,2026-01-01 00:00:08.100000+00:00,,syn-normal-ddp-101,syn-normal-ddp-101,,,,,0,10.0,185.72896083220556,71.91114356503402,39.75363246048973,1995.4552510818455,48.31456433208461,3218.486639924256,100.0,100.0,True,,synthetic_normal_distributed_training,sim_user,normal_distributed_training,gpu:2,normal_distributed_training
8.2,2026-01-01 00:00:08.200000+00:00,,syn-normal-ddp-101,syn-normal-ddp-101,,,,,0,10.0,180.07607710377826,69.66616444679579,39.318283023413336,1910.8909594309143,47.83817751249014,3141.100859013558,100.0,100.0,True,,synthetic_normal_distributed_training,sim_user,normal_distributed_training,gpu:2,normal_distributed_training
8.3,2026-01-01 00:00:08.300000+00:00,,syn-normal-ddp-101,syn-normal-ddp-101,,,,,0,10.0,180.68464735376,71.28699590123749,44.541066805797534,1997.4059312829218,48.390619707726316,3441.009260755207,100.0,100.0,True,,synthetic_normal_distributed_training,sim_user,normal_distributed_training,gpu:2,normal_distributed_training
8.4,2026-01-01 00:00:08.400000+00:00,,syn-normal-ddp-101,syn-normal-ddp-101,,,,,0,10.0,178.5585301399887,64.43605659553175,35.15041081511646,1771.387504007876,46.59957016118575,2981.3090225742512,100.0,100.0,True,,synthetic_normal_distributed_training,sim_user,normal_distributed_training,gpu:2,normal_distributed_training
8.5,2026-01-01 00:00:08.500000+00:00,,syn-normal-ddp-101,syn-normal-ddp-101,,,,,0,10.0,180.80836219757057,73.24444583806154,27.22000670333072,2032.5020809066518,48.84115715539463,2424.786097026622,100.0,100.0,True,,synthetic_normal_distributed_training,sim_user,normal_distributed_training,gpu:2,normal_distributed_training
8.6,2026-01-01 00:00:08.600000+00:00,,syn-normal-ddp-101,syn-normal-ddp-101,,,,,0,10.0,181.0531006851961,70.40324084886878,31.76728094033606,1990.302112512749,47.98972431181376,2776.7754788223792,100.0,100.0,True,,synthetic_normal_distributed_training,sim_user,normal_distributed_training,gpu:2,normal_distributed_training
8.7,2026-01-01 00:00:08.700000+00:00,,syn-normal-ddp-101,syn-normal-ddp-101,,,,,0,10.0,176.67356037811228,64.86417722812632,39.5658256329135,1818.5156223437482,46.381417192988486,3031.9487226805363,100.0,100.0,True,,synthetic_normal_distributed_training,sim_user,normal_distributed_training,gpu:2,normal_distributed_training
8.8,2026-01-01 00:00:08.800000+00:00,,syn-normal-ddp-101,syn-normal-ddp-101,,,,,0,10.0,182.35487973065062,68.05970288140462,45.41955768773043,1852.6548997750501,46.956371285641175,3617.116255441801,100.0,100.0,True,,synthetic_normal_distributed_training,sim_user,normal_distributed_training,gpu:2,normal_distributed_training
8.9,2026-01-01 00:00:08.900000+00:00,,syn-normal-ddp-101,syn-normal-ddp-101,,,,,0,10.0,205.98950536215062,88.99966750604983,48.56601284333162,2372.5139637239367,52.950247609124894,3731.795010265077,100.0,100.0,True,,synthetic_normal_distributed_training,sim_user,normal_distributed_training,gpu:2,normal_distributed_training
9.0,2026-01-01 00:00:09+00:00,,syn-normal-ddp-101,syn-normal-ddp-101,,,,,0,10.0,204.0020924391128,89.04814985407896,46.16768643511355,2416.2006323087694,53.04343955664173,3776.6148815785236,100.0,100.0,True,,synthetic_normal_distributed_training,sim_user,normal_distributed_training,gpu:2,normal_distributed_training
9.1,2026-01-01 00:00:09.100000+00:00,,syn-normal-ddp-101,syn-normal-ddp-101,,,,,0,10.0,203.3322476541572,89.55329184133421,43.685449375237816,2365.9282973469763,53.14343391958106,3642.192191184956,100.0,100.0,True,,synthetic_normal_distributed_training,sim_user,normal_distributed_training,gpu:2,normal_distributed_training
9.2,2026-01-01 00:00:09.200000+00:00,,syn-normal-ddp-101,syn-normal-ddp-101,,,,,0,10.0,205.47231573303674,92.64976461130851,53.14158622735174,2520.0,53.915621372421974,4083.3455651825334,100.0,100.0,True,,synthetic_normal_distributed_training,sim_user,normal_distributed_training,gpu:2,normal_distributed_training
9.3,2026-01-01 00:00:09.300000+00:00,,syn-normal-ddp-101,syn-normal-ddp-101,,,,,0,10.0,206.24352972234226,88.08225102659874,41.253690100500336,2382.726984747096,52.19739104662473,3157.384420322198,100.0,100.0,True,,synthetic_normal_distributed_training,sim_user,normal_distributed_training,gpu:2,normal_distributed_training
9.4,2026-01-01 00:00:09.400000+00:00,,syn-normal-ddp-101,syn-normal-ddp-101,,,,,0,10.0,206.65878494951417,96.64265935813565,48.17021825877911,2520.0,54.449883362732784,3811.2296087828854,100.0,100.0,True,,synthetic_normal_distributed_training,sim_user,normal_distributed_training,gpu:2,normal_distributed_training
9.5,2026-01-01 00:00:09.500000+00:00,,syn-normal-ddp-101,syn-normal-ddp-101,,,,,0,10.0,204.48595396552864,88.95853946973753,49.47092884495953,2416.6378109528573,52.24438936120845,3990.9158369037154,100.0,100.0,True,,synthetic_normal_distributed_training,sim_user,normal_distributed_training,gpu:2,normal_distributed_training
9.6,2026-01-01 00:00:09.600000+00:00,,syn-normal-ddp-101,syn-normal-ddp-101,,,,,0,10.0,203.07898975763027,92.81462942498727,51.45578361683963,2498.588995948286,53.116931266234346,4016.233765364192,100.0,100.0,True,,synthetic_normal_distributed_training,sim_user,normal_distributed_training,gpu:2,normal_distributed_training
9.7,2026-01-01 00:00:09.700000+00:00,,syn-normal-ddp-101,syn-normal-ddp-101,,,,,0,10.0,205.62492419552134,87.68719248803887,47.192698671963825,2444.272415470429,52.02527980146559,3558.5273313548246,100.0,100.0,True,,synthetic_normal_distributed_training,sim_user,normal_distributed_training,gpu:2,normal_distributed_training
9.8,2026-01-01 00:00:09.800000+00:00,,syn-normal-ddp-101,syn-normal-ddp-101,,,,,0,10.0,207.043572394239,95.93077106445106,57.015472882002776,2520.0,54.16916772805724,4512.54814905761,100.0,100.0,True,,synthetic_normal_distributed_training,sim_user,normal_distributed_training,gpu:2,normal_distributed_training
9.9,2026-01-01 00:00:09.900000+00:00,,syn-normal-ddp-101,syn-normal-ddp-101,,,,,0,10.0,202.29255192260587,87.17173333786894,42.97080994257521,2341.8837129792187,51.59488135131147,3399.24984730875,100.0,100.0,True,,synthetic_normal_distributed_training,sim_user,normal_distributed_training,gpu:2,normal_distributed_training
10.0,2026-01-01 00:00:10+00:00,,syn-normal-ddp-101,syn-normal-ddp-101,,,,,0,10.0,200.94347306974657,82.2900365816284,40.49620424782137,2299.969147936959,50.39714236935115,3435.790848425689,100.0,100.0,True,,synthetic_normal_distributed_training,sim_user,normal_distributed_training,gpu:2,normal_distributed_training
10.1,2026-01-01 00:00:10.100000+00:00,,syn-normal-ddp-101,syn-normal-ddp-101,,,,,0,10.0,204.7727908006265,86.70517649849833,46.01441403323714,2348.213399497782,51.688947806615374,3852.481893560847,100.0,100.0,True,,synthetic_normal_distributed_training,sim_user,normal_distributed_training,gpu:2,normal_distributed_training
10.2,2026-01-01 00:00:10.200000+00:00,,syn-normal-ddp-101,syn-normal-ddp-101,,,,,0,10.0,206.79644123101957,91.37562032883791,50.51715640251028,2520.0,53.39906953612062,3829.9623516116276,100.0,100.0,True,,synthetic_normal_distributed_training,sim_user,normal_distributed_training,gpu:2,normal_distributed_training
10.3,2026-01-01 00:00:10.300000+00:00,,syn-normal-ddp-101,syn-normal-ddp-101,,,,,0,10.0,209.7916895213855,84.29146362316301,45.00924107545425,2338.2278357041764,51.51444412913307,3707.2106995328513,100.0,100.0,True,,synthetic_normal_distributed_training,sim_user,normal_distributed_training,gpu:2,normal_distributed_training
10.4,2026-01-01 00:00:10.400000+00:00,,syn-normal-ddp-101,syn-normal-ddp-101,,,,,0,10.0,206.6548513712255,91.24515552519291,58.1556093920285,2471.576776956378,53.33637372959854,4462.064758378317,100.0,100.0,True,,synthetic_normal_distributed_training,sim_user,normal_distributed_training,gpu:2,normal_distributed_training
10.5,2026-01-01 00:00:10.500000+00:00,,syn-normal-ddp-101,syn-normal-ddp-101,,,,,0,10.0,203.41730413243025,77.93781639671731,40.45029930431585,2157.736841910713,49.86046565874781,3272.6469014614695,100.0,100.0,True,,synthetic_normal_distributed_training,sim_user,normal_distributed_training,gpu:2,normal_distributed_training
10.6,2026-01-01 00:00:10.600000+00:00,,syn-normal-ddp-101,syn-normal-ddp-101,,,,,0,10.0,206.79059392977538,91.16115859212924,52.680014836263666,2448.92819182488,53.52836140046481,4238.309532946279,100.0,100.0,True,,synthetic_normal_distributed_training,sim_user,normal_distributed_training,gpu:2,normal_distributed_training
10.7,2026-01-01 00:00:10.700000+00:00,,syn-normal-ddp-101,syn-normal-ddp-101,,,,,0,10.0,206.26630731917697,85.72552504127158,44.803444590761934,2309.4317071266623,51.974954963962,3571.0624589444756,100.0,100.0,True,,synthetic_normal_distributed_training,sim_user,normal_distributed_training,gpu:2,normal_distributed_training
10.8,2026-01-01 00:00:10.800000+00:00,,syn-normal-ddp-101,syn-normal-ddp-101,,,,,0,10.0,205.05827887112335,82.84419499218914,46.8471102929747,2316.323216203681,51.16741125861658,3744.8758367027235,100.0,100.0,True,,synthetic_normal_distributed_training,sim_user,normal_distributed_training,gpu:2,normal_distributed_training
10.9,2026-01-01 00:00:10.900000+00:00,,syn-normal-ddp-101,syn-normal-ddp-101,,,,,0,10.0,203.67631252112838,85.07953753200444,45.02218614977888,2320.6449283682437,51.96588554738022,3484.6536929882127,100.0,100.0,True,,synthetic_normal_distributed_training,sim_user,normal_distributed_training,gpu:2,normal_distributed_training
11.0,2026-01-01 00:00:11+00:00,,syn-normal-ddp-101,syn-normal-ddp-101,,,,,0,10.0,200.01565582326685,91.53140842183157,48.77016891919782,2488.5169217759453,53.8127999610996,4005.8869589169985,100.0,100.0,True,,synthetic_normal_distributed_training,sim_user,normal_distributed_training,gpu:2,normal_distributed_training
11.1,2026-01-01 00:00:11.100000+00:00,,syn-normal-ddp-101,syn-normal-ddp-101,,,,,0,10.0,205.11219660290348,97.38946912623686,60.058850607928015,2520.0,55.6629826909372,4834.204645230303,100.0,100.0,True,,synthetic_normal_distributed_training,sim_user,normal_distributed_training,gpu:2,normal_distributed_training
11.2,2026-01-01 00:00:11.200000+00:00,,syn-normal-ddp-101,syn-normal-ddp-101,,,,,0,10.0,206.75174065795431,88.41626702186535,47.280831882222216,2421.38877259823,53.26887674847618,3968.7429210875575,100.0,100.0,True,,synthetic_normal_distributed_training,sim_user,normal_distributed_training,gpu:2,normal_distributed_training
11.3,2026-01-01 00:00:11.300000+00:00,,syn-normal-ddp-101,syn-normal-ddp-101,,,,,0,10.0,204.11697115260395,95.39227421445878,59.33430122835519,2520.0,55.35656022132037,4700.769769276442,100.0,100.0,True,,synthetic_normal_distributed_training,sim_user,normal_distributed_training,gpu:2,normal_distributed_training
11.4,2026-01-01 00:00:11.400000+00:00,,syn-normal-ddp-101,syn-normal-ddp-101,,,,,0,10.0,205.4933567440788,90.82955258830273,46.99814357981677,2479.7923737863366,53.991399475689,3690.1741097582867,100.0,100.0,True,,synthetic_normal_distributed_training,sim_user,normal_distributed_training,gpu:2,normal_distributed_training
11.5,2026-01-01 00:00:11.500000+00:00,,syn-normal-ddp-101,syn-normal-ddp-101,,,,,0,10.0,205.36076357370666,97.81250965189473,51.921696984316,2520.0,56.033469425288615,4132.229752038063,100.0,100.0,True,,synthetic_normal_distributed_training,sim_user,normal_distributed_training,gpu:2,normal_distributed_training
11.6,2026-01-01 00:00:11.600000+00:00,,syn-normal-ddp-101,syn-normal-ddp-101,,,,,0,10.0,202.7083037108649,87.7708738403901,52.711755790089434,2448.5629484439105,53.38225503546133,4015.9717917046637,100.0,100.0,True,,synthetic_normal_distributed_training,sim_user,normal_distributed_training,gpu:2,normal_distributed_training
11.7,2026-01-01 00:00:11.700000+00:00,,syn-normal-ddp-101,syn-normal-ddp-101,,,,,0,10.0,202.50275791215523,90.76664625684238,40.00300452074707,2460.2458459500467,54.30889941704193,3140.915625163645,100.0,100.0,True,,synthetic_normal_distributed_training,sim_user,normal_distributed_training,gpu:2,normal_distributed_training
11.8,2026-01-01 00:00:11.800000+00:00,,syn-normal-ddp-101,syn-normal-ddp-101,,,,,0,10.0,197.71414726173924,78.56193921766236,36.51364712521497,2168.7245651050944,50.570891059887245,2979.0630690307003,100.0,100.0,True,,synthetic_normal_distributed_training,sim_user,normal_distributed_training,gpu:2,normal_distributed_training
11.9,2026-01-01 00:00:11.900000+00:00,,syn-normal-ddp-101,syn-normal-ddp-101,,,,,0,10.0,194.06968296939797,87.15875194570026,48.00919584028881,2391.835154042784,52.908659356628675,3829.3946778388877,100.0,100.0,True,,synthetic_normal_distributed_training,sim_user,normal_distributed_training,gpu:2,normal_distributed_training
12.0,2026-01-01 00:00:12+00:00,,syn-normal-ddp-101,syn-normal-ddp-101,,,,,0,10.0,196.658281006445,87.20524726380158,49.87049624002736,2356.065273334191,52.65511010275837,3938.5153381019472,100.0,100.0,True,,synthetic_normal_distributed_training,sim_user,normal_distributed_training,gpu:2,normal_distributed_training
12.1,2026-01-01 00:00:12.100000+00:00,,syn-normal-ddp-101,syn-normal-ddp-101,,,,,0,10.0,199.43818155417256,90.88520359051263,52.27835976538995,2498.0571103455472,53.86061811046353,4205.414196451175,100.0,100.0,True,,synthetic_normal_distributed_training,sim_user,normal_distributed_training,gpu:2,normal_distributed_training
12.2,2026-01-01 00:00:12.200000+00:00,,syn-normal-ddp-101,syn-normal-ddp-101,,,,,0,10.0,201.07981290875446,94.24900395764652,50.53282532360573,2520.0,54.876959986621806,3942.3977719023974,100.0,100.0,True,,synthetic_normal_distributed_training,sim_user,normal_distributed_training,gpu:2,normal_distributed_training
12.3,2026-01-01 00:00:12.300000+00:00,,syn-normal-ddp-101,syn-normal-ddp-101,,,,,0,10.0,200.73787166500293,84.46649472751027,40.67541989480991,2300.3672216388736,51.99753093523907,3332.6628181756605,100.0,100.0,True,,synthetic_normal_distributed_training,sim_user,normal_distributed_training,gpu:2,normal_distributed_training
12.4,2026-01-01 00:00:12.400000+00:00,,syn-normal-ddp-101,syn-normal-ddp-101,,,,,0,10.0,202.93985914232806,89.94602514226473,52.80807473031886,2430.2654686415954,53.31722909810467,3994.502397752677,100.0,100.0,True,,synthetic_normal_distributed_training,sim_user,normal_distributed_training,gpu:2,normal_distributed_training
12.5,2026-01-01 00:00:12.500000+00:00,,syn-normal-ddp-101,syn-normal-ddp-101,,,,,0,10.0,206.35794235824227,80.99451176459554,46.33235516619488,2230.5074758905307,50.715316665852406,3752.5863234254075,100.0,100.0,True,,synthetic_normal_distributed_training,sim_user,normal_distributed_training,gpu:2,normal_distributed_training
12.6,2026-01-01 00:00:12.600000+00:00,,syn-normal-ddp-101,syn-normal-ddp-101,,,,,0,10.0,209.03284259812833,87.81818018755018,43.734584552884655,2411.7436669459817,52.64832439178543,3446.314449687833,100.0,100.0,True,,synthetic_normal_distributed_training,sim_user,normal_distributed_training,gpu:2,normal_distributed_training
12.7,2026-01-01 00:00:12.700000+00:00,,syn-normal-ddp-101,syn-normal-ddp-101,,,,,0,10.0,208.752626985111,85.91475815390139,47.59775606468585,2371.167379270874,51.959848456592034,3750.04414563282,100.0,100.0,True,,synthetic_normal_distributed_training,sim_user,normal_distributed_training,gpu:2,normal_distributed_training
12.8,2026-01-01 00:00:12.800000+00:00,,syn-normal-ddp-101,syn-normal-ddp-101,,,,,0,10.0,204.30394210070006,92.80940156303205,58.33016083432793,2520.0,54.03765009218591,4576.149626901193,100.0,100.0,True,,synthetic_normal_distributed_training,sim_user,normal_distributed_training,gpu:2,normal_distributed_training
12.9,2026-01-01 00:00:12.900000+00:00,,syn-normal-ddp-101,syn-normal-ddp-101,,,,,0,10.0,200.35527413060228,88.75819526350021,49.31237985020481,2416.860484657848,52.87235706461627,3897.077629216375,100.0,100.0,True,,synthetic_normal_distributed_training,sim_user,normal_distributed_training,gpu:2,normal_distributed_training
13.0,2026-01-01 00:00:13+00:00,,syn-normal-ddp-101,syn-normal-ddp-101,,,,,0,10.0,201.99001252928377,89.09322956484449,44.189052918744856,2483.0060252602107,52.71463382251195,3402.4986596985873,100.0,100.0,True,,synthetic_normal_distributed_training,sim_user,normal_distributed_training,gpu:2,normal_distributed_training
13.1,2026-01-01 00:00:13.100000+00:00,,syn-normal-ddp-101,syn-normal-ddp-101,,,,,0,10.0,200.03563741670817,86.55912049784754,45.87533821325649,2377.1309903945735,51.92197797394252,3737.520444266234,100.0,100.0,True,,synthetic_normal_distributed_training,sim_user,normal_distributed_training,gpu:2,normal_distributed_training
13.2,2026-01-01 00:00:13.200000+00:00,,syn-normal-ddp-101,syn-normal-ddp-101,,,,,0,10.0,197.09179503258338,93.69151041493684,50.03278793878637,2520.0,53.9866558592453,3801.042407705142,100.0,100.0,True,,synthetic_normal_distributed_training,sim_user,normal_distributed_training,gpu:2,normal_distributed_training
13.3,2026-01-01 00:00:13.300000+00:00,,syn-normal-ddp-101,syn-normal-ddp-101,,,,,0,10.0,199.75985331549472,89.89035421299991,50.814793955294526,2445.606632838567,52.97466568485086,3969.351818714452,100.0,100.0,True,,synthetic_normal_distributed_training,sim_user,normal_distributed_training,gpu:2,normal_distributed_training
13.4,2026-01-01 00:00:13.400000+00:00,,syn-normal-ddp-101,syn-normal-ddp-101,,,,,0,10.0,196.4686548088823,80.50756244151393,47.93397755321396,2261.385934963322,50.45038531780761,3805.175811456026,100.0,100.0,True,,synthetic_normal_distributed_training,sim_user,normal_distributed_training,gpu:2,normal_distributed_training
13.5,2026-01-01 00:00:13.500000+00:00,,syn-normal-ddp-101,syn-normal-ddp-101,,,,,0,10.0,197.60405156944705,92.63852397167955,47.150463725273426,2520.0,53.97757426998925,3788.5185447901126,100.0,100.0,True,,synthetic_normal_distributed_training,sim_user,normal_distributed_training,gpu:2,normal_distributed_training
13.6,2026-01-01 00:00:13.600000+00:00,,syn-normal-ddp-101,syn-normal-ddp-101,,,,,0,10.0,198.3665814060222,93.17523513710708,48.59390112401686,2514.2227556189086,54.41776072409914,3847.363949370217,100.0,100.0,True,,synthetic_normal_distributed_training,sim_user,normal_distributed_training,gpu:2,normal_distributed_training
13.7,2026-01-01 00:00:13.700000+00:00,,syn-normal-ddp-101,syn-normal-ddp-101,,,,,0,10.0,203.64898043999113,92.86401133035234,55.19805759516069,2517.4924183006037,53.96039598622956,4346.451794345281,100.0,100.0,True,,synthetic_normal_distributed_training,sim_user,normal_distributed_training,gpu:2,normal_distributed_training
13.8,2026-01-01 00:00:13.800000+00:00,,syn-normal-ddp-101,syn-normal-ddp-101,,,,,0,10.0,203.3420407429541,77.0606549858199,45.37303318589176,2144.608614268002,49.54654996474562,3787.003989970983,100.0,100.0,True,,synthetic_normal_distributed_training,sim_user,normal_distributed_training,gpu:2,normal_distributed_training
13.9,2026-01-01 00:00:13.900000+00:00,,syn-normal-ddp-101,syn-normal-ddp-101,,,,,0,10.0,205.92004174231633,85.5916617300676,52.56678383962882,2292.763768873314,52.2797926605446,4049.0112494025793,100.0,100.0,True,,synthetic_normal_distributed_training,sim_user,normal_distributed_training,gpu:2,normal_distributed_training
14.0,2026-01-01 00:00:14+00:00,,syn-normal-ddp-101,syn-normal-ddp-101,,,,,0,10.0,147.4077203981169,49.15976132658548,21.093678850726604,1446.9071888050034,42.007027456131866,2024.898570435295,100.0,100.0,True,,synthetic_normal_distributed_training,sim_user,normal_distributed_training,gpu:2,normal_distributed_training
14.1,2026-01-01 00:00:14.100000+00:00,,syn-normal-ddp-101,syn-normal-ddp-101,,,,,0,10.0,147.21353988781127,45.03433343609183,20.86942470970952,1267.4073996222712,40.906734502497564,1795.2207359385375,100.0,100.0,True,,synthetic_normal_distributed_training,sim_user,normal_distributed_training,gpu:2,normal_distributed_training
14.2,2026-01-01 00:00:14.200000+00:00,,syn-normal-ddp-101,syn-normal-ddp-101,,,,,0,10.0,146.5776082219252,38.08039517508696,25.014502414286163,1168.6312061825026,38.88077320723283,2144.607208860573,100.0,100.0,True,,synthetic_normal_distributed_training,sim_user,normal_distributed_training,gpu:2,normal_distributed_training
14.3,2026-01-01 00:00:14.300000+00:00,,syn-normal-ddp-101,syn-normal-ddp-101,,,,,0,10.0,147.1135315245303,47.253574498496825,22.11365234805161,1362.6297775778116,41.226245817970266,1893.901514101608,100.0,100.0,True,,synthetic_normal_distributed_training,sim_user,normal_distributed_training,gpu:2,normal_distributed_training
14.4,2026-01-01 00:00:14.400000+00:00,,syn-normal-ddp-101,syn-normal-ddp-101,,,,,0,10.0,140.98205832002506,38.377031951719324,22.41148589145402,1126.8107547769268,38.77152399340893,1847.0358284440829,100.0,100.0,True,,synthetic_normal_distributed_training,sim_user,normal_distributed_training,gpu:2,normal_distributed_training
14.5,2026-01-01 00:00:14.500000+00:00,,syn-normal-ddp-101,syn-normal-ddp-101,,,,,0,10.0,144.67390775318327,46.17492130775438,25.16129151296749,1344.5711379009288,40.94467357164877,2365.4974855552277,100.0,100.0,True,,synthetic_normal_distributed_training,sim_user,normal_distributed_training,gpu:2,normal_distributed_training
14.6,2026-01-01 00:00:14.600000+00:00,,syn-normal-ddp-101,syn-normal-ddp-101,,,,,0,10.0,143.02884180876902,45.00079879155119,21.700276928434583,1379.3623541024392,40.59192660551725,1982.326615210277,100.0,100.0,True,,synthetic_normal_distributed_training,sim_user,normal_distributed_training,gpu:2,normal_distributed_training
14.7,2026-01-01 00:00:14.700000+00:00,,syn-normal-ddp-101,syn-normal-ddp-101,,,,,0,10.0,141.69204298224062,50.0465355888035,33.47333318076532,1520.08569121832,41.935342674463364,2871.9443168118955,100.0,100.0,True,,synthetic_normal_distributed_training,sim_user,normal_distributed_training,gpu:2,normal_distributed_training
14.8,2026-01-01 00:00:14.800000+00:00,,syn-normal-ddp-101,syn-normal-ddp-101,,,,,0,10.0,144.67549046246535,40.36641813276231,22.127674087996898,1206.769000541982,39.00446924428422,1935.121890764856,100.0,100.0,True,,synthetic_normal_distributed_training,sim_user,normal_distributed_training,gpu:2,normal_distributed_training
14.9,2026-01-01 00:00:14.900000+00:00,,syn-normal-ddp-101,syn-normal-ddp-101,,,,,0,10.0,146.15969955563548,51.35109187541395,26.165590086981776,1543.879662261947,42.24118280924933,2278.406628931426,100.0,100.0,True,,synthetic_normal_distributed_training,sim_user,normal_distributed_training,gpu:2,normal_distributed_training
15.0,2026-01-01 00:00:15+00:00,,syn-normal-ddp-101,syn-normal-ddp-101,,,,,0,10.0,148.39551099573026,42.829172417044944,22.89179758336108,1291.7558102416122,39.6152685265911,2169.043383361398,100.0,100.0,True,,synthetic_normal_distributed_training,sim_user,normal_distributed_training,gpu:2,normal_distributed_training
15.1,2026-01-01 00:00:15.100000+00:00,,syn-normal-ddp-101,syn-normal-ddp-101,,,,,0,10.0,150.1736309970176,54.18531131968677,30.796655479634452,1625.227502395472,42.94048422100683,2629.1426411590683,100.0,100.0,True,,synthetic_normal_distributed_training,sim_user,normal_distributed_training,gpu:2,normal_distributed_training
15.2,2026-01-01 00:00:15.200000+00:00,,syn-normal-ddp-101,syn-normal-ddp-101,,,,,0,10.0,149.87284360142195,51.21708839856973,21.745410399618514,1494.483974272119,42.33864779514897,1893.5455133961061,100.0,100.0,True,,synthetic_normal_distributed_training,sim_user,normal_distributed_training,gpu:2,normal_distributed_training
15.3,2026-01-01 00:00:15.300000+00:00,,syn-normal-ddp-101,syn-normal-ddp-101,,,,,0,10.0,148.42870768535278,49.74484992649599,23.829898188998285,1479.7142124157876,41.58516627126047,2035.5807560148476,100.0,100.0,True,,synthetic_normal_distributed_training,sim_user,normal_distributed_training,gpu:2,normal_distributed_training
15.4,2026-01-01 00:00:15.400000+00:00,,syn-normal-ddp-101,syn-normal-ddp-101,,,,,0,10.0,145.31753841118046,46.014904165274785,20.08251104685391,1325.8624521131544,40.41053039010273,1819.803000046759,100.0,100.0,True,,synthetic_normal_distributed_training,sim_user,normal_distributed_training,gpu:2,normal_distributed_training
15.5,2026-01-01 00:00:15.500000+00:00,,syn-normal-ddp-101,syn-normal-ddp-101,,,,,0,10.0,146.4824750773769,42.715629172812456,14.915990144561492,1322.455488654446,39.85827289956923,1711.5431890852542,100.0,100.0,True,,synthetic_normal_distributed_training,sim_user,normal_distributed_training,gpu:2,normal_distributed_training
15.6,2026-01-01 00:00:15.600000+00:00,,syn-normal-ddp-101,syn-normal-ddp-101,,,,,0,10.0,142.82539221085847,45.40727613223891,28.93655351467861,1376.6497696747208,40.77365359061091,2644.856746660989,100.0,100.0,True,,synthetic_normal_distributed_training,sim_user,normal_distributed_training,gpu:2,normal_distributed_training
15.7,2026-01-01 00:00:15.700000+00:00,,syn-normal-ddp-101,syn-normal-ddp-101,,,,,0,10.0,141.98839562492023,45.52689139543729,30.861977632841175,1390.9855464052926,40.71600204571612,2497.195408551672,100.0,100.0,True,,synthetic_normal_distributed_training,sim_user,normal_distributed_training,gpu:2,normal_distributed_training
15.8,2026-01-01 00:00:15.800000+00:00,,syn-normal-ddp-101,syn-normal-ddp-101,,,,,0,10.0,141.8053449212008,48.75120098500261,31.63836795624922,1486.6277261350494,41.71885034943594,2659.0775454993905,100.0,100.0,True,,synthetic_normal_distributed_training,sim_user,normal_distributed_training,gpu:2,normal_distributed_training
15.9,2026-01-01 00:00:15.900000+00:00,,syn-normal-ddp-101,syn-normal-ddp-101,,,,,0,10.0,139.03937081619512,42.454450393293115,16.12809659462952,1262.5044254026625,40.14679060325055,1602.9653340152977,100.0,100.0,True,,synthetic_normal_distributed_training,sim_user,normal_distributed_training,gpu:2,normal_distributed_training
16.0,2026-01-01 00:00:16+00:00,,syn-normal-ddp-101,syn-normal-ddp-101,,,,,0,10.0,140.1073513046443,43.69304912526259,25.639378528745212,1320.408393759791,40.45299898387237,2286.985418743396,100.0,100.0,True,,synthetic_normal_distributed_training,sim_user,normal_distributed_training,gpu:2,normal_distributed_training
16.1,2026-01-01 00:00:16.100000+00:00,,syn-normal-ddp-101,syn-normal-ddp-101,,,,,0,10.0,143.61353205970218,38.43416602458839,23.88863257327618,1108.5523281463632,39.068718560268486,1922.7958334058335,100.0,100.0,True,,synthetic_normal_distributed_training,sim_user,normal_distributed_training,gpu:2,normal_distributed_training
16.2,2026-01-01 00:00:16.200000+00:00,,syn-normal-ddp-101,syn-normal-ddp-101,,,,,0,10.0,138.89610446852964,31.606921062168205,15.047634576774641,971.7670299508354,37.21760700804641,1529.5341259249315,100.0,100.0,True,,synthetic_normal_distributed_training,sim_user,normal_distributed_training,gpu:2,normal_distributed_training
16.3,2026-01-01 00:00:16.300000+00:00,,syn-normal-ddp-101,syn-normal-ddp-101,,,,,0,10.0,143.9547171684567,44.8812657198206,27.993411357474784,1291.7546620018788,40.98144273190003,2466.2752383750644,100.0,100.0,True,,synthetic_normal_distributed_training,sim_user,normal_distributed_training,gpu:2,normal_distributed_training
16.4,2026-01-01 00:00:16.400000+00:00,,syn-normal-ddp-101,syn-normal-ddp-101,,,,,0,10.0,143.95614859873783,55.78015733178037,26.121009167537647,1635.5567111209928,43.79910813372716,2210.713104652922,100.0,100.0,True,,synthetic_normal_distributed_training,sim_user,normal_distributed_training,gpu:2,normal_distributed_training
16.5,2026-01-01 00:00:16.500000+00:00,,syn-normal-ddp-101,syn-normal-ddp-101,,,,,0,10.0,143.9337614676267,43.22346538362528,19.384554778596886,1313.7555429801587,39.9563960181068,1849.1772892994381,100.0,100.0,True,,synthetic_normal_distributed_training,sim_user,normal_distributed_training,gpu:2,normal_distributed_training
16.6,2026-01-01 00:00:16.600000+00:00,,syn-normal-ddp-101,syn-normal-ddp-101,,,,,0,10.0,144.72863887601468,39.88707310259869,18.53042868167108,1224.2145547374075,38.959806743495946,1886.2628578582405,100.0,100.0,True,,synthetic_normal_distributed_training,sim_user,normal_distributed_training,gpu:2,normal_distributed_training
16.7,2026-01-01 00:00:16.700000+00:00,,syn-normal-ddp-101,syn-normal-ddp-101,,,,,0,10.0,147.1491723624958,33.01055621995384,15.203798834815673,1044.696666082329,36.75511561302835,1498.2994909172323,100.0,100.0,True,,synthetic_normal_distributed_training,sim_user,normal_distributed_training,gpu:2,normal_distributed_training
16.8,2026-01-01 00:00:16.800000+00:00,,syn-normal-ddp-101,syn-normal-ddp-101,,,,,0,10.0,143.91158362359764,46.742298639283746,21.589139948400746,1453.1813239028859,40.58952807828951,1993.892818768621,100.0,100.0,True,,synthetic_normal_distributed_training,sim_user,normal_distributed_training,gpu:2,normal_distributed_training
16.9,2026-01-01 00:00:16.900000+00:00,,syn-normal-ddp-101,syn-normal-ddp-101,,,,,0,10.0,143.93946304662396,38.814364889733085,25.237198008728473,1214.5405104687982,38.391166727441075,2318.729548670864,100.0,100.0,True,,synthetic_normal_distributed_training,sim_user,normal_distributed_training,gpu:2,normal_distributed_training
17.0,2026-01-01 00:00:17+00:00,,syn-normal-ddp-101,syn-normal-ddp-101,,,,,0,10.0,142.9911805158815,39.867726930953346,17.55650184150209,1192.2604928368933,38.569424616987995,1660.7786283819732,100.0,100.0,True,,synthetic_normal_distributed_training,sim_user,normal_distributed_training,gpu:2,normal_distributed_training
17.1,2026-01-01 00:00:17.100000+00:00,,syn-normal-ddp-101,syn-normal-ddp-101,,,,,0,10.0,140.72176224008308,42.728059530404856,21.591614484765618,1342.7982960721527,39.40430773506325,1949.1544400717228,100.0,100.0,True,,synthetic_normal_distributed_training,sim_user,normal_distributed_training,gpu:2,normal_distributed_training
17.2,2026-01-01 00:00:17.200000+00:00,,syn-normal-ddp-101,syn-normal-ddp-101,,,,,0,10.0,140.75035819724877,44.66706093256335,21.957768615854786,1391.076450872237,39.96573608076908,2027.0714808805228,100.0,100.0,True,,synthetic_normal_distributed_training,sim_user,normal_distributed_training,gpu:2,normal_distributed_training
17.3,2026-01-01 00:00:17.300000+00:00,,syn-normal-ddp-101,syn-normal-ddp-101,,,,,0,10.0,140.9924800222954,51.10079997529526,37.02357620758173,1522.351143080079,41.79125358372176,2894.7526056534107,100.0,100.0,True,,synthetic_normal_distributed_training,sim_user,normal_distributed_training,gpu:2,normal_distributed_training
17.4,2026-01-01 00:00:17.400000+00:00,,syn-normal-ddp-101,syn-normal-ddp-101,,,,,0,10.0,141.04437609886224,47.867307919576476,22.65881964318837,1332.481886445204,41.08119296438458,1823.7030709882492,100.0,100.0,True,,synthetic_normal_distributed_training,sim_user,normal_distributed_training,gpu:2,normal_distributed_training
17.5,2026-01-01 00:00:17.500000+00:00,,syn-normal-ddp-101,syn-normal-ddp-101,,,,,0,10.0,145.1835168471309,48.2254705600697,28.42022017001156,1387.7855870779829,41.42354492575717,2487.0321742651295,100.0,100.0,True,,synthetic_normal_distributed_training,sim_user,normal_distributed_training,gpu:2,normal_distributed_training
17.6,2026-01-01 00:00:17.600000+00:00,,syn-normal-ddp-101,syn-normal-ddp-101,,,,,0,10.0,148.37927595675833,46.91544088733328,33.164040004276615,1403.4087642199352,41.1394716895618,2767.5541934894236,100.0,100.0,True,,synthetic_normal_distributed_training,sim_user,normal_distributed_training,gpu:2,normal_distributed_training
17.7,2026-01-01 00:00:17.700000+00:00,,syn-normal-ddp-101,syn-normal-ddp-101,,,,,0,10.0,148.0931730950242,40.75102553949477,17.589228218819997,1221.4272471958054,39.148411242110285,1692.0512290326317,100.0,100.0,True,,synthetic_normal_distributed_training,sim_user,normal_distributed_training,gpu:2,normal_distributed_training
17.8,2026-01-01 00:00:17.800000+00:00,,syn-normal-ddp-101,syn-normal-ddp-101,,,,,0,10.0,150.94948222920397,47.5961659753503,22.7852324757515,1347.1756137179025,40.67101462444248,2038.377531440249,100.0,100.0,True,,synthetic_normal_distributed_training,sim_user,normal_distributed_training,gpu:2,normal_distributed_training
17.9,2026-01-01 00:00:17.900000+00:00,,syn-normal-ddp-101,syn-normal-ddp-101,,,,,0,10.0,152.14749607396013,54.61605872304666,28.68020510669915,1584.106326105117,42.7602911689097,2591.092402488432,100.0,100.0,True,,synthetic_normal_distributed_training,sim_user,normal_distributed_training,gpu:2,normal_distributed_training
18.0,2026-01-01 00:00:18+00:00,,syn-normal-ddp-101,syn-normal-ddp-101,,,,,0,10.0,149.15831666749423,36.21822961104396,14.53139169673128,1093.8176245009672,37.78754127235812,1566.756821293061,100.0,100.0,True,,synthetic_normal_distributed_training,sim_user,normal_distributed_training,gpu:2,normal_distributed_training
18.1,2026-01-01 00:00:18.100000+00:00,,syn-normal-ddp-101,syn-normal-ddp-101,,,,,0,10.0,186.8610066895353,75.06756093519844,46.233274145816296,2100.4932101103286,48.62993240046202,3735.339006195429,100.0,100.0,True,,synthetic_normal_distributed_training,sim_user,normal_distributed_training,gpu:2,normal_distributed_training
18.2,2026-01-01 00:00:18.200000+00:00,,syn-normal-ddp-101,syn-normal-ddp-101,,,,,0,10.0,181.62155910233818,79.32170158105089,41.684660027917985,2207.1578402068467,50.0900571977955,3483.170705156219,100.0,100.0,True,,synthetic_normal_distributed_training,sim_user,normal_distributed_training,gpu:2,normal_distributed_training
18.3,2026-01-01 00:00:18.300000+00:00,,syn-normal-ddp-101,syn-normal-ddp-101,,,,,0,10.0,182.22851834297788,76.6682020771759,46.408861396790456,2183.072059661626,49.40746369895167,3637.607503259419,100.0,100.0,True,,synthetic_normal_distributed_training,sim_user,normal_distributed_training,gpu:2,normal_distributed_training
18.4,2026-01-01 00:00:18.400000+00:00,,syn-normal-ddp-101,syn-normal-ddp-101,,,,,0,10.0,184.21409257713762,72.13405204261942,41.811270249396244,1986.4877589301864,48.05711577631446,3248.400227638363,100.0,100.0,True,,synthetic_normal_distributed_training,sim_user,normal_distributed_training,gpu:2,normal_distributed_training
18.5,2026-01-01 00:00:18.500000+00:00,,syn-normal-ddp-101,syn-normal-ddp-101,,,,,0,10.0,183.4198674888888,71.1983177719397,39.229570514605946,2032.2912193601321,47.69630575641377,3269.191263152983,100.0,100.0,True,,synthetic_normal_distributed_training,sim_user,normal_distributed_training,gpu:2,normal_distributed_training
18.6,2026-01-01 00:00:18.600000+00:00,,syn-normal-ddp-101,syn-normal-ddp-101,,,,,0,10.0,181.16163789515343,74.44563829147981,44.80336722955859,2042.2276997840047,49.03718833204261,3387.8119205168914,100.0,100.0,True,,synthetic_normal_distributed_training,sim_user,normal_distributed_training,gpu:2,normal_distributed_training
18.7,2026-01-01 00:00:18.700000+00:00,,syn-normal-ddp-101,syn-normal-ddp-101,,,,,0,10.0,185.43423741318816,73.19714136391417,39.01873983048029,2081.2883674252002,49.263171126202465,3080.0996882927843,100.0,100.0,True,,synthetic_normal_distributed_training,sim_user,normal_distributed_training,gpu:2,normal_distributed_training
18.8,2026-01-01 00:00:18.800000+00:00,,syn-normal-ddp-101,syn-normal-ddp-101,,,,,0,10.0,184.8158661209487,76.74630109635211,46.454743978060954,2150.7994386358623,50.351955589319466,3491.2294089364063,100.0,100.0,True,,synthetic_normal_distributed_training,sim_user,normal_distributed_training,gpu:2,normal_distributed_training
18.9,2026-01-01 00:00:18.900000+00:00,,syn-normal-ddp-101,syn-normal-ddp-101,,,,,0,10.0,187.3753057582077,84.5177568545719,41.17283995752653,2342.2682754442367,52.46760883505814,3271.704884190138,100.0,100.0,True,,synthetic_normal_distributed_training,sim_user,normal_distributed_training,gpu:2,normal_distributed_training
19.0,2026-01-01 00:00:19+00:00,,syn-normal-ddp-101,syn-normal-ddp-101,,,,,0,10.0,184.1242005022475,72.0937756430707,36.63353188496381,2021.6911136571998,49.047505681912995,3064.885419702888,100.0,100.0,True,,synthetic_normal_distributed_training,sim_user,normal_distributed_training,gpu:2,normal_distributed_training
19.1,2026-01-01 00:00:19.100000+00:00,,syn-normal-ddp-101,syn-normal-ddp-101,,,,,0,10.0,179.56335304309493,67.11364549359521,41.768232201891344,1868.0525226298355,47.67313537412845,3328.266782882118,100.0,100.0,True,,synthetic_normal_distributed_training,sim_user,normal_distributed_training,gpu:2,normal_distributed_training
19.2,2026-01-01 00:00:19.200000+00:00,,syn-normal-ddp-101,syn-normal-ddp-101,,,,,0,10.0,176.5450926353079,73.22565119839771,31.81141054394815,2058.656845866349,49.29366391952721,2552.5123672854584,100.0,100.0,True,,synthetic_normal_distributed_training,sim_user,normal_distributed_training,gpu:2,normal_distributed_training
19.3,2026-01-01 00:00:19.300000+00:00,,syn-normal-ddp-101,syn-normal-ddp-101,,,,,0,10.0,178.3430699804858,70.9482482402471,40.926810667524734,2006.8990610524297,48.70983097809633,3258.089227494567,100.0,100.0,True,,synthetic_normal_distributed_training,sim_user,normal_distributed_training,gpu:2,normal_distributed_training
19.4,2026-01-01 00:00:19.400000+00:00,,syn-normal-ddp-101,syn-normal-ddp-101,,,,,0,10.0,175.83504919434807,63.24364041290505,33.11719599874654,1837.8031842928997,46.58042115890197,2679.548157506617,100.0,100.0,True,,synthetic_normal_distributed_training,sim_user,normal_distributed_training,gpu:2,normal_distributed_training
19.5,2026-01-01 00:00:19.500000+00:00,,syn-normal-ddp-101,syn-normal-ddp-101,,,,,0,10.0,178.2350238798953,59.00822714037328,30.244863723926027,1702.1826862895205,45.43050664875911,2717.710282102299,100.0,100.0,True,,synthetic_normal_distributed_training,sim_user,normal_distributed_training,gpu:2,normal_distributed_training
19.6,2026-01-01 00:00:19.600000+00:00,,syn-normal-ddp-101,syn-normal-ddp-101,,,,,0,10.0,175.57330552300894,76.02326446739457,38.99282361762715,2130.691133982065,50.12216186221974,3263.172107113802,100.0,100.0,True,,synthetic_normal_distributed_training,sim_user,normal_distributed_training,gpu:2,normal_distributed_training
19.7,2026-01-01 00:00:19.700000+00:00,,syn-normal-ddp-101,syn-normal-ddp-101,,,,,0,10.0,178.47065211570623,78.91444462816342,48.56598825523313,2147.9782597888598,50.92609998659801,3810.76768436415,100.0,100.0,True,,synthetic_normal_distributed_training,sim_user,normal_distributed_training,gpu:2,normal_distributed_training
19.8,2026-01-01 00:00:19.800000+00:00,,syn-normal-ddp-101,syn-normal-ddp-101,,,,,0,10.0,179.78702953956775,69.63990265986617,32.150342597271155,1892.7847315024187,48.37853933294852,2805.621237303506,100.0,100.0,True,,synthetic_normal_distributed_training,sim_user,normal_distributed_training,gpu:2,normal_distributed_training
19.9,2026-01-01 00:00:19.900000+00:00,,syn-normal-ddp-101,syn-normal-ddp-101,,,,,0,10.0,184.34193621764015,76.29604858569823,45.30355874012656,2125.8789486225355,50.0502404927939,3672.020018722183,100.0,100.0,True,,synthetic_normal_distributed_training,sim_user,normal_distributed_training,gpu:2,normal_distributed_training
20.0,2026-01-01 00:00:20+00:00,,syn-normal-ddp-101,syn-normal-ddp-101,,,,,0,10.0,186.0604328016997,76.1797444820082,43.807473604482645,2199.256165082916,49.90545082570226,3554.2725726174017,100.0,100.0,True,,synthetic_normal_distributed_training,sim_user,normal_distributed_training,gpu:2,normal_distributed_training
20.1,2026-01-01 00:00:20.100000+00:00,,syn-normal-ddp-101,syn-normal-ddp-101,,,,,0,10.0,186.82430350922246,78.04802893269488,41.20737304537165,2158.182514133573,50.509407886631465,3278.093789231557,100.0,100.0,True,,synthetic_normal_distributed_training,sim_user,normal_distributed_training,gpu:2,normal_distributed_training
20.2,2026-01-01 00:00:20.200000+00:00,,syn-normal-ddp-101,syn-normal-ddp-101,,,,,0,10.0,186.26176403111322,83.84591920817078,45.76030831411995,2275.653438491273,51.99296138364216,3745.249073241228,100.0,100.0,True,,synthetic_normal_distributed_training,sim_user,normal_distributed_training,gpu:2,normal_distributed_training
20.3,2026-01-01 00:00:20.300000+00:00,,syn-normal-ddp-101,syn-normal-ddp-101,,,,,0,10.0,188.9068045193926,79.7150458601083,46.671214852075586,2111.6950722368506,50.92792130261304,3739.757258918537,100.0,100.0,True,,synthetic_normal_distributed_training,sim_user,normal_distributed_training,gpu:2,normal_distributed_training
20.4,2026-01-01 00:00:20.400000+00:00,,syn-normal-ddp-101,syn-normal-ddp-101,,,,,0,10.0,188.86137881675734,76.76059287620578,39.82699606756072,2150.7434417392537,50.191373151038654,3202.4908822903253,100.0,100.0,True,,synthetic_normal_distributed_training,sim_user,normal_distributed_training,gpu:2,normal_distributed_training
20.5,2026-01-01 00:00:20.500000+00:00,,syn-normal-ddp-101,syn-normal-ddp-101,,,,,0,10.0,189.45281448278394,79.4930985333757,37.634652314762874,2163.4159869504,50.8429685984649,3068.1561950928453,100.0,100.0,True,,synthetic_normal_distributed_training,sim_user,normal_distributed_training,gpu:2,normal_distributed_training
20.6,2026-01-01 00:00:20.600000+00:00,,syn-normal-ddp-101,syn-normal-ddp-101,,,,,0,10.0,189.1837784209823,78.48184974179176,44.29309013757889,2150.4253219791194,50.51087718958498,3476.5859221011556,100.0,100.0,True,,synthetic_normal_distributed_training,sim_user,normal_distributed_training,gpu:2,normal_distributed_training
20.7,2026-01-01 00:00:20.700000+00:00,,syn-normal-ddp-101,syn-normal-ddp-101,,,,,0,10.0,186.56402935569255,79.35271246987628,40.25729668761381,2203.986572400051,50.76659284765857,3113.0858640309084,100.0,100.0,True,,synthetic_normal_distributed_training,sim_user,normal_distributed_training,gpu:2,normal_distributed_training
20.8,2026-01-01 00:00:20.800000+00:00,,syn-normal-ddp-101,syn-normal-ddp-101,,,,,0,10.0,203.6345266077023,87.10864591250152,46.257436284318565,2411.30964294734,53.011755627254345,3600.6790618265063,100.0,100.0,True,,synthetic_normal_distributed_training,sim_user,normal_distributed_training,gpu:2,normal_distributed_training
20.9,2026-01-01 00:00:20.900000+00:00,,syn-normal-ddp-101,syn-normal-ddp-101,,,,,0,10.0,203.8712342475298,85.30330147431428,47.126819485607676,2409.9567587915403,52.51775580718353,3793.131040153162,100.0,100.0,True,,synthetic_normal_distributed_training,sim_user,normal_distributed_training,gpu:2,normal_distributed_training
21.0,2026-01-01 00:00:21+00:00,,syn-normal-ddp-101,syn-normal-ddp-101,,,,,0,10.0,203.26782080998126,97.63055140146741,56.64583374514572,2520.0,55.903843833385565,4395.894561520917,100.0,100.0,True,,synthetic_normal_distributed_training,sim_user,normal_distributed_training,gpu:2,normal_distributed_training
21.1,2026-01-01 00:00:21.100000+00:00,,syn-normal-ddp-101,syn-normal-ddp-101,,,,,0,10.0,203.89981305897413,92.38849410936804,58.080336825093525,2520.0,54.580240060492095,4669.324116702005,100.0,100.0,True,,synthetic_normal_distributed_training,sim_user,normal_distributed_training,gpu:2,normal_distributed_training
21.2,2026-01-01 00:00:21.200000+00:00,,syn-normal-ddp-101,syn-normal-ddp-101,,,,,0,10.0,205.39162447035426,94.0481657077516,53.09671051646695,2520.0,54.94993018316055,4145.327376949657,100.0,100.0,True,,synthetic_normal_distributed_training,sim_user,normal_distributed_training,gpu:2,normal_distributed_training
21.3,2026-01-01 00:00:21.300000+00:00,,syn-normal-ddp-101,syn-normal-ddp-101,,,,,0,10.0,203.7353468174823,99.64174511690543,55.26345924984509,2520.0,56.09404572315517,4226.348924558053,100.0,100.0,True,,synthetic_normal_distributed_training,sim_user,normal_distributed_training,gpu:2,normal_distributed_training
21.4,2026-01-01 00:00:21.400000+00:00,,syn-normal-ddp-101,syn-normal-ddp-101,,,,,0,10.0,204.79089393396106,89.42433268451376,52.46140911875051,2436.821200714794,53.17741472729754,4193.628398643597,100.0,100.0,True,,synthetic_normal_distributed_training,sim_user,normal_distributed_training,gpu:2,normal_distributed_training
21.5,2026-01-01 00:00:21.500000+00:00,,syn-normal-ddp-101,syn-normal-ddp-101,,,,,0,10.0,208.3083528169232,90.90156741270832,51.13890874719675,2516.679394514056,53.47701314071369,4040.049199582092,100.0,100.0,True,,synthetic_normal_distributed_training,sim_user,normal_distributed_training,gpu:2,normal_distributed_training
21.6,2026-01-01 00:00:21.600000+00:00,,syn-normal-ddp-101,syn-normal-ddp-101,,,,,0,10.0,206.75584084247484,92.64850387272337,44.19192885631223,2447.067451004681,53.82414148050647,3501.7385202454257,100.0,100.0,True,,synthetic_normal_distributed_training,sim_user,normal_distributed_training,gpu:2,normal_distributed_training
21.7,2026-01-01 00:00:21.700000+00:00,,syn-normal-ddp-101,syn-normal-ddp-101,,,,,0,10.0,204.85461149322254,84.26024657132615,43.93177613999713,2313.8109079949154,51.49507925692454,3467.1385661223353,100.0,100.0,True,,synthetic_normal_distributed_training,sim_user,normal_distributed_training,gpu:2,normal_distributed_training
21.8,2026-01-01 00:00:21.800000+00:00,,syn-normal-ddp-101,syn-normal-ddp-101,,,,,0,10.0,202.02031526933905,82.4628885134442,40.39587604387549,2325.8234470765224,50.956806756063166,3258.163366432283,100.0,100.0,True,,synthetic_normal_distributed_training,sim_user,normal_distributed_training,gpu:2,normal_distributed_training
21.9,2026-01-01 00:00:21.900000+00:00,,syn-normal-ddp-101,syn-normal-ddp-101,,,,,0,10.0,200.8420519799178,81.04422531157844,47.36078152673105,2268.6351744401777,50.58290422872359,3717.9406204968386,100.0,100.0,True,,synthetic_normal_distributed_training,sim_user,normal_distributed_training,gpu:2,normal_distributed_training
22.0,2026-01-01 00:00:22+00:00,,syn-normal-ddp-101,syn-normal-ddp-101,,,,,0,10.0,196.73659759574525,86.33536162425041,52.57795487525751,2358.878961912031,51.89877826830222,4268.762779834281,100.0,100.0,True,,synthetic_normal_distributed_training,sim_user,normal_distributed_training,gpu:2,normal_distributed_training
22.1,2026-01-01 00:00:22.100000+00:00,,syn-normal-ddp-101,syn-normal-ddp-101,,,,,0,10.0,195.80572755354524,74.56123867278139,42.43351553971714,2062.0939523918373,48.81568002938005,3470.4545298953403,100.0,100.0,True,,synthetic_normal_distributed_training,sim_user,normal_distributed_training,gpu:2,normal_distributed_training
22.2,2026-01-01 00:00:22.200000+00:00,,syn-normal-ddp-101,syn-normal-ddp-101,,,,,0,10.0,193.90516748599654,81.37853107650939,40.63203637690483,2266.9668447560016,50.89289829842186,3261.5876397692123,100.0,100.0,True,,synthetic_normal_distributed_training,sim_user,normal_distributed_training,gpu:2,normal_distributed_training
22.3,2026-01-01 00:00:22.300000+00:00,,syn-normal-ddp-101,syn-normal-ddp-101,,,,,0,10.0,194.88419246477406,81.13780060557278,47.830440934793764,2230.0548847664836,50.94344155409222,3764.382167814567,100.0,100.0,True,,synthetic_normal_distributed_training,sim_user,normal_distributed_training,gpu:2,normal_distributed_training
22.4,2026-01-01 00:00:22.400000+00:00,,syn-normal-ddp-101,syn-normal-ddp-101,,,,,0,10.0,195.57676076669526,89.88304991838733,45.58145163232202,2476.736605377377,53.431228728083674,3593.0627253486773,100.0,100.0,True,,synthetic_normal_distributed_training,sim_user,normal_distributed_training,gpu:2,normal_distributed_training
22.5,2026-01-01 00:00:22.500000+00:00,,syn-normal-ddp-101,syn-normal-ddp-101,,,,,0,10.0,197.090835744592,81.50963055004806,45.84360998427866,2308.530142986943,51.04694524541741,3760.908607741852,100.0,100.0,True,,synthetic_normal_distributed_training,sim_user,normal_distributed_training,gpu:2,normal_distributed_training
22.6,2026-01-01 00:00:22.600000+00:00,,syn-normal-ddp-101,syn-normal-ddp-101,,,,,0,10.0,196.8562679017921,87.96262041321515,43.57998656872406,2399.744603894294,52.88869905429504,3534.7434779446758,100.0,100.0,True,,synthetic_normal_distributed_training,sim_user,normal_distributed_training,gpu:2,normal_distributed_training
22.7,2026-01-01 00:00:22.700000+00:00,,syn-normal-ddp-101,syn-normal-ddp-101,,,,,0,10.0,202.96159218585504,91.97546091476617,45.038032080351854,2488.8535440638284,54.122320917458936,3495.02827685937,100.0,100.0,True,,synthetic_normal_distributed_training,sim_user,normal_distributed_training,gpu:2,normal_distributed_training
22.8,2026-01-01 00:00:22.800000+00:00,,syn-normal-ddp-101,syn-normal-ddp-101,,,,,0,10.0,203.1201222122199,91.65167157657737,44.79064601863522,2520.0,54.06680491553893,3532.932706666276,100.0,100.0,True,,synthetic_normal_distributed_training,sim_user,normal_distributed_training,gpu:2,normal_distributed_training
22.9,2026-01-01 00:00:22.900000+00:00,,syn-normal-ddp-101,syn-normal-ddp-101,,,,,0,10.0,204.38597384116454,96.28887545854462,53.028006259105965,2520.0,55.631076345331685,4034.138831678235,100.0,100.0,True,,synthetic_normal_distributed_training,sim_user,normal_distributed_training,gpu:2,normal_distributed_training
23.0,2026-01-01 00:00:23+00:00,,syn-normal-ddp-101,syn-normal-ddp-101,,,,,0,10.0,204.5812653433146,80.00475036079995,41.35521479918065,2181.827690532233,50.95822541613351,3387.8610557056604,100.0,100.0,True,,synthetic_normal_distributed_training,sim_user,normal_distributed_training,gpu:2,normal_distributed_training
23.1,2026-01-01 00:00:23.100000+00:00,,syn-normal-ddp-101,syn-normal-ddp-101,,,,,0,10.0,202.8593653999281,89.91526162411299,51.19910900341467,2387.4982660230175,53.682502235987855,4034.8218124088903,100.0,100.0,True,,synthetic_normal_distributed_training,sim_user,normal_distributed_training,gpu:2,normal_distributed_training
23.2,2026-01-01 00:00:23.200000+00:00,,syn-normal-ddp-101,syn-normal-ddp-101,,,,,0,10.0,200.91455897356752,84.49560028508724,41.27521717248203,2384.9134964277855,51.91256268053345,3565.3740419451283,100.0,100.0,True,,synthetic_normal_distributed_training,sim_user,normal_distributed_training,gpu:2,normal_distributed_training
23.3,2026-01-01 00:00:23.300000+00:00,,syn-normal-ddp-101,syn-normal-ddp-101,,,,,0,10.0,203.76780465380293,86.58968708282478,49.5853486199697,2442.4806488678055,52.17659524516435,3909.4021173570377,100.0,100.0,True,,synthetic_normal_distributed_training,sim_user,normal_distributed_training,gpu:2,normal_distributed_training
23.4,2026-01-01 00:00:23.400000+00:00,,syn-normal-ddp-101,syn-normal-ddp-101,,,,,0,10.0,202.43138178019598,94.09551876802179,49.27561122198599,2520.0,54.24724911479322,3856.4691205984604,100.0,100.0,True,,synthetic_normal_distributed_training,sim_user,normal_distributed_training,gpu:2,normal_distributed_training
23.5,2026-01-01 00:00:23.500000+00:00,,syn-normal-ddp-101,syn-normal-ddp-101,,,,,0,10.0,203.16428183014236,85.10769046351372,51.81957198861914,2356.6582657444114,51.96356996477381,4049.585120483558,100.0,100.0,True,,synthetic_normal_distributed_training,sim_user,normal_distributed_training,gpu:2,normal_distributed_training
23.6,2026-01-01 00:00:23.600000+00:00,,syn-normal-ddp-101,syn-normal-ddp-101,,,,,0,10.0,205.43582969528586,86.25236721333154,51.517752087044414,2375.55033273557,51.931254381335286,3904.5048005473695,100.0,100.0,True,,synthetic_normal_distributed_training,sim_user,normal_distributed_training,gpu:2,normal_distributed_training
23.7,2026-01-01 00:00:23.700000+00:00,,syn-normal-ddp-101,syn-normal-ddp-101,,,,,0,10.0,205.08270363462995,95.57293279761197,51.70008012364703,2520.0,54.70690476665032,4087.3930016734425,100.0,100.0,True,,synthetic_normal_distributed_training,sim_user,normal_distributed_training,gpu:2,normal_distributed_training
23.8,2026-01-01 00:00:23.800000+00:00,,syn-normal-ddp-101,syn-normal-ddp-101,,,,,0,10.0,207.77196116531215,81.39267892963097,45.19909640586136,2306.6774090181234,50.61674879713941,3519.678883739589,100.0,100.0,True,,synthetic_normal_distributed_training,sim_user,normal_distributed_training,gpu:2,normal_distributed_training
23.9,2026-01-01 00:00:23.900000+00:00,,syn-normal-ddp-101,syn-normal-ddp-101,,,,,0,10.0,209.0911295538713,99.14729836326589,55.505412254798884,2520.0,55.29776564669846,4290.991561542518,100.0,100.0,True,,synthetic_normal_distributed_training,sim_user,normal_distributed_training,gpu:2,normal_distributed_training
24.0,2026-01-01 00:00:24+00:00,,syn-normal-ddp-101,syn-normal-ddp-101,,,,,0,10.0,203.58456184568138,82.914655373495,47.45808787368934,2281.6500517172585,50.68473888426281,3848.5519725278805,100.0,100.0,True,,synthetic_normal_distributed_training,sim_user,normal_distributed_training,gpu:2,normal_distributed_training
24.1,2026-01-01 00:00:24.100000+00:00,,syn-normal-ddp-101,syn-normal-ddp-101,,,,,0,10.0,204.30899729684486,98.2673924950467,52.95015832591177,2520.0,55.26578987108612,4178.894064180064,100.0,100.0,True,,synthetic_normal_distributed_training,sim_user,normal_distributed_training,gpu:2,normal_distributed_training
24.2,2026-01-01 00:00:24.200000+00:00,,syn-normal-ddp-101,syn-normal-ddp-101,,,,,0,10.0,203.84021266788523,84.62258863777065,50.92501517358995,2334.725479731715,51.85749666720979,3991.6639876601425,100.0,100.0,True,,synthetic_normal_distributed_training,sim_user,normal_distributed_training,gpu:2,normal_distributed_training
24.3,2026-01-01 00:00:24.300000+00:00,,syn-normal-ddp-101,syn-normal-ddp-101,,,,,0,10.0,201.82481671609878,89.96264814576378,47.44565878087271,2487.906890570378,53.581307385272126,3813.057257453146,100.0,100.0,True,,synthetic_normal_distributed_training,sim_user,normal_distributed_training,gpu:2,normal_distributed_training
24.4,2026-01-01 00:00:24.400000+00:00,,syn-normal-ddp-101,syn-normal-ddp-101,,,,,0,10.0,201.56084776784493,88.43086159309028,40.936434549182835,2415.390071397052,52.98112464336977,3176.8272621283268,100.0,100.0,True,,synthetic_normal_distributed_training,sim_user,normal_distributed_training,gpu:2,normal_distributed_training
24.5,2026-01-01 00:00:24.500000+00:00,,syn-normal-ddp-101,syn-normal-ddp-101,,,,,0,10.0,200.89945418120365,86.93620825284081,48.800355359890965,2364.158953876251,52.92645162004331,3803.4077475041086,100.0,100.0,True,,synthetic_normal_distributed_training,sim_user,normal_distributed_training,gpu:2,normal_distributed_training
24.6,2026-01-01 00:00:24.600000+00:00,,syn-normal-ddp-101,syn-normal-ddp-101,,,,,0,10.0,197.54556377893243,86.61701928653557,47.20579407498391,2445.59878962561,52.69769025930143,3817.2288710270336,100.0,100.0,True,,synthetic_normal_distributed_training,sim_user,normal_distributed_training,gpu:2,normal_distributed_training
24.7,2026-01-01 00:00:24.700000+00:00,,syn-normal-ddp-101,syn-normal-ddp-101,,,,,0,10.0,200.849096571565,86.324318108238,50.80805095878138,2398.3098622768457,52.26045452019397,3969.157258366686,100.0,100.0,True,,synthetic_normal_distributed_training,sim_user,normal_distributed_training,gpu:2,normal_distributed_training
24.8,2026-01-01 00:00:24.800000+00:00,,syn-normal-ddp-101,syn-normal-ddp-101,,,,,0,10.0,202.97812424477334,93.6026013491201,53.865416488872434,2520.0,54.484165126385946,4264.99357808986,100.0,100.0,True,,synthetic_normal_distributed_training,sim_user,normal_distributed_training,gpu:2,normal_distributed_training
24.9,2026-01-01 00:00:24.900000+00:00,,syn-normal-ddp-101,syn-normal-ddp-101,,,,,0,10.0,204.99642609250608,92.68040573630478,51.49216672108251,2520.0,54.103861846578845,4115.807620387693,100.0,100.0,True,,synthetic_normal_distributed_training,sim_user,normal_distributed_training,gpu:2,normal_distributed_training
25.0,2026-01-01 00:00:25+00:00,,syn-normal-ddp-101,syn-normal-ddp-101,,,,,0,10.0,204.66375193984476,80.25978273327227,44.57202607578611,2221.3269285769384,50.43372715417766,3706.1829215078897,100.0,100.0,True,,synthetic_normal_distributed_training,sim_user,normal_distributed_training,gpu:2,normal_distributed_training
25.1,2026-01-01 00:00:25.100000+00:00,,syn-normal-ddp-101,syn-normal-ddp-101,,,,,0,10.0,203.65152195619115,74.89213622912519,41.697539659247056,2079.23773338119,48.980281426917024,3474.8620349703388,100.0,100.0,True,,synthetic_normal_distributed_training,sim_user,normal_distributed_training,gpu:2,normal_distributed_training
25.2,2026-01-01 00:00:25.200000+00:00,,syn-normal-ddp-101,syn-normal-ddp-101,,,,,0,10.0,204.78406786152345,100.0,52.36291288044898,2520.0,55.761616013146266,4268.246766994008,100.0,100.0,True,,synthetic_normal_distributed_training,sim_user,normal_distributed_training,gpu:2,normal_distributed_training
25.3,2026-01-01 00:00:25.300000+00:00,,syn-normal-ddp-101,syn-normal-ddp-101,,,,,0,10.0,209.29264195712736,80.91461834880235,39.633271744308615,2201.2188288285583,50.12269792576301,3289.574303762552,100.0,100.0,True,,synthetic_normal_distributed_training,sim_user,normal_distributed_training,gpu:2,normal_distributed_training
25.4,2026-01-01 00:00:25.400000+00:00,,syn-normal-ddp-101,syn-normal-ddp-101,,,,,0,10.0,208.82728794568578,92.56179857359162,47.62530735899774,2494.5131788336234,53.28926074954382,3662.5233590012203,100.0,100.0,True,,synthetic_normal_distributed_training,sim_user,normal_distributed_training,gpu:2,normal_distributed_training
25.5,2026-01-01 00:00:25.500000+00:00,,syn-normal-ddp-101,syn-normal-ddp-101,,,,,0,10.0,206.51820766625502,87.37879739142898,47.69304330349277,2361.1170202190515,51.44904567125754,3817.828405698136,100.0,100.0,True,,synthetic_normal_distributed_training,sim_user,normal_distributed_training,gpu:2,normal_distributed_training
25.6,2026-01-01 00:00:25.600000+00:00,,syn-normal-ddp-101,syn-normal-ddp-101,,,,,0,10.0,203.19023595093998,84.70396963689835,37.52573330333967,2352.5718217957547,50.91085644487119,2915.3657843554593,100.0,100.0,True,,synthetic_normal_distributed_training,sim_user,normal_distributed_training,gpu:2,normal_distributed_training
25.7,2026-01-01 00:00:25.700000+00:00,,syn-normal-ddp-101,syn-normal-ddp-101,,,,,0,10.0,205.5145415178716,85.09657121968621,45.060229644847084,2284.7947342573166,51.13799329701709,3525.1038739136197,100.0,100.0,True,,synthetic_normal_distributed_training,sim_user,normal_distributed_training,gpu:2,normal_distributed_training
25.8,2026-01-01 00:00:25.800000+00:00,,syn-normal-ddp-101,syn-normal-ddp-101,,,,,0,10.0,207.3656619687894,100.0,51.072224575614584,2520.0,55.725464921008665,4005.693534921917,100.0,100.0,True,,synthetic_normal_distributed_training,sim_user,normal_distributed_training,gpu:2,normal_distributed_training
25.9,2026-01-01 00:00:25.900000+00:00,,syn-normal-ddp-101,syn-normal-ddp-101,,,,,0,10.0,206.38017849572452,95.24356760565803,52.03126668070844,2520.0,54.481424515194156,4105.185228757359,100.0,100.0,True,,synthetic_normal_distributed_training,sim_user,normal_distributed_training,gpu:2,normal_distributed_training
26.0,2026-01-01 00:00:26+00:00,,syn-normal-ddp-101,syn-normal-ddp-101,,,,,0,10.0,205.2580677200783,83.87831384463045,42.879296971496856,2362.7782137912377,51.33524918348629,3444.839795649653,100.0,100.0,True,,synthetic_normal_distributed_training,sim_user,normal_distributed_training,gpu:2,normal_distributed_training
26.1,2026-01-01 00:00:26.100000+00:00,,syn-normal-ddp-101,syn-normal-ddp-101,,,,,0,10.0,206.05977303595253,93.56749634825343,51.71128275015415,2520.0,54.120017263311944,4040.70586377876,100.0,100.0,True,,synthetic_normal_distributed_training,sim_user,normal_distributed_training,gpu:2,normal_distributed_training
26.2,2026-01-01 00:00:26.200000+00:00,,syn-normal-ddp-101,syn-normal-ddp-101,,,,,0,10.0,205.93676578759826,90.99115876152871,49.13251709051452,2520.0,53.724345591116865,3778.881711828651,100.0,100.0,True,,synthetic_normal_distributed_training,sim_user,normal_distributed_training,gpu:2,normal_distributed_training
26.3,2026-01-01 00:00:26.300000+00:00,,syn-normal-ddp-101,syn-normal-ddp-101,,,,,0,10.0,207.69492930851325,100.0,60.184306665859054,2520.0,56.07216586780863,4415.441898190306,100.0,100.0,True,,synthetic_normal_distributed_training,sim_user,normal_distributed_training,gpu:2,normal_distributed_training
26.4,2026-01-01 00:00:26.400000+00:00,,syn-normal-ddp-101,syn-normal-ddp-101,,,,,0,10.0,206.86213736800326,91.11268275172888,48.73899438232197,2516.904062062197,53.98152776154307,3870.6366119490262,100.0,100.0,True,,synthetic_normal_distributed_training,sim_user,normal_distributed_training,gpu:2,normal_distributed_training
26.5,2026-01-01 00:00:26.500000+00:00,,syn-normal-ddp-101,syn-normal-ddp-101,,,,,0,10.0,210.71653459397308,84.76122568323024,45.64455250226199,2384.014387410456,52.364670625822605,3642.377425588892,100.0,100.0,True,,synthetic_normal_distributed_training,sim_user,normal_distributed_training,gpu:2,normal_distributed_training
26.6,2026-01-01 00:00:26.600000+00:00,,syn-normal-ddp-101,syn-normal-ddp-101,,,,,0,10.0,188.84843810033715,86.09877610586665,47.45731152750669,2302.4516496884125,52.63111745127707,3897.1572933934963,100.0,100.0,True,,synthetic_normal_distributed_training,sim_user,normal_distributed_training,gpu:2,normal_distributed_training
26.7,2026-01-01 00:00:26.700000+00:00,,syn-normal-ddp-101,syn-normal-ddp-101,,,,,0,10.0,185.89696536647466,84.39514445737655,39.14578727393864,2338.16280739617,51.95797801761085,3195.564478185964,100.0,100.0,True,,synthetic_normal_distributed_training,sim_user,normal_distributed_training,gpu:2,normal_distributed_training
26.8,2026-01-01 00:00:26.800000+00:00,,syn-normal-ddp-101,syn-normal-ddp-101,,,,,0,10.0,185.45364732715495,84.46755815364888,42.16843508161364,2312.119701899816,51.93518112749474,3078.7356438819575,100.0,100.0,True,,synthetic_normal_distributed_training,sim_user,normal_distributed_training,gpu:2,normal_distributed_training
26.9,2026-01-01 00:00:26.900000+00:00,,syn-normal-ddp-101,syn-normal-ddp-101,,,,,0,10.0,182.4878359922715,76.50612701269154,47.823322882536715,2112.947923729195,49.673162111497945,3753.1042708019545,100.0,100.0,True,,synthetic_normal_distributed_training,sim_user,normal_distributed_training,gpu:2,normal_distributed_training
27.0,2026-01-01 00:00:27+00:00,,syn-normal-ddp-101,syn-normal-ddp-101,,,,,0,10.0,182.5574067700836,62.757213031899866,36.5824537949878,1828.6954960911514,45.90438310098459,3191.5020216137477,100.0,100.0,True,,synthetic_normal_distributed_training,sim_user,normal_distributed_training,gpu:2,normal_distributed_training
27.1,2026-01-01 00:00:27.100000+00:00,,syn-normal-ddp-101,syn-normal-ddp-101,,,,,0,10.0,178.79918321541027,64.007782316922,35.541399259719725,1793.244707603945,46.14067521135322,2976.3167599186813,100.0,100.0,True,,synthetic_normal_distributed_training,sim_user,normal_distributed_training,gpu:2,normal_distributed_training
27.2,2026-01-01 00:00:27.200000+00:00,,syn-normal-ddp-101,syn-normal-ddp-101,,,,,0,10.0,174.90671641603615,64.97662773844499,40.0633019846316,1813.7001840529633,46.500021433702976,3234.3256210555996,100.0,100.0,True,,synthetic_normal_distributed_training,sim_user,normal_distributed_training,gpu:2,normal_distributed_training
27.3,2026-01-01 00:00:27.300000+00:00,,syn-normal-ddp-101,syn-normal-ddp-101,,,,,0,10.0,179.9634638649659,71.09014458958346,38.3786033853538,2033.6130884396039,47.790109951173314,3175.5579102718243,100.0,100.0,True,,synthetic_normal_distributed_training,sim_user,normal_distributed_training,gpu:2,normal_distributed_training
27.4,2026-01-01 00:00:27.400000+00:00,,syn-normal-ddp-101,syn-normal-ddp-101,,,,,0,10.0,185.3014646937941,71.94108623046165,38.5709894873939,1941.6805540784508,47.8442187573459,3087.1697849813204,100.0,100.0,True,,synthetic_normal_distributed_training,sim_user,normal_distributed_training,gpu:2,normal_distributed_training
27.5,2026-01-01 00:00:27.500000+00:00,,syn-normal-ddp-101,syn-normal-ddp-101,,,,,0,10.0,183.26705749732344,75.44348165394575,40.28325258008158,2146.682643315876,48.97606648264244,3495.244144654116,100.0,100.0,True,,synthetic_normal_distributed_training,sim_user,normal_distributed_training,gpu:2,normal_distributed_training
27.6,2026-01-01 00:00:27.600000+00:00,,syn-normal-ddp-101,syn-normal-ddp-101,,,,,0,10.0,184.39541766964194,67.46944948631312,30.00449225725213,1862.2559114983897,46.67594142999979,2548.1959328365747,100.0,100.0,True,,synthetic_normal_distributed_training,sim_user,normal_distributed_training,gpu:2,normal_distributed_training
27.7,2026-01-01 00:00:27.700000+00:00,,syn-normal-ddp-101,syn-normal-ddp-101,,,,,0,10.0,185.71908850164493,71.24134931803431,42.93907813840988,2060.266235173285,47.68437356519945,3550.180955977119,100.0,100.0,True,,synthetic_normal_distributed_training,sim_user,normal_distributed_training,gpu:2,normal_distributed_training
27.8,2026-01-01 00:00:27.800000+00:00,,syn-normal-ddp-101,syn-normal-ddp-101,,,,,0,10.0,191.6075865114484,74.36674416906106,40.1449974774904,2045.3182145611459,48.35610548254057,3396.335164344507,100.0,100.0,True,,synthetic_normal_distributed_training,sim_user,normal_distributed_training,gpu:2,normal_distributed_training
27.9,2026-01-01 00:00:27.900000+00:00,,syn-normal-ddp-101,syn-normal-ddp-101,,,,,0,10.0,189.7458241148884,76.01040075826256,41.42928659136289,2134.2402470786205,48.929530340561,3346.8972602425415,100.0,100.0,True,,synthetic_normal_distributed_training,sim_user,normal_distributed_training,gpu:2,normal_distributed_training
28.0,2026-01-01 00:00:28+00:00,,syn-normal-ddp-101,syn-normal-ddp-101,,,,,0,10.0,186.0345315517272,66.01910503097662,34.973604082194406,1875.1040759075922,46.194946206214325,2934.6908597124116,100.0,100.0,True,,synthetic_normal_distributed_training,sim_user,normal_distributed_training,gpu:2,normal_distributed_training
28.1,2026-01-01 00:00:28.100000+00:00,,syn-normal-ddp-101,syn-normal-ddp-101,,,,,0,10.0,186.05023838342305,84.59944141349553,43.989833135899495,2332.5793603158477,51.453360301863725,3534.7660467015726,100.0,100.0,True,,synthetic_normal_distributed_training,sim_user,normal_distributed_training,gpu:2,normal_distributed_training
28.2,2026-01-01 00:00:28.200000+00:00,,syn-normal-ddp-101,syn-normal-ddp-101,,,,,0,10.0,187.31670953328282,69.8055501307926,29.356645970381216,1977.8882983107292,47.69200487408946,2485.4971009176775,100.0,100.0,True,,synthetic_normal_distributed_training,sim_user,normal_distributed_training,gpu:2,normal_distributed_training
28.3,2026-01-01 00:00:28.300000+00:00,,syn-normal-ddp-101,syn-normal-ddp-101,,,,,0,10.0,186.08725600382095,70.78458355957818,39.536059180357256,1983.1857964871538,47.88930270268185,3162.709928607261,100.0,100.0,True,,synthetic_normal_distributed_training,sim_user,normal_distributed_training,gpu:2,normal_distributed_training
28.4,2026-01-01 00:00:28.400000+00:00,,syn-normal-ddp-101,syn-normal-ddp-101,,,,,0,10.0,186.37182909774242,76.78488608666993,50.955754598645534,2173.1019396006536,49.352574061818366,4093.7316386657426,100.0,100.0,True,,synthetic_normal_distributed_training,sim_user,normal_distributed_training,gpu:2,normal_distributed_training
28.5,2026-01-01 00:00:28.500000+00:00,,syn-normal-ddp-101,syn-normal-ddp-101,,,,,0,10.0,180.36397615094896,65.80350217110842,40.14458535665955,1881.6467035818125,46.1877085740566,3341.786138908471,100.0,100.0,True,,synthetic_normal_distributed_training,sim_user,normal_distributed_training,gpu:2,normal_distributed_training
28.6,2026-01-01 00:00:28.600000+00:00,,syn-normal-ddp-101,syn-normal-ddp-101,,,,,0,10.0,180.82537476358092,75.29853212773281,40.26151915502839,2033.8030685640683,48.91670216164325,3253.7708761924187,100.0,100.0,True,,synthetic_normal_distributed_training,sim_user,normal_distributed_training,gpu:2,normal_distributed_training
28.7,2026-01-01 00:00:28.700000+00:00,,syn-normal-ddp-101,syn-normal-ddp-101,,,,,0,10.0,183.94604376977588,77.45431506443393,38.90109963873754,2055.3727163678077,49.35444286594519,3239.3088109184987,100.0,100.0,True,,synthetic_normal_distributed_training,sim_user,normal_distributed_training,gpu:2,normal_distributed_training
28.8,2026-01-01 00:00:28.800000+00:00,,syn-normal-ddp-101,syn-normal-ddp-101,,,,,0,10.0,180.95295781768,75.77295880663908,41.77787481457049,2189.7075728157415,48.83525625681454,3293.3647892154986,100.0,100.0,True,,synthetic_normal_distributed_training,sim_user,normal_distributed_training,gpu:2,normal_distributed_training
28.9,2026-01-01 00:00:28.900000+00:00,,syn-normal-ddp-101,syn-normal-ddp-101,,,,,0,10.0,182.8780332430669,67.94874776045248,38.855410889769914,1830.6406567493052,46.49270891321082,3220.0318080458906,100.0,100.0,True,,synthetic_normal_distributed_training,sim_user,normal_distributed_training,gpu:2,normal_distributed_training
29.0,2026-01-01 00:00:29+00:00,,syn-normal-ddp-101,syn-normal-ddp-101,,,,,0,10.0,182.53529096020864,67.21194782678883,36.48528350062612,1896.163866707232,46.23836859189045,3020.2384970534927,100.0,100.0,True,,synthetic_normal_distributed_training,sim_user,normal_distributed_training,gpu:2,normal_distributed_training
29.1,2026-01-01 00:00:29.100000+00:00,,syn-normal-ddp-101,syn-normal-ddp-101,,,,,0,10.0,182.06248531301438,69.27891874585602,41.439618575859434,1923.530140265081,46.91423180270248,3560.412296273686,100.0,100.0,True,,synthetic_normal_distributed_training,sim_user,normal_distributed_training,gpu:2,normal_distributed_training
29.2,2026-01-01 00:00:29.200000+00:00,,syn-normal-ddp-101,syn-normal-ddp-101,,,,,0,10.0,185.75187378785378,71.41079920600276,35.46333139011631,1975.3595071220022,47.94966043963284,2808.8849561476077,100.0,100.0,True,,synthetic_normal_distributed_training,sim_user,normal_distributed_training,gpu:2,normal_distributed_training
29.3,2026-01-01 00:00:29.300000+00:00,,syn-normal-ddp-101,syn-normal-ddp-101,,,,,0,10.0,189.70266846176813,76.78334006992785,46.501543179409445,2100.3692850081466,49.652747266384445,3656.1782086122885,100.0,100.0,True,,synthetic_normal_distributed_training,sim_user,normal_distributed_training,gpu:2,normal_distributed_training
29.4,2026-01-01 00:00:29.400000+00:00,,syn-normal-ddp-101,syn-normal-ddp-101,,,,,0,10.0,187.6245785767738,76.63230122968508,42.768273081767234,2203.6757944518386,49.47258702154306,3442.3667545661765,100.0,100.0,True,,synthetic_normal_distributed_training,sim_user,normal_distributed_training,gpu:2,normal_distributed_training
29.5,2026-01-01 00:00:29.500000+00:00,,syn-normal-ddp-101,syn-normal-ddp-101,,,,,0,10.0,188.09717203805667,75.51161770686593,39.33467577254389,2135.116712600091,49.07808671869092,3151.8586648877904,100.0,100.0,True,,synthetic_normal_distributed_training,sim_user,normal_distributed_training,gpu:2,normal_distributed_training
29.6,2026-01-01 00:00:29.600000+00:00,,syn-normal-ddp-101,syn-normal-ddp-101,,,,,0,10.0,186.6236390551735,72.13560832346128,38.53992572291686,1976.9780538577986,48.34263500050574,3180.1045057434094,100.0,100.0,True,,synthetic_normal_distributed_training,sim_user,normal_distributed_training,gpu:2,normal_distributed_training
29.7,2026-01-01 00:00:29.700000+00:00,,syn-normal-ddp-101,syn-normal-ddp-101,,,,,0,10.0,190.52231223382265,83.50244185999566,47.3157009559298,2324.8161792697633,51.53925447335896,3546.7498391724475,100.0,100.0,True,,synthetic_normal_distributed_training,sim_user,normal_distributed_training,gpu:2,normal_distributed_training
29.8,2026-01-01 00:00:29.800000+00:00,,syn-normal-ddp-101,syn-normal-ddp-101,,,,,0,10.0,187.91995504912148,82.0833079493587,48.19501572495924,2271.9412837586033,51.148420468003636,3825.1890340893656,100.0,100.0,True,,synthetic_normal_distributed_training,sim_user,normal_distributed_training,gpu:2,normal_distributed_training
29.9,2026-01-01 00:00:29.900000+00:00,,syn-normal-ddp-101,syn-normal-ddp-101,,,,,0,10.0,186.866983529517,79.33979188490518,43.926658912314274,2267.2235313474603,50.12733987742213,3566.9793150364844,100.0,100.0,True,,synthetic_normal_distributed_training,sim_user,normal_distributed_training,gpu:2,normal_distributed_training
30.0,2026-01-01 00:00:30+00:00,,syn-normal-ddp-101,syn-normal-ddp-101,,,,,0,10.0,187.43093269749113,78.45084467380033,45.47548951701604,2177.182146791538,49.7256838449222,3652.0065686369176,100.0,100.0,True,,synthetic_normal_distributed_training,sim_user,normal_distributed_training,gpu:2,normal_distributed_training
30.1,2026-01-01 00:00:30.100000+00:00,,syn-normal-ddp-101,syn-normal-ddp-101,,,,,0,10.0,189.19005760596636,79.09394798843977,53.11577232634524,2128.8137667841156,49.490193751496015,4098.168005821149,100.0,100.0,True,,synthetic_normal_distributed_training,sim_user,normal_distributed_training,gpu:2,normal_distributed_training
30.2,2026-01-01 00:00:30.200000+00:00,,syn-normal-ddp-101,syn-normal-ddp-101,,,,,0,10.0,191.0362251508065,86.60120377708509,41.075056292680564,2439.2481444257046,51.42417081911963,3286.1851962041897,100.0,100.0,True,,synthetic_normal_distributed_training,sim_user,normal_distributed_training,gpu:2,normal_distributed_training
30.3,2026-01-01 00:00:30.300000+00:00,,syn-normal-ddp-101,syn-normal-ddp-101,,,,,0,10.0,190.30719720280143,74.7301844640081,33.0801728878718,2145.8511727534515,48.14616067757953,2720.9440877035213,100.0,100.0,True,,synthetic_normal_distributed_training,sim_user,normal_distributed_training,gpu:2,normal_distributed_training
30.4,2026-01-01 00:00:30.400000+00:00,,syn-normal-ddp-101,syn-normal-ddp-101,,,,,0,10.0,189.98745031253947,70.99577387008705,39.40262480306744,2055.296489909137,47.14206727651935,3134.774610811624,100.0,100.0,True,,synthetic_normal_distributed_training,sim_user,normal_distributed_training,gpu:2,normal_distributed_training
30.5,2026-01-01 00:00:30.500000+00:00,,syn-normal-ddp-101,syn-normal-ddp-101,,,,,0,10.0,189.2640529147198,75.94349254390238,37.89789080389687,2138.637719763511,48.19263155244036,3066.0797775511646,100.0,100.0,True,,synthetic_normal_distributed_training,sim_user,normal_distributed_training,gpu:2,normal_distributed_training
30.6,2026-01-01 00:00:30.600000+00:00,,syn-normal-ddp-101,syn-normal-ddp-101,,,,,0,10.0,186.950065019327,74.96312940646223,41.68182636406548,2017.5255060955326,47.727977443467395,3545.9136019160514,100.0,100.0,True,,synthetic_normal_distributed_training,sim_user,normal_distributed_training,gpu:2,normal_distributed_training
30.7,2026-01-01 00:00:30.700000+00:00,,syn-normal-ddp-101,syn-normal-ddp-101,,,,,0,10.0,181.99229412946585,69.83184904104166,31.965853624761014,1917.4845670534794,46.35122171738286,2752.146736246288,100.0,100.0,True,,synthetic_normal_distributed_training,sim_user,normal_distributed_training,gpu:2,normal_distributed_training
30.8,2026-01-01 00:00:30.800000+00:00,,syn-normal-ddp-101,syn-normal-ddp-101,,,,,0,10.0,183.08507745302984,70.92695598611336,39.54150419319283,1971.8273198128725,46.86549020078072,3067.281071663822,100.0,100.0,True,,synthetic_normal_distributed_training,sim_user,normal_distributed_training,gpu:2,normal_distributed_training
30.9,2026-01-01 00:00:30.900000+00:00,,syn-normal-ddp-101,syn-normal-ddp-101,,,,,0,10.0,182.1302159511573,70.36384297526308,43.943585232514494,1974.3239405421716,46.704958000019616,3674.7880934007408,100.0,100.0,True,,synthetic_normal_distributed_training,sim_user,normal_distributed_training,gpu:2,normal_distributed_training
31.0,2026-01-01 00:00:31+00:00,,syn-normal-ddp-101,syn-normal-ddp-101,,,,,0,10.0,181.42225991622402,72.66323142974653,44.39868398629375,2010.0867205742588,47.62570892196137,3499.6354578137853,100.0,100.0,True,,synthetic_normal_distributed_training,sim_user,normal_distributed_training,gpu:2,normal_distributed_training
31.1,2026-01-01 00:00:31.100000+00:00,,syn-normal-ddp-101,syn-normal-ddp-101,,,,,0,10.0,179.33215393785136,65.95169330519134,31.88143036727663,1877.3638134805415,46.05704214945577,2796.742976434167,100.0,100.0,True,,synthetic_normal_distributed_training,sim_user,normal_distributed_training,gpu:2,normal_distributed_training
31.2,2026-01-01 00:00:31.200000+00:00,,syn-normal-ddp-101,syn-normal-ddp-101,,,,,0,10.0,182.1014712778597,66.38203912788336,35.2719318271629,1826.4534774253548,46.38084058906648,2901.456635827125,100.0,100.0,True,,synthetic_normal_distributed_training,sim_user,normal_distributed_training,gpu:2,normal_distributed_training
31.3,2026-01-01 00:00:31.300000+00:00,,syn-normal-ddp-101,syn-normal-ddp-101,,,,,0,10.0,186.68462925051892,74.5889829375233,44.564611080822715,2051.1668931002378,48.553681925232205,3522.22368868354,100.0,100.0,True,,synthetic_normal_distributed_training,sim_user,normal_distributed_training,gpu:2,normal_distributed_training
31.4,2026-01-01 00:00:31.400000+00:00,,syn-normal-ddp-101,syn-normal-ddp-101,,,,,0,10.0,185.49998018670325,76.76212071498408,49.51733173497077,2096.840148850519,49.256400951947406,3740.6757889440632,100.0,100.0,True,,synthetic_normal_distributed_training,sim_user,normal_distributed_training,gpu:2,normal_distributed_training
31.5,2026-01-01 00:00:31.500000+00:00,,syn-normal-ddp-101,syn-normal-ddp-101,,,,,0,10.0,185.36155035132612,73.16667298849639,36.42923628586349,2028.1131346097152,48.18202755059877,2935.297547897755,100.0,100.0,True,,synthetic_normal_distributed_training,sim_user,normal_distributed_training,gpu:2,normal_distributed_training
31.6,2026-01-01 00:00:31.600000+00:00,,syn-normal-ddp-101,syn-normal-ddp-101,,,,,0,10.0,186.6714039449146,68.54015678778832,34.28087518202723,1861.7548987174032,46.80183836008458,2879.6943411285174,100.0,100.0,True,,synthetic_normal_distributed_training,sim_user,normal_distributed_training,gpu:2,normal_distributed_training
31.7,2026-01-01 00:00:31.700000+00:00,,syn-normal-ddp-101,syn-normal-ddp-101,,,,,0,10.0,187.0767497625774,75.24063080936158,45.85290291903903,2159.2476611033517,48.82276023979397,3798.9352393207796,100.0,100.0,True,,synthetic_normal_distributed_training,sim_user,normal_distributed_training,gpu:2,normal_distributed_training
31.8,2026-01-01 00:00:31.800000+00:00,,syn-normal-ddp-101,syn-normal-ddp-101,,,,,0,10.0,187.00620085198466,72.49024281660841,38.43273194822876,1980.3638348618847,48.11358749694608,3162.5128276303194,100.0,100.0,True,,synthetic_normal_distributed_training,sim_user,normal_distributed_training,gpu:2,normal_distributed_training
31.9,2026-01-01 00:00:31.900000+00:00,,syn-normal-ddp-101,syn-normal-ddp-101,,,,,0,10.0,187.0743537200983,77.87526954812452,38.72448365621786,2128.2176813781257,49.291250246404815,3236.4343587064664,100.0,100.0,True,,synthetic_normal_distributed_training,sim_user,normal_distributed_training,gpu:2,normal_distributed_training
32.0,2026-01-01 00:00:32+00:00,,syn-normal-ddp-101,syn-normal-ddp-101,,,,,0,10.0,184.55760810831495,71.20315670149313,43.3664105368229,2001.9414137112792,47.1155269712884,3436.147346767168,100.0,100.0,True,,synthetic_normal_distributed_training,sim_user,normal_distributed_training,gpu:2,normal_distributed_training
32.1,2026-01-01 00:00:32.100000+00:00,,syn-normal-ddp-101,syn-normal-ddp-101,,,,,0,10.0,207.59340953371125,90.50970922354541,43.06018187216145,2438.8873694481404,52.69843428719685,3581.830338911795,100.0,100.0,True,,synthetic_normal_distributed_training,sim_user,normal_distributed_training,gpu:2,normal_distributed_training
32.2,2026-01-01 00:00:32.200000+00:00,,syn-normal-ddp-101,syn-normal-ddp-101,,,,,0,10.0,203.48411647299272,92.44409781008181,48.108416700543344,2520.0,53.10922471231513,3763.1454398447204,100.0,100.0,True,,synthetic_normal_distributed_training,sim_user,normal_distributed_training,gpu:2,normal_distributed_training
32.3,2026-01-01 00:00:32.300000+00:00,,syn-normal-ddp-101,syn-normal-ddp-101,,,,,0,10.0,198.76272330987848,84.9217372889183,50.57230547210364,2362.170077386268,51.21637081055123,4259.904185027331,100.0,100.0,True,,synthetic_normal_distributed_training,sim_user,normal_distributed_training,gpu:2,normal_distributed_training
32.4,2026-01-01 00:00:32.400000+00:00,,syn-normal-ddp-101,syn-normal-ddp-101,,,,,0,10.0,204.12219571923274,87.80857034950778,45.78140244456239,2438.0911150332345,52.31800766869164,3635.9740354563105,100.0,100.0,True,,synthetic_normal_distributed_training,sim_user,normal_distributed_training,gpu:2,normal_distributed_training
32.5,2026-01-01 00:00:32.500000+00:00,,syn-normal-ddp-101,syn-normal-ddp-101,,,,,0,10.0,205.0992636685866,87.6012697989571,51.23563944775663,2368.1572513700817,52.30814271695683,3989.4055152337896,100.0,100.0,True,,synthetic_normal_distributed_training,sim_user,normal_distributed_training,gpu:2,normal_distributed_training
32.6,2026-01-01 00:00:32.600000+00:00,,syn-normal-ddp-101,syn-normal-ddp-101,,,,,0,10.0,204.64312609922914,84.50131495056849,41.5690766342261,2287.2779628321337,51.42522973507788,3441.1513204560597,100.0,100.0,True,,synthetic_normal_distributed_training,sim_user,normal_distributed_training,gpu:2,normal_distributed_training
32.7,2026-01-01 00:00:32.700000+00:00,,syn-normal-ddp-101,syn-normal-ddp-101,,,,,0,10.0,206.00658525911314,92.50334835456198,53.978302769224136,2504.249179202745,53.674795047584645,4250.463124202846,100.0,100.0,True,,synthetic_normal_distributed_training,sim_user,normal_distributed_training,gpu:2,normal_distributed_training
32.8,2026-01-01 00:00:32.800000+00:00,,syn-normal-ddp-101,syn-normal-ddp-101,,,,,0,10.0,208.06035434325224,84.03261165881585,48.10635131951885,2288.273762567989,51.45782602559409,3686.131534995348,100.0,100.0,True,,synthetic_normal_distributed_training,sim_user,normal_distributed_training,gpu:2,normal_distributed_training
32.9,2026-01-01 00:00:32.900000+00:00,,syn-normal-ddp-101,syn-normal-ddp-101,,,,,0,10.0,211.4701314690236,90.42367373691218,56.21570436610013,2465.172498554983,53.192654544117104,4383.421273380275,100.0,100.0,True,,synthetic_normal_distributed_training,sim_user,normal_distributed_training,gpu:2,normal_distributed_training
33.0,2026-01-01 00:00:33+00:00,,syn-normal-ddp-101,syn-normal-ddp-101,,,,,0,10.0,212.83192075788807,89.54650979381674,48.26705395147773,2452.9614089810534,52.77515706680895,3659.228180265517,100.0,100.0,True,,synthetic_normal_distributed_training,sim_user,normal_distributed_training,gpu:2,normal_distributed_training
33.1,2026-01-01 00:00:33.100000+00:00,,syn-normal-ddp-101,syn-normal-ddp-101,,,,,0,10.0,208.47462457133975,93.9511016247007,50.26251272224515,2520.0,54.081969826946384,4066.5380508555154,100.0,100.0,True,,synthetic_normal_distributed_training,sim_user,normal_distributed_training,gpu:2,normal_distributed_training
33.2,2026-01-01 00:00:33.200000+00:00,,syn-normal-ddp-101,syn-normal-ddp-101,,,,,0,10.0,208.30079746449303,100.0,54.616697431602866,2520.0,55.582627720982615,4293.35141995773,100.0,100.0,True,,synthetic_normal_distributed_training,sim_user,normal_distributed_training,gpu:2,normal_distributed_training
33.3,2026-01-01 00:00:33.300000+00:00,,syn-normal-ddp-101,syn-normal-ddp-101,,,,,0,10.0,209.22192669204392,85.64713589315949,51.29618223616581,2388.5427602476543,51.58740292764774,4097.242614613911,100.0,100.0,True,,synthetic_normal_distributed_training,sim_user,normal_distributed_training,gpu:2,normal_distributed_training
33.4,2026-01-01 00:00:33.400000+00:00,,syn-normal-ddp-101,syn-normal-ddp-101,,,,,0,10.0,207.32045876963903,94.18382274020665,48.830396917026036,2520.0,53.99166252912478,3884.9924191089667,100.0,100.0,True,,synthetic_normal_distributed_training,sim_user,normal_distributed_training,gpu:2,normal_distributed_training
33.5,2026-01-01 00:00:33.500000+00:00,,syn-normal-ddp-101,syn-normal-ddp-101,,,,,0,10.0,205.68481859160315,89.24888490104925,48.518368057003414,2468.401491863813,52.31297012196979,3897.015046634421,100.0,100.0,True,,synthetic_normal_distributed_training,sim_user,normal_distributed_training,gpu:2,normal_distributed_training
33.6,2026-01-01 00:00:33.600000+00:00,,syn-normal-ddp-101,syn-normal-ddp-101,,,,,0,10.0,204.47833140754392,99.07946320648564,62.292269966305135,2520.0,55.10369118757017,4835.502231855434,100.0,100.0,True,,synthetic_normal_distributed_training,sim_user,normal_distributed_training,gpu:2,normal_distributed_training
33.7,2026-01-01 00:00:33.700000+00:00,,syn-normal-ddp-101,syn-normal-ddp-101,,,,,0,10.0,208.60611996481433,78.94665908412624,46.541760847590155,2197.0793698801867,49.609931937569925,3674.018535257123,100.0,100.0,True,,synthetic_normal_distributed_training,sim_user,normal_distributed_training,gpu:2,normal_distributed_training
33.8,2026-01-01 00:00:33.800000+00:00,,syn-normal-ddp-101,syn-normal-ddp-101,,,,,0,10.0,204.32741487000501,83.98613270213953,49.08950408613016,2366.044280248161,51.341972803351936,3901.1480373408435,100.0,100.0,True,,synthetic_normal_distributed_training,sim_user,normal_distributed_training,gpu:2,normal_distributed_training
33.9,2026-01-01 00:00:33.900000+00:00,,syn-normal-ddp-101,syn-normal-ddp-101,,,,,0,10.0,204.3451863680682,91.60119167193996,48.296287639158066,2477.103764217215,53.580887461894875,3937.3791177464973,100.0,100.0,True,,synthetic_normal_distributed_training,sim_user,normal_distributed_training,gpu:2,normal_distributed_training
34.0,2026-01-01 00:00:34+00:00,,syn-normal-ddp-101,syn-normal-ddp-101,,,,,0,10.0,203.62074929664973,88.24478812163245,51.97881488454798,2368.710748140475,52.86003296673414,4054.006661077219,100.0,100.0,True,,synthetic_normal_distributed_training,sim_user,normal_distributed_training,gpu:2,normal_distributed_training
34.1,2026-01-01 00:00:34.100000+00:00,,syn-normal-ddp-101,syn-normal-ddp-101,,,,,0,10.0,205.80638637283337,92.00811817727794,45.94583214583602,2501.1789797184956,53.73360171975267,3743.0847690175688,100.0,100.0,True,,synthetic_normal_distributed_training,sim_user,normal_distributed_training,gpu:2,normal_distributed_training
34.2,2026-01-01 00:00:34.200000+00:00,,syn-normal-ddp-101,syn-normal-ddp-101,,,,,0,10.0,205.13790805387916,80.05748141509123,38.06379105047668,2207.5489744556357,50.32601234218152,3217.843613514323,100.0,100.0,True,,synthetic_normal_distributed_training,sim_user,normal_distributed_training,gpu:2,normal_distributed_training
34.3,2026-01-01 00:00:34.300000+00:00,,syn-normal-ddp-101,syn-normal-ddp-101,,,,,0,10.0,203.33147381832518,86.42751869442215,43.76556840832748,2356.587904050615,52.06847456140731,3346.748738405864,100.0,100.0,True,,synthetic_normal_distributed_training,sim_user,normal_distributed_training,gpu:2,normal_distributed_training
34.4,2026-01-01 00:00:34.400000+00:00,,syn-normal-ddp-101,syn-normal-ddp-101,,,,,0,10.0,202.11412047561734,83.72486128246362,51.71959981165834,2291.0209334671927,51.51162512994993,4007.2377862426165,100.0,100.0,True,,synthetic_normal_distributed_training,sim_user,normal_distributed_training,gpu:2,normal_distributed_training
34.5,2026-01-01 00:00:34.500000+00:00,,syn-normal-ddp-101,syn-normal-ddp-101,,,,,0,10.0,207.21866483672702,100.0,55.66912092891755,2520.0,56.07565904354075,4325.57368838153,100.0,100.0,True,,synthetic_normal_distributed_training,sim_user,normal_distributed_training,gpu:2,normal_distributed_training
34.6,2026-01-01 00:00:34.600000+00:00,,syn-normal-ddp-101,syn-normal-ddp-101,,,,,0,10.0,205.64039105151488,91.70241825802476,46.700064846660375,2511.235802819165,53.66936317173406,3813.720516297915,100.0,100.0,True,,synthetic_normal_distributed_training,sim_user,normal_distributed_training,gpu:2,normal_distributed_training
34.7,2026-01-01 00:00:34.700000+00:00,,syn-normal-ddp-101,syn-normal-ddp-101,,,,,0,10.0,202.72555601523942,89.73013697155474,47.918842802469044,2425.7855903400527,52.9798874306046,3827.531938458415,100.0,100.0,True,,synthetic_normal_distributed_training,sim_user,normal_distributed_training,gpu:2,normal_distributed_training
34.8,2026-01-01 00:00:34.800000+00:00,,syn-normal-ddp-101,syn-normal-ddp-101,,,,,0,10.0,202.52535336156794,86.10245393115142,49.159457270485866,2323.746511844326,52.04964185662324,3992.6068029301,100.0,100.0,True,,synthetic_normal_distributed_training,sim_user,normal_distributed_training,gpu:2,normal_distributed_training
34.9,2026-01-01 00:00:34.900000+00:00,,syn-normal-ddp-101,syn-normal-ddp-101,,,,,0,10.0,201.05319491912817,94.02000866106255,56.43721630529912,2520.0,54.45710246961088,4503.7639517962625,100.0,100.0,True,,synthetic_normal_distributed_training,sim_user,normal_distributed_training,gpu:2,normal_distributed_training
35.0,2026-01-01 00:00:35+00:00,,syn-normal-ddp-101,syn-normal-ddp-101,,,,,0,10.0,203.58773869577007,88.92177168466743,42.373226404059146,2449.2681287460764,53.297219965440696,3195.564130809337,100.0,100.0,True,,synthetic_normal_distributed_training,sim_user,normal_distributed_training,gpu:2,normal_distributed_training
35.1,2026-01-01 00:00:35.100000+00:00,,syn-normal-ddp-101,syn-normal-ddp-101,,,,,0,10.0,145.03883952248017,46.836419455264966,31.107953857485757,1372.6839732571857,41.33452844373876,2567.5843724428587,100.0,100.0,True,,synthetic_normal_distributed_training,sim_user,normal_distributed_training,gpu:2,normal_distributed_training
35.2,2026-01-01 00:00:35.200000+00:00,,syn-normal-ddp-101,syn-normal-ddp-101,,,,,0,10.0,144.76001045979598,39.76580393629744,25.5966381455876,1156.7411384298043,39.76907208214702,2152.641452081709,100.0,100.0,True,,synthetic_normal_distributed_training,sim_user,normal_distributed_training,gpu:2,normal_distributed_training
35.3,2026-01-01 00:00:35.300000+00:00,,syn-normal-ddp-101,syn-normal-ddp-101,,,,,0,10.0,146.59400441995766,51.07073288537991,25.298444799585596,1484.1658871792572,43.10440920804741,2206.271578805637,100.0,100.0,True,,synthetic_normal_distributed_training,sim_user,normal_distributed_training,gpu:2,normal_distributed_training
35.4,2026-01-01 00:00:35.400000+00:00,,syn-normal-ddp-101,syn-normal-ddp-101,,,,,0,10.0,149.14228991933058,52.703375378929785,27.389509801808874,1506.0950427347684,43.47767060788595,2386.9089913275384,100.0,100.0,True,,synthetic_normal_distributed_training,sim_user,normal_distributed_training,gpu:2,normal_distributed_training
35.5,2026-01-01 00:00:35.500000+00:00,,syn-normal-ddp-101,syn-normal-ddp-101,,,,,0,10.0,150.56202488932288,43.305426649684605,25.78011562461094,1308.4881263821808,40.70072879307246,2280.6507272195063,100.0,100.0,True,,synthetic_normal_distributed_training,sim_user,normal_distributed_training,gpu:2,normal_distributed_training
35.6,2026-01-01 00:00:35.600000+00:00,,syn-normal-ddp-101,syn-normal-ddp-101,,,,,0,10.0,154.45389275781736,47.59571423523279,25.031447943598316,1382.0903181555645,41.96838701117219,2199.8795732692056,100.0,100.0,True,,synthetic_normal_distributed_training,sim_user,normal_distributed_training,gpu:2,normal_distributed_training
35.7,2026-01-01 00:00:35.700000+00:00,,syn-normal-ddp-101,syn-normal-ddp-101,,,,,0,10.0,153.48432073999132,52.85284476375784,29.61885325681687,1529.219552743224,43.54246966490715,2500.936558470194,100.0,100.0,True,,synthetic_normal_distributed_training,sim_user,normal_distributed_training,gpu:2,normal_distributed_training
35.8,2026-01-01 00:00:35.800000+00:00,,syn-normal-ddp-101,syn-normal-ddp-101,,,,,0,10.0,152.15849310697877,48.94392472693762,22.67873128189581,1466.3447174284954,42.163145007405184,2089.3648355313303,100.0,100.0,True,,synthetic_normal_distributed_training,sim_user,normal_distributed_training,gpu:2,normal_distributed_training
35.9,2026-01-01 00:00:35.900000+00:00,,syn-normal-ddp-101,syn-normal-ddp-101,,,,,0,10.0,151.88228133450122,44.96661293528312,17.44049904776316,1338.736696871803,41.226765327329865,1826.4407836322205,100.0,100.0,True,,synthetic_normal_distributed_training,sim_user,normal_distributed_training,gpu:2,normal_distributed_training
36.0,2026-01-01 00:00:36+00:00,,syn-normal-ddp-101,syn-normal-ddp-101,,,,,0,10.0,150.63818748469666,49.56852480418822,36.97766597675677,1446.2024680811642,42.486977140701754,2933.417983034176,100.0,100.0,True,,synthetic_normal_distributed_training,sim_user,normal_distributed_training,gpu:2,normal_distributed_training
36.1,2026-01-01 00:00:36.100000+00:00,,syn-normal-ddp-101,syn-normal-ddp-101,,,,,0,10.0,151.74014186812926,53.14022158132556,29.909600428285565,1528.9775053998342,43.34525879232508,2604.2660431949257,100.0,100.0,True,,synthetic_normal_distributed_training,sim_user,normal_distributed_training,gpu:2,normal_distributed_training
36.2,2026-01-01 00:00:36.200000+00:00,,syn-normal-ddp-101,syn-normal-ddp-101,,,,,0,10.0,149.21204608640906,47.61774446030304,27.087569425283693,1371.5810512025894,41.71341069467198,2462.9294408568985,100.0,100.0,True,,synthetic_normal_distributed_training,sim_user,normal_distributed_training,gpu:2,normal_distributed_training
36.3,2026-01-01 00:00:36.300000+00:00,,syn-normal-ddp-101,syn-normal-ddp-101,,,,,0,10.0,145.3499860510482,42.490399559006455,25.40492957806985,1292.3418742616939,40.512044230473826,2202.2399463599663,100.0,100.0,True,,synthetic_normal_distributed_training,sim_user,normal_distributed_training,gpu:2,normal_distributed_training
36.4,2026-01-01 00:00:36.400000+00:00,,syn-normal-ddp-101,syn-normal-ddp-101,,,,,0,10.0,142.63743983128717,44.83438905187582,30.00083047827299,1280.9972816843356,41.356913804378095,2620.3197735961357,100.0,100.0,True,,synthetic_normal_distributed_training,sim_user,normal_distributed_training,gpu:2,normal_distributed_training
36.5,2026-01-01 00:00:36.500000+00:00,,syn-normal-ddp-101,syn-normal-ddp-101,,,,,0,10.0,143.06547529773746,42.02500969469969,26.829474640964815,1237.8199064642738,40.5393336484453,2274.0196992784654,100.0,100.0,True,,synthetic_normal_distributed_training,sim_user,normal_distributed_training,gpu:2,normal_distributed_training
36.6,2026-01-01 00:00:36.600000+00:00,,syn-normal-ddp-101,syn-normal-ddp-101,,,,,0,10.0,141.3360225944052,40.263773917160805,18.031445928479577,1180.5877347781695,39.71848954037837,1694.33007504473,100.0,100.0,True,,synthetic_normal_distributed_training,sim_user,normal_distributed_training,gpu:2,normal_distributed_training
36.7,2026-01-01 00:00:36.700000+00:00,,syn-normal-ddp-101,syn-normal-ddp-101,,,,,0,10.0,140.28414918026544,43.24881326481285,23.334800194820893,1308.6392489196128,40.52754197714839,2084.561909289193,100.0,100.0,True,,synthetic_normal_distributed_training,sim_user,normal_distributed_training,gpu:2,normal_distributed_training
36.8,2026-01-01 00:00:36.800000+00:00,,syn-normal-ddp-101,syn-normal-ddp-101,,,,,0,10.0,138.51543630711137,46.96822226024952,26.109404219051413,1465.9817921522492,41.44042436497095,2356.4127264202975,100.0,100.0,True,,synthetic_normal_distributed_training,sim_user,normal_distributed_training,gpu:2,normal_distributed_training
36.9,2026-01-01 00:00:36.900000+00:00,,syn-normal-ddp-101,syn-normal-ddp-101,,,,,0,10.0,139.93522760275934,47.74233148611564,29.305393820432684,1358.974544446261,41.88763738763334,2584.711494885338,100.0,100.0,True,,synthetic_normal_distributed_training,sim_user,normal_distributed_training,gpu:2,normal_distributed_training
37.0,2026-01-01 00:00:37+00:00,,syn-normal-ddp-101,syn-normal-ddp-101,,,,,0,10.0,138.43113436852525,40.89412077552929,20.090217761546032,1257.385547912291,39.855189553295936,1769.2880937572959,100.0,100.0,True,,synthetic_normal_distributed_training,sim_user,normal_distributed_training,gpu:2,normal_distributed_training
37.1,2026-01-01 00:00:37.100000+00:00,,syn-normal-ddp-101,syn-normal-ddp-101,,,,,0,10.0,142.0907802121511,41.10515552466603,24.13325828955721,1236.5979489860533,39.93268413345915,2135.6866851269206,100.0,100.0,True,,synthetic_normal_distributed_training,sim_user,normal_distributed_training,gpu:2,normal_distributed_training
37.2,2026-01-01 00:00:37.200000+00:00,,syn-normal-ddp-101,syn-normal-ddp-101,,,,,0,10.0,141.06140160298546,42.03146059753258,24.01788587471806,1334.8254834186714,40.00569874583525,2151.946422027152,100.0,100.0,True,,synthetic_normal_distributed_training,sim_user,normal_distributed_training,gpu:2,normal_distributed_training
37.3,2026-01-01 00:00:37.300000+00:00,,syn-normal-ddp-101,syn-normal-ddp-101,,,,,0,10.0,140.62939650841918,42.97861681627425,29.156116156622875,1196.1714119559617,40.31668239451723,2495.40745855034,100.0,100.0,True,,synthetic_normal_distributed_training,sim_user,normal_distributed_training,gpu:2,normal_distributed_training
37.4,2026-01-01 00:00:37.400000+00:00,,syn-normal-ddp-101,syn-normal-ddp-101,,,,,0,10.0,140.58028994126988,44.97073882221983,14.298214030173053,1303.436655700076,41.07842347349487,1460.2273605438952,100.0,100.0,True,,synthetic_normal_distributed_training,sim_user,normal_distributed_training,gpu:2,normal_distributed_training
37.5,2026-01-01 00:00:37.500000+00:00,,syn-normal-ddp-101,syn-normal-ddp-101,,,,,0,10.0,140.73305753667827,40.575663537493185,22.634963750349506,1246.7730378620372,39.97436457715381,1971.0059077309024,100.0,100.0,True,,synthetic_normal_distributed_training,sim_user,normal_distributed_training,gpu:2,normal_distributed_training
37.6,2026-01-01 00:00:37.600000+00:00,,syn-normal-ddp-101,syn-normal-ddp-101,,,,,0,10.0,142.78066506121982,42.937540328058425,24.972405516858117,1286.0814731443336,40.86461444289888,2119.935552154516,100.0,100.0,True,,synthetic_normal_distributed_training,sim_user,normal_distributed_training,gpu:2,normal_distributed_training
37.7,2026-01-01 00:00:37.700000+00:00,,syn-normal-ddp-101,syn-normal-ddp-101,,,,,0,10.0,145.31193308336967,46.66068520339359,28.361648041299922,1394.1704724296121,41.757178784380756,2445.0691723195555,100.0,100.0,True,,synthetic_normal_distributed_training,sim_user,normal_distributed_training,gpu:2,normal_distributed_training
37.8,2026-01-01 00:00:37.800000+00:00,,syn-normal-ddp-101,syn-normal-ddp-101,,,,,0,10.0,146.08214575163512,40.41869909235285,22.195924507558434,1157.9325461943458,39.66835784447557,1798.7219260235152,100.0,100.0,True,,synthetic_normal_distributed_training,sim_user,normal_distributed_training,gpu:2,normal_distributed_training
37.9,2026-01-01 00:00:37.900000+00:00,,syn-normal-ddp-101,syn-normal-ddp-101,,,,,0,10.0,147.02864581960714,46.04812187328935,22.012036360091695,1352.6250727092804,41.10306066518967,1978.4897321848184,100.0,100.0,True,,synthetic_normal_distributed_training,sim_user,normal_distributed_training,gpu:2,normal_distributed_training
38.0,2026-01-01 00:00:38+00:00,,syn-normal-ddp-101,syn-normal-ddp-101,,,,,0,10.0,146.39193160146237,47.18015181648678,28.626469273754758,1368.3194219232507,41.44352963935022,2412.5944173677626,100.0,100.0,True,,synthetic_normal_distributed_training,sim_user,normal_distributed_training,gpu:2,normal_distributed_training
38.1,2026-01-01 00:00:38.100000+00:00,,syn-normal-ddp-101,syn-normal-ddp-101,,,,,0,10.0,148.34260246656862,51.16634309536897,29.616399889661004,1568.2300733862967,42.37962337864166,2609.9977818725274,100.0,100.0,True,,synthetic_normal_distributed_training,sim_user,normal_distributed_training,gpu:2,normal_distributed_training
38.2,2026-01-01 00:00:38.200000+00:00,,syn-normal-ddp-101,syn-normal-ddp-101,,,,,0,10.0,150.33378127019694,50.047534578907,24.161853990965497,1477.562523863586,41.787454418281676,2192.420291167918,100.0,100.0,True,,synthetic_normal_distributed_training,sim_user,normal_distributed_training,gpu:2,normal_distributed_training
38.3,2026-01-01 00:00:38.300000+00:00,,syn-normal-ddp-101,syn-normal-ddp-101,,,,,0,10.0,146.16654132214586,42.518988781453324,17.940920414915848,1290.6568693693084,39.536360774892486,1638.9359671486138,100.0,100.0,True,,synthetic_normal_distributed_training,sim_user,normal_distributed_training,gpu:2,normal_distributed_training
38.4,2026-01-01 00:00:38.400000+00:00,,syn-normal-ddp-101,syn-normal-ddp-101,,,,,0,10.0,148.69131176251622,41.051609555148325,24.809516909531606,1229.616695262712,39.07741301662439,2161.355872675928,100.0,100.0,True,,synthetic_normal_distributed_training,sim_user,normal_distributed_training,gpu:2,normal_distributed_training
38.5,2026-01-01 00:00:38.500000+00:00,,syn-normal-ddp-101,syn-normal-ddp-101,,,,,0,10.0,144.98242374861556,40.355610839128836,18.72618960259244,1275.2730246175868,38.74421364174238,1732.356931664763,100.0,100.0,True,,synthetic_normal_distributed_training,sim_user,normal_distributed_training,gpu:2,normal_distributed_training
38.6,2026-01-01 00:00:38.600000+00:00,,syn-normal-ddp-101,syn-normal-ddp-101,,,,,0,10.0,140.84597982166895,34.28775702851281,21.45777117429566,1074.7469416755732,37.14322839472331,1860.6756517568954,100.0,100.0,True,,synthetic_normal_distributed_training,sim_user,normal_distributed_training,gpu:2,normal_distributed_training
38.7,2026-01-01 00:00:38.700000+00:00,,syn-normal-ddp-101,syn-normal-ddp-101,,,,,0,10.0,142.81578534375646,36.8772857068965,26.34579484247036,1148.4745776315922,38.205030123445816,2132.7266431596368,100.0,100.0,True,,synthetic_normal_distributed_training,sim_user,normal_distributed_training,gpu:2,normal_distributed_training
38.8,2026-01-01 00:00:38.800000+00:00,,syn-normal-ddp-101,syn-normal-ddp-101,,,,,0,10.0,143.9473819609295,39.6140696810548,22.612048365525077,1168.8456486778064,39.121035558112794,2098.9379913596536,100.0,100.0,True,,synthetic_normal_distributed_training,sim_user,normal_distributed_training,gpu:2,normal_distributed_training
38.9,2026-01-01 00:00:38.900000+00:00,,syn-normal-ddp-101,syn-normal-ddp-101,,,,,0,10.0,141.59794987623334,38.82188342474237,22.267065096552173,1218.6658966016234,38.82418662674402,2080.187211987439,100.0,100.0,True,,synthetic_normal_distributed_training,sim_user,normal_distributed_training,gpu:2,normal_distributed_training
39.0,2026-01-01 00:00:39+00:00,,syn-normal-ddp-101,syn-normal-ddp-101,,,,,0,10.0,144.03539235685997,46.22246144981435,25.923829881051255,1401.8955124643012,40.90020648519738,2134.2636288847943,100.0,100.0,True,,synthetic_normal_distributed_training,sim_user,normal_distributed_training,gpu:2,normal_distributed_training
39.1,2026-01-01 00:00:39.100000+00:00,,syn-normal-ddp-101,syn-normal-ddp-101,,,,,0,10.0,139.29858341170447,38.662605529760526,26.808279625550384,1139.7518846249461,38.76368698352262,2162.7085876555375,100.0,100.0,True,,synthetic_normal_distributed_training,sim_user,normal_distributed_training,gpu:2,normal_distributed_training
39.2,2026-01-01 00:00:39.200000+00:00,,syn-normal-ddp-101,syn-normal-ddp-101,,,,,0,10.0,140.15501146584754,39.63763963252508,27.412330465447443,1173.9796946784813,39.15280186471955,2349.5175303423657,100.0,100.0,True,,synthetic_normal_distributed_training,sim_user,normal_distributed_training,gpu:2,normal_distributed_training
39.3,2026-01-01 00:00:39.300000+00:00,,syn-normal-ddp-101,syn-normal-ddp-101,,,,,0,10.0,145.02634166785205,44.9373851312663,25.052731922549352,1348.3006563094889,40.55644177301128,2273.8527853327832,100.0,100.0,True,,synthetic_normal_distributed_training,sim_user,normal_distributed_training,gpu:2,normal_distributed_training
39.4,2026-01-01 00:00:39.400000+00:00,,syn-normal-ddp-101,syn-normal-ddp-101,,,,,0,10.0,141.575326673831,37.44394222426665,23.563858116661304,1140.4768051775618,38.41597465004635,1994.5950574141475,100.0,100.0,True,,synthetic_normal_distributed_training,sim_user,normal_distributed_training,gpu:2,normal_distributed_training
39.5,2026-01-01 00:00:39.500000+00:00,,syn-normal-ddp-101,syn-normal-ddp-101,,,,,0,10.0,140.98416859891466,34.554492518352596,19.184786790257917,1041.8315891787536,37.61022045119419,1829.109994408832,100.0,100.0,True,,synthetic_normal_distributed_training,sim_user,normal_distributed_training,gpu:2,normal_distributed_training
39.6,2026-01-01 00:00:39.600000+00:00,,syn-normal-ddp-101,syn-normal-ddp-101,,,,,0,10.0,140.12431428495162,37.12550161342278,18.431169450782434,1144.7710566368303,38.06511616277737,1776.6508794057934,100.0,100.0,True,,synthetic_normal_distributed_training,sim_user,normal_distributed_training,gpu:2,normal_distributed_training
39.7,2026-01-01 00:00:39.700000+00:00,,syn-normal-ddp-101,syn-normal-ddp-101,,,,,0,10.0,137.27102604585983,32.98691014232274,21.215503556606954,1060.5943097555662,36.71160789725892,2031.4631348631508,100.0,100.0,True,,synthetic_normal_distributed_training,sim_user,normal_distributed_training,gpu:2,normal_distributed_training
39.8,2026-01-01 00:00:39.800000+00:00,,syn-normal-ddp-101,syn-normal-ddp-101,,,,,0,10.0,139.36006303293732,47.606219022375456,25.828376889141477,1400.528336703831,40.83852081944167,2173.674142544156,100.0,100.0,True,,synthetic_normal_distributed_training,sim_user,normal_distributed_training,gpu:2,normal_distributed_training
39.9,2026-01-01 00:00:39.900000+00:00,,syn-normal-ddp-101,syn-normal-ddp-101,,,,,0,10.0,137.83913802752815,46.4694889861362,22.158374194091568,1356.2441679684225,40.385084625546924,1994.943016198752,100.0,100.0,True,,synthetic_normal_distributed_training,sim_user,normal_distributed_training,gpu:2,normal_distributed_training
40.0,2026-01-01 00:00:40+00:00,,syn-normal-ddp-101,syn-normal-ddp-101,,,,,0,10.0,137.08447459834184,37.96877317045816,14.89072083132912,1174.199253499392,38.306671224142626,1477.9336667020145,100.0,100.0,True,,synthetic_normal_distributed_training,sim_user,normal_distributed_training,gpu:2,normal_distributed_training
40.1,2026-01-01 00:00:40.100000+00:00,,syn-normal-ddp-101,syn-normal-ddp-101,,,,,0,10.0,142.29446281165008,44.120066577691325,28.23447593276223,1306.0964900206163,39.618164332378306,2412.6003556059864,100.0,100.0,True,,synthetic_normal_distributed_training,sim_user,normal_distributed_training,gpu:2,normal_distributed_training
40.2,2026-01-01 00:00:40.200000+00:00,,syn-normal-ddp-101,syn-normal-ddp-101,,,,,0,10.0,143.8557161580643,51.06340884032952,24.229301126236564,1476.318928679596,41.3926845590891,2113.646981110975,100.0,100.0,True,,synthetic_normal_distributed_training,sim_user,normal_distributed_training,gpu:2,normal_distributed_training
40.3,2026-01-01 00:00:40.300000+00:00,,syn-normal-ddp-101,syn-normal-ddp-101,,,,,0,10.0,145.66242087320293,52.19514568939431,24.265102392907394,1530.9617837834678,41.47630202754196,2299.5411694308696,100.0,100.0,True,,synthetic_normal_distributed_training,sim_user,normal_distributed_training,gpu:2,normal_distributed_training
40.4,2026-01-01 00:00:40.400000+00:00,,syn-normal-ddp-101,syn-normal-ddp-101,,,,,0,10.0,145.31896580010508,49.99238692561721,26.441519083392713,1511.0997814438217,40.933352073128134,2317.4592016910397,100.0,100.0,True,,synthetic_normal_distributed_training,sim_user,normal_distributed_training,gpu:2,normal_distributed_training
40.5,2026-01-01 00:00:40.500000+00:00,,syn-normal-ddp-101,syn-normal-ddp-101,,,,,0,10.0,146.99147423027168,49.77297557088819,30.33293934733544,1503.6713813644103,41.32297680763647,2512.832569914889,100.0,100.0,True,,synthetic_normal_distributed_training,sim_user,normal_distributed_training,gpu:2,normal_distributed_training
40.6,2026-01-01 00:00:40.600000+00:00,,syn-normal-ddp-101,syn-normal-ddp-101,,,,,0,10.0,147.21539280890482,52.068161003072355,21.728092923526916,1520.9125441501978,42.24777383989535,2101.26507973163,100.0,100.0,True,,synthetic_normal_distributed_training,sim_user,normal_distributed_training,gpu:2,normal_distributed_training
40.7,2026-01-01 00:00:40.700000+00:00,,syn-normal-ddp-101,syn-normal-ddp-101,,,,,0,10.0,144.05297164459225,38.25695119430081,23.588392379569527,1158.1336007634732,38.41493353194791,2280.153625739785,100.0,100.0,True,,synthetic_normal_distributed_training,sim_user,normal_distributed_training,gpu:2,normal_distributed_training
40.8,2026-01-01 00:00:40.800000+00:00,,syn-normal-ddp-101,syn-normal-ddp-101,,,,,0,10.0,146.6533599934639,35.2496335326771,20.953854336617926,1094.7723134471385,37.8021896866462,1794.3003168030596,100.0,100.0,True,,synthetic_normal_distributed_training,sim_user,normal_distributed_training,gpu:2,normal_distributed_training
40.9,2026-01-01 00:00:40.900000+00:00,,syn-normal-ddp-101,syn-normal-ddp-101,,,,,0,10.0,146.40867521502102,41.33741304076364,17.87199154915399,1255.8369210967633,39.46552589681385,1661.4003950845636,100.0,100.0,True,,synthetic_normal_distributed_training,sim_user,normal_distributed_training,gpu:2,normal_distributed_training
41.0,2026-01-01 00:00:41+00:00,,syn-normal-ddp-101,syn-normal-ddp-101,,,,,0,10.0,146.88900000772233,48.126068571398,21.912527987994434,1439.7527900487191,41.599065187217924,2044.3019917083625,100.0,100.0,True,,synthetic_normal_distributed_training,sim_user,normal_distributed_training,gpu:2,normal_distributed_training
41.1,2026-01-01 00:00:41.100000+00:00,,syn-normal-ddp-101,syn-normal-ddp-101,,,,,0,10.0,191.05480209023375,73.86243998936,39.92650599107081,2051.6044202321946,49.08170902813047,3259.0640628260535,100.0,100.0,True,,synthetic_normal_distributed_training,sim_user,normal_distributed_training,gpu:2,normal_distributed_training
41.2,2026-01-01 00:00:41.200000+00:00,,syn-normal-ddp-101,syn-normal-ddp-101,,,,,0,10.0,189.44929257932736,75.07076818830919,49.02447617751397,2087.7285385385544,49.75637207218644,3792.596949937508,100.0,100.0,True,,synthetic_normal_distributed_training,sim_user,normal_distributed_training,gpu:2,normal_distributed_training
41.3,2026-01-01 00:00:41.300000+00:00,,syn-normal-ddp-101,syn-normal-ddp-101,,,,,0,10.0,192.756796390023,79.72776507576663,42.84716721519174,2217.090381404152,51.29757305097668,3507.8102319842415,100.0,100.0,True,,synthetic_normal_distributed_training,sim_user,normal_distributed_training,gpu:2,normal_distributed_training
41.4,2026-01-01 00:00:41.400000+00:00,,syn-normal-ddp-101,syn-normal-ddp-101,,,,,0,10.0,192.93938008633916,79.54805835679004,48.095664211558,2164.91011533552,51.125963022943985,3824.6998329495805,100.0,100.0,True,,synthetic_normal_distributed_training,sim_user,normal_distributed_training,gpu:2,normal_distributed_training
41.5,2026-01-01 00:00:41.500000+00:00,,syn-normal-ddp-101,syn-normal-ddp-101,,,,,0,10.0,188.7733536843307,71.29446998299652,42.98701454289492,1993.0685873270124,48.91840172389645,3566.4886300179,100.0,100.0,True,,synthetic_normal_distributed_training,sim_user,normal_distributed_training,gpu:2,normal_distributed_training
41.6,2026-01-01 00:00:41.600000+00:00,,syn-normal-ddp-101,syn-normal-ddp-101,,,,,0,10.0,187.0848424263607,74.43991299580955,34.592700015424796,2082.9303533808416,49.73239338683438,3108.820438597913,100.0,100.0,True,,synthetic_normal_distributed_training,sim_user,normal_distributed_training,gpu:2,normal_distributed_training
41.7,2026-01-01 00:00:41.700000+00:00,,syn-normal-ddp-101,syn-normal-ddp-101,,,,,0,10.0,188.89629262982032,81.48257101310756,44.81016968284927,2276.7855530945453,51.90544221824079,3713.3623955659773,100.0,100.0,True,,synthetic_normal_distributed_training,sim_user,normal_distributed_training,gpu:2,normal_distributed_training
41.8,2026-01-01 00:00:41.800000+00:00,,syn-normal-ddp-101,syn-normal-ddp-101,,,,,0,10.0,185.16172727506103,77.21337445074562,46.41560381996567,2151.899348586635,50.722543366673115,3694.3590711850825,100.0,100.0,True,,synthetic_normal_distributed_training,sim_user,normal_distributed_training,gpu:2,normal_distributed_training
41.9,2026-01-01 00:00:41.900000+00:00,,syn-normal-ddp-101,syn-normal-ddp-101,,,,,0,10.0,187.479447231763,75.81254312605135,39.70889251448631,2085.786655728849,50.13107384285176,3177.7888520682686,100.0,100.0,True,,synthetic_normal_distributed_training,sim_user,normal_distributed_training,gpu:2,normal_distributed_training
42.0,2026-01-01 00:00:42+00:00,,syn-normal-ddp-101,syn-normal-ddp-101,,,,,0,10.0,186.46137687662608,74.09910018325411,45.64253255184069,2019.5875252913809,49.51925715915755,3633.3481910119117,100.0,100.0,True,,synthetic_normal_distributed_training,sim_user,normal_distributed_training,gpu:2,normal_distributed_training
42.1,2026-01-01 00:00:42.100000+00:00,,syn-normal-ddp-101,syn-normal-ddp-101,,,,,0,10.0,184.84000120678166,81.24740832794136,40.37623466325633,2212.6545090796144,51.591630443203016,3112.6296085463305,100.0,100.0,True,,synthetic_normal_distributed_training,sim_user,normal_distributed_training,gpu:2,normal_distributed_training
42.2,2026-01-01 00:00:42.200000+00:00,,syn-normal-ddp-101,syn-normal-ddp-101,,,,,0,10.0,182.10047643459566,80.2755569444399,38.27490987548002,2167.3314755871183,51.10264210314598,3003.592723417457,100.0,100.0,True,,synthetic_normal_distributed_training,sim_user,normal_distributed_training,gpu:2,normal_distributed_training
42.3,2026-01-01 00:00:42.300000+00:00,,syn-normal-ddp-101,syn-normal-ddp-101,,,,,0,10.0,180.7551945425051,65.83158070320957,34.45433013936571,1814.144963894222,47.03968275390302,2767.9184394138797,100.0,100.0,True,,synthetic_normal_distributed_training,sim_user,normal_distributed_training,gpu:2,normal_distributed_training
42.4,2026-01-01 00:00:42.400000+00:00,,syn-normal-ddp-101,syn-normal-ddp-101,,,,,0,10.0,180.0364279276985,67.18831716251613,39.58872217176106,1861.353325181023,47.21721581544673,3471.015625455704,100.0,100.0,True,,synthetic_normal_distributed_training,sim_user,normal_distributed_training,gpu:2,normal_distributed_training
42.5,2026-01-01 00:00:42.500000+00:00,,syn-normal-ddp-101,syn-normal-ddp-101,,,,,0,10.0,181.6786697603576,68.98051414077378,36.40552245185679,1912.795186282442,47.71755611033382,2977.583884347146,100.0,100.0,True,,synthetic_normal_distributed_training,sim_user,normal_distributed_training,gpu:2,normal_distributed_training
42.6,2026-01-01 00:00:42.600000+00:00,,syn-normal-ddp-101,syn-normal-ddp-101,,,,,0,10.0,182.99119608626933,75.5287581057903,45.240176541471506,2115.666740943073,49.29256822209892,3773.363760992611,100.0,100.0,True,,synthetic_normal_distributed_training,sim_user,normal_distributed_training,gpu:2,normal_distributed_training
42.7,2026-01-01 00:00:42.700000+00:00,,syn-normal-ddp-101,syn-normal-ddp-101,,,,,0,10.0,183.32063591568573,72.66859072612232,33.80319814505541,2015.8047965784697,48.13047821971162,2975.4343063401734,100.0,100.0,True,,synthetic_normal_distributed_training,sim_user,normal_distributed_training,gpu:2,normal_distributed_training
42.8,2026-01-01 00:00:42.800000+00:00,,syn-normal-ddp-101,syn-normal-ddp-101,,,,,0,10.0,188.78057200061656,75.13102914910753,39.01055824123149,2079.750257813932,49.11068106973651,3200.9857473460143,100.0,100.0,True,,synthetic_normal_distributed_training,sim_user,normal_distributed_training,gpu:2,normal_distributed_training
42.9,2026-01-01 00:00:42.900000+00:00,,syn-normal-ddp-101,syn-normal-ddp-101,,,,,0,10.0,192.52917274358705,87.81040075960371,53.78551111183067,2408.5740173719464,52.6997680734651,4252.308180941586,100.0,100.0,True,,synthetic_normal_distributed_training,sim_user,normal_distributed_training,gpu:2,normal_distributed_training
43.0,2026-01-01 00:00:43+00:00,,syn-normal-ddp-101,syn-normal-ddp-101,,,,,0,10.0,192.16082110696595,81.65008621467267,35.10213985128796,2220.0062052205226,50.83709901935522,2966.5315859706843,100.0,100.0,True,,synthetic_normal_distributed_training,sim_user,normal_distributed_training,gpu:2,normal_distributed_training
43.1,2026-01-01 00:00:43.100000+00:00,,syn-normal-ddp-101,syn-normal-ddp-101,,,,,0,10.0,191.54788436844845,74.62891328985629,42.30168120032669,2027.3159982508732,48.7746379967798,3310.004756150569,100.0,100.0,True,,synthetic_normal_distributed_training,sim_user,normal_distributed_training,gpu:2,normal_distributed_training
43.2,2026-01-01 00:00:43.200000+00:00,,syn-normal-ddp-101,syn-normal-ddp-101,,,,,0,10.0,189.8269224380758,77.64351691330602,39.163847244169126,2125.1366563527863,49.5484782610653,3307.336790873801,100.0,100.0,True,,synthetic_normal_distributed_training,sim_user,normal_distributed_training,gpu:2,normal_distributed_training
43.3,2026-01-01 00:00:43.300000+00:00,,syn-normal-ddp-101,syn-normal-ddp-101,,,,,0,10.0,184.27572221364102,72.8374856094676,37.10230411061312,1990.810561365528,48.1360484769426,2931.148824785452,100.0,100.0,True,,synthetic_normal_distributed_training,sim_user,normal_distributed_training,gpu:2,normal_distributed_training
43.4,2026-01-01 00:00:43.400000+00:00,,syn-normal-ddp-101,syn-normal-ddp-101,,,,,0,10.0,182.6728272221093,79.82292849425313,42.61250355404155,2256.949752008837,50.007830310817454,3416.1640189201603,100.0,100.0,True,,synthetic_normal_distributed_training,sim_user,normal_distributed_training,gpu:2,normal_distributed_training
43.5,2026-01-01 00:00:43.500000+00:00,,syn-normal-ddp-101,syn-normal-ddp-101,,,,,0,10.0,139.56694654576287,30.75454006895226,11.054664234524672,1030.1692089284659,36.28638914838702,1243.2934846606804,100.0,100.0,True,,synthetic_normal_distributed_training,sim_user,normal_distributed_training,gpu:2,normal_distributed_training
43.6,2026-01-01 00:00:43.600000+00:00,,syn-normal-ddp-101,syn-normal-ddp-101,,,,,0,10.0,139.56733907452292,40.08873428522801,25.777713216155973,1207.932123258431,39.077722644601316,2093.687724789983,100.0,100.0,True,,synthetic_normal_distributed_training,sim_user,normal_distributed_training,gpu:2,normal_distributed_training
43.7,2026-01-01 00:00:43.700000+00:00,,syn-normal-ddp-101,syn-normal-ddp-101,,,,,0,10.0,142.60240545606544,43.528143012832246,26.291710254661595,1309.961641600534,39.9066559697225,2327.1860643584687,100.0,100.0,True,,synthetic_normal_distributed_training,sim_user,normal_distributed_training,gpu:2,normal_distributed_training
43.8,2026-01-01 00:00:43.800000+00:00,,syn-normal-ddp-101,syn-normal-ddp-101,,,,,0,10.0,142.42394172642358,48.588554756347115,31.622408481863154,1476.979943304725,41.43708352134658,2512.193682844313,100.0,100.0,True,,synthetic_normal_distributed_training,sim_user,normal_distributed_training,gpu:2,normal_distributed_training
43.9,2026-01-01 00:00:43.900000+00:00,,syn-normal-ddp-101,syn-normal-ddp-101,,,,,0,10.0,147.30412180564488,46.10097688429855,26.031094563538513,1413.3445559240233,40.401060060782484,2138.744555778241,100.0,100.0,True,,synthetic_normal_distributed_training,sim_user,normal_distributed_training,gpu:2,normal_distributed_training
44.0,2026-01-01 00:00:44+00:00,,syn-normal-ddp-101,syn-normal-ddp-101,,,,,0,10.0,146.36554221932744,49.2469181789073,23.32609685324332,1478.3546550996064,41.24055904420227,2194.3065420656603,100.0,100.0,True,,synthetic_normal_distributed_training,sim_user,normal_distributed_training,gpu:2,normal_distributed_training
44.1,2026-01-01 00:00:44.100000+00:00,,syn-normal-ddp-101,syn-normal-ddp-101,,,,,0,10.0,147.3524421718659,50.10252804583614,30.168802977800915,1489.536756355527,41.369019676902255,2756.5684647157923,100.0,100.0,True,,synthetic_normal_distributed_training,sim_user,normal_distributed_training,gpu:2,normal_distributed_training
44.2,2026-01-01 00:00:44.200000+00:00,,syn-normal-ddp-101,syn-normal-ddp-101,,,,,0,10.0,152.47907205269695,41.24207530461592,17.345285297617036,1282.9306765536942,39.06342009694773,1490.732738756013,100.0,100.0,True,,synthetic_normal_distributed_training,sim_user,normal_distributed_training,gpu:2,normal_distributed_training
44.3,2026-01-01 00:00:44.300000+00:00,,syn-normal-ddp-101,syn-normal-ddp-101,,,,,0,10.0,151.51771488148637,46.24227022622349,21.783175266974162,1327.6548203029924,40.64023612398088,1890.4388984736065,100.0,100.0,True,,synthetic_normal_distributed_training,sim_user,normal_distributed_training,gpu:2,normal_distributed_training
44.4,2026-01-01 00:00:44.400000+00:00,,syn-normal-ddp-101,syn-normal-ddp-101,,,,,0,10.0,147.89303139372024,43.22843625854672,32.194444353838435,1217.77425233741,39.79294234012676,2533.545178698789,100.0,100.0,True,,synthetic_normal_distributed_training,sim_user,normal_distributed_training,gpu:2,normal_distributed_training
44.5,2026-01-01 00:00:44.500000+00:00,,syn-normal-ddp-101,syn-normal-ddp-101,,,,,0,10.0,145.55233282865143,45.093513906299464,29.129204864636844,1308.2843859760565,40.257450197319834,2505.068015156582,100.0,100.0,True,,synthetic_normal_distributed_training,sim_user,normal_distributed_training,gpu:2,normal_distributed_training
44.6,2026-01-01 00:00:44.600000+00:00,,syn-normal-ddp-101,syn-normal-ddp-101,,,,,0,10.0,140.29163169125928,34.159866279268904,20.58424158040858,1079.9732110155408,37.195053203149854,1970.1813592604617,100.0,100.0,True,,synthetic_normal_distributed_training,sim_user,normal_distributed_training,gpu:2,normal_distributed_training
44.7,2026-01-01 00:00:44.700000+00:00,,syn-normal-ddp-101,syn-normal-ddp-101,,,,,0,10.0,142.81918571292368,44.520729584644336,30.446897985592024,1290.1415309256015,39.91965959453949,2594.6113538642535,100.0,100.0,True,,synthetic_normal_distributed_training,sim_user,normal_distributed_training,gpu:2,normal_distributed_training
44.8,2026-01-01 00:00:44.800000+00:00,,syn-normal-ddp-101,syn-normal-ddp-101,,,,,0,10.0,146.11474265173675,43.29946584149751,22.680929906633114,1276.3930988702007,40.01190588649142,2288.46114510242,100.0,100.0,True,,synthetic_normal_distributed_training,sim_user,normal_distributed_training,gpu:2,normal_distributed_training
44.9,2026-01-01 00:00:44.900000+00:00,,syn-normal-ddp-101,syn-normal-ddp-101,,,,,0,10.0,139.26473059673168,40.94294228185735,24.89827102672295,1232.9289683322365,39.694728025675076,2093.0618725543636,100.0,100.0,True,,synthetic_normal_distributed_training,sim_user,normal_distributed_training,gpu:2,normal_distributed_training
45.0,2026-01-01 00:00:45+00:00,,syn-normal-ddp-101,syn-normal-ddp-101,,,,,0,10.0,138.61146255987364,27.954902409370742,12.151151592442844,906.0232942100403,36.24594249554513,1169.2992351250032,100.0,100.0,True,,synthetic_normal_distributed_training,sim_user,normal_distributed_training,gpu:2,normal_distributed_training
45.1,2026-01-01 00:00:45.100000+00:00,,syn-normal-ddp-101,syn-normal-ddp-101,,,,,0,10.0,143.22434545817845,44.37416701228779,23.103867997042922,1280.3314090471965,40.8328457012244,2076.786414276669,100.0,100.0,True,,synthetic_normal_distributed_training,sim_user,normal_distributed_training,gpu:2,normal_distributed_training
45.2,2026-01-01 00:00:45.200000+00:00,,syn-normal-ddp-101,syn-normal-ddp-101,,,,,0,10.0,145.04054602962358,45.487201527671665,25.40587345446162,1338.930616581329,40.94466229512228,2328.8626424576883,100.0,100.0,True,,synthetic_normal_distributed_training,sim_user,normal_distributed_training,gpu:2,normal_distributed_training
45.3,2026-01-01 00:00:45.300000+00:00,,syn-normal-ddp-101,syn-normal-ddp-101,,,,,0,10.0,147.28365196774539,38.610073241479206,27.258572551030014,1206.908310788924,38.8319948944097,2207.458581945193,100.0,100.0,True,,synthetic_normal_distributed_training,sim_user,normal_distributed_training,gpu:2,normal_distributed_training
45.4,2026-01-01 00:00:45.400000+00:00,,syn-normal-ddp-101,syn-normal-ddp-101,,,,,0,10.0,147.48940053513022,44.641103470306625,21.799117794934617,1347.1641035236796,40.50749940505288,1843.4668484843496,100.0,100.0,True,,synthetic_normal_distributed_training,sim_user,normal_distributed_training,gpu:2,normal_distributed_training
45.5,2026-01-01 00:00:45.500000+00:00,,syn-normal-ddp-101,syn-normal-ddp-101,,,,,0,10.0,146.13805776890527,47.49790720620132,30.398085889524832,1396.760570465288,41.37574693794307,2599.657700789338,100.0,100.0,True,,synthetic_normal_distributed_training,sim_user,normal_distributed_training,gpu:2,normal_distributed_training
45.6,2026-01-01 00:00:45.600000+00:00,,syn-normal-ddp-101,syn-normal-ddp-101,,,,,0,10.0,146.7955013851307,55.68960799796915,30.6334396752649,1594.8378729828353,44.049849190124135,2636.9534269453434,100.0,100.0,True,,synthetic_normal_distributed_training,sim_user,normal_distributed_training,gpu:2,normal_distributed_training
45.7,2026-01-01 00:00:45.700000+00:00,,syn-normal-ddp-101,syn-normal-ddp-101,,,,,0,10.0,149.6449276505952,44.14232109351623,17.271021972419234,1364.60099048722,40.89064026407537,1625.170619634821,100.0,100.0,True,,synthetic_normal_distributed_training,sim_user,normal_distributed_training,gpu:2,normal_distributed_training
45.8,2026-01-01 00:00:45.800000+00:00,,syn-normal-ddp-101,syn-normal-ddp-101,,,,,0,10.0,147.4192261669521,45.96680496999707,17.587594405349044,1417.6150709779176,41.235168826647616,1688.8522762584212,100.0,100.0,True,,synthetic_normal_distributed_training,sim_user,normal_distributed_training,gpu:2,normal_distributed_training
45.9,2026-01-01 00:00:45.900000+00:00,,syn-normal-ddp-101,syn-normal-ddp-101,,,,,0,10.0,146.5882311277264,40.85630759506304,19.719890709982224,1195.7203386527203,39.55359569835763,1895.7201017025743,100.0,100.0,True,,synthetic_normal_distributed_training,sim_user,normal_distributed_training,gpu:2,normal_distributed_training
46.0,2026-01-01 00:00:46+00:00,,syn-normal-ddp-101,syn-normal-ddp-101,,,,,0,10.0,145.10229073747752,46.64287073391745,29.99948907065564,1353.6085103419273,41.11424421154622,2310.9457864792334,100.0,100.0,True,,synthetic_normal_distributed_training,sim_user,normal_distributed_training,gpu:2,normal_distributed_training
46.1,2026-01-01 00:00:46.100000+00:00,,syn-normal-ddp-101,syn-normal-ddp-101,,,,,0,10.0,147.39146686645316,38.60602236911045,22.311720798814594,1156.7173520483607,38.87703207278628,2205.577956865139,100.0,100.0,True,,synthetic_normal_distributed_training,sim_user,normal_distributed_training,gpu:2,normal_distributed_training
46.2,2026-01-01 00:00:46.200000+00:00,,syn-normal-ddp-101,syn-normal-ddp-101,,,,,0,10.0,146.35460474504742,41.679927193473944,30.260758309652203,1272.5969883522805,39.82855970120096,2670.6055055341576,100.0,100.0,True,,synthetic_normal_distributed_training,sim_user,normal_distributed_training,gpu:2,normal_distributed_training
46.3,2026-01-01 00:00:46.300000+00:00,,syn-normal-ddp-101,syn-normal-ddp-101,,,,,0,10.0,147.43606255023437,46.157468192646355,26.159455717642246,1362.806135151015,41.1238823489713,2300.7310011034947,100.0,100.0,True,,synthetic_normal_distributed_training,sim_user,normal_distributed_training,gpu:2,normal_distributed_training
46.4,2026-01-01 00:00:46.400000+00:00,,syn-normal-ddp-101,syn-normal-ddp-101,,,,,0,10.0,145.99589575311666,44.48652755600189,30.200186391624975,1309.9589084961588,40.467986073672684,2622.8835645467793,100.0,100.0,True,,synthetic_normal_distributed_training,sim_user,normal_distributed_training,gpu:2,normal_distributed_training
46.5,2026-01-01 00:00:46.500000+00:00,,syn-normal-ddp-101,syn-normal-ddp-101,,,,,0,10.0,143.98153381580252,41.09229242968739,23.653347575109855,1294.4214425741445,39.48045129149459,2040.9942893579212,100.0,100.0,True,,synthetic_normal_distributed_training,sim_user,normal_distributed_training,gpu:2,normal_distributed_training
46.6,2026-01-01 00:00:46.600000+00:00,,syn-normal-ddp-101,syn-normal-ddp-101,,,,,0,10.0,146.51223572124422,42.88636026487224,19.97693252626138,1298.0609080883949,39.74555511154692,1820.0785112865178,100.0,100.0,True,,synthetic_normal_distributed_training,sim_user,normal_distributed_training,gpu:2,normal_distributed_training
46.7,2026-01-01 00:00:46.700000+00:00,,syn-normal-ddp-101,syn-normal-ddp-101,,,,,0,10.0,149.81927524709974,43.87080042908484,27.044664679790184,1276.7018922160119,40.1091033618318,2273.5299826106184,100.0,100.0,True,,synthetic_normal_distributed_training,sim_user,normal_distributed_training,gpu:2,normal_distributed_training
46.8,2026-01-01 00:00:46.800000+00:00,,syn-normal-ddp-101,syn-normal-ddp-101,,,,,0,10.0,150.14178687675525,52.062018778685655,25.696940986544767,1511.5080826258163,42.53714108856794,2229.3233742583357,100.0,100.0,True,,synthetic_normal_distributed_training,sim_user,normal_distributed_training,gpu:2,normal_distributed_training
46.9,2026-01-01 00:00:46.900000+00:00,,syn-normal-ddp-101,syn-normal-ddp-101,,,,,0,10.0,150.06675786043434,47.46702340198364,20.49086070065139,1391.774980245133,41.195827427654194,1848.7099063823443,100.0,100.0,True,,synthetic_normal_distributed_training,sim_user,normal_distributed_training,gpu:2,normal_distributed_training
47.0,2026-01-01 00:00:47+00:00,,syn-normal-ddp-101,syn-normal-ddp-101,,,,,0,10.0,151.63063221537124,41.79759705191855,20.021438276668007,1307.2487290505023,39.757767201339774,1856.0543712642027,100.0,100.0,True,,synthetic_normal_distributed_training,sim_user,normal_distributed_training,gpu:2,normal_distributed_training
47.1,2026-01-01 00:00:47.100000+00:00,,syn-normal-ddp-101,syn-normal-ddp-101,,,,,0,10.0,149.09745688275228,49.11366316821895,25.49805606686932,1370.1836368582578,42.035742940068715,2361.2523040075976,100.0,100.0,True,,synthetic_normal_distributed_training,sim_user,normal_distributed_training,gpu:2,normal_distributed_training
47.2,2026-01-01 00:00:47.200000+00:00,,syn-normal-ddp-101,syn-normal-ddp-101,,,,,0,10.0,150.2832314818972,50.31373593725539,28.726057404712332,1465.5227802637878,42.761242721474424,2538.6599157598384,100.0,100.0,True,,synthetic_normal_distributed_training,sim_user,normal_distributed_training,gpu:2,normal_distributed_training
47.3,2026-01-01 00:00:47.300000+00:00,,syn-normal-ddp-101,syn-normal-ddp-101,,,,,0,10.0,147.6713200911778,52.36547980123026,32.27226982819087,1525.1548567187615,43.33504159282145,2797.3084962303187,100.0,100.0,True,,synthetic_normal_distributed_training,sim_user,normal_distributed_training,gpu:2,normal_distributed_training
47.4,2026-01-01 00:00:47.400000+00:00,,syn-normal-ddp-101,syn-normal-ddp-101,,,,,0,10.0,145.07385290415397,52.75990234111751,31.51725536224378,1571.3636699075787,43.18217012016816,2651.8449369787686,100.0,100.0,True,,synthetic_normal_distributed_training,sim_user,normal_distributed_training,gpu:2,normal_distributed_training
47.5,2026-01-01 00:00:47.500000+00:00,,syn-normal-ddp-101,syn-normal-ddp-101,,,,,0,10.0,144.2167914718124,43.48304345555252,32.365591410337956,1296.7245152162996,40.729279194125986,2567.2462928888467,100.0,100.0,True,,synthetic_normal_distributed_training,sim_user,normal_distributed_training,gpu:2,normal_distributed_training
47.6,2026-01-01 00:00:47.600000+00:00,,syn-normal-ddp-101,syn-normal-ddp-101,,,,,0,10.0,142.96933435399174,49.53523759433816,19.43835947170563,1474.9176667142924,42.39846072214691,1991.685203696342,100.0,100.0,True,,synthetic_normal_distributed_training,sim_user,normal_distributed_training,gpu:2,normal_distributed_training
47.7,2026-01-01 00:00:47.700000+00:00,,syn-normal-ddp-101,syn-normal-ddp-101,,,,,0,10.0,140.82595051704521,42.49585483101781,22.708246611095696,1299.805107686623,40.24127875935963,2027.878331003179,100.0,100.0,True,,synthetic_normal_distributed_training,sim_user,normal_distributed_training,gpu:2,normal_distributed_training
47.8,2026-01-01 00:00:47.800000+00:00,,syn-normal-ddp-101,syn-normal-ddp-101,,,,,0,10.0,145.23841494078815,47.387780262744165,36.510956857463945,1333.4975489832277,41.56622295505338,3094.449364459716,100.0,100.0,True,,synthetic_normal_distributed_training,sim_user,normal_distributed_training,gpu:2,normal_distributed_training
47.9,2026-01-01 00:00:47.900000+00:00,,syn-normal-ddp-101,syn-normal-ddp-101,,,,,0,10.0,145.3372460972718,42.154281062199495,21.995190490606944,1242.6462483826965,40.225442045371906,2020.393892371077,100.0,100.0,True,,synthetic_normal_distributed_training,sim_user,normal_distributed_training,gpu:2,normal_distributed_training
48.0,2026-01-01 00:00:48+00:00,,syn-normal-ddp-101,syn-normal-ddp-101,,,,,0,10.0,144.65342038843906,43.861402902913696,19.137432729329092,1283.0221117485646,40.645377559967365,1788.138212586511,100.0,100.0,True,,synthetic_normal_distributed_training,sim_user,normal_distributed_training,gpu:2,normal_distributed_training
48.1,2026-01-01 00:00:48.100000+00:00,,syn-normal-ddp-101,syn-normal-ddp-101,,,,,0,10.0,141.4143794393837,39.80676731426459,18.931401112314177,1206.8487210891851,39.20643705768699,1793.1312878552048,100.0,100.0,True,,synthetic_normal_distributed_training,sim_user,normal_distributed_training,gpu:2,normal_distributed_training
48.2,2026-01-01 00:00:48.200000+00:00,,syn-normal-ddp-101,syn-normal-ddp-101,,,,,0,10.0,137.97847465874554,28.871859406373957,12.054470862708069,884.218199603998,36.24339244372317,1347.6941211808626,100.0,100.0,True,,synthetic_normal_distributed_training,sim_user,normal_distributed_training,gpu:2,normal_distributed_training
48.3,2026-01-01 00:00:48.300000+00:00,,syn-normal-ddp-101,syn-normal-ddp-101,,,,,0,10.0,138.3324943012012,37.756372926087536,18.857609954718047,1165.7512450665758,38.698630209357866,1761.7275301952052,100.0,100.0,True,,synthetic_normal_distributed_training,sim_user,normal_distributed_training,gpu:2,normal_distributed_training
48.4,2026-01-01 00:00:48.400000+00:00,,syn-normal-ddp-101,syn-normal-ddp-101,,,,,0,10.0,140.06105537021978,32.83754644658323,25.085809856887163,1017.143663860873,37.39020029307379,2076.4994449737023,100.0,100.0,True,,synthetic_normal_distributed_training,sim_user,normal_distributed_training,gpu:2,normal_distributed_training
48.5,2026-01-01 00:00:48.500000+00:00,,syn-normal-ddp-101,syn-normal-ddp-101,,,,,0,10.0,134.9198248041448,38.140619362824935,15.441656900829859,1168.7434028753864,38.62563789803207,1456.0543429027161,100.0,100.0,True,,synthetic_normal_distributed_training,sim_user,normal_distributed_training,gpu:2,normal_distributed_training
48.6,2026-01-01 00:00:48.600000+00:00,,syn-normal-ddp-101,syn-normal-ddp-101,,,,,0,10.0,135.41346963766077,24.853335638239052,10.955378421426625,749.0323464000044,35.13286819910989,1312.5124742441826,100.0,100.0,True,,synthetic_normal_distributed_training,sim_user,normal_distributed_training,gpu:2,normal_distributed_training
48.7,2026-01-01 00:00:48.700000+00:00,,syn-normal-ddp-101,syn-normal-ddp-101,,,,,0,10.0,197.0681820129797,83.48272046384153,51.692550817217274,2305.7831671952013,51.640673422421465,4105.213969452219,100.0,100.0,True,,synthetic_normal_distributed_training,sim_user,normal_distributed_training,gpu:2,normal_distributed_training
48.8,2026-01-01 00:00:48.800000+00:00,,syn-normal-ddp-101,syn-normal-ddp-101,,,,,0,10.0,199.65262885916383,76.01639374329477,43.084496981652734,2117.4989044928375,49.194247533543724,3478.3678105169784,100.0,100.0,True,,synthetic_normal_distributed_training,sim_user,normal_distributed_training,gpu:2,normal_distributed_training
48.9,2026-01-01 00:00:48.900000+00:00,,syn-normal-ddp-101,syn-normal-ddp-101,,,,,0,10.0,202.08067443365164,81.90394629485887,46.456032506992365,2204.9169005994427,50.92160173324278,3864.5350075877504,100.0,100.0,True,,synthetic_normal_distributed_training,sim_user,normal_distributed_training,gpu:2,normal_distributed_training
49.0,2026-01-01 00:00:49+00:00,,syn-normal-ddp-101,syn-normal-ddp-101,,,,,0,10.0,204.8827831120955,87.14905839209973,46.50366695158933,2377.1950702087793,52.52537501675614,3811.708718887031,100.0,100.0,True,,synthetic_normal_distributed_training,sim_user,normal_distributed_training,gpu:2,normal_distributed_training
49.1,2026-01-01 00:00:49.100000+00:00,,syn-normal-ddp-101,syn-normal-ddp-101,,,,,0,10.0,203.11741998167415,89.03824205550308,52.84305932060153,2451.429250436662,53.32756345598897,4062.2871030970023,100.0,100.0,True,,synthetic_normal_distributed_training,sim_user,normal_distributed_training,gpu:2,normal_distributed_training
49.2,2026-01-01 00:00:49.200000+00:00,,syn-normal-ddp-101,syn-normal-ddp-101,,,,,0,10.0,203.25831335933816,82.05416348281479,41.1281412713503,2330.7602247628834,51.53073080796503,3336.347222169723,100.0,100.0,True,,synthetic_normal_distributed_training,sim_user,normal_distributed_training,gpu:2,normal_distributed_training
49.3,2026-01-01 00:00:49.300000+00:00,,syn-normal-ddp-101,syn-normal-ddp-101,,,,,0,10.0,202.6268706865827,86.23602060445015,51.36451643892657,2339.7008416146327,52.57990659354708,3976.428260152463,100.0,100.0,True,,synthetic_normal_distributed_training,sim_user,normal_distributed_training,gpu:2,normal_distributed_training
49.4,2026-01-01 00:00:49.400000+00:00,,syn-normal-ddp-101,syn-normal-ddp-101,,,,,0,10.0,200.53844061132665,90.30682884255906,50.25250696367793,2465.7831090623527,53.905789495089245,3864.867578212012,100.0,100.0,True,,synthetic_normal_distributed_training,sim_user,normal_distributed_training,gpu:2,normal_distributed_training
49.5,2026-01-01 00:00:49.500000+00:00,,syn-normal-ddp-101,syn-normal-ddp-101,,,,,0,10.0,201.31221519979243,85.26244473166155,46.23083660039459,2308.2088878317318,52.26415890315271,3720.8221778412026,100.0,100.0,True,,synthetic_normal_distributed_training,sim_user,normal_distributed_training,gpu:2,normal_distributed_training
49.6,2026-01-01 00:00:49.600000+00:00,,syn-normal-ddp-101,syn-normal-ddp-101,,,,,0,10.0,202.40342839767283,89.22404954224866,47.01489504914265,2455.4598261659776,53.42414526746521,3577.8709835441755,100.0,100.0,True,,synthetic_normal_distributed_training,sim_user,normal_distributed_training,gpu:2,normal_distributed_training
49.7,2026-01-01 00:00:49.700000+00:00,,syn-normal-ddp-101,syn-normal-ddp-101,,,,,0,10.0,201.5034399445437,85.724304600602,51.061463333875416,2299.838461920918,52.72888096541428,4142.000498434462,100.0,100.0,True,,synthetic_normal_distributed_training,sim_user,normal_distributed_training,gpu:2,normal_distributed_training
49.8,2026-01-01 00:00:49.800000+00:00,,syn-normal-ddp-101,syn-normal-ddp-101,,,,,0,10.0,203.3344471695452,93.20295365673789,52.71430575133393,2513.698344205852,54.60295048913006,4306.017304799833,100.0,100.0,True,,synthetic_normal_distributed_training,sim_user,normal_distributed_training,gpu:2,normal_distributed_training
49.9,2026-01-01 00:00:49.900000+00:00,,syn-normal-ddp-101,syn-normal-ddp-101,,,,,0,10.0,208.64428714201614,95.31852369289474,50.94694093233052,2520.0,54.83697306949156,3965.811580757253,100.0,100.0,True,,synthetic_normal_distributed_training,sim_user,normal_distributed_training,gpu:2,normal_distributed_training
50.0,2026-01-01 00:00:50+00:00,,syn-normal-ddp-101,syn-normal-ddp-101,,,,,0,10.0,209.91167746525883,98.42648389285108,54.70888205427244,2520.0,55.283580311569615,4225.613900119644,100.0,100.0,True,,synthetic_normal_distributed_training,sim_user,normal_distributed_training,gpu:2,normal_distributed_training
50.1,2026-01-01 00:00:50.100000+00:00,,syn-normal-ddp-101,syn-normal-ddp-101,,,,,0,10.0,213.1856526175486,94.24616586355057,47.718964471490246,2520.0,53.99171644561698,3797.4477866736033,100.0,100.0,True,,synthetic_normal_distributed_training,sim_user,normal_distributed_training,gpu:2,normal_distributed_training
50.2,2026-01-01 00:00:50.200000+00:00,,syn-normal-ddp-101,syn-normal-ddp-101,,,,,0,10.0,213.86938353551423,94.08834722397489,56.99005408386427,2520.0,53.86961655398882,4341.325462787986,100.0,100.0,True,,synthetic_normal_distributed_training,sim_user,normal_distributed_training,gpu:2,normal_distributed_training
50.3,2026-01-01 00:00:50.300000+00:00,,syn-normal-ddp-101,syn-normal-ddp-101,,,,,0,10.0,213.1432337406636,79.96416629054411,49.63838482103465,2180.0998145414947,50.03018394046341,4022.5815331073923,100.0,100.0,True,,synthetic_normal_distributed_training,sim_user,normal_distributed_training,gpu:2,normal_distributed_training
50.4,2026-01-01 00:00:50.400000+00:00,,syn-normal-ddp-101,syn-normal-ddp-101,,,,,0,10.0,210.7444470651034,87.0867270865317,52.56332283699964,2413.83008036425,52.21944317328164,4073.6511152364155,100.0,100.0,True,,synthetic_normal_distributed_training,sim_user,normal_distributed_training,gpu:2,normal_distributed_training
50.5,2026-01-01 00:00:50.500000+00:00,,syn-normal-ddp-101,syn-normal-ddp-101,,,,,0,10.0,210.1935699310243,87.01431717205826,49.13548798001133,2380.243904209386,52.03764607037744,3944.303388214844,100.0,100.0,True,,synthetic_normal_distributed_training,sim_user,normal_distributed_training,gpu:2,normal_distributed_training
50.6,2026-01-01 00:00:50.600000+00:00,,syn-normal-ddp-101,syn-normal-ddp-101,,,,,0,10.0,206.79835924905697,94.41845449000321,54.10094303225963,2517.552374570844,54.08761343349186,4269.529605422016,100.0,100.0,True,,synthetic_normal_distributed_training,sim_user,normal_distributed_training,gpu:2,normal_distributed_training
50.7,2026-01-01 00:00:50.700000+00:00,,syn-normal-ddp-101,syn-normal-ddp-101,,,,,0,10.0,205.6646470609794,86.72210950166746,42.36073369634391,2389.4911958827256,52.09612888990424,3467.5808174458016,100.0,100.0,True,,synthetic_normal_distributed_training,sim_user,normal_distributed_training,gpu:2,normal_distributed_training
50.8,2026-01-01 00:00:50.800000+00:00,,syn-normal-ddp-101,syn-normal-ddp-101,,,,,0,10.0,204.02313075084325,82.50770851430376,44.029620327409255,2286.383219697433,51.0673980777856,3458.0138899914964,100.0,100.0,True,,synthetic_normal_distributed_training,sim_user,normal_distributed_training,gpu:2,normal_distributed_training
50.9,2026-01-01 00:00:50.900000+00:00,,syn-normal-ddp-101,syn-normal-ddp-101,,,,,0,10.0,205.3973481979245,87.42091057119056,47.22850401315428,2437.118722415602,52.50239230114795,3580.586035169161,100.0,100.0,True,,synthetic_normal_distributed_training,sim_user,normal_distributed_training,gpu:2,normal_distributed_training
51.0,2026-01-01 00:00:51+00:00,,syn-normal-ddp-101,syn-normal-ddp-101,,,,,0,10.0,204.4823709724357,84.40776642319065,46.02160812426802,2378.019424871976,51.65437872649421,3736.6139332250837,100.0,100.0,True,,synthetic_normal_distributed_training,sim_user,normal_distributed_training,gpu:2,normal_distributed_training
51.1,2026-01-01 00:00:51.100000+00:00,,syn-normal-ddp-101,syn-normal-ddp-101,,,,,0,10.0,206.4139189817311,83.87532836645931,48.79724353216281,2304.2144834965084,51.752341415070276,3884.5526071822023,100.0,100.0,True,,synthetic_normal_distributed_training,sim_user,normal_distributed_training,gpu:2,normal_distributed_training
51.2,2026-01-01 00:00:51.200000+00:00,,syn-normal-ddp-101,syn-normal-ddp-101,,,,,0,10.0,204.28360739127712,81.58282045099091,43.23743150850941,2295.7354407477756,51.05695982466325,3486.348147857157,100.0,100.0,True,,synthetic_normal_distributed_training,sim_user,normal_distributed_training,gpu:2,normal_distributed_training
51.3,2026-01-01 00:00:51.300000+00:00,,syn-normal-ddp-101,syn-normal-ddp-101,,,,,0,10.0,204.77342185918275,93.06891975669136,48.35746997606287,2520.0,54.50159965717401,3936.8337871012204,100.0,100.0,True,,synthetic_normal_distributed_training,sim_user,normal_distributed_training,gpu:2,normal_distributed_training
51.4,2026-01-01 00:00:51.400000+00:00,,syn-normal-ddp-101,syn-normal-ddp-101,,,,,0,10.0,207.4668412499874,97.7486826512619,58.72109925068771,2520.0,55.8124021265275,4436.952798765013,100.0,100.0,True,,synthetic_normal_distributed_training,sim_user,normal_distributed_training,gpu:2,normal_distributed_training
51.5,2026-01-01 00:00:51.500000+00:00,,syn-normal-ddp-101,syn-normal-ddp-101,,,,,0,10.0,207.9337574904603,89.98281700297827,48.37153602797542,2441.790597931407,53.61747389814202,3755.7486661792013,100.0,100.0,True,,synthetic_normal_distributed_training,sim_user,normal_distributed_training,gpu:2,normal_distributed_training
51.6,2026-01-01 00:00:51.600000+00:00,,syn-normal-ddp-101,syn-normal-ddp-101,,,,,0,10.0,202.83708514006005,88.3248607113594,46.130083269637446,2415.8373064606226,53.05102551601406,3544.5969234495506,100.0,100.0,True,,synthetic_normal_distributed_training,sim_user,normal_distributed_training,gpu:2,normal_distributed_training
51.7,2026-01-01 00:00:51.700000+00:00,,syn-normal-ddp-101,syn-normal-ddp-101,,,,,0,10.0,203.22204525379328,91.45962406776515,42.34236761432146,2482.6189683934726,53.93876945323036,3582.367143933424,100.0,100.0,True,,synthetic_normal_distributed_training,sim_user,normal_distributed_training,gpu:2,normal_distributed_training
51.8,2026-01-01 00:00:51.800000+00:00,,syn-normal-ddp-101,syn-normal-ddp-101,,,,,0,10.0,201.73271957354387,83.82048457299297,40.74996829093394,2232.911928235206,51.79468976095419,3305.0161733301857,100.0,100.0,True,,synthetic_normal_distributed_training,sim_user,normal_distributed_training,gpu:2,normal_distributed_training
51.9,2026-01-01 00:00:51.900000+00:00,,syn-normal-ddp-101,syn-normal-ddp-101,,,,,0,10.0,201.8192297046294,87.6248520015075,47.386594693690085,2388.3770511807384,52.713954894553396,3831.918634348527,100.0,100.0,True,,synthetic_normal_distributed_training,sim_user,normal_distributed_training,gpu:2,normal_distributed_training
52.0,2026-01-01 00:00:52+00:00,,syn-normal-ddp-101,syn-normal-ddp-101,,,,,0,10.0,199.2953663198448,77.74642605661616,43.9634076020649,2098.0217079551617,49.91063756225041,3413.3492207358877,100.0,100.0,True,,synthetic_normal_distributed_training,sim_user,normal_distributed_training,gpu:2,normal_distributed_training
52.1,2026-01-01 00:00:52.100000+00:00,,syn-normal-ddp-101,syn-normal-ddp-101,,,,,0,10.0,195.47394159114108,71.27332410079478,32.1634473937558,1999.9739020381523,47.947079920566544,2568.533818827751,100.0,100.0,True,,synthetic_normal_distributed_training,sim_user,normal_distributed_training,gpu:2,normal_distributed_training
52.2,2026-01-01 00:00:52.200000+00:00,,syn-normal-ddp-101,syn-normal-ddp-101,,,,,0,10.0,193.04582001712757,75.51713387180274,41.56724825069947,2010.4985203637602,48.686470296989704,3364.178445306581,100.0,100.0,True,,synthetic_normal_distributed_training,sim_user,normal_distributed_training,gpu:2,normal_distributed_training
52.3,2026-01-01 00:00:52.300000+00:00,,syn-normal-ddp-101,syn-normal-ddp-101,,,,,0,10.0,197.38299946498742,88.1913115192037,49.91762675636263,2418.067554122644,52.098176273466315,3999.297062818623,100.0,100.0,True,,synthetic_normal_distributed_training,sim_user,normal_distributed_training,gpu:2,normal_distributed_training
52.4,2026-01-01 00:00:52.400000+00:00,,syn-normal-ddp-101,syn-normal-ddp-101,,,,,0,10.0,198.42530369323913,82.84943551175385,43.63713988294489,2218.855531393838,50.50667710811107,3517.3058935855483,100.0,100.0,True,,synthetic_normal_distributed_training,sim_user,normal_distributed_training,gpu:2,normal_distributed_training
52.5,2026-01-01 00:00:52.500000+00:00,,syn-normal-ddp-101,syn-normal-ddp-101,,,,,0,10.0,199.94464969202215,78.13202063877262,43.28675280091762,2129.5431614884674,49.28158937932193,3468.402466564843,100.0,100.0,True,,synthetic_normal_distributed_training,sim_user,normal_distributed_training,gpu:2,normal_distributed_training
52.6,2026-01-01 00:00:52.600000+00:00,,syn-normal-ddp-101,syn-normal-ddp-101,,,,,0,10.0,203.8324960993109,89.54416634184975,54.980471163914004,2437.0331363393357,52.578583493949736,4440.116247852293,100.0,100.0,True,,synthetic_normal_distributed_training,sim_user,normal_distributed_training,gpu:2,normal_distributed_training
52.7,2026-01-01 00:00:52.700000+00:00,,syn-normal-ddp-101,syn-normal-ddp-101,,,,,0,10.0,203.11103822570288,93.03113185240618,48.250815152099605,2520.0,53.51902537578912,3735.8301377855732,100.0,100.0,True,,synthetic_normal_distributed_training,sim_user,normal_distributed_training,gpu:2,normal_distributed_training
52.8,2026-01-01 00:00:52.800000+00:00,,syn-normal-ddp-101,syn-normal-ddp-101,,,,,0,10.0,204.2717114414216,83.2030963100858,39.05357332341519,2251.265297676021,50.77900931688661,3373.972636301804,100.0,100.0,True,,synthetic_normal_distributed_training,sim_user,normal_distributed_training,gpu:2,normal_distributed_training
52.9,2026-01-01 00:00:52.900000+00:00,,syn-normal-ddp-101,syn-normal-ddp-101,,,,,0,10.0,206.6880682881731,92.65903888207089,49.52192976991756,2520.0,53.039871907184704,3774.2508430303274,100.0,100.0,True,,synthetic_normal_distributed_training,sim_user,normal_distributed_training,gpu:2,normal_distributed_training
53.0,2026-01-01 00:00:53+00:00,,syn-normal-ddp-101,syn-normal-ddp-101,,,,,0,10.0,204.3163312931959,98.80397445102022,50.88158785993091,2520.0,54.84234094725178,3890.2428991549145,100.0,100.0,True,,synthetic_normal_distributed_training,sim_user,normal_distributed_training,gpu:2,normal_distributed_training
53.1,2026-01-01 00:00:53.100000+00:00,,syn-normal-ddp-101,syn-normal-ddp-101,,,,,0,10.0,202.24936047514578,84.62981260539755,46.421821324202426,2319.482053146535,51.03081237189956,3677.305963103787,100.0,100.0,True,,synthetic_normal_distributed_training,sim_user,normal_distributed_training,gpu:2,normal_distributed_training
53.2,2026-01-01 00:00:53.200000+00:00,,syn-normal-ddp-101,syn-normal-ddp-101,,,,,0,10.0,199.7814459109923,85.25575746577742,49.750972184157874,2357.2037658226136,51.574901467518764,3904.31068728611,100.0,100.0,True,,synthetic_normal_distributed_training,sim_user,normal_distributed_training,gpu:2,normal_distributed_training
53.3,2026-01-01 00:00:53.300000+00:00,,syn-normal-ddp-101,syn-normal-ddp-101,,,,,0,10.0,138.2149475904978,35.38376325371706,23.09227640813971,1090.5723027235806,37.581033007410966,2135.4231538791305,100.0,100.0,True,,synthetic_normal_distributed_training,sim_user,normal_distributed_training,gpu:2,normal_distributed_training
53.4,2026-01-01 00:00:53.400000+00:00,,syn-normal-ddp-101,syn-normal-ddp-101,,,,,0,10.0,141.85281832672308,34.48255531203221,20.321448246564106,1110.8985360373658,37.34442491508256,1785.1294070690644,100.0,100.0,True,,synthetic_normal_distributed_training,sim_user,normal_distributed_training,gpu:2,normal_distributed_training
53.5,2026-01-01 00:00:53.500000+00:00,,syn-normal-ddp-101,syn-normal-ddp-101,,,,,0,10.0,144.43399568236362,36.776893793618875,25.908788541790553,1155.53348476917,37.8816192943423,2145.365924681563,100.0,100.0,True,,synthetic_normal_distributed_training,sim_user,normal_distributed_training,gpu:2,normal_distributed_training
53.6,2026-01-01 00:00:53.600000+00:00,,syn-normal-ddp-101,syn-normal-ddp-101,,,,,0,10.0,144.5234101119803,48.49841064010214,28.190828324401053,1463.755473803021,41.10552651718171,2412.5222419044862,100.0,100.0,True,,synthetic_normal_distributed_training,sim_user,normal_distributed_training,gpu:2,normal_distributed_training
53.7,2026-01-01 00:00:53.700000+00:00,,syn-normal-ddp-101,syn-normal-ddp-101,,,,,0,10.0,146.03538769530937,47.28591612730971,30.185931137232927,1387.2047173217893,41.08065132894747,2621.2795740204588,100.0,100.0,True,,synthetic_normal_distributed_training,sim_user,normal_distributed_training,gpu:2,normal_distributed_training
53.8,2026-01-01 00:00:53.800000+00:00,,syn-normal-ddp-101,syn-normal-ddp-101,,,,,0,10.0,147.07384608860033,44.61374807236317,26.008357972953295,1315.7505140446074,40.359875224845354,2405.630649996478,100.0,100.0,True,,synthetic_normal_distributed_training,sim_user,normal_distributed_training,gpu:2,normal_distributed_training
53.9,2026-01-01 00:00:53.900000+00:00,,syn-normal-ddp-101,syn-normal-ddp-101,,,,,0,10.0,147.09805742712624,55.678685832627245,31.78923326460716,1497.2699126756786,43.50267318590585,2576.697212310846,100.0,100.0,True,,synthetic_normal_distributed_training,sim_user,normal_distributed_training,gpu:2,normal_distributed_training
54.0,2026-01-01 00:00:54+00:00,,syn-normal-ddp-101,syn-normal-ddp-101,,,,,0,10.0,147.024348920783,43.919077016659664,22.189530068117715,1265.5757709809366,40.37959859483562,1995.8671155883717,100.0,100.0,True,,synthetic_normal_distributed_training,sim_user,normal_distributed_training,gpu:2,normal_distributed_training
54.1,2026-01-01 00:00:54.100000+00:00,,syn-normal-ddp-101,syn-normal-ddp-101,,,,,0,10.0,148.53728932708506,47.51193454006484,26.202226842464153,1357.7467396192362,41.05762046978927,2387.7471171531156,100.0,100.0,True,,synthetic_normal_distributed_training,sim_user,normal_distributed_training,gpu:2,normal_distributed_training
54.2,2026-01-01 00:00:54.200000+00:00,,syn-normal-ddp-101,syn-normal-ddp-101,,,,,0,10.0,147.23812863343878,49.81979759820736,25.16022737639045,1484.8770734271334,41.68874420777481,2344.802878749419,100.0,100.0,True,,synthetic_normal_distributed_training,sim_user,normal_distributed_training,gpu:2,normal_distributed_training
54.3,2026-01-01 00:00:54.300000+00:00,,syn-normal-ddp-101,syn-normal-ddp-101,,,,,0,10.0,144.74276316089018,40.8301068803124,21.327932817669012,1212.1388982032927,39.11555824964112,1957.7942124306244,100.0,100.0,True,,synthetic_normal_distributed_training,sim_user,normal_distributed_training,gpu:2,normal_distributed_training
54.4,2026-01-01 00:00:54.400000+00:00,,syn-normal-ddp-101,syn-normal-ddp-101,,,,,0,10.0,141.79264840208083,36.83392197840384,20.607129631683662,1091.2450347965907,38.00150194020864,1846.11181744313,100.0,100.0,True,,synthetic_normal_distributed_training,sim_user,normal_distributed_training,gpu:2,normal_distributed_training
54.5,2026-01-01 00:00:54.500000+00:00,,syn-normal-ddp-101,syn-normal-ddp-101,,,,,0,10.0,143.03264064487215,40.1807566065979,26.776720043305296,1202.182742951821,39.25128906154716,2195.667543789022,100.0,100.0,True,,synthetic_normal_distributed_training,sim_user,normal_distributed_training,gpu:2,normal_distributed_training
54.6,2026-01-01 00:00:54.600000+00:00,,syn-normal-ddp-101,syn-normal-ddp-101,,,,,0,10.0,144.70984712066698,38.56470586154736,20.24159742103934,1145.4337916439445,38.43632589696506,2003.0086119934656,100.0,100.0,True,,synthetic_normal_distributed_training,sim_user,normal_distributed_training,gpu:2,normal_distributed_training
54.7,2026-01-01 00:00:54.700000+00:00,,syn-normal-ddp-101,syn-normal-ddp-101,,,,,0,10.0,145.00216244073263,44.93574818027694,27.255644563129817,1290.9673490927923,40.24445896334122,2180.7228515534507,100.0,100.0,True,,synthetic_normal_distributed_training,sim_user,normal_distributed_training,gpu:2,normal_distributed_training
54.8,2026-01-01 00:00:54.800000+00:00,,syn-normal-ddp-101,syn-normal-ddp-101,,,,,0,10.0,142.12846120572772,43.24711194729472,18.885847372048,1243.7499479586081,39.68971448620163,1831.308601193767,100.0,100.0,True,,synthetic_normal_distributed_training,sim_user,normal_distributed_training,gpu:2,normal_distributed_training
54.9,2026-01-01 00:00:54.900000+00:00,,syn-normal-ddp-101,syn-normal-ddp-101,,,,,0,10.0,142.6041855494661,39.45234360816678,20.601028106981296,1226.743655897839,38.34370705656647,1895.477377491792,100.0,100.0,True,,synthetic_normal_distributed_training,sim_user,normal_distributed_training,gpu:2,normal_distributed_training
55.0,2026-01-01 00:00:55+00:00,,syn-normal-ddp-101,syn-normal-ddp-101,,,,,0,10.0,145.67983552231334,34.063641079475616,23.891021872419593,1110.8185546198633,37.05866505689677,2082.9777614062236,100.0,100.0,True,,synthetic_normal_distributed_training,sim_user,normal_distributed_training,gpu:2,normal_distributed_training
55.1,2026-01-01 00:00:55.100000+00:00,,syn-normal-ddp-101,syn-normal-ddp-101,,,,,0,10.0,147.8430328392454,43.413774160757605,25.31551955974835,1287.789774941105,39.60544450947275,2276.6118351363266,100.0,100.0,True,,synthetic_normal_distributed_training,sim_user,normal_distributed_training,gpu:2,normal_distributed_training
55.2,2026-01-01 00:00:55.200000+00:00,,syn-normal-ddp-101,syn-normal-ddp-101,,,,,0,10.0,147.64070363566822,39.39274042918612,14.451075661461564,1202.0854275755244,38.396597120967876,1350.8463849900718,100.0,100.0,True,,synthetic_normal_distributed_training,sim_user,normal_distributed_training,gpu:2,normal_distributed_training
55.3,2026-01-01 00:00:55.300000+00:00,,syn-normal-ddp-101,syn-normal-ddp-101,,,,,0,10.0,145.75667066641415,42.37131464743229,23.23347251865356,1296.4970370479018,39.47253778463124,2103.651050381327,100.0,100.0,True,,synthetic_normal_distributed_training,sim_user,normal_distributed_training,gpu:2,normal_distributed_training
55.4,2026-01-01 00:00:55.400000+00:00,,syn-normal-ddp-101,syn-normal-ddp-101,,,,,0,10.0,145.12264491828475,45.73992935991441,24.22285095801519,1334.9608578496948,40.21514329953683,2175.1221567316998,100.0,100.0,True,,synthetic_normal_distributed_training,sim_user,normal_distributed_training,gpu:2,normal_distributed_training
55.5,2026-01-01 00:00:55.500000+00:00,,syn-normal-ddp-101,syn-normal-ddp-101,,,,,0,10.0,143.16635390105577,50.328064762731046,22.982228393070855,1475.8462438696392,41.57860473420297,2252.12284535997,100.0,100.0,True,,synthetic_normal_distributed_training,sim_user,normal_distributed_training,gpu:2,normal_distributed_training
55.6,2026-01-01 00:00:55.600000+00:00,,syn-normal-ddp-101,syn-normal-ddp-101,,,,,0,10.0,141.40913846044214,48.29004898375974,19.572751499059972,1368.8335668133338,41.163982051653704,1863.521764918067,100.0,100.0,True,,synthetic_normal_distributed_training,sim_user,normal_distributed_training,gpu:2,normal_distributed_training
55.7,2026-01-01 00:00:55.700000+00:00,,syn-normal-ddp-101,syn-normal-ddp-101,,,,,0,10.0,144.39011033788475,36.973719059572666,16.574907061164325,1060.428399907482,37.982754439954796,1624.6655733738742,100.0,100.0,True,,synthetic_normal_distributed_training,sim_user,normal_distributed_training,gpu:2,normal_distributed_training
55.8,2026-01-01 00:00:55.800000+00:00,,syn-normal-ddp-101,syn-normal-ddp-101,,,,,0,10.0,146.04488036810355,45.70248602722981,20.90869408027654,1320.9445025093696,40.550677670336,1897.7773672806568,100.0,100.0,True,,synthetic_normal_distributed_training,sim_user,normal_distributed_training,gpu:2,normal_distributed_training
55.9,2026-01-01 00:00:55.900000+00:00,,syn-normal-ddp-101,syn-normal-ddp-101,,,,,0,10.0,148.0225880817627,43.564928516244265,26.865864487683233,1333.7357296480052,39.83733919101297,2415.5303557499597,100.0,100.0,True,,synthetic_normal_distributed_training,sim_user,normal_distributed_training,gpu:2,normal_distributed_training
56.0,2026-01-01 00:00:56+00:00,,syn-normal-ddp-101,syn-normal-ddp-101,,,,,0,10.0,150.60519668995408,49.37898941795862,29.51973684169699,1436.2895796959285,41.81768619423492,2516.037960273206,100.0,100.0,True,,synthetic_normal_distributed_training,sim_user,normal_distributed_training,gpu:2,normal_distributed_training
56.1,2026-01-01 00:00:56.100000+00:00,,syn-normal-ddp-101,syn-normal-ddp-101,,,,,0,10.0,151.1893610283506,57.77099041769664,34.38507520362252,1605.1896102144503,44.13865940012542,2883.9931216016557,100.0,100.0,True,,synthetic_normal_distributed_training,sim_user,normal_distributed_training,gpu:2,normal_distributed_training
56.2,2026-01-01 00:00:56.200000+00:00,,syn-normal-ddp-101,syn-normal-ddp-101,,,,,0,10.0,155.03602208975792,55.16821476267512,34.71595251004712,1599.8460351671033,43.222875733006134,2982.309355397074,100.0,100.0,True,,synthetic_normal_distributed_training,sim_user,normal_distributed_training,gpu:2,normal_distributed_training
56.3,2026-01-01 00:00:56.300000+00:00,,syn-normal-ddp-101,syn-normal-ddp-101,,,,,0,10.0,154.87892731041302,53.790911664007325,20.9148242681108,1593.5631089522708,43.01224678627808,1845.359137829203,100.0,100.0,True,,synthetic_normal_distributed_training,sim_user,normal_distributed_training,gpu:2,normal_distributed_training
56.4,2026-01-01 00:00:56.400000+00:00,,syn-normal-ddp-101,syn-normal-ddp-101,,,,,0,10.0,151.95596868730613,47.347623403017025,24.98879195340236,1357.6663480682846,41.187581145761015,2118.0247122873275,100.0,100.0,True,,synthetic_normal_distributed_training,sim_user,normal_distributed_training,gpu:2,normal_distributed_training
56.5,2026-01-01 00:00:56.500000+00:00,,syn-normal-ddp-101,syn-normal-ddp-101,,,,,0,10.0,149.53154359960985,44.37839305196457,25.818608919634176,1337.0979295719724,40.497521428122226,2124.790012924652,100.0,100.0,True,,synthetic_normal_distributed_training,sim_user,normal_distributed_training,gpu:2,normal_distributed_training
56.6,2026-01-01 00:00:56.600000+00:00,,syn-normal-ddp-101,syn-normal-ddp-101,,,,,0,10.0,146.70427417082146,44.238425279601316,21.702234719249518,1388.9111797750477,40.52325668744371,2101.2774413292846,100.0,100.0,True,,synthetic_normal_distributed_training,sim_user,normal_distributed_training,gpu:2,normal_distributed_training
56.7,2026-01-01 00:00:56.700000+00:00,,syn-normal-ddp-101,syn-normal-ddp-101,,,,,0,10.0,151.34458683103853,52.27349825497689,26.288784793273386,1501.286497704042,42.62655638550082,2408.615588863605,100.0,100.0,True,,synthetic_normal_distributed_training,sim_user,normal_distributed_training,gpu:2,normal_distributed_training
56.8,2026-01-01 00:00:56.800000+00:00,,syn-normal-ddp-101,syn-normal-ddp-101,,,,,0,10.0,151.82557194666055,57.49641202724382,28.475589772515367,1649.0375500697257,44.27934476756173,2479.6925144624,100.0,100.0,True,,synthetic_normal_distributed_training,sim_user,normal_distributed_training,gpu:2,normal_distributed_training
56.9,2026-01-01 00:00:56.900000+00:00,,syn-normal-ddp-101,syn-normal-ddp-101,,,,,0,10.0,190.65816284658348,81.37584426105366,45.47498598633479,2216.153091425706,50.90757416027345,3775.698266031904,100.0,100.0,True,,synthetic_normal_distributed_training,sim_user,normal_distributed_training,gpu:2,normal_distributed_training
57.0,2026-01-01 00:00:57+00:00,,syn-normal-ddp-101,syn-normal-ddp-101,,,,,0,10.0,193.19347029261795,79.42614756546625,43.50256906510559,2142.2391849971327,50.32809018732855,3626.3592590956437,100.0,100.0,True,,synthetic_normal_distributed_training,sim_user,normal_distributed_training,gpu:2,normal_distributed_training
57.1,2026-01-01 00:00:57.100000+00:00,,syn-normal-ddp-101,syn-normal-ddp-101,,,,,0,10.0,192.7064589394336,79.62494815482542,48.764067730058194,2149.8856865174153,50.49386500860497,3825.951372379377,100.0,100.0,True,,synthetic_normal_distributed_training,sim_user,normal_distributed_training,gpu:2,normal_distributed_training
57.2,2026-01-01 00:00:57.200000+00:00,,syn-normal-ddp-101,syn-normal-ddp-101,,,,,0,10.0,193.52833059270714,84.3674913510654,48.02124665324521,2350.0362539730077,51.65761515636331,3821.6699869964887,100.0,100.0,True,,synthetic_normal_distributed_training,sim_user,normal_distributed_training,gpu:2,normal_distributed_training
57.3,2026-01-01 00:00:57.300000+00:00,,syn-normal-ddp-101,syn-normal-ddp-101,,,,,0,10.0,191.54757995706484,87.71611777253727,49.14291328479881,2417.4245691548476,52.73608981007119,4046.6565621617647,100.0,100.0,True,,synthetic_normal_distributed_training,sim_user,normal_distributed_training,gpu:2,normal_distributed_training
57.4,2026-01-01 00:00:57.400000+00:00,,syn-normal-ddp-101,syn-normal-ddp-101,,,,,0,10.0,185.67727463774133,84.97187914048442,46.69596386464813,2324.7288278925766,51.91372100491688,3766.558805534122,100.0,100.0,True,,synthetic_normal_distributed_training,sim_user,normal_distributed_training,gpu:2,normal_distributed_training
57.5,2026-01-01 00:00:57.500000+00:00,,syn-normal-ddp-101,syn-normal-ddp-101,,,,,0,10.0,184.06315300228414,68.84899959008867,34.776006055307114,1998.9858631806937,47.39298121828686,2969.8128198479385,100.0,100.0,True,,synthetic_normal_distributed_training,sim_user,normal_distributed_training,gpu:2,normal_distributed_training
57.6,2026-01-01 00:00:57.600000+00:00,,syn-normal-ddp-101,syn-normal-ddp-101,,,,,0,10.0,184.96612595458583,67.07526564041814,37.43768123018438,1872.7074449822703,47.00965472998368,2967.626554325786,100.0,100.0,True,,synthetic_normal_distributed_training,sim_user,normal_distributed_training,gpu:2,normal_distributed_training
57.7,2026-01-01 00:00:57.700000+00:00,,syn-normal-ddp-101,syn-normal-ddp-101,,,,,0,10.0,183.7954413554142,78.06713998927181,46.2853091795701,2164.809430186623,49.81624004635786,3754.922154688987,100.0,100.0,True,,synthetic_normal_distributed_training,sim_user,normal_distributed_training,gpu:2,normal_distributed_training
57.8,2026-01-01 00:00:57.800000+00:00,,syn-normal-ddp-101,syn-normal-ddp-101,,,,,0,10.0,183.54537861789044,77.49307819512686,44.560164300382645,2173.349315521866,49.62832274147112,3375.784447108972,100.0,100.0,True,,synthetic_normal_distributed_training,sim_user,normal_distributed_training,gpu:2,normal_distributed_training
57.9,2026-01-01 00:00:57.900000+00:00,,syn-normal-ddp-101,syn-normal-ddp-101,,,,,0,10.0,182.38401602578583,77.7189159646546,38.542010754772555,2129.0063568146766,49.767038815129105,3250.0803078606386,100.0,100.0,True,,synthetic_normal_distributed_training,sim_user,normal_distributed_training,gpu:2,normal_distributed_training
58.0,2026-01-01 00:00:58+00:00,,syn-normal-ddp-101,syn-normal-ddp-101,,,,,0,10.0,185.18316469492314,83.06271655706138,39.69994151239857,2249.924968653461,51.14159237589245,3037.16654866055,100.0,100.0,True,,synthetic_normal_distributed_training,sim_user,normal_distributed_training,gpu:2,normal_distributed_training
58.1,2026-01-01 00:00:58.100000+00:00,,syn-normal-ddp-101,syn-normal-ddp-101,,,,,0,10.0,186.1584086891979,74.19650513800045,43.6628233964617,2045.26793616723,48.66121743724533,3464.53688741124,100.0,100.0,True,,synthetic_normal_distributed_training,sim_user,normal_distributed_training,gpu:2,normal_distributed_training
58.2,2026-01-01 00:00:58.200000+00:00,,syn-normal-ddp-101,syn-normal-ddp-101,,,,,0,10.0,184.3866267748647,78.01933047359161,43.73316981808832,2120.8295881708673,49.75619874408411,3578.21034071092,100.0,100.0,True,,synthetic_normal_distributed_training,sim_user,normal_distributed_training,gpu:2,normal_distributed_training
58.3,2026-01-01 00:00:58.300000+00:00,,syn-normal-ddp-101,syn-normal-ddp-101,,,,,0,10.0,144.8505547585333,39.16159525517911,22.76723159845617,1192.4677948746546,38.70051773328348,2015.7389931622697,100.0,100.0,True,,synthetic_normal_distributed_training,sim_user,normal_distributed_training,gpu:2,normal_distributed_training
58.4,2026-01-01 00:00:58.400000+00:00,,syn-normal-ddp-101,syn-normal-ddp-101,,,,,0,10.0,144.03510304440175,50.29699710632469,24.306427712270988,1473.9330605928144,41.76898981476095,2168.4850446521036,100.0,100.0,True,,synthetic_normal_distributed_training,sim_user,normal_distributed_training,gpu:2,normal_distributed_training
58.5,2026-01-01 00:00:58.500000+00:00,,syn-normal-ddp-101,syn-normal-ddp-101,,,,,0,10.0,144.17297418119009,43.41194226913586,26.925563009810503,1272.7765924698135,39.88376169897081,2246.844623405804,100.0,100.0,True,,synthetic_normal_distributed_training,sim_user,normal_distributed_training,gpu:2,normal_distributed_training
58.6,2026-01-01 00:00:58.600000+00:00,,syn-normal-ddp-101,syn-normal-ddp-101,,,,,0,10.0,143.8806936972893,43.0347030940773,26.6422102792653,1209.676880718489,39.942612855126995,2485.4922429951207,100.0,100.0,True,,synthetic_normal_distributed_training,sim_user,normal_distributed_training,gpu:2,normal_distributed_training
58.7,2026-01-01 00:00:58.700000+00:00,,syn-normal-ddp-101,syn-normal-ddp-101,,,,,0,10.0,142.40145766365754,37.002274335880635,19.414158696923984,1113.1005146521577,38.19838534249999,1911.4953203274652,100.0,100.0,True,,synthetic_normal_distributed_training,sim_user,normal_distributed_training,gpu:2,normal_distributed_training
58.8,2026-01-01 00:00:58.800000+00:00,,syn-normal-ddp-101,syn-normal-ddp-101,,,,,0,10.0,141.25255788940453,48.849855169765185,29.250064438918873,1382.1919137671898,41.86189421754328,2466.4375185739127,100.0,100.0,True,,synthetic_normal_distributed_training,sim_user,normal_distributed_training,gpu:2,normal_distributed_training
58.9,2026-01-01 00:00:58.900000+00:00,,syn-normal-ddp-101,syn-normal-ddp-101,,,,,0,10.0,141.61062442036348,46.849489736423806,22.1936804843865,1362.8018573019551,41.319971113455885,2171.2823788626224,100.0,100.0,True,,synthetic_normal_distributed_training,sim_user,normal_distributed_training,gpu:2,normal_distributed_training
59.0,2026-01-01 00:00:59+00:00,,syn-normal-ddp-101,syn-normal-ddp-101,,,,,0,10.0,141.88975915799364,45.53721177708737,24.79442727320381,1356.8627522221457,41.0305448444472,2131.231867794011,100.0,100.0,True,,synthetic_normal_distributed_training,sim_user,normal_distributed_training,gpu:2,normal_distributed_training
59.1,2026-01-01 00:00:59.100000+00:00,,syn-normal-ddp-101,syn-normal-ddp-101,,,,,0,10.0,141.4810807381657,35.1332847131314,11.401706855813703,1139.0252546434094,38.05337621286693,1258.5703368619088,100.0,100.0,True,,synthetic_normal_distributed_training,sim_user,normal_distributed_training,gpu:2,normal_distributed_training
59.2,2026-01-01 00:00:59.200000+00:00,,syn-normal-ddp-101,syn-normal-ddp-101,,,,,0,10.0,141.46034467852138,38.06283655832047,19.8833855074302,1207.1094277901855,38.88045877812247,1792.4362878918118,100.0,100.0,True,,synthetic_normal_distributed_training,sim_user,normal_distributed_training,gpu:2,normal_distributed_training
59.3,2026-01-01 00:00:59.300000+00:00,,syn-normal-ddp-101,syn-normal-ddp-101,,,,,0,10.0,141.58307738171848,47.3982049522036,35.99773734860087,1345.8224369515851,41.66767941667732,3051.932347463368,100.0,100.0,True,,synthetic_normal_distributed_training,sim_user,normal_distributed_training,gpu:2,normal_distributed_training
59.4,2026-01-01 00:00:59.400000+00:00,,syn-normal-ddp-101,syn-normal-ddp-101,,,,,0,10.0,139.70890499081494,39.84433788600136,24.83842372000094,1209.4968400245502,39.47781466889684,2316.4722629161984,100.0,100.0,True,,synthetic_normal_distributed_training,sim_user,normal_distributed_training,gpu:2,normal_distributed_training
59.5,2026-01-01 00:00:59.500000+00:00,,syn-normal-ddp-101,syn-normal-ddp-101,,,,,0,10.0,138.11020402685617,40.289963712047104,29.15677546904527,1195.419802361303,39.34622247491647,2407.1131047541235,100.0,100.0,True,,synthetic_normal_distributed_training,sim_user,normal_distributed_training,gpu:2,normal_distributed_training
59.6,2026-01-01 00:00:59.600000+00:00,,syn-normal-ddp-101,syn-normal-ddp-101,,,,,0,10.0,136.46817485351158,39.85366848746071,24.372065549903326,1211.8195441643181,39.05292406708088,1994.9737571160235,100.0,100.0,True,,synthetic_normal_distributed_training,sim_user,normal_distributed_training,gpu:2,normal_distributed_training
59.7,2026-01-01 00:00:59.700000+00:00,,syn-normal-ddp-101,syn-normal-ddp-101,,,,,0,10.0,134.24379056393875,34.323963892748445,19.990191059742607,1129.2919360215103,37.35896909331016,1895.0312843892773,100.0,100.0,True,,synthetic_normal_distributed_training,sim_user,normal_distributed_training,gpu:2,normal_distributed_training
59.8,2026-01-01 00:00:59.800000+00:00,,syn-normal-ddp-101,syn-normal-ddp-101,,,,,0,10.0,135.42872359295114,42.846462987124596,24.619497383127094,1304.1893338477257,39.599657865840356,2198.8965280568186,100.0,100.0,True,,synthetic_normal_distributed_training,sim_user,normal_distributed_training,gpu:2,normal_distributed_training
59.9,2026-01-01 00:00:59.900000+00:00,,syn-normal-ddp-101,syn-normal-ddp-101,,,,,0,10.0,137.26273179672725,28.56410396392551,14.292528095374852,938.3038020996031,35.801752349929764,1499.276282902168,100.0,100.0,True,,synthetic_normal_distributed_training,sim_user,normal_distributed_training,gpu:2,normal_distributed_training
60.0,2026-01-01 00:01:00+00:00,,syn-normal-ddp-101,syn-normal-ddp-101,,,,,0,10.0,141.01966412734504,49.70835911478716,30.448085350772384,1436.9632447936551,41.88816134386429,2551.820174235551,100.0,100.0,True,,synthetic_normal_distributed_training,sim_user,normal_distributed_training,gpu:2,normal_distributed_training
60.1,2026-01-01 00:01:00.100000+00:00,,syn-normal-ddp-101,syn-normal-ddp-101,,,,,0,10.0,145.71548121545382,52.88329818649006,26.35286001397845,1508.1232021761746,42.90714169841475,2418.787438791833,100.0,100.0,True,,synthetic_normal_distributed_training,sim_user,normal_distributed_training,gpu:2,normal_distributed_training
60.2,2026-01-01 00:01:00.200000+00:00,,syn-normal-ddp-101,syn-normal-ddp-101,,,,,0,10.0,149.99083482883466,50.46789701559119,28.15767678548829,1461.4183140538407,41.953746894094486,2415.830366459952,100.0,100.0,True,,synthetic_normal_distributed_training,sim_user,normal_distributed_training,gpu:2,normal_distributed_training
60.3,2026-01-01 00:01:00.300000+00:00,,syn-normal-ddp-101,syn-normal-ddp-101,,,,,0,10.0,157.49356090555526,57.54996827826509,44.93242664201883,1670.6547259879324,43.91755732570238,3570.1121302786673,100.0,100.0,True,,synthetic_normal_distributed_training,sim_user,normal_distributed_training,gpu:2,normal_distributed_training
60.4,2026-01-01 00:01:00.400000+00:00,,syn-normal-ddp-101,syn-normal-ddp-101,,,,,0,10.0,159.2089162616432,54.333686024747855,32.11783683546034,1624.3140691600522,43.318056245258184,2565.8612492863576,100.0,100.0,True,,synthetic_normal_distributed_training,sim_user,normal_distributed_training,gpu:2,normal_distributed_training
60.5,2026-01-01 00:01:00.500000+00:00,,syn-normal-ddp-101,syn-normal-ddp-101,,,,,0,10.0,160.21867240101489,65.0010005178107,34.08053845815795,1856.7987820866547,46.438290369550636,2817.8212634180313,100.0,100.0,True,,synthetic_normal_distributed_training,sim_user,normal_distributed_training,gpu:2,normal_distributed_training
60.6,2026-01-01 00:01:00.600000+00:00,,syn-normal-ddp-101,syn-normal-ddp-101,,,,,0,10.0,158.89361182985925,51.72585538341671,32.94720875017545,1498.1262382486254,42.5521835321402,2700.501491764668,100.0,100.0,True,,synthetic_normal_distributed_training,sim_user,normal_distributed_training,gpu:2,normal_distributed_training
60.7,2026-01-01 00:01:00.700000+00:00,,syn-normal-ddp-101,syn-normal-ddp-101,,,,,0,10.0,152.4323572412641,45.09515023461677,26.774460642581847,1336.2754577076896,40.63277796837855,2299.1581018708557,100.0,100.0,True,,synthetic_normal_distributed_training,sim_user,normal_distributed_training,gpu:2,normal_distributed_training
60.8,2026-01-01 00:01:00.800000+00:00,,syn-normal-ddp-101,syn-normal-ddp-101,,,,,0,10.0,150.47390461937616,50.63448893644394,27.033715450758024,1503.6951709063712,42.04982889515035,2322.8491451520576,100.0,100.0,True,,synthetic_normal_distributed_training,sim_user,normal_distributed_training,gpu:2,normal_distributed_training
60.9,2026-01-01 00:01:00.900000+00:00,,syn-normal-ddp-101,syn-normal-ddp-101,,,,,0,10.0,148.35032814549632,44.28564941412489,20.135689121516492,1378.6851266501767,39.98056593581972,2012.5038485831913,100.0,100.0,True,,synthetic_normal_distributed_training,sim_user,normal_distributed_training,gpu:2,normal_distributed_training
61.0,2026-01-01 00:01:01+00:00,,syn-normal-ddp-101,syn-normal-ddp-101,,,,,0,10.0,145.32553620163102,43.02387094662977,23.245694031197896,1358.3696147126986,39.66678477026877,2201.483898711207,100.0,100.0,True,,synthetic_normal_distributed_training,sim_user,normal_distributed_training,gpu:2,normal_distributed_training
61.1,2026-01-01 00:01:01.100000+00:00,,syn-normal-ddp-101,syn-normal-ddp-101,,,,,0,10.0,144.10634736289074,52.04243329682719,27.09136401903714,1479.3430362061235,42.237606974537165,2342.2624871581033,100.0,100.0,True,,synthetic_normal_distributed_training,sim_user,normal_distributed_training,gpu:2,normal_distributed_training
61.2,2026-01-01 00:01:01.200000+00:00,,syn-normal-ddp-101,syn-normal-ddp-101,,,,,0,10.0,141.18903002580706,31.351049275762435,17.680002163735356,944.9602160569132,36.48742446347944,1872.8926724357902,100.0,100.0,True,,synthetic_normal_distributed_training,sim_user,normal_distributed_training,gpu:2,normal_distributed_training
61.3,2026-01-01 00:01:01.300000+00:00,,syn-normal-ddp-101,syn-normal-ddp-101,,,,,0,10.0,139.1671653941108,43.56874352888621,25.729199832116542,1333.4159092671325,39.77112283231932,2219.977511297707,100.0,100.0,True,,synthetic_normal_distributed_training,sim_user,normal_distributed_training,gpu:2,normal_distributed_training
61.4,2026-01-01 00:01:01.400000+00:00,,syn-normal-ddp-101,syn-normal-ddp-101,,,,,0,10.0,144.9190277798137,38.90875697808277,22.788464630599353,1214.1944345400068,38.31134619277419,2050.998489321268,100.0,100.0,True,,synthetic_normal_distributed_training,sim_user,normal_distributed_training,gpu:2,normal_distributed_training
61.5,2026-01-01 00:01:01.500000+00:00,,syn-normal-ddp-101,syn-normal-ddp-101,,,,,0,10.0,145.4403836980831,45.561132359575026,21.533523285236075,1388.1065635712164,40.20351330190327,1841.9510319134229,100.0,100.0,True,,synthetic_normal_distributed_training,sim_user,normal_distributed_training,gpu:2,normal_distributed_training
61.6,2026-01-01 00:01:01.600000+00:00,,syn-normal-ddp-101,syn-normal-ddp-101,,,,,0,10.0,147.9129366720295,48.954497621121796,29.234902530018523,1495.8331950463917,41.4413212500655,2428.608963627054,100.0,100.0,True,,synthetic_normal_distributed_training,sim_user,normal_distributed_training,gpu:2,normal_distributed_training
61.7,2026-01-01 00:01:01.700000+00:00,,syn-normal-ddp-101,syn-normal-ddp-101,,,,,0,10.0,145.0250536532682,45.98717096007394,27.151078358566586,1354.5297278757143,40.56534272279706,2675.456059161384,100.0,100.0,True,,synthetic_normal_distributed_training,sim_user,normal_distributed_training,gpu:2,normal_distributed_training
61.8,2026-01-01 00:01:01.800000+00:00,,syn-normal-ddp-101,syn-normal-ddp-101,,,,,0,10.0,147.87490964924257,38.640725419877874,15.586266886604266,1206.8153840535304,38.7619809601558,1397.1936778153668,100.0,100.0,True,,synthetic_normal_distributed_training,sim_user,normal_distributed_training,gpu:2,normal_distributed_training
61.9,2026-01-01 00:01:01.900000+00:00,,syn-normal-ddp-101,syn-normal-ddp-101,,,,,0,10.0,152.47277308990894,50.16668114015066,29.111098317708908,1427.9619854309587,41.91123610504988,2410.3823524902546,100.0,100.0,True,,synthetic_normal_distributed_training,sim_user,normal_distributed_training,gpu:2,normal_distributed_training
62.0,2026-01-01 00:01:02+00:00,,syn-normal-ddp-101,syn-normal-ddp-101,,,,,0,10.0,151.7648607089569,52.34103653623279,28.651240319850242,1564.49695143838,42.55756215467989,2461.473740712109,100.0,100.0,True,,synthetic_normal_distributed_training,sim_user,normal_distributed_training,gpu:2,normal_distributed_training
62.1,2026-01-01 00:01:02.100000+00:00,,syn-normal-ddp-101,syn-normal-ddp-101,,,,,0,10.0,150.61175074899037,58.387463393882676,33.82345247846203,1666.7473516433656,44.17400948337792,2606.777817592985,100.0,100.0,True,,synthetic_normal_distributed_training,sim_user,normal_distributed_training,gpu:2,normal_distributed_training
62.2,2026-01-01 00:01:02.200000+00:00,,syn-normal-ddp-101,syn-normal-ddp-101,,,,,0,10.0,146.99855756790205,47.46752558961795,21.900051765991222,1392.6237607463788,40.98593008863617,2067.187356028624,100.0,100.0,True,,synthetic_normal_distributed_training,sim_user,normal_distributed_training,gpu:2,normal_distributed_training
62.3,2026-01-01 00:01:02.300000+00:00,,syn-normal-ddp-101,syn-normal-ddp-101,,,,,0,10.0,139.50366469358266,34.17197180978546,17.65296258864277,1025.6780277101693,37.62187333523871,1769.7451806787471,100.0,100.0,True,,synthetic_normal_distributed_training,sim_user,normal_distributed_training,gpu:2,normal_distributed_training
62.4,2026-01-01 00:01:02.400000+00:00,,syn-normal-ddp-101,syn-normal-ddp-101,,,,,0,10.0,139.2736572547485,36.052321919686484,19.0061452464298,1161.577104383606,38.2240769801053,1822.1450719949996,100.0,100.0,True,,synthetic_normal_distributed_training,sim_user,normal_distributed_training,gpu:2,normal_distributed_training
62.5,2026-01-01 00:01:02.500000+00:00,,syn-normal-ddp-101,syn-normal-ddp-101,,,,,0,10.0,137.30740361609674,33.911531829320076,13.820698984034996,1092.1981528194171,37.70635395898974,1276.485659623094,100.0,100.0,True,,synthetic_normal_distributed_training,sim_user,normal_distributed_training,gpu:2,normal_distributed_training
62.6,2026-01-01 00:01:02.600000+00:00,,syn-normal-ddp-101,syn-normal-ddp-101,,,,,0,10.0,134.2877044703773,42.9210325238843,25.777305966566118,1306.8023591619371,40.15012153280612,2159.3807240091837,100.0,100.0,True,,synthetic_normal_distributed_training,sim_user,normal_distributed_training,gpu:2,normal_distributed_training
62.7,2026-01-01 00:01:02.700000+00:00,,syn-normal-ddp-101,syn-normal-ddp-101,,,,,0,10.0,135.1161048032069,41.16658382266105,21.55170834778727,1192.232725471661,39.819220370775675,1900.5504369185437,100.0,100.0,True,,synthetic_normal_distributed_training,sim_user,normal_distributed_training,gpu:2,normal_distributed_training
62.8,2026-01-01 00:01:02.800000+00:00,,syn-normal-ddp-101,syn-normal-ddp-101,,,,,0,10.0,136.03428397253896,29.424532356815902,17.845456268905227,919.2958220511226,36.808431181900644,1760.2856242831858,100.0,100.0,True,,synthetic_normal_distributed_training,sim_user,normal_distributed_training,gpu:2,normal_distributed_training
62.9,2026-01-01 00:01:02.900000+00:00,,syn-normal-ddp-101,syn-normal-ddp-101,,,,,0,10.0,139.37425947690625,37.374870176083114,16.635467596006965,1182.7654544956295,38.9718986217748,1838.6616796851224,100.0,100.0,True,,synthetic_normal_distributed_training,sim_user,normal_distributed_training,gpu:2,normal_distributed_training
63.0,2026-01-01 00:01:03+00:00,,syn-normal-ddp-101,syn-normal-ddp-101,,,,,0,10.0,147.52664564501637,53.0603560058978,23.668504984396293,1531.7434616933772,43.60055643932506,2030.479517547477,100.0,100.0,True,,synthetic_normal_distributed_training,sim_user,normal_distributed_training,gpu:2,normal_distributed_training
63.1,2026-01-01 00:01:03.100000+00:00,,syn-normal-ddp-101,syn-normal-ddp-101,,,,,0,10.0,147.3795727236852,41.64888927812038,18.353955044331304,1257.865734835122,40.33401359755885,1687.640428383151,100.0,100.0,True,,synthetic_normal_distributed_training,sim_user,normal_distributed_training,gpu:2,normal_distributed_training
63.2,2026-01-01 00:01:03.200000+00:00,,syn-normal-ddp-101,syn-normal-ddp-101,,,,,0,10.0,145.73071035450906,47.65605274590294,17.548784083684872,1413.5049803008496,41.715923618934276,1596.149646212856,100.0,100.0,True,,synthetic_normal_distributed_training,sim_user,normal_distributed_training,gpu:2,normal_distributed_training
63.3,2026-01-01 00:01:03.300000+00:00,,syn-normal-ddp-101,syn-normal-ddp-101,,,,,0,10.0,144.28476755806852,42.1804480055174,20.179754472461067,1249.440774092677,40.13020634861209,1904.0525543311655,100.0,100.0,True,,synthetic_normal_distributed_training,sim_user,normal_distributed_training,gpu:2,normal_distributed_training
63.4,2026-01-01 00:01:03.400000+00:00,,syn-normal-ddp-101,syn-normal-ddp-101,,,,,0,10.0,143.80568809367227,44.63926300069217,26.226525630066632,1364.4245454452077,40.7299192006875,2157.71448683848,100.0,100.0,True,,synthetic_normal_distributed_training,sim_user,normal_distributed_training,gpu:2,normal_distributed_training
63.5,2026-01-01 00:01:03.500000+00:00,,syn-normal-ddp-101,syn-normal-ddp-101,,,,,0,10.0,141.8187162577253,39.575077940625725,27.70760881547821,1128.3337336134248,39.48889337011155,2422.253891960739,100.0,100.0,True,,synthetic_normal_distributed_training,sim_user,normal_distributed_training,gpu:2,normal_distributed_training
63.6,2026-01-01 00:01:03.600000+00:00,,syn-normal-ddp-101,syn-normal-ddp-101,,,,,0,10.0,145.38807037607057,37.65310438453503,25.554671848763657,1208.8137909047264,38.68759637967792,2387.9570914053975,100.0,100.0,True,,synthetic_normal_distributed_training,sim_user,normal_distributed_training,gpu:2,normal_distributed_training
63.7,2026-01-01 00:01:03.700000+00:00,,syn-normal-ddp-101,syn-normal-ddp-101,,,,,0,10.0,141.40406601932054,36.74330691908369,25.651034525569084,1183.9447465727624,38.24420894818494,2176.734482242067,100.0,100.0,True,,synthetic_normal_distributed_training,sim_user,normal_distributed_training,gpu:2,normal_distributed_training
63.8,2026-01-01 00:01:03.800000+00:00,,syn-normal-ddp-101,syn-normal-ddp-101,,,,,0,10.0,145.04335246295975,46.60706030248764,31.05677420562188,1391.4622727440385,41.066463075451054,2641.6126684558026,100.0,100.0,True,,synthetic_normal_distributed_training,sim_user,normal_distributed_training,gpu:2,normal_distributed_training
63.9,2026-01-01 00:01:03.900000+00:00,,syn-normal-ddp-101,syn-normal-ddp-101,,,,,0,10.0,184.07294193736723,80.4511024739648,53.092422279800275,2248.23480176817,50.70997374571061,4155.083295802629,100.0,100.0,True,,synthetic_normal_distributed_training,sim_user,normal_distributed_training,gpu:2,normal_distributed_training
64.0,2026-01-01 00:01:04+00:00,,syn-normal-ddp-101,syn-normal-ddp-101,,,,,0,10.0,183.87339157851034,72.18978786180618,40.687387224291754,2010.2935255098694,48.423940897389755,3173.318304281086,100.0,100.0,True,,synthetic_normal_distributed_training,sim_user,normal_distributed_training,gpu:2,normal_distributed_training
64.1,2026-01-01 00:01:04.100000+00:00,,syn-normal-ddp-101,syn-normal-ddp-101,,,,,0,10.0,186.52947202639464,77.34942840065376,46.573214258579455,2208.7199678579786,49.869633637728654,3631.910539657706,100.0,100.0,True,,synthetic_normal_distributed_training,sim_user,normal_distributed_training,gpu:2,normal_distributed_training
64.2,2026-01-01 00:01:04.200000+00:00,,syn-normal-ddp-101,syn-normal-ddp-101,,,,,0,10.0,189.1378117320119,79.7687305566812,46.72230975494562,2183.147190260936,50.57269263906108,3668.065672482556,100.0,100.0,True,,synthetic_normal_distributed_training,sim_user,normal_distributed_training,gpu:2,normal_distributed_training
64.3,2026-01-01 00:01:04.300000+00:00,,syn-normal-ddp-101,syn-normal-ddp-101,,,,,0,10.0,182.07210633450745,66.2904412784962,26.228946433720267,1833.2778238352048,46.75435299938797,2117.893726917554,100.0,100.0,True,,synthetic_normal_distributed_training,sim_user,normal_distributed_training,gpu:2,normal_distributed_training
64.4,2026-01-01 00:01:04.400000+00:00,,syn-normal-ddp-101,syn-normal-ddp-101,,,,,0,10.0,186.4441868537868,70.0150405103454,39.38076521635781,1975.3231150651254,47.361961874043146,3077.620500964376,100.0,100.0,True,,synthetic_normal_distributed_training,sim_user,normal_distributed_training,gpu:2,normal_distributed_training
64.5,2026-01-01 00:01:04.500000+00:00,,syn-normal-ddp-101,syn-normal-ddp-101,,,,,0,10.0,186.0517406656944,78.07178871882779,43.40736306222271,2143.3110808929214,49.53226921210948,3577.647333758336,100.0,100.0,True,,synthetic_normal_distributed_training,sim_user,normal_distributed_training,gpu:2,normal_distributed_training
64.6,2026-01-01 00:01:04.600000+00:00,,syn-normal-ddp-101,syn-normal-ddp-101,,,,,0,10.0,187.21312257636305,77.95307390634669,44.6606586985913,2147.194867684026,49.50995135487517,3550.666708525726,100.0,100.0,True,,synthetic_normal_distributed_training,sim_user,normal_distributed_training,gpu:2,normal_distributed_training
64.7,2026-01-01 00:01:04.700000+00:00,,syn-normal-ddp-101,syn-normal-ddp-101,,,,,0,10.0,189.30061621327863,73.1137627045607,38.35079943074604,2095.6637439953374,48.209620329081524,3048.0248217964236,100.0,100.0,True,,synthetic_normal_distributed_training,sim_user,normal_distributed_training,gpu:2,normal_distributed_training
64.8,2026-01-01 00:01:04.800000+00:00,,syn-normal-ddp-101,syn-normal-ddp-101,,,,,0,10.0,186.65960674251087,65.81034123177673,33.41964252916848,1783.365349665015,45.573814880934634,2841.7113214841143,100.0,100.0,True,,synthetic_normal_distributed_training,sim_user,normal_distributed_training,gpu:2,normal_distributed_training
64.9,2026-01-01 00:01:04.900000+00:00,,syn-normal-ddp-101,syn-normal-ddp-101,,,,,0,10.0,182.31062629869263,68.62667168192826,35.87649323320695,1949.781213225391,46.51760079420089,2996.1874362519893,100.0,100.0,True,,synthetic_normal_distributed_training,sim_user,normal_distributed_training,gpu:2,normal_distributed_training
65.0,2026-01-01 00:01:05+00:00,,syn-normal-ddp-101,syn-normal-ddp-101,,,,,0,10.0,185.51808911916683,71.20849794029816,42.35488983101809,1951.8824921994437,47.333807362739165,3302.1191606308116,100.0,100.0,True,,synthetic_normal_distributed_training,sim_user,normal_distributed_training,gpu:2,normal_distributed_training
65.1,2026-01-01 00:01:05.100000+00:00,,syn-normal-ddp-101,syn-normal-ddp-101,,,,,0,10.0,183.27847772254427,74.76584514431657,43.21020490767059,2084.6794729867306,48.29354462012344,3451.596713989453,100.0,100.0,True,,synthetic_normal_distributed_training,sim_user,normal_distributed_training,gpu:2,normal_distributed_training
65.2,2026-01-01 00:01:05.200000+00:00,,syn-normal-ddp-101,syn-normal-ddp-101,,,,,0,10.0,184.44418229649028,71.35394589956654,45.48183978417058,2010.314903648715,47.2627260629386,3362.1128538969488,100.0,100.0,True,,synthetic_normal_distributed_training,sim_user,normal_distributed_training,gpu:2,normal_distributed_training
65.3,2026-01-01 00:01:05.300000+00:00,,syn-normal-ddp-101,syn-normal-ddp-101,,,,,0,10.0,182.83631314255967,71.65106201706864,34.45615844904534,2011.9457282043616,47.361491478935044,2839.701855671854,100.0,100.0,True,,synthetic_normal_distributed_training,sim_user,normal_distributed_training,gpu:2,normal_distributed_training
65.4,2026-01-01 00:01:05.400000+00:00,,syn-normal-ddp-101,syn-normal-ddp-101,,,,,0,10.0,180.29796699678892,74.88835924094026,45.97649151636165,2026.6760089295421,48.210521187365174,3803.7652586035706,100.0,100.0,True,,synthetic_normal_distributed_training,sim_user,normal_distributed_training,gpu:2,normal_distributed_training
65.5,2026-01-01 00:01:05.500000+00:00,,syn-normal-ddp-101,syn-normal-ddp-101,,,,,0,10.0,181.08880190576295,73.37641747560768,48.30933249149708,2045.7183814420891,47.644578373846755,3843.952249204373,100.0,100.0,True,,synthetic_normal_distributed_training,sim_user,normal_distributed_training,gpu:2,normal_distributed_training
65.6,2026-01-01 00:01:05.600000+00:00,,syn-normal-ddp-101,syn-normal-ddp-101,,,,,0,10.0,185.5650306917579,71.91770735695458,36.03476729891662,2028.1417730384583,47.35458901780965,2937.2562813615705,100.0,100.0,True,,synthetic_normal_distributed_training,sim_user,normal_distributed_training,gpu:2,normal_distributed_training
65.7,2026-01-01 00:01:05.700000+00:00,,syn-normal-ddp-101,syn-normal-ddp-101,,,,,0,10.0,187.56738549675947,81.14096236479106,45.12715535790064,2307.0272249192276,50.14563144638891,3678.169530639191,100.0,100.0,True,,synthetic_normal_distributed_training,sim_user,normal_distributed_training,gpu:2,normal_distributed_training
65.8,2026-01-01 00:01:05.800000+00:00,,syn-normal-ddp-101,syn-normal-ddp-101,,,,,0,10.0,185.36331135832648,76.55068219790515,35.76108119793827,2134.5657318710178,48.91994902089202,2771.363787811161,100.0,100.0,True,,synthetic_normal_distributed_training,sim_user,normal_distributed_training,gpu:2,normal_distributed_training
65.9,2026-01-01 00:01:05.900000+00:00,,syn-normal-ddp-101,syn-normal-ddp-101,,,,,0,10.0,181.27036737339242,79.69675985316667,32.5823040852387,2159.011204290199,49.63291380138649,2896.6215515157346,100.0,100.0,True,,synthetic_normal_distributed_training,sim_user,normal_distributed_training,gpu:2,normal_distributed_training
66.0,2026-01-01 00:01:06+00:00,,syn-normal-ddp-101,syn-normal-ddp-101,,,,,0,10.0,185.25952287623622,70.82822070861512,33.46691170544957,1951.6528076100428,47.16291300458253,2870.3709179377993,100.0,100.0,True,,synthetic_normal_distributed_training,sim_user,normal_distributed_training,gpu:2,normal_distributed_training
66.1,2026-01-01 00:01:06.100000+00:00,,syn-normal-ddp-101,syn-normal-ddp-101,,,,,0,10.0,186.10244546662764,75.48696510473594,41.717799584595134,2063.3312761179523,48.69099531048388,3479.0874545910824,100.0,100.0,True,,synthetic_normal_distributed_training,sim_user,normal_distributed_training,gpu:2,normal_distributed_training
66.2,2026-01-01 00:01:06.200000+00:00,,syn-normal-ddp-101,syn-normal-ddp-101,,,,,0,10.0,187.2143015578094,73.45477311080856,41.306463417512184,2091.2506804058185,48.39444725874565,3154.4405504961856,100.0,100.0,True,,synthetic_normal_distributed_training,sim_user,normal_distributed_training,gpu:2,normal_distributed_training
66.3,2026-01-01 00:01:06.300000+00:00,,syn-normal-ddp-101,syn-normal-ddp-101,,,,,0,10.0,187.21991090770274,69.75842462097765,36.78009590406504,1982.265418118292,47.51034717022667,2887.5182576372167,100.0,100.0,True,,synthetic_normal_distributed_training,sim_user,normal_distributed_training,gpu:2,normal_distributed_training
66.4,2026-01-01 00:01:06.400000+00:00,,syn-normal-ddp-101,syn-normal-ddp-101,,,,,0,10.0,185.98372426345168,69.4434493177704,40.83594124381411,1887.4357462510286,47.63057255031365,3252.5746100274278,100.0,100.0,True,,synthetic_normal_distributed_training,sim_user,normal_distributed_training,gpu:2,normal_distributed_training
66.5,2026-01-01 00:01:06.500000+00:00,,syn-normal-ddp-101,syn-normal-ddp-101,,,,,0,10.0,184.89718732839594,74.64050708359342,42.50376106192378,2055.6961636273477,48.78988196635256,3249.3549832008994,100.0,100.0,True,,synthetic_normal_distributed_training,sim_user,normal_distributed_training,gpu:2,normal_distributed_training
66.6,2026-01-01 00:01:06.600000+00:00,,syn-normal-ddp-101,syn-normal-ddp-101,,,,,0,10.0,184.8622073101604,76.89773585385821,50.065075277876026,2179.653651709877,49.52130264107988,4029.8319220749117,100.0,100.0,True,,synthetic_normal_distributed_training,sim_user,normal_distributed_training,gpu:2,normal_distributed_training
66.7,2026-01-01 00:01:06.700000+00:00,,syn-normal-ddp-101,syn-normal-ddp-101,,,,,0,10.0,181.15295392802125,68.75887881591684,31.985603514692745,1897.0645589997293,47.1356837258545,2642.0297288915426,100.0,100.0,True,,synthetic_normal_distributed_training,sim_user,normal_distributed_training,gpu:2,normal_distributed_training
66.8,2026-01-01 00:01:06.800000+00:00,,syn-normal-ddp-101,syn-normal-ddp-101,,,,,0,10.0,183.35601448032028,71.80735844295776,35.846670392539494,2023.8763506792918,48.23913379877663,2766.636670300595,100.0,100.0,True,,synthetic_normal_distributed_training,sim_user,normal_distributed_training,gpu:2,normal_distributed_training
66.9,2026-01-01 00:01:06.900000+00:00,,syn-normal-ddp-101,syn-normal-ddp-101,,,,,0,10.0,184.63153461783608,80.05409165915302,41.56222209407372,2199.2129290682033,50.508809799319195,3392.195201245898,100.0,100.0,True,,synthetic_normal_distributed_training,sim_user,normal_distributed_training,gpu:2,normal_distributed_training
67.0,2026-01-01 00:01:07+00:00,,syn-normal-ddp-101,syn-normal-ddp-101,,,,,0,10.0,180.8730080712542,70.23934596733784,35.92675056097191,1973.540107480361,47.73710540749989,2963.967971269465,100.0,100.0,True,,synthetic_normal_distributed_training,sim_user,normal_distributed_training,gpu:2,normal_distributed_training
67.1,2026-01-01 00:01:07.100000+00:00,,syn-normal-ddp-101,syn-normal-ddp-101,,,,,0,10.0,178.7932270021013,67.13003725996145,34.9272969948096,1870.6609113026186,47.13741316654654,2867.7264720205776,100.0,100.0,True,,synthetic_normal_distributed_training,sim_user,normal_distributed_training,gpu:2,normal_distributed_training
67.2,2026-01-01 00:01:07.200000+00:00,,syn-normal-ddp-101,syn-normal-ddp-101,,,,,0,10.0,178.8852856277183,74.00111682765181,50.48058936396148,2010.4763235071193,48.97724282342712,3874.222715905125,100.0,100.0,True,,synthetic_normal_distributed_training,sim_user,normal_distributed_training,gpu:2,normal_distributed_training
67.3,2026-01-01 00:01:07.300000+00:00,,syn-normal-ddp-101,syn-normal-ddp-101,,,,,0,10.0,180.8101787602794,68.34752742494102,36.06645047622152,1883.4258065495233,47.4190460320321,2970.8452132035072,100.0,100.0,True,,synthetic_normal_distributed_training,sim_user,normal_distributed_training,gpu:2,normal_distributed_training
67.4,2026-01-01 00:01:07.400000+00:00,,syn-normal-ddp-101,syn-normal-ddp-101,,,,,0,10.0,181.934295556903,74.59243664005054,43.68572868645775,2089.724436458886,49.476869452013695,3490.5242835029985,100.0,100.0,True,,synthetic_normal_distributed_training,sim_user,normal_distributed_training,gpu:2,normal_distributed_training
67.5,2026-01-01 00:01:07.500000+00:00,,syn-normal-ddp-101,syn-normal-ddp-101,,,,,0,10.0,179.01279540527008,67.2952978473475,31.100745838571356,1941.8286127150925,47.40659228142613,2515.3419180704245,100.0,100.0,True,,synthetic_normal_distributed_training,sim_user,normal_distributed_training,gpu:2,normal_distributed_training
67.6,2026-01-01 00:01:07.600000+00:00,,syn-normal-ddp-101,syn-normal-ddp-101,,,,,0,10.0,179.18750721107745,69.90063371983203,35.512202723447714,1950.1675128065385,48.13589948720915,3018.7626021328715,100.0,100.0,True,,synthetic_normal_distributed_training,sim_user,normal_distributed_training,gpu:2,normal_distributed_training
67.7,2026-01-01 00:01:07.700000+00:00,,syn-normal-ddp-101,syn-normal-ddp-101,,,,,0,10.0,182.6611999161222,70.87928797753223,42.47623971164225,1996.979084031947,48.43620299456739,3388.072084000738,100.0,100.0,True,,synthetic_normal_distributed_training,sim_user,normal_distributed_training,gpu:2,normal_distributed_training
67.8,2026-01-01 00:01:07.800000+00:00,,syn-normal-ddp-101,syn-normal-ddp-101,,,,,0,10.0,183.63861769493883,70.26147543552702,42.7357139711442,1984.944161174512,48.310220298029606,3437.247343644838,100.0,100.0,True,,synthetic_normal_distributed_training,sim_user,normal_distributed_training,gpu:2,normal_distributed_training
67.9,2026-01-01 00:01:07.900000+00:00,,syn-normal-ddp-101,syn-normal-ddp-101,,,,,0,10.0,187.34591783190325,76.3604471709908,35.2915751252876,2079.707420563834,49.82219592510605,2901.979244493003,100.0,100.0,True,,synthetic_normal_distributed_training,sim_user,normal_distributed_training,gpu:2,normal_distributed_training
68.0,2026-01-01 00:01:08+00:00,,syn-normal-ddp-101,syn-normal-ddp-101,,,,,0,10.0,146.495059759591,54.49986531928636,38.65175752976321,1536.5950217571637,43.50356661144593,3109.893027162887,100.0,100.0,True,,synthetic_normal_distributed_training,sim_user,normal_distributed_training,gpu:2,normal_distributed_training
68.1,2026-01-01 00:01:08.100000+00:00,,syn-normal-ddp-101,syn-normal-ddp-101,,,,,0,10.0,148.83873340692674,50.6975301257164,29.62782233135841,1499.9687855377704,42.5242606199101,2430.6852808733374,100.0,100.0,True,,synthetic_normal_distributed_training,sim_user,normal_distributed_training,gpu:2,normal_distributed_training
68.2,2026-01-01 00:01:08.200000+00:00,,syn-normal-ddp-101,syn-normal-ddp-101,,,,,0,10.0,148.65805297351562,46.979190441841766,22.636777890436697,1400.1573094759958,41.346536141236314,2007.45105201295,100.0,100.0,True,,synthetic_normal_distributed_training,sim_user,normal_distributed_training,gpu:2,normal_distributed_training
68.3,2026-01-01 00:01:08.300000+00:00,,syn-normal-ddp-101,syn-normal-ddp-101,,,,,0,10.0,145.01964550109702,50.93046106608678,29.94942625002421,1454.2398555893164,42.40955680677799,2394.6704070571027,100.0,100.0,True,,synthetic_normal_distributed_training,sim_user,normal_distributed_training,gpu:2,normal_distributed_training
68.4,2026-01-01 00:01:08.400000+00:00,,syn-normal-ddp-101,syn-normal-ddp-101,,,,,0,10.0,145.0826719033934,35.2522500727667,16.719013432229776,1024.8547536285853,38.11186232761702,1659.4447080253365,100.0,100.0,True,,synthetic_normal_distributed_training,sim_user,normal_distributed_training,gpu:2,normal_distributed_training
68.5,2026-01-01 00:01:08.500000+00:00,,syn-normal-ddp-101,syn-normal-ddp-101,,,,,0,10.0,142.82750723470366,43.52020429796475,17.88039380990905,1273.8181913775438,40.440725504759634,1656.3885128409738,100.0,100.0,True,,synthetic_normal_distributed_training,sim_user,normal_distributed_training,gpu:2,normal_distributed_training
68.6,2026-01-01 00:01:08.600000+00:00,,syn-normal-ddp-101,syn-normal-ddp-101,,,,,0,10.0,139.99158965478765,36.94218048119389,21.095608360339078,1110.8090910681062,38.482118353088175,1918.5360495444863,100.0,100.0,True,,synthetic_normal_distributed_training,sim_user,normal_distributed_training,gpu:2,normal_distributed_training
68.7,2026-01-01 00:01:08.700000+00:00,,syn-normal-ddp-101,syn-normal-ddp-101,,,,,0,10.0,138.91913381776203,33.96787343575544,22.13340206836857,1072.9656451946134,37.518906066123236,2038.7311045730553,100.0,100.0,True,,synthetic_normal_distributed_training,sim_user,normal_distributed_training,gpu:2,normal_distributed_training
68.8,2026-01-01 00:01:08.800000+00:00,,syn-normal-ddp-101,syn-normal-ddp-101,,,,,0,10.0,135.78562435722267,34.800823482891104,23.604611017011838,1063.861707572627,37.62901843274514,2107.6541156188077,100.0,100.0,True,,synthetic_normal_distributed_training,sim_user,normal_distributed_training,gpu:2,normal_distributed_training
68.9,2026-01-01 00:01:08.900000+00:00,,syn-normal-ddp-101,syn-normal-ddp-101,,,,,0,10.0,137.44008418179396,37.99625357262329,13.944467919861793,1154.1643719551237,38.5104477261122,1406.9444184225504,100.0,100.0,True,,synthetic_normal_distributed_training,sim_user,normal_distributed_training,gpu:2,normal_distributed_training
69.0,2026-01-01 00:01:09+00:00,,syn-normal-ddp-101,syn-normal-ddp-101,,,,,0,10.0,138.84407283278222,34.45693094101979,14.966177007772242,1101.50418156206,37.655656002278135,1344.0268690345704,100.0,100.0,True,,synthetic_normal_distributed_training,sim_user,normal_distributed_training,gpu:2,normal_distributed_training
69.1,2026-01-01 00:01:09.100000+00:00,,syn-normal-ddp-101,syn-normal-ddp-101,,,,,0,10.0,134.31375328287407,37.06826807814091,19.563104789458347,1152.1033921788205,38.105919131817075,1961.3069924251167,100.0,100.0,True,,synthetic_normal_distributed_training,sim_user,normal_distributed_training,gpu:2,normal_distributed_training
69.2,2026-01-01 00:01:09.200000+00:00,,syn-normal-ddp-101,syn-normal-ddp-101,,,,,0,10.0,140.29829702175093,32.79252130476303,22.424701997636323,1011.7886768271615,36.93657981235053,1909.4215504104845,100.0,100.0,True,,synthetic_normal_distributed_training,sim_user,normal_distributed_training,gpu:2,normal_distributed_training
69.3,2026-01-01 00:01:09.300000+00:00,,syn-normal-ddp-101,syn-normal-ddp-101,,,,,0,10.0,143.72095402917864,46.028111760982185,30.765031775892965,1396.858642817117,40.89652703660265,2406.274605769917,100.0,100.0,True,,synthetic_normal_distributed_training,sim_user,normal_distributed_training,gpu:2,normal_distributed_training
69.4,2026-01-01 00:01:09.400000+00:00,,syn-normal-ddp-101,syn-normal-ddp-101,,,,,0,10.0,144.12846217002968,46.36695175417515,23.81005548715582,1384.6262140483923,41.3239398930889,2129.9951619924473,100.0,100.0,True,,synthetic_normal_distributed_training,sim_user,normal_distributed_training,gpu:2,normal_distributed_training
69.5,2026-01-01 00:01:09.500000+00:00,,syn-normal-ddp-101,syn-normal-ddp-101,,,,,0,10.0,147.051488995154,56.07117005054585,25.753098997709124,1670.4768875589634,43.57768922373342,2182.0782405886225,100.0,100.0,True,,synthetic_normal_distributed_training,sim_user,normal_distributed_training,gpu:2,normal_distributed_training
69.6,2026-01-01 00:01:09.600000+00:00,,syn-normal-ddp-101,syn-normal-ddp-101,,,,,0,10.0,147.25429311949452,49.33295064452769,29.48768081604471,1419.257118381903,41.905651624006794,2367.2532337468824,100.0,100.0,True,,synthetic_normal_distributed_training,sim_user,normal_distributed_training,gpu:2,normal_distributed_training
69.7,2026-01-01 00:01:09.700000+00:00,,syn-normal-ddp-101,syn-normal-ddp-101,,,,,0,10.0,145.95217602011076,43.16845093889331,21.72433238418268,1293.3851267859336,40.38125482046653,1885.6302568340575,100.0,100.0,True,,synthetic_normal_distributed_training,sim_user,normal_distributed_training,gpu:2,normal_distributed_training
69.8,2026-01-01 00:01:09.800000+00:00,,syn-normal-ddp-101,syn-normal-ddp-101,,,,,0,10.0,146.3034403948951,42.576624742512735,25.18703183428697,1258.598948186874,40.30396870674767,2009.3254924407247,100.0,100.0,True,,synthetic_normal_distributed_training,sim_user,normal_distributed_training,gpu:2,normal_distributed_training
69.9,2026-01-01 00:01:09.900000+00:00,,syn-normal-ddp-101,syn-normal-ddp-101,,,,,0,10.0,142.40310781902065,44.57764109537404,28.919606365556852,1282.7208320616248,40.943200708577976,2385.4262298810027,100.0,100.0,True,,synthetic_normal_distributed_training,sim_user,normal_distributed_training,gpu:2,normal_distributed_training
70.0,2026-01-01 00:01:10+00:00,,syn-normal-ddp-101,syn-normal-ddp-101,,,,,0,10.0,139.3072764684387,42.2852087910432,25.821999639174017,1229.6150540047977,40.59124843543927,2245.1688741516873,100.0,100.0,True,,synthetic_normal_distributed_training,sim_user,normal_distributed_training,gpu:2,normal_distributed_training
70.1,2026-01-01 00:01:10.100000+00:00,,syn-normal-ddp-101,syn-normal-ddp-101,,,,,0,10.0,143.06763171992623,35.93415786342178,15.53676599877808,1112.8520803938309,38.43729753840583,1724.5577030889083,100.0,100.0,True,,synthetic_normal_distributed_training,sim_user,normal_distributed_training,gpu:2,normal_distributed_training
70.2,2026-01-01 00:01:10.200000+00:00,,syn-normal-ddp-101,syn-normal-ddp-101,,,,,0,10.0,142.59877803027473,33.975396393187594,13.518803443612487,1079.865022902162,37.48023743137207,1484.514459941056,100.0,100.0,True,,synthetic_normal_distributed_training,sim_user,normal_distributed_training,gpu:2,normal_distributed_training
70.3,2026-01-01 00:01:10.300000+00:00,,syn-normal-ddp-101,syn-normal-ddp-101,,,,,0,10.0,140.49359818645527,44.699678650376086,18.284456660936648,1310.2332457514506,40.26583179234448,1858.6575738273716,100.0,100.0,True,,synthetic_normal_distributed_training,sim_user,normal_distributed_training,gpu:2,normal_distributed_training
70.4,2026-01-01 00:01:10.400000+00:00,,syn-normal-ddp-101,syn-normal-ddp-101,,,,,0,10.0,140.39215279423078,42.92733334890431,26.73219233171984,1275.840693666096,40.233396184401116,2307.85672206201,100.0,100.0,True,,synthetic_normal_distributed_training,sim_user,normal_distributed_training,gpu:2,normal_distributed_training
70.5,2026-01-01 00:01:10.500000+00:00,,syn-normal-ddp-101,syn-normal-ddp-101,,,,,0,10.0,142.67149523738735,36.754088174863625,24.960850376283492,1172.6228887079933,38.5191222104986,2205.3377942197217,100.0,100.0,True,,synthetic_normal_distributed_training,sim_user,normal_distributed_training,gpu:2,normal_distributed_training
70.6,2026-01-01 00:01:10.600000+00:00,,syn-normal-ddp-101,syn-normal-ddp-101,,,,,0,10.0,144.38957867847196,50.78521144652462,23.563874783331883,1474.1864068242735,42.43853334315331,2140.682486837282,100.0,100.0,True,,synthetic_normal_distributed_training,sim_user,normal_distributed_training,gpu:2,normal_distributed_training
70.7,2026-01-01 00:01:10.700000+00:00,,syn-normal-ddp-101,syn-normal-ddp-101,,,,,0,10.0,142.6196261859639,43.83785008269256,21.823129854891093,1289.5212617650373,40.58392571100755,1880.5490697978018,100.0,100.0,True,,synthetic_normal_distributed_training,sim_user,normal_distributed_training,gpu:2,normal_distributed_training
70.8,2026-01-01 00:01:10.800000+00:00,,syn-normal-ddp-101,syn-normal-ddp-101,,,,,0,10.0,140.93509016845988,39.50474189940756,17.715390678343248,1228.8137731350273,39.05627419156851,1645.155052497768,100.0,100.0,True,,synthetic_normal_distributed_training,sim_user,normal_distributed_training,gpu:2,normal_distributed_training
70.9,2026-01-01 00:01:10.900000+00:00,,syn-normal-ddp-101,syn-normal-ddp-101,,,,,0,10.0,143.0015556124292,41.662115534361945,22.237916280567635,1233.1920608358907,39.541834018406426,2099.2243072141123,100.0,100.0,True,,synthetic_normal_distributed_training,sim_user,normal_distributed_training,gpu:2,normal_distributed_training
71.0,2026-01-01 00:01:11+00:00,,syn-normal-ddp-101,syn-normal-ddp-101,,,,,0,10.0,142.23420311323875,44.93635536971905,21.037568048697032,1352.9336674653146,40.79840334848276,1921.5085545568536,100.0,100.0,True,,synthetic_normal_distributed_training,sim_user,normal_distributed_training,gpu:2,normal_distributed_training
71.1,2026-01-01 00:01:11.100000+00:00,,syn-normal-ddp-101,syn-normal-ddp-101,,,,,0,10.0,146.0273845496145,44.379902982785836,20.71427194321121,1303.090905547826,40.79009346041866,1709.0315706636538,100.0,100.0,True,,synthetic_normal_distributed_training,sim_user,normal_distributed_training,gpu:2,normal_distributed_training
71.2,2026-01-01 00:01:11.200000+00:00,,syn-normal-ddp-101,syn-normal-ddp-101,,,,,0,10.0,205.10089565296,87.86721611439141,53.480731623240956,2407.605171878208,53.2288057013563,4212.091660079288,100.0,100.0,True,,synthetic_normal_distributed_training,sim_user,normal_distributed_training,gpu:2,normal_distributed_training
71.3,2026-01-01 00:01:11.300000+00:00,,syn-normal-ddp-101,syn-normal-ddp-101,,,,,0,10.0,203.29023639967681,91.86117905876698,54.2609399485029,2496.2930853394146,54.19086908768796,4108.507699589838,100.0,100.0,True,,synthetic_normal_distributed_training,sim_user,normal_distributed_training,gpu:2,normal_distributed_training
71.4,2026-01-01 00:01:11.400000+00:00,,syn-normal-ddp-101,syn-normal-ddp-101,,,,,0,10.0,204.46133221822967,83.34047470267531,45.83021487978708,2273.8826964566297,51.44552142157788,3800.1466638202987,100.0,100.0,True,,synthetic_normal_distributed_training,sim_user,normal_distributed_training,gpu:2,normal_distributed_training
71.5,2026-01-01 00:01:11.500000+00:00,,syn-normal-ddp-101,syn-normal-ddp-101,,,,,0,10.0,204.6905498944931,89.93454230139265,54.1021478856854,2462.2041508255866,53.23199669145325,4441.233543162971,100.0,100.0,True,,synthetic_normal_distributed_training,sim_user,normal_distributed_training,gpu:2,normal_distributed_training
71.6,2026-01-01 00:01:11.600000+00:00,,syn-normal-ddp-101,syn-normal-ddp-101,,,,,0,10.0,203.27386403538995,88.91921461382137,46.24398527220838,2495.6161497530297,52.90564198964515,3676.477880309368,100.0,100.0,True,,synthetic_normal_distributed_training,sim_user,normal_distributed_training,gpu:2,normal_distributed_training
71.7,2026-01-01 00:01:11.700000+00:00,,syn-normal-ddp-101,syn-normal-ddp-101,,,,,0,10.0,206.85013062793655,96.04216225086985,54.614333677113336,2520.0,54.923156556603764,4309.218619738124,100.0,100.0,True,,synthetic_normal_distributed_training,sim_user,normal_distributed_training,gpu:2,normal_distributed_training
71.8,2026-01-01 00:01:11.800000+00:00,,syn-normal-ddp-101,syn-normal-ddp-101,,,,,0,10.0,209.35383071230243,94.08755580776293,47.63189331898937,2520.0,54.319767601793345,3675.7439872461305,100.0,100.0,True,,synthetic_normal_distributed_training,sim_user,normal_distributed_training,gpu:2,normal_distributed_training
71.9,2026-01-01 00:01:11.900000+00:00,,syn-normal-ddp-101,syn-normal-ddp-101,,,,,0,10.0,205.92141464289526,93.90574294125719,48.312303942373696,2520.0,54.23306930722612,3772.133782507689,100.0,100.0,True,,synthetic_normal_distributed_training,sim_user,normal_distributed_training,gpu:2,normal_distributed_training
72.0,2026-01-01 00:01:12+00:00,,syn-normal-ddp-101,syn-normal-ddp-101,,,,,0,10.0,205.1377816057399,93.89571445590569,55.526996022287456,2492.6188316671914,54.193376151933485,4304.070652394638,100.0,100.0,True,,synthetic_normal_distributed_training,sim_user,normal_distributed_training,gpu:2,normal_distributed_training
72.1,2026-01-01 00:01:12.100000+00:00,,syn-normal-ddp-101,syn-normal-ddp-101,,,,,0,10.0,203.75615681622733,94.12842181540279,46.50153489817779,2520.0,54.00841937458148,3675.722142475048,100.0,100.0,True,,synthetic_normal_distributed_training,sim_user,normal_distributed_training,gpu:2,normal_distributed_training
72.2,2026-01-01 00:01:12.200000+00:00,,syn-normal-ddp-101,syn-normal-ddp-101,,,,,0,10.0,202.7381167836232,83.66383146375867,44.03611590518268,2275.0494739745363,51.17771323353335,3465.5835827740557,100.0,100.0,True,,synthetic_normal_distributed_training,sim_user,normal_distributed_training,gpu:2,normal_distributed_training
72.3,2026-01-01 00:01:12.300000+00:00,,syn-normal-ddp-101,syn-normal-ddp-101,,,,,0,10.0,200.5968841693778,84.61476909305509,41.374143282727175,2283.563647506788,51.51593242666746,3315.5722737978554,100.0,100.0,True,,synthetic_normal_distributed_training,sim_user,normal_distributed_training,gpu:2,normal_distributed_training
72.4,2026-01-01 00:01:12.400000+00:00,,syn-normal-ddp-101,syn-normal-ddp-101,,,,,0,10.0,199.20038755509626,84.09702771630747,40.73298760851218,2292.6985902504734,51.73625560861338,3214.037816214307,100.0,100.0,True,,synthetic_normal_distributed_training,sim_user,normal_distributed_training,gpu:2,normal_distributed_training
72.5,2026-01-01 00:01:12.500000+00:00,,syn-normal-ddp-101,syn-normal-ddp-101,,,,,0,10.0,194.1509947119599,90.85029679547661,49.7118071195649,2475.3196472859763,53.372465147645926,3969.2132286355063,100.0,100.0,True,,synthetic_normal_distributed_training,sim_user,normal_distributed_training,gpu:2,normal_distributed_training
72.6,2026-01-01 00:01:12.600000+00:00,,syn-normal-ddp-101,syn-normal-ddp-101,,,,,0,10.0,197.55880746476802,89.22373652462369,49.01317393219787,2402.600440940156,53.17461606591304,3863.483316959714,100.0,100.0,True,,synthetic_normal_distributed_training,sim_user,normal_distributed_training,gpu:2,normal_distributed_training
72.7,2026-01-01 00:01:12.700000+00:00,,syn-normal-ddp-101,syn-normal-ddp-101,,,,,0,10.0,200.14427024297268,88.1204557311019,41.77985810719299,2416.788326876298,52.76997851755766,3510.0606460360927,100.0,100.0,True,,synthetic_normal_distributed_training,sim_user,normal_distributed_training,gpu:2,normal_distributed_training
72.8,2026-01-01 00:01:12.800000+00:00,,syn-normal-ddp-101,syn-normal-ddp-101,,,,,0,10.0,199.89070609137147,88.37454353609529,57.30083723527132,2362.1793270525704,52.670031108312564,4380.351216640216,100.0,100.0,True,,synthetic_normal_distributed_training,sim_user,normal_distributed_training,gpu:2,normal_distributed_training
72.9,2026-01-01 00:01:12.900000+00:00,,syn-normal-ddp-101,syn-normal-ddp-101,,,,,0,10.0,199.34799808351534,85.34065750573102,52.94456991226548,2361.2341990781133,51.57751509741041,4214.86727438066,100.0,100.0,True,,synthetic_normal_distributed_training,sim_user,normal_distributed_training,gpu:2,normal_distributed_training
73.0,2026-01-01 00:01:13+00:00,,syn-normal-ddp-101,syn-normal-ddp-101,,,,,0,10.0,200.68494236375773,92.77851348951812,46.81505502943426,2520.0,53.43575807570308,3736.236120522194,100.0,100.0,True,,synthetic_normal_distributed_training,sim_user,normal_distributed_training,gpu:2,normal_distributed_training
73.1,2026-01-01 00:01:13.100000+00:00,,syn-normal-ddp-101,syn-normal-ddp-101,,,,,0,10.0,203.62008190737038,87.53028440865809,49.44167471459509,2469.0068391139193,51.78212324136865,3882.440532110155,100.0,100.0,True,,synthetic_normal_distributed_training,sim_user,normal_distributed_training,gpu:2,normal_distributed_training
73.2,2026-01-01 00:01:13.200000+00:00,,syn-normal-ddp-101,syn-normal-ddp-101,,,,,0,10.0,201.30072641913617,90.35008799064312,49.90990190036773,2491.2828158803927,52.832647710064784,4119.085774721361,100.0,100.0,True,,synthetic_normal_distributed_training,sim_user,normal_distributed_training,gpu:2,normal_distributed_training
73.3,2026-01-01 00:01:13.300000+00:00,,syn-normal-ddp-101,syn-normal-ddp-101,,,,,0,10.0,200.1759629307097,87.5445803436195,45.05136480075013,2384.745345058463,51.701705479843795,3747.525801014454,100.0,100.0,True,,synthetic_normal_distributed_training,sim_user,normal_distributed_training,gpu:2,normal_distributed_training
73.4,2026-01-01 00:01:13.400000+00:00,,syn-normal-ddp-101,syn-normal-ddp-101,,,,,0,10.0,199.4796161796322,80.90735700854212,38.6322706842819,2212.850607474649,49.98928556835928,3106.6979963302674,100.0,100.0,True,,synthetic_normal_distributed_training,sim_user,normal_distributed_training,gpu:2,normal_distributed_training
73.5,2026-01-01 00:01:13.500000+00:00,,syn-normal-ddp-101,syn-normal-ddp-101,,,,,0,10.0,202.28080000178701,93.19846854805141,50.85321998147344,2520.0,53.32707233839058,4176.65637795228,100.0,100.0,True,,synthetic_normal_distributed_training,sim_user,normal_distributed_training,gpu:2,normal_distributed_training
73.6,2026-01-01 00:01:13.600000+00:00,,syn-normal-ddp-101,syn-normal-ddp-101,,,,,0,10.0,200.6921158815958,89.23420596899629,47.8624150823702,2455.258325370305,52.24998886601908,3641.0530873802936,100.0,100.0,True,,synthetic_normal_distributed_training,sim_user,normal_distributed_training,gpu:2,normal_distributed_training
73.7,2026-01-01 00:01:13.700000+00:00,,syn-normal-ddp-101,syn-normal-ddp-101,,,,,0,10.0,202.7276728253368,87.93584978503067,52.92575224543708,2358.8439259367688,51.921096947054764,4086.4824382494794,100.0,100.0,True,,synthetic_normal_distributed_training,sim_user,normal_distributed_training,gpu:2,normal_distributed_training
73.8,2026-01-01 00:01:13.800000+00:00,,syn-normal-ddp-101,syn-normal-ddp-101,,,,,0,10.0,200.76562917035744,81.50832209150602,45.035603497641254,2186.875496512613,50.11303535539878,3467.735310124539,100.0,100.0,True,,synthetic_normal_distributed_training,sim_user,normal_distributed_training,gpu:2,normal_distributed_training
73.9,2026-01-01 00:01:13.900000+00:00,,syn-normal-ddp-101,syn-normal-ddp-101,,,,,0,10.0,202.59627266727477,91.15748020118423,45.441881313919936,2514.090172393211,53.22511800912249,3587.70230647761,100.0,100.0,True,,synthetic_normal_distributed_training,sim_user,normal_distributed_training,gpu:2,normal_distributed_training
74.0,2026-01-01 00:01:14+00:00,,syn-normal-ddp-101,syn-normal-ddp-101,,,,,0,10.0,204.23354891642444,85.63293888701216,43.76325608442561,2364.0962355734746,51.98031282304617,3547.7918314454196,100.0,100.0,True,,synthetic_normal_distributed_training,sim_user,normal_distributed_training,gpu:2,normal_distributed_training
74.1,2026-01-01 00:01:14.100000+00:00,,syn-normal-ddp-101,syn-normal-ddp-101,,,,,0,10.0,203.49506994510196,82.2951639656932,44.714030211413686,2225.6203336539966,50.9429342990582,3545.718282784034,100.0,100.0,True,,synthetic_normal_distributed_training,sim_user,normal_distributed_training,gpu:2,normal_distributed_training
74.2,2026-01-01 00:01:14.200000+00:00,,syn-normal-ddp-101,syn-normal-ddp-101,,,,,0,10.0,142.72458804923465,49.116771980056114,30.617148231606784,1485.4698161090723,41.420302589596865,2584.7239461905615,100.0,100.0,True,,synthetic_normal_distributed_training,sim_user,normal_distributed_training,gpu:2,normal_distributed_training
74.3,2026-01-01 00:01:14.300000+00:00,,syn-normal-ddp-101,syn-normal-ddp-101,,,,,0,10.0,145.88080017391914,45.237735239102925,19.534467031743404,1349.0398994810525,40.4260859835396,2016.9087081302089,100.0,100.0,True,,synthetic_normal_distributed_training,sim_user,normal_distributed_training,gpu:2,normal_distributed_training
74.4,2026-01-01 00:01:14.400000+00:00,,syn-normal-ddp-101,syn-normal-ddp-101,,,,,0,10.0,144.42831246301904,45.93456019900665,25.894458932281093,1344.8633973975234,40.46399548777192,2245.9117057680105,100.0,100.0,True,,synthetic_normal_distributed_training,sim_user,normal_distributed_training,gpu:2,normal_distributed_training
74.5,2026-01-01 00:01:14.500000+00:00,,syn-normal-ddp-101,syn-normal-ddp-101,,,,,0,10.0,142.039660288684,46.31336189092413,30.50012808991633,1358.7200491343742,40.58564186827016,2511.0803086123633,100.0,100.0,True,,synthetic_normal_distributed_training,sim_user,normal_distributed_training,gpu:2,normal_distributed_training
74.6,2026-01-01 00:01:14.600000+00:00,,syn-normal-ddp-101,syn-normal-ddp-101,,,,,0,10.0,139.87052773857815,47.95170133164518,19.888213770895742,1426.5770788105176,40.83530085126747,1928.755676435872,100.0,100.0,True,,synthetic_normal_distributed_training,sim_user,normal_distributed_training,gpu:2,normal_distributed_training
74.7,2026-01-01 00:01:14.700000+00:00,,syn-normal-ddp-101,syn-normal-ddp-101,,,,,0,10.0,143.2986250855144,38.193928399941065,26.522557001413233,1159.0692406207672,38.55346349948992,2273.43204125193,100.0,100.0,True,,synthetic_normal_distributed_training,sim_user,normal_distributed_training,gpu:2,normal_distributed_training
74.8,2026-01-01 00:01:14.800000+00:00,,syn-normal-ddp-101,syn-normal-ddp-101,,,,,0,10.0,142.18620097575055,34.209842556535925,16.10529601084997,1057.571191846938,37.35477539771091,1562.4893552012893,100.0,100.0,True,,synthetic_normal_distributed_training,sim_user,normal_distributed_training,gpu:2,normal_distributed_training
74.9,2026-01-01 00:01:14.900000+00:00,,syn-normal-ddp-101,syn-normal-ddp-101,,,,,0,10.0,145.89954689288115,50.801991049230445,27.319147128658614,1509.7212483104724,41.8362560151665,2225.6260721215594,100.0,100.0,True,,synthetic_normal_distributed_training,sim_user,normal_distributed_training,gpu:2,normal_distributed_training
75.0,2026-01-01 00:01:15+00:00,,syn-normal-ddp-101,syn-normal-ddp-101,,,,,0,10.0,145.59679666676797,43.35811124789305,21.23323074653461,1257.9069740956033,39.89020444196835,1861.727119273512,100.0,100.0,True,,synthetic_normal_distributed_training,sim_user,normal_distributed_training,gpu:2,normal_distributed_training
75.1,2026-01-01 00:01:15.100000+00:00,,syn-normal-ddp-101,syn-normal-ddp-101,,,,,0,10.0,140.2982543947318,42.359079908120805,24.46278601690858,1277.9011276931749,39.60859872640923,2184.2432772805796,100.0,100.0,True,,synthetic_normal_distributed_training,sim_user,normal_distributed_training,gpu:2,normal_distributed_training
75.2,2026-01-01 00:01:15.200000+00:00,,syn-normal-ddp-101,syn-normal-ddp-101,,,,,0,10.0,142.74230269036667,47.11435734592376,27.635075252258765,1397.0215483539325,40.976787496720874,2227.702812711256,100.0,100.0,True,,synthetic_normal_distributed_training,sim_user,normal_distributed_training,gpu:2,normal_distributed_training
75.3,2026-01-01 00:01:15.300000+00:00,,syn-normal-ddp-101,syn-normal-ddp-101,,,,,0,10.0,143.98560171474938,51.453005674218325,30.158553208586383,1536.8047854666909,42.32482522577051,2581.7610885621375,100.0,100.0,True,,synthetic_normal_distributed_training,sim_user,normal_distributed_training,gpu:2,normal_distributed_training
75.4,2026-01-01 00:01:15.400000+00:00,,syn-normal-ddp-101,syn-normal-ddp-101,,,,,0,10.0,137.20540130498657,35.2657338192353,30.754016845545394,1105.4585954047661,38.21202559811646,2565.9571688460956,100.0,100.0,True,,synthetic_normal_distributed_training,sim_user,normal_distributed_training,gpu:2,normal_distributed_training
75.5,2026-01-01 00:01:15.500000+00:00,,syn-normal-ddp-101,syn-normal-ddp-101,,,,,0,10.0,138.13263021803363,37.16859434236317,9.723638664438294,1169.5551313699043,39.07555782911557,1004.2667733950287,100.0,100.0,True,,synthetic_normal_distributed_training,sim_user,normal_distributed_training,gpu:2,normal_distributed_training
75.6,2026-01-01 00:01:15.600000+00:00,,syn-normal-ddp-101,syn-normal-ddp-101,,,,,0,10.0,133.1029678575568,25.6059340611265,11.632838698505534,884.4817073564067,35.51877679319893,1210.4771985515822,100.0,100.0,True,,synthetic_normal_distributed_training,sim_user,normal_distributed_training,gpu:2,normal_distributed_training
75.7,2026-01-01 00:01:15.700000+00:00,,syn-normal-ddp-101,syn-normal-ddp-101,,,,,0,10.0,132.44921361737107,36.86311968886215,14.437194213538335,1174.7042799563428,38.30895448866251,1340.9449832410166,100.0,100.0,True,,synthetic_normal_distributed_training,sim_user,normal_distributed_training,gpu:2,normal_distributed_training
75.8,2026-01-01 00:01:15.800000+00:00,,syn-normal-ddp-101,syn-normal-ddp-101,,,,,0,10.0,139.17039845320238,40.26032108579635,20.933041921887167,1191.6609085131731,39.486879993697606,2021.8030405458317,100.0,100.0,True,,synthetic_normal_distributed_training,sim_user,normal_distributed_training,gpu:2,normal_distributed_training
75.9,2026-01-01 00:01:15.900000+00:00,,syn-normal-ddp-101,syn-normal-ddp-101,,,,,0,10.0,140.0406688383171,41.25381982400261,19.415570181962877,1234.2576280028254,39.49205570710142,1679.743376148328,100.0,100.0,True,,synthetic_normal_distributed_training,sim_user,normal_distributed_training,gpu:2,normal_distributed_training
76.0,2026-01-01 00:01:16+00:00,,syn-normal-ddp-101,syn-normal-ddp-101,,,,,0,10.0,141.64718160834965,51.09510776974449,26.70321726113548,1483.906730564673,42.62264533397308,2390.6517318497145,100.0,100.0,True,,synthetic_normal_distributed_training,sim_user,normal_distributed_training,gpu:2,normal_distributed_training
76.1,2026-01-01 00:01:16.100000+00:00,,syn-normal-ddp-101,syn-normal-ddp-101,,,,,0,10.0,145.73066909405827,39.64040849028423,21.37817128063749,1270.994169096761,39.380430342249134,1973.7174887852573,100.0,100.0,True,,synthetic_normal_distributed_training,sim_user,normal_distributed_training,gpu:2,normal_distributed_training
76.2,2026-01-01 00:01:16.200000+00:00,,syn-normal-ddp-101,syn-normal-ddp-101,,,,,0,10.0,145.875622539856,37.288277635885876,17.741027565761378,1183.134835641086,38.55872546682524,1757.2276555156066,100.0,100.0,True,,synthetic_normal_distributed_training,sim_user,normal_distributed_training,gpu:2,normal_distributed_training
76.3,2026-01-01 00:01:16.300000+00:00,,syn-normal-ddp-101,syn-normal-ddp-101,,,,,0,10.0,146.6471814650733,40.78721118579564,26.01528759955113,1249.479105539783,39.387977470963534,2324.264396411674,100.0,100.0,True,,synthetic_normal_distributed_training,sim_user,normal_distributed_training,gpu:2,normal_distributed_training
76.4,2026-01-01 00:01:16.400000+00:00,,syn-normal-ddp-101,syn-normal-ddp-101,,,,,0,10.0,145.2126128851736,47.98303086649135,19.96149567416487,1432.4679892745062,41.48388860256443,1848.3508451561308,100.0,100.0,True,,synthetic_normal_distributed_training,sim_user,normal_distributed_training,gpu:2,normal_distributed_training
76.5,2026-01-01 00:01:16.500000+00:00,,syn-normal-ddp-101,syn-normal-ddp-101,,,,,0,10.0,142.35961303741016,34.85619194801612,16.69445221111043,1085.8738556222922,37.93729867014407,1707.8862608766312,100.0,100.0,True,,synthetic_normal_distributed_training,sim_user,normal_distributed_training,gpu:2,normal_distributed_training
76.6,2026-01-01 00:01:16.600000+00:00,,syn-normal-ddp-101,syn-normal-ddp-101,,,,,0,10.0,141.18222922994724,36.25554182911601,19.78605393867414,1165.9902908609686,38.45796132410231,1835.0596472268417,100.0,100.0,True,,synthetic_normal_distributed_training,sim_user,normal_distributed_training,gpu:2,normal_distributed_training
76.7,2026-01-01 00:01:16.700000+00:00,,syn-normal-ddp-101,syn-normal-ddp-101,,,,,0,10.0,139.62655492987665,42.737187112420926,28.955019834703705,1276.0745772995797,39.85511238240181,2431.8542070973117,100.0,100.0,True,,synthetic_normal_distributed_training,sim_user,normal_distributed_training,gpu:2,normal_distributed_training
76.8,2026-01-01 00:01:16.800000+00:00,,syn-normal-ddp-101,syn-normal-ddp-101,,,,,0,10.0,138.9928456806693,34.25547953461432,13.004630882472537,1095.7968006450797,37.718068918011284,1373.3515366623526,100.0,100.0,True,,synthetic_normal_distributed_training,sim_user,normal_distributed_training,gpu:2,normal_distributed_training
76.9,2026-01-01 00:01:16.900000+00:00,,syn-normal-ddp-101,syn-normal-ddp-101,,,,,0,10.0,138.8084987016916,36.12772797917724,14.478277114909826,1128.7965652070136,38.07854932784367,1511.5194759926633,100.0,100.0,True,,synthetic_normal_distributed_training,sim_user,normal_distributed_training,gpu:2,normal_distributed_training
77.0,2026-01-01 00:01:17+00:00,,syn-normal-ddp-101,syn-normal-ddp-101,,,,,0,10.0,138.27804538110524,33.707327581323206,20.4965425312438,1025.43667877256,37.127405593624886,1688.9805438717653,100.0,100.0,True,,synthetic_normal_distributed_training,sim_user,normal_distributed_training,gpu:2,normal_distributed_training
77.1,2026-01-01 00:01:17.100000+00:00,,syn-normal-ddp-101,syn-normal-ddp-101,,,,,0,10.0,141.8435924479599,44.84079151786253,24.769359617446952,1375.2864011069903,40.290143543525545,2234.704394430476,100.0,100.0,True,,synthetic_normal_distributed_training,sim_user,normal_distributed_training,gpu:2,normal_distributed_training
77.2,2026-01-01 00:01:17.200000+00:00,,syn-normal-ddp-101,syn-normal-ddp-101,,,,,0,10.0,144.84500690199766,40.357537672721584,16.013262745918986,1243.6928382890353,38.909812915616385,1614.1112914390087,100.0,100.0,True,,synthetic_normal_distributed_training,sim_user,normal_distributed_training,gpu:2,normal_distributed_training
77.3,2026-01-01 00:01:17.300000+00:00,,syn-normal-ddp-101,syn-normal-ddp-101,,,,,0,10.0,144.8840309600834,47.88170388098262,30.93007593592977,1412.1537604995153,41.17707065523489,2606.5426467894085,100.0,100.0,True,,synthetic_normal_distributed_training,sim_user,normal_distributed_training,gpu:2,normal_distributed_training
77.4,2026-01-01 00:01:17.400000+00:00,,syn-normal-ddp-101,syn-normal-ddp-101,,,,,0,10.0,144.60318921037808,40.84471917415894,23.336060607041105,1201.4100086667365,39.16621575914205,1991.2942822139657,100.0,100.0,True,,synthetic_normal_distributed_training,sim_user,normal_distributed_training,gpu:2,normal_distributed_training
77.5,2026-01-01 00:01:17.500000+00:00,,syn-normal-ddp-101,syn-normal-ddp-101,,,,,0,10.0,141.58929130069367,42.876936153657454,22.01793351575331,1310.2673143823754,39.97830251100998,2121.4869835676395,100.0,100.0,True,,synthetic_normal_distributed_training,sim_user,normal_distributed_training,gpu:2,normal_distributed_training
77.6,2026-01-01 00:01:17.600000+00:00,,syn-normal-ddp-101,syn-normal-ddp-101,,,,,0,10.0,137.12829471202653,34.092378443248904,17.179146118165132,1043.4920018718108,37.66123766099764,1659.017981250016,100.0,100.0,True,,synthetic_normal_distributed_training,sim_user,normal_distributed_training,gpu:2,normal_distributed_training
77.7,2026-01-01 00:01:17.700000+00:00,,syn-normal-ddp-101,syn-normal-ddp-101,,,,,0,10.0,140.80809309536988,44.94671088277135,24.955085747287825,1295.3150386323114,40.83896145668655,2287.3574008963005,100.0,100.0,True,,synthetic_normal_distributed_training,sim_user,normal_distributed_training,gpu:2,normal_distributed_training
77.8,2026-01-01 00:01:17.800000+00:00,,syn-normal-ddp-101,syn-normal-ddp-101,,,,,0,10.0,139.31782169056348,27.34614060363552,13.349510524265064,938.1582401774715,35.95700611536865,1557.1469598229187,100.0,100.0,True,,synthetic_normal_distributed_training,sim_user,normal_distributed_training,gpu:2,normal_distributed_training
77.9,2026-01-01 00:01:17.900000+00:00,,syn-normal-ddp-101,syn-normal-ddp-101,,,,,0,10.0,136.01402251769497,48.18971094826631,27.685453005065742,1415.7286972563531,41.97413561206673,2165.7863867874976,100.0,100.0,True,,synthetic_normal_distributed_training,sim_user,normal_distributed_training,gpu:2,normal_distributed_training
78.0,2026-01-01 00:01:18+00:00,,syn-normal-ddp-101,syn-normal-ddp-101,,,,,0,10.0,133.05980358216328,37.03574136101375,21.575658557846673,1149.2886500545878,38.85610932843777,1765.3992462192332,100.0,100.0,True,,synthetic_normal_distributed_training,sim_user,normal_distributed_training,gpu:2,normal_distributed_training
78.1,2026-01-01 00:01:18.100000+00:00,,syn-normal-ddp-101,syn-normal-ddp-101,,,,,0,10.0,134.40156386188323,30.10543211591015,11.855930984889108,991.0681346373427,36.87932465613869,1403.7670073550776,100.0,100.0,True,,synthetic_normal_distributed_training,sim_user,normal_distributed_training,gpu:2,normal_distributed_training
78.2,2026-01-01 00:01:18.200000+00:00,,syn-normal-ddp-101,syn-normal-ddp-101,,,,,0,10.0,139.45381560139114,36.03635443913729,13.194304289186974,1162.0569227665803,38.06884476230592,1213.4175959095437,100.0,100.0,True,,synthetic_normal_distributed_training,sim_user,normal_distributed_training,gpu:2,normal_distributed_training
78.3,2026-01-01 00:01:18.300000+00:00,,syn-normal-ddp-101,syn-normal-ddp-101,,,,,0,10.0,144.41299443518974,43.226686716003485,30.201909477698027,1255.7354995896,40.20628604042898,2368.7884154859976,100.0,100.0,True,,synthetic_normal_distributed_training,sim_user,normal_distributed_training,gpu:2,normal_distributed_training
78.4,2026-01-01 00:01:18.400000+00:00,,syn-normal-ddp-101,syn-normal-ddp-101,,,,,0,10.0,140.52727371435793,41.43897571987505,20.430175151579217,1188.9222487961435,39.7113023256639,1993.5174665904992,100.0,100.0,True,,synthetic_normal_distributed_training,sim_user,normal_distributed_training,gpu:2,normal_distributed_training
78.5,2026-01-01 00:01:18.500000+00:00,,syn-normal-ddp-101,syn-normal-ddp-101,,,,,0,10.0,145.46516402004255,40.97364076457722,29.50910941942109,1274.1795281255859,39.809199865490534,2587.6100927293282,100.0,100.0,True,,synthetic_normal_distributed_training,sim_user,normal_distributed_training,gpu:2,normal_distributed_training
78.6,2026-01-01 00:01:18.600000+00:00,,syn-normal-ddp-101,syn-normal-ddp-101,,,,,0,10.0,207.43646377744327,96.49909128021893,53.54919499337558,2520.0,55.14475782372202,4236.845835587315,100.0,100.0,True,,synthetic_normal_distributed_training,sim_user,normal_distributed_training,gpu:2,normal_distributed_training
78.7,2026-01-01 00:01:18.700000+00:00,,syn-normal-ddp-101,syn-normal-ddp-101,,,,,0,10.0,207.83402966643285,90.10446907435919,38.40019349876893,2472.3935967616603,53.38357430131639,3145.524504843854,100.0,100.0,True,,synthetic_normal_distributed_training,sim_user,normal_distributed_training,gpu:2,normal_distributed_training
78.8,2026-01-01 00:01:18.800000+00:00,,syn-normal-ddp-101,syn-normal-ddp-101,,,,,0,10.0,208.82513704886588,87.9004288818825,49.34595856265526,2437.906690999961,52.88722172361046,3868.115234810864,100.0,100.0,True,,synthetic_normal_distributed_training,sim_user,normal_distributed_training,gpu:2,normal_distributed_training
78.9,2026-01-01 00:01:18.900000+00:00,,syn-normal-ddp-101,syn-normal-ddp-101,,,,,0,10.0,207.90500691137925,91.08384846551836,46.37145706058954,2520.0,53.86355166216236,3766.984784317868,100.0,100.0,True,,synthetic_normal_distributed_training,sim_user,normal_distributed_training,gpu:2,normal_distributed_training
79.0,2026-01-01 00:01:19+00:00,,syn-normal-ddp-101,syn-normal-ddp-101,,,,,0,10.0,208.65093502190012,96.24762320069301,43.542956921497414,2520.0,55.32645536263818,3459.699202011627,100.0,100.0,True,,synthetic_normal_distributed_training,sim_user,normal_distributed_training,gpu:2,normal_distributed_training
79.1,2026-01-01 00:01:19.100000+00:00,,syn-normal-ddp-101,syn-normal-ddp-101,,,,,0,10.0,211.1399706929429,86.16081952095064,47.19072337261394,2348.698121363838,52.68968785604026,3732.202727981053,100.0,100.0,True,,synthetic_normal_distributed_training,sim_user,normal_distributed_training,gpu:2,normal_distributed_training
79.2,2026-01-01 00:01:19.200000+00:00,,syn-normal-ddp-101,syn-normal-ddp-101,,,,,0,10.0,203.67522412990573,83.68179343050694,41.26271454456981,2231.8635778921166,51.83559786635174,3439.5510106363217,100.0,100.0,True,,synthetic_normal_distributed_training,sim_user,normal_distributed_training,gpu:2,normal_distributed_training
79.3,2026-01-01 00:01:19.300000+00:00,,syn-normal-ddp-101,syn-normal-ddp-101,,,,,0,10.0,203.44054254888152,93.44848651980973,50.34593581471718,2520.0,54.52982945173063,4044.292467709839,100.0,100.0,True,,synthetic_normal_distributed_training,sim_user,normal_distributed_training,gpu:2,normal_distributed_training
79.4,2026-01-01 00:01:19.400000+00:00,,syn-normal-ddp-101,syn-normal-ddp-101,,,,,0,10.0,204.26656915043023,90.21302725634516,54.142665115800945,2466.26438147408,53.49791062403012,4041.214908264326,100.0,100.0,True,,synthetic_normal_distributed_training,sim_user,normal_distributed_training,gpu:2,normal_distributed_training
79.5,2026-01-01 00:01:19.500000+00:00,,syn-normal-ddp-101,syn-normal-ddp-101,,,,,0,10.0,203.84708616407517,88.48186976183007,51.696381945227415,2425.4274221706446,52.84775149385181,3885.253306465597,100.0,100.0,True,,synthetic_normal_distributed_training,sim_user,normal_distributed_training,gpu:2,normal_distributed_training
79.6,2026-01-01 00:01:19.600000+00:00,,syn-normal-ddp-101,syn-normal-ddp-101,,,,,0,10.0,203.0766102601754,97.37678369822027,53.5811012353182,2520.0,55.113148357013145,4095.7699042601143,100.0,100.0,True,,synthetic_normal_distributed_training,sim_user,normal_distributed_training,gpu:2,normal_distributed_training
79.7,2026-01-01 00:01:19.700000+00:00,,syn-normal-ddp-101,syn-normal-ddp-101,,,,,0,10.0,202.99655512554816,95.67782020755018,52.75770274192232,2520.0,54.25044071929639,4175.528786387764,100.0,100.0,True,,synthetic_normal_distributed_training,sim_user,normal_distributed_training,gpu:2,normal_distributed_training
79.8,2026-01-01 00:01:19.800000+00:00,,syn-normal-ddp-101,syn-normal-ddp-101,,,,,0,10.0,202.782204213116,81.16826329944648,44.783042157648055,2184.573149804776,50.391709215862676,3612.566346644646,100.0,100.0,True,,synthetic_normal_distributed_training,sim_user,normal_distributed_training,gpu:2,normal_distributed_training
79.9,2026-01-01 00:01:19.900000+00:00,,syn-normal-ddp-101,syn-normal-ddp-101,,,,,0,10.0,204.41144731861618,81.33339735503735,41.77140086190183,2209.193360135382,50.4955859813331,3500.258389184533,100.0,100.0,True,,synthetic_normal_distributed_training,sim_user,normal_distributed_training,gpu:2,normal_distributed_training
80.0,2026-01-01 00:01:20+00:00,,syn-normal-ddp-101,syn-normal-ddp-101,,,,,0,10.0,208.41238790958914,93.72859487089812,47.15266872138319,2520.0,54.112686342980815,3777.821108821087,100.0,100.0,True,,synthetic_normal_distributed_training,sim_user,normal_distributed_training,gpu:2,normal_distributed_training
80.1,2026-01-01 00:01:20.100000+00:00,,syn-normal-ddp-101,syn-normal-ddp-101,,,,,0,10.0,209.2703507649814,96.94425646087083,51.18784153350869,2520.0,55.26027959711276,4138.605013249142,100.0,100.0,True,,synthetic_normal_distributed_training,sim_user,normal_distributed_training,gpu:2,normal_distributed_training
80.2,2026-01-01 00:01:20.200000+00:00,,syn-normal-ddp-101,syn-normal-ddp-101,,,,,0,10.0,208.42402306246677,90.31272585533782,49.95612391257654,2430.291676513457,53.253299854884744,4077.108604011186,100.0,100.0,True,,synthetic_normal_distributed_training,sim_user,normal_distributed_training,gpu:2,normal_distributed_training
80.3,2026-01-01 00:01:20.300000+00:00,,syn-normal-ddp-101,syn-normal-ddp-101,,,,,0,10.0,209.33820867050335,94.53743147217122,48.38955081082654,2520.0,54.78913010528919,3901.3108723357996,100.0,100.0,True,,synthetic_normal_distributed_training,sim_user,normal_distributed_training,gpu:2,normal_distributed_training
80.4,2026-01-01 00:01:20.400000+00:00,,syn-normal-ddp-101,syn-normal-ddp-101,,,,,0,10.0,209.04021951466763,88.53099678923215,47.34829494703022,2383.1003729437075,53.25126108611848,3735.8921348938816,100.0,100.0,True,,synthetic_normal_distributed_training,sim_user,normal_distributed_training,gpu:2,normal_distributed_training
80.5,2026-01-01 00:01:20.500000+00:00,,syn-normal-ddp-101,syn-normal-ddp-101,,,,,0,10.0,210.38978987968756,97.10076532983385,53.11577532341319,2520.0,55.90914000034335,4249.759356361703,100.0,100.0,True,,synthetic_normal_distributed_training,sim_user,normal_distributed_training,gpu:2,normal_distributed_training
80.6,2026-01-01 00:01:20.600000+00:00,,syn-normal-ddp-101,syn-normal-ddp-101,,,,,0,10.0,208.43781502775911,85.33223746024731,42.73303850506576,2303.000697969714,52.72253183671608,3319.5770692802935,100.0,100.0,True,,synthetic_normal_distributed_training,sim_user,normal_distributed_training,gpu:2,normal_distributed_training
80.7,2026-01-01 00:01:20.700000+00:00,,syn-normal-ddp-101,syn-normal-ddp-101,,,,,0,10.0,202.82041697012207,88.69516738423823,52.70389342638112,2446.520171797127,53.519802219158464,4120.601154109775,100.0,100.0,True,,synthetic_normal_distributed_training,sim_user,normal_distributed_training,gpu:2,normal_distributed_training
80.8,2026-01-01 00:01:20.800000+00:00,,syn-normal-ddp-101,syn-normal-ddp-101,,,,,0,10.0,205.36114137404897,92.49575467177067,55.74446594225839,2494.5891873077744,54.52779643816724,4451.620111080137,100.0,100.0,True,,synthetic_normal_distributed_training,sim_user,normal_distributed_training,gpu:2,normal_distributed_training
80.9,2026-01-01 00:01:20.900000+00:00,,syn-normal-ddp-101,syn-normal-ddp-101,,,,,0,10.0,206.48531071017794,89.10318193567397,49.38193089229482,2462.241685395332,53.48308871669581,3829.5148129250847,100.0,100.0,True,,synthetic_normal_distributed_training,sim_user,normal_distributed_training,gpu:2,normal_distributed_training
81.0,2026-01-01 00:01:21+00:00,,syn-normal-ddp-101,syn-normal-ddp-101,,,,,0,10.0,206.19494500981472,90.03137706240021,45.25592346947342,2437.643887095676,53.79576312749608,3515.867872924421,100.0,100.0,True,,synthetic_normal_distributed_training,sim_user,normal_distributed_training,gpu:2,normal_distributed_training
81.1,2026-01-01 00:01:21.100000+00:00,,syn-normal-ddp-101,syn-normal-ddp-101,,,,,0,10.0,202.8357583570352,87.71956662713602,39.86957990194706,2409.7017638615166,53.27897731186599,3398.8009067572148,100.0,100.0,True,,synthetic_normal_distributed_training,sim_user,normal_distributed_training,gpu:2,normal_distributed_training
81.2,2026-01-01 00:01:21.200000+00:00,,syn-normal-ddp-101,syn-normal-ddp-101,,,,,0,10.0,198.57577185955964,88.89089627717851,38.191355304229425,2400.624194562438,53.10158892811645,3220.576098317288,100.0,100.0,True,,synthetic_normal_distributed_training,sim_user,normal_distributed_training,gpu:2,normal_distributed_training
81.3,2026-01-01 00:01:21.300000+00:00,,syn-normal-ddp-101,syn-normal-ddp-101,,,,,0,10.0,199.65484094828628,81.33951008344779,49.12323467562718,2268.7394307340464,50.80845502151078,3931.302657646837,100.0,100.0,True,,synthetic_normal_distributed_training,sim_user,normal_distributed_training,gpu:2,normal_distributed_training
81.4,2026-01-01 00:01:21.400000+00:00,,syn-normal-ddp-101,syn-normal-ddp-101,,,,,0,10.0,201.01855344785588,92.18785562254074,51.14757201289922,2424.4714104675268,53.64372762715916,4250.711788745857,100.0,100.0,True,,synthetic_normal_distributed_training,sim_user,normal_distributed_training,gpu:2,normal_distributed_training
81.5,2026-01-01 00:01:21.500000+00:00,,syn-normal-ddp-101,syn-normal-ddp-101,,,,,0,10.0,200.43487235863097,77.64210931087038,39.866096257070026,2223.8635556141685,49.931894998824426,3278.7922456806764,100.0,100.0,True,,synthetic_normal_distributed_training,sim_user,normal_distributed_training,gpu:2,normal_distributed_training
81.6,2026-01-01 00:01:21.600000+00:00,,syn-normal-ddp-101,syn-normal-ddp-101,,,,,0,10.0,181.5138800501368,78.01652410312788,36.39109156815385,2170.4643105681503,49.90941764418639,2957.615269118908,100.0,100.0,True,,synthetic_normal_distributed_training,sim_user,normal_distributed_training,gpu:2,normal_distributed_training
81.7,2026-01-01 00:01:21.700000+00:00,,syn-normal-ddp-101,syn-normal-ddp-101,,,,,0,10.0,177.66530259019478,70.55934475665916,37.67707968732908,1928.5653866662333,47.56760451315924,3118.6818894264366,100.0,100.0,True,,synthetic_normal_distributed_training,sim_user,normal_distributed_training,gpu:2,normal_distributed_training
81.8,2026-01-01 00:01:21.800000+00:00,,syn-normal-ddp-101,syn-normal-ddp-101,,,,,0,10.0,180.02843924895498,74.9223901621279,44.61972023837768,2052.9611171940187,48.609772642534715,3652.4295750986716,100.0,100.0,True,,synthetic_normal_distributed_training,sim_user,normal_distributed_training,gpu:2,normal_distributed_training
81.9,2026-01-01 00:01:21.900000+00:00,,syn-normal-ddp-101,syn-normal-ddp-101,,,,,0,10.0,182.66689527777461,78.53957175046308,44.069544093399394,2168.0087222207653,49.41589223897184,3508.585618913518,100.0,100.0,True,,synthetic_normal_distributed_training,sim_user,normal_distributed_training,gpu:2,normal_distributed_training
82.0,2026-01-01 00:01:22+00:00,,syn-normal-ddp-101,syn-normal-ddp-101,,,,,0,10.0,183.38360194421676,75.2978279602005,36.73362782590023,2094.599332006726,48.325438412792415,3001.8160381301072,100.0,100.0,True,,synthetic_normal_distributed_training,sim_user,normal_distributed_training,gpu:2,normal_distributed_training
82.1,2026-01-01 00:01:22.100000+00:00,,syn-normal-ddp-101,syn-normal-ddp-101,,,,,0,10.0,182.2832552924823,78.96197031290399,55.39507913919644,2157.341670478123,49.66263051719816,4480.700501121758,100.0,100.0,True,,synthetic_normal_distributed_training,sim_user,normal_distributed_training,gpu:2,normal_distributed_training
82.2,2026-01-01 00:01:22.200000+00:00,,syn-normal-ddp-101,syn-normal-ddp-101,,,,,0,10.0,179.01794834822672,73.17091407001976,42.006638308537184,2079.910752606765,48.41477488699256,3472.342239599661,100.0,100.0,True,,synthetic_normal_distributed_training,sim_user,normal_distributed_training,gpu:2,normal_distributed_training
82.3,2026-01-01 00:01:22.300000+00:00,,syn-normal-ddp-101,syn-normal-ddp-101,,,,,0,10.0,176.79537626496338,68.54066563064995,32.10702314926674,1917.3307334237782,47.16483305098714,2780.8944104113502,100.0,100.0,True,,synthetic_normal_distributed_training,sim_user,normal_distributed_training,gpu:2,normal_distributed_training
82.4,2026-01-01 00:01:22.400000+00:00,,syn-normal-ddp-101,syn-normal-ddp-101,,,,,0,10.0,175.94169436224712,72.74582795851634,41.19222934069424,2001.8924349567817,48.26500898904882,3357.569001186217,100.0,100.0,True,,synthetic_normal_distributed_training,sim_user,normal_distributed_training,gpu:2,normal_distributed_training
82.5,2026-01-01 00:01:22.500000+00:00,,syn-normal-ddp-101,syn-normal-ddp-101,,,,,0,10.0,178.29194228676215,76.2303039789088,43.19210251680503,2116.059317709382,49.2030022296111,3454.2788937561936,100.0,100.0,True,,synthetic_normal_distributed_training,sim_user,normal_distributed_training,gpu:2,normal_distributed_training
82.6,2026-01-01 00:01:22.600000+00:00,,syn-normal-ddp-101,syn-normal-ddp-101,,,,,0,10.0,178.4919212762997,60.64136411884055,35.966028820555685,1758.6144689660123,45.39124984894669,3159.57147169502,100.0,100.0,True,,synthetic_normal_distributed_training,sim_user,normal_distributed_training,gpu:2,normal_distributed_training
82.7,2026-01-01 00:01:22.700000+00:00,,syn-normal-ddp-101,syn-normal-ddp-101,,,,,0,10.0,181.78911205685642,73.02086038092484,41.28904555639851,1984.5881388730345,48.88541670550362,3269.4175654205787,100.0,100.0,True,,synthetic_normal_distributed_training,sim_user,normal_distributed_training,gpu:2,normal_distributed_training
82.8,2026-01-01 00:01:22.800000+00:00,,syn-normal-ddp-101,syn-normal-ddp-101,,,,,0,10.0,181.0306312468241,60.83445568631283,28.007204114151165,1701.2809321644509,45.63274423680453,2570.7641975593097,100.0,100.0,True,,synthetic_normal_distributed_training,sim_user,normal_distributed_training,gpu:2,normal_distributed_training
82.9,2026-01-01 00:01:22.900000+00:00,,syn-normal-ddp-101,syn-normal-ddp-101,,,,,0,10.0,179.86218631908525,70.94125125934112,40.232733406940774,2023.53454057244,48.54709315585414,3414.18973582232,100.0,100.0,True,,synthetic_normal_distributed_training,sim_user,normal_distributed_training,gpu:2,normal_distributed_training
83.0,2026-01-01 00:01:23+00:00,,syn-normal-ddp-101,syn-normal-ddp-101,,,,,0,10.0,183.64133237577454,73.53987909538994,36.78398595848737,2061.5689207324895,49.030107822646166,2870.3645623973343,100.0,100.0,True,,synthetic_normal_distributed_training,sim_user,normal_distributed_training,gpu:2,normal_distributed_training
83.1,2026-01-01 00:01:23.100000+00:00,,syn-normal-ddp-101,syn-normal-ddp-101,,,,,0,10.0,183.9742644728755,73.32621509585628,40.53264863140277,2046.284315248828,48.78710801621802,3475.7378572180432,100.0,100.0,True,,synthetic_normal_distributed_training,sim_user,normal_distributed_training,gpu:2,normal_distributed_training
83.2,2026-01-01 00:01:23.200000+00:00,,syn-normal-ddp-101,syn-normal-ddp-101,,,,,0,10.0,179.5571228597812,76.34712352993482,41.45857616076989,2188.0664838979656,49.74862713386018,3372.1777476787547,100.0,100.0,True,,synthetic_normal_distributed_training,sim_user,normal_distributed_training,gpu:2,normal_distributed_training
83.3,2026-01-01 00:01:23.300000+00:00,,syn-normal-ddp-101,syn-normal-ddp-101,,,,,0,10.0,180.5393923442508,76.78907261294093,44.660473178180666,2187.637567236495,49.55311038995455,3587.559884069658,100.0,100.0,True,,synthetic_normal_distributed_training,sim_user,normal_distributed_training,gpu:2,normal_distributed_training
83.4,2026-01-01 00:01:23.400000+00:00,,syn-normal-ddp-101,syn-normal-ddp-101,,,,,0,10.0,180.43357538297366,75.20324576601034,41.989205389187106,2047.5364468820785,49.28620097037552,3289.7080345017202,100.0,100.0,True,,synthetic_normal_distributed_training,sim_user,normal_distributed_training,gpu:2,normal_distributed_training
83.5,2026-01-01 00:01:23.500000+00:00,,syn-normal-ddp-101,syn-normal-ddp-101,,,,,0,10.0,180.65630386807564,57.47866004906881,29.96308375983408,1597.1298151339718,43.92145322816457,2515.786235471326,100.0,100.0,True,,synthetic_normal_distributed_training,sim_user,normal_distributed_training,gpu:2,normal_distributed_training
83.6,2026-01-01 00:01:23.600000+00:00,,syn-normal-ddp-101,syn-normal-ddp-101,,,,,0,10.0,183.31600089586001,80.47735883187475,54.81312061743786,2238.118049436027,50.27160689735184,4365.9511848897,100.0,100.0,True,,synthetic_normal_distributed_training,sim_user,normal_distributed_training,gpu:2,normal_distributed_training
83.7,2026-01-01 00:01:23.700000+00:00,,syn-normal-ddp-101,syn-normal-ddp-101,,,,,0,10.0,179.6977162907436,67.28138461507507,35.34372732356283,1926.2796288586246,46.3788264309146,2821.5650200793893,100.0,100.0,True,,synthetic_normal_distributed_training,sim_user,normal_distributed_training,gpu:2,normal_distributed_training
83.8,2026-01-01 00:01:23.800000+00:00,,syn-normal-ddp-101,syn-normal-ddp-101,,,,,0,10.0,184.45700135686792,60.165237055613105,31.31934607006817,1706.3435914982351,44.480735834957834,2577.5399298999287,100.0,100.0,True,,synthetic_normal_distributed_training,sim_user,normal_distributed_training,gpu:2,normal_distributed_training
83.9,2026-01-01 00:01:23.900000+00:00,,syn-normal-ddp-101,syn-normal-ddp-101,,,,,0,10.0,185.06362581187088,75.25187265028532,42.989287929048054,2108.342199011574,48.669754004157944,3507.037473889944,100.0,100.0,True,,synthetic_normal_distributed_training,sim_user,normal_distributed_training,gpu:2,normal_distributed_training
84.0,2026-01-01 00:01:24+00:00,,syn-normal-ddp-101,syn-normal-ddp-101,,,,,0,10.0,184.7950526682215,73.11795097579997,41.94604824746978,2014.4942433250512,48.12193313169675,3352.8847390956907,100.0,100.0,True,,synthetic_normal_distributed_training,sim_user,normal_distributed_training,gpu:2,normal_distributed_training
84.1,2026-01-01 00:01:24.100000+00:00,,syn-normal-ddp-101,syn-normal-ddp-101,,,,,0,10.0,183.88834822892844,71.6801683921303,43.20051035193293,2031.5402862544552,47.88039381922757,3428.6799368104093,100.0,100.0,True,,synthetic_normal_distributed_training,sim_user,normal_distributed_training,gpu:2,normal_distributed_training
84.2,2026-01-01 00:01:24.200000+00:00,,syn-normal-ddp-101,syn-normal-ddp-101,,,,,0,10.0,184.93515920621533,81.77753836477233,38.77285884563797,2211.7161915674737,50.85680413163261,3193.899469966492,100.0,100.0,True,,synthetic_normal_distributed_training,sim_user,normal_distributed_training,gpu:2,normal_distributed_training
84.3,2026-01-01 00:01:24.300000+00:00,,syn-normal-ddp-101,syn-normal-ddp-101,,,,,0,10.0,185.49428560544527,73.36021971634389,37.791431969409416,2053.950984012447,48.35511842720587,3114.6276992289263,100.0,100.0,True,,synthetic_normal_distributed_training,sim_user,normal_distributed_training,gpu:2,normal_distributed_training
84.4,2026-01-01 00:01:24.400000+00:00,,syn-normal-ddp-101,syn-normal-ddp-101,,,,,0,10.0,190.0231391853793,73.40920104253627,44.64238330116259,2068.6055016411033,48.68441946649553,3698.937826231305,100.0,100.0,True,,synthetic_normal_distributed_training,sim_user,normal_distributed_training,gpu:2,normal_distributed_training
84.5,2026-01-01 00:01:24.500000+00:00,,syn-normal-ddp-101,syn-normal-ddp-101,,,,,0,10.0,189.65453218146257,82.57564519326142,46.268132330075744,2268.18957006922,51.634287066265045,3679.1233724376284,100.0,100.0,True,,synthetic_normal_distributed_training,sim_user,normal_distributed_training,gpu:2,normal_distributed_training
84.6,2026-01-01 00:01:24.600000+00:00,,syn-normal-ddp-101,syn-normal-ddp-101,,,,,0,10.0,190.51788440409337,73.39443057849736,41.29017482205048,2046.6621705150112,49.02587573519256,3372.372605762965,100.0,100.0,True,,synthetic_normal_distributed_training,sim_user,normal_distributed_training,gpu:2,normal_distributed_training
84.7,2026-01-01 00:01:24.700000+00:00,,syn-normal-ddp-101,syn-normal-ddp-101,,,,,0,10.0,191.3867383881217,84.20749763441056,40.20719671988666,2318.224178732256,52.00259285646034,3145.751984534561,100.0,100.0,True,,synthetic_normal_distributed_training,sim_user,normal_distributed_training,gpu:2,normal_distributed_training
84.8,2026-01-01 00:01:24.800000+00:00,,syn-normal-ddp-101,syn-normal-ddp-101,,,,,0,10.0,191.9724450588714,74.54239383812725,34.83476585312163,2106.8847102512696,49.39385180932014,2967.1298970918574,100.0,100.0,True,,synthetic_normal_distributed_training,sim_user,normal_distributed_training,gpu:2,normal_distributed_training
84.9,2026-01-01 00:01:24.900000+00:00,,syn-normal-ddp-101,syn-normal-ddp-101,,,,,0,10.0,190.94538253151708,82.30649542096339,41.581613100238556,2242.5323734134013,51.60397394990112,3345.66604816183,100.0,100.0,True,,synthetic_normal_distributed_training,sim_user,normal_distributed_training,gpu:2,normal_distributed_training
85.0,2026-01-01 00:01:25+00:00,,syn-normal-ddp-101,syn-normal-ddp-101,,,,,0,10.0,189.09481854165068,87.13067709297857,48.54717935888758,2432.0042321378114,52.92589863322012,3769.6182506837554,100.0,100.0,True,,synthetic_normal_distributed_training,sim_user,normal_distributed_training,gpu:2,normal_distributed_training
85.1,2026-01-01 00:01:25.100000+00:00,,syn-normal-ddp-101,syn-normal-ddp-101,,,,,0,10.0,187.61662131145718,81.2832866287607,47.611207832061254,2187.025740887394,51.18001613408738,3542.595919109838,100.0,100.0,True,,synthetic_normal_distributed_training,sim_user,normal_distributed_training,gpu:2,normal_distributed_training
85.2,2026-01-01 00:01:25.200000+00:00,,syn-normal-ddp-101,syn-normal-ddp-101,,,,,0,10.0,189.23081854280795,74.02517201525335,44.083056695684874,2106.3026281025195,49.47818769617004,3588.0259122766483,100.0,100.0,True,,synthetic_normal_distributed_training,sim_user,normal_distributed_training,gpu:2,normal_distributed_training
85.3,2026-01-01 00:01:25.300000+00:00,,syn-normal-ddp-101,syn-normal-ddp-101,,,,,0,10.0,212.28937586817113,86.35444909687077,39.43817093395782,2382.289886547003,52.78391752709305,3210.1420788945093,100.0,100.0,True,,synthetic_normal_distributed_training,sim_user,normal_distributed_training,gpu:2,normal_distributed_training
85.4,2026-01-01 00:01:25.400000+00:00,,syn-normal-ddp-101,syn-normal-ddp-101,,,,,0,10.0,213.30997152827504,93.09629366812261,50.6100200755354,2520.0,54.41114204419146,4053.4246869963117,100.0,100.0,True,,synthetic_normal_distributed_training,sim_user,normal_distributed_training,gpu:2,normal_distributed_training
85.5,2026-01-01 00:01:25.500000+00:00,,syn-normal-ddp-101,syn-normal-ddp-101,,,,,0,10.0,209.20845411147974,84.33251605450431,46.375730472708184,2361.6689651384995,52.056550368283716,3648.1726199748023,100.0,100.0,True,,synthetic_normal_distributed_training,sim_user,normal_distributed_training,gpu:2,normal_distributed_training
85.6,2026-01-01 00:01:25.600000+00:00,,syn-normal-ddp-101,syn-normal-ddp-101,,,,,0,10.0,207.6168725970335,98.36262746951752,52.08480128197501,2520.0,55.97019880058138,4107.542862969548,100.0,100.0,True,,synthetic_normal_distributed_training,sim_user,normal_distributed_training,gpu:2,normal_distributed_training
85.7,2026-01-01 00:01:25.700000+00:00,,syn-normal-ddp-101,syn-normal-ddp-101,,,,,0,10.0,211.1145321549641,98.90625687944164,52.45627272072848,2520.0,56.18852207524429,4204.372444966905,100.0,100.0,True,,synthetic_normal_distributed_training,sim_user,normal_distributed_training,gpu:2,normal_distributed_training
85.8,2026-01-01 00:01:25.800000+00:00,,syn-normal-ddp-101,syn-normal-ddp-101,,,,,0,10.0,210.2580891988103,81.87493503227722,40.31756491739905,2281.569301380338,51.01465109263463,3226.6758482575974,100.0,100.0,True,,synthetic_normal_distributed_training,sim_user,normal_distributed_training,gpu:2,normal_distributed_training
85.9,2026-01-01 00:01:25.900000+00:00,,syn-normal-ddp-101,syn-normal-ddp-101,,,,,0,10.0,208.43977091498184,89.57388336079345,47.44884640811747,2453.155718356798,53.292328867898725,3958.0517662270095,100.0,100.0,True,,synthetic_normal_distributed_training,sim_user,normal_distributed_training,gpu:2,normal_distributed_training
86.0,2026-01-01 00:01:26+00:00,,syn-normal-ddp-101,syn-normal-ddp-101,,,,,0,10.0,207.43431190499146,93.55305262536525,41.405478434958496,2520.0,54.57508827663506,3280.0426263862046,100.0,100.0,True,,synthetic_normal_distributed_training,sim_user,normal_distributed_training,gpu:2,normal_distributed_training
86.1,2026-01-01 00:01:26.100000+00:00,,syn-normal-ddp-101,syn-normal-ddp-101,,,,,0,10.0,203.237266315771,92.7149435498727,55.88418933436637,2520.0,54.09618016897409,4534.985297698428,100.0,100.0,True,,synthetic_normal_distributed_training,sim_user,normal_distributed_training,gpu:2,normal_distributed_training
86.2,2026-01-01 00:01:26.200000+00:00,,syn-normal-ddp-101,syn-normal-ddp-101,,,,,0,10.0,203.48592127930644,82.1651180591126,45.65027921749701,2203.8445751733298,51.289647666225655,3655.522465143906,100.0,100.0,True,,synthetic_normal_distributed_training,sim_user,normal_distributed_training,gpu:2,normal_distributed_training
86.3,2026-01-01 00:01:26.300000+00:00,,syn-normal-ddp-101,syn-normal-ddp-101,,,,,0,10.0,206.16752466739268,90.30755192872775,55.347954889172975,2476.965350960227,53.57980088954563,4341.301672915228,100.0,100.0,True,,synthetic_normal_distributed_training,sim_user,normal_distributed_training,gpu:2,normal_distributed_training
86.4,2026-01-01 00:01:26.400000+00:00,,syn-normal-ddp-101,syn-normal-ddp-101,,,,,0,10.0,205.15530470408598,83.5466364356412,42.23869291989617,2226.5704942302064,51.5861561891263,3341.0803855986946,100.0,100.0,True,,synthetic_normal_distributed_training,sim_user,normal_distributed_training,gpu:2,normal_distributed_training
86.5,2026-01-01 00:01:26.500000+00:00,,syn-normal-ddp-101,syn-normal-ddp-101,,,,,0,10.0,204.5838175535919,87.04194854588368,40.43305085182529,2390.7594693264823,52.72680524520189,3045.3337236019306,100.0,100.0,True,,synthetic_normal_distributed_training,sim_user,normal_distributed_training,gpu:2,normal_distributed_training
86.6,2026-01-01 00:01:26.600000+00:00,,syn-normal-ddp-101,syn-normal-ddp-101,,,,,0,10.0,204.10625820450406,92.53687181150661,57.89649752161804,2520.0,54.14166268913327,4379.770894446859,100.0,100.0,True,,synthetic_normal_distributed_training,sim_user,normal_distributed_training,gpu:2,normal_distributed_training
86.7,2026-01-01 00:01:26.700000+00:00,,syn-normal-ddp-101,syn-normal-ddp-101,,,,,0,10.0,203.8822314039117,78.17922884167966,33.72671691383365,2164.5643368536307,50.4449246834521,2799.7517870762913,100.0,100.0,True,,synthetic_normal_distributed_training,sim_user,normal_distributed_training,gpu:2,normal_distributed_training
86.8,2026-01-01 00:01:26.800000+00:00,,syn-normal-ddp-101,syn-normal-ddp-101,,,,,0,10.0,207.32113374428192,90.89187913866216,44.574840144313875,2520.0,53.85954333646242,3526.2629241365667,100.0,100.0,True,,synthetic_normal_distributed_training,sim_user,normal_distributed_training,gpu:2,normal_distributed_training
86.9,2026-01-01 00:01:26.900000+00:00,,syn-normal-ddp-101,syn-normal-ddp-101,,,,,0,10.0,209.9348352911956,97.01679646056004,56.11066446872218,2520.0,55.53293339674698,4499.481272797378,100.0,100.0,True,,synthetic_normal_distributed_training,sim_user,normal_distributed_training,gpu:2,normal_distributed_training
87.0,2026-01-01 00:01:27+00:00,,syn-normal-ddp-101,syn-normal-ddp-101,,,,,0,10.0,209.27442068011766,83.8329187156467,51.540000378998386,2337.4049270081914,51.90572551821054,4032.4702773502136,100.0,100.0,True,,synthetic_normal_distributed_training,sim_user,normal_distributed_training,gpu:2,normal_distributed_training
87.1,2026-01-01 00:01:27.100000+00:00,,syn-normal-ddp-101,syn-normal-ddp-101,,,,,0,10.0,211.47866648915863,89.63889117274987,46.109132823877246,2357.32724997591,53.214723909996,3829.0851097668374,100.0,100.0,True,,synthetic_normal_distributed_training,sim_user,normal_distributed_training,gpu:2,normal_distributed_training
87.2,2026-01-01 00:01:27.200000+00:00,,syn-normal-ddp-101,syn-normal-ddp-101,,,,,0,10.0,208.37686237485931,99.38572708043907,53.42808877732764,2520.0,55.712854615476324,4308.944395619942,100.0,100.0,True,,synthetic_normal_distributed_training,sim_user,normal_distributed_training,gpu:2,normal_distributed_training
87.3,2026-01-01 00:01:27.300000+00:00,,syn-normal-ddp-101,syn-normal-ddp-101,,,,,0,10.0,208.92587235493457,92.08816365226903,49.20704395543239,2492.1485880306177,53.812127516764974,3903.121896769778,100.0,100.0,True,,synthetic_normal_distributed_training,sim_user,normal_distributed_training,gpu:2,normal_distributed_training
87.4,2026-01-01 00:01:27.400000+00:00,,syn-normal-ddp-101,syn-normal-ddp-101,,,,,0,10.0,211.1884195690009,98.49586069134901,56.00586291877517,2520.0,55.529443971132146,4386.369547771092,100.0,100.0,True,,synthetic_normal_distributed_training,sim_user,normal_distributed_training,gpu:2,normal_distributed_training
87.5,2026-01-01 00:01:27.500000+00:00,,syn-normal-ddp-101,syn-normal-ddp-101,,,,,0,10.0,213.34532584260688,98.52726752005677,50.18976081575447,2520.0,55.827060367403014,3855.2244834170533,100.0,100.0,True,,synthetic_normal_distributed_training,sim_user,normal_distributed_training,gpu:2,normal_distributed_training
87.6,2026-01-01 00:01:27.600000+00:00,,syn-normal-ddp-101,syn-normal-ddp-101,,,,,0,10.0,215.3145689947548,100.0,57.124755746898984,2520.0,56.49533522644629,4490.224100213599,100.0,100.0,True,,synthetic_normal_distributed_training,sim_user,normal_distributed_training,gpu:2,normal_distributed_training
87.7,2026-01-01 00:01:27.700000+00:00,,syn-normal-ddp-101,syn-normal-ddp-101,,,,,0,10.0,215.42741335338164,100.0,58.316251393708896,2520.0,56.380798506853964,4544.267862830576,100.0,100.0,True,,synthetic_normal_distributed_training,sim_user,normal_distributed_training,gpu:2,normal_distributed_training
87.8,2026-01-01 00:01:27.800000+00:00,,syn-normal-ddp-101,syn-normal-ddp-101,,,,,0,10.0,209.43253886901232,92.77785824360538,50.27812365985053,2520.0,54.39121813291264,3970.0923919247525,100.0,100.0,True,,synthetic_normal_distributed_training,sim_user,normal_distributed_training,gpu:2,normal_distributed_training
87.9,2026-01-01 00:01:27.900000+00:00,,syn-normal-ddp-101,syn-normal-ddp-101,,,,,0,10.0,210.64624865896255,90.04776463334997,49.59683769629851,2453.634172931033,53.70746110867556,3998.458798325365,100.0,100.0,True,,synthetic_normal_distributed_training,sim_user,normal_distributed_training,gpu:2,normal_distributed_training
88.0,2026-01-01 00:01:28+00:00,,syn-normal-ddp-101,syn-normal-ddp-101,,,,,0,10.0,210.22817883028364,96.75579591755704,62.34156672118688,2520.0,55.53836556773142,4700.959064567003,100.0,100.0,True,,synthetic_normal_distributed_training,sim_user,normal_distributed_training,gpu:2,normal_distributed_training
88.1,2026-01-01 00:01:28.100000+00:00,,syn-normal-ddp-101,syn-normal-ddp-101,,,,,0,10.0,207.1533282555861,85.97279169142935,48.25809195968031,2394.696178808758,52.76920362402214,3935.202110161216,100.0,100.0,True,,synthetic_normal_distributed_training,sim_user,normal_distributed_training,gpu:2,normal_distributed_training
88.2,2026-01-01 00:01:28.200000+00:00,,syn-normal-ddp-101,syn-normal-ddp-101,,,,,0,10.0,201.16017798730277,83.12823897148525,43.734783633511945,2254.837217352425,51.81086705169612,3668.2983319500563,100.0,100.0,True,,synthetic_normal_distributed_training,sim_user,normal_distributed_training,gpu:2,normal_distributed_training
88.3,2026-01-01 00:01:28.300000+00:00,,syn-normal-ddp-101,syn-normal-ddp-101,,,,,0,10.0,197.4827496042333,81.38545538007494,48.914082168672984,2282.4539281524867,51.26444299923267,3745.3888952828843,100.0,100.0,True,,synthetic_normal_distributed_training,sim_user,normal_distributed_training,gpu:2,normal_distributed_training
88.4,2026-01-01 00:01:28.400000+00:00,,syn-normal-ddp-101,syn-normal-ddp-101,,,,,0,10.0,138.6400276722659,38.420571985839636,25.814214884336643,1137.6391191705857,39.260000395080866,2287.867026683046,100.0,100.0,True,,synthetic_normal_distributed_training,sim_user,normal_distributed_training,gpu:2,normal_distributed_training
88.5,2026-01-01 00:01:28.500000+00:00,,syn-normal-ddp-101,syn-normal-ddp-101,,,,,0,10.0,141.85140843120212,36.5669084657155,16.9656220515177,1150.9717516484316,38.48392599634389,1637.5931613337177,100.0,100.0,True,,synthetic_normal_distributed_training,sim_user,normal_distributed_training,gpu:2,normal_distributed_training
88.6,2026-01-01 00:01:28.600000+00:00,,syn-normal-ddp-101,syn-normal-ddp-101,,,,,0,10.0,144.9515232742309,44.18305198243382,20.053263095273046,1384.7401282549881,40.5069281474345,1828.3164399364089,100.0,100.0,True,,synthetic_normal_distributed_training,sim_user,normal_distributed_training,gpu:2,normal_distributed_training
88.7,2026-01-01 00:01:28.700000+00:00,,syn-normal-ddp-101,syn-normal-ddp-101,,,,,0,10.0,146.0628034637694,49.485882985961446,32.893987738357794,1484.0438964724349,41.8062147217576,2952.2418465502674,100.0,100.0,True,,synthetic_normal_distributed_training,sim_user,normal_distributed_training,gpu:2,normal_distributed_training
88.8,2026-01-01 00:01:28.800000+00:00,,syn-normal-ddp-101,syn-normal-ddp-101,,,,,0,10.0,146.91107711822892,37.62014235355591,25.430595030335066,1128.2236667977782,38.1874571327796,2169.2398710680272,100.0,100.0,True,,synthetic_normal_distributed_training,sim_user,normal_distributed_training,gpu:2,normal_distributed_training
88.9,2026-01-01 00:01:28.900000+00:00,,syn-normal-ddp-101,syn-normal-ddp-101,,,,,0,10.0,147.76581514475916,36.153249232610975,25.035173036311832,1058.2933885102602,37.983322818628906,2057.0372352101895,100.0,100.0,True,,synthetic_normal_distributed_training,sim_user,normal_distributed_training,gpu:2,normal_distributed_training
89.0,2026-01-01 00:01:29+00:00,,syn-normal-ddp-101,syn-normal-ddp-101,,,,,0,10.0,148.8305523646569,44.34831947947432,30.925047296918425,1305.0710791837716,39.95620605573705,2725.3330786071824,100.0,100.0,True,,synthetic_normal_distributed_training,sim_user,normal_distributed_training,gpu:2,normal_distributed_training
89.1,2026-01-01 00:01:29.100000+00:00,,syn-normal-ddp-101,syn-normal-ddp-101,,,,,0,10.0,145.1099670400687,45.02370936561379,19.87573313735668,1281.876510388276,40.325938561920054,1920.6779329630772,100.0,100.0,True,,synthetic_normal_distributed_training,sim_user,normal_distributed_training,gpu:2,normal_distributed_training
89.2,2026-01-01 00:01:29.200000+00:00,,syn-normal-ddp-101,syn-normal-ddp-101,,,,,0,10.0,144.30709023390432,46.23261074382353,18.56806810410261,1418.5624696383334,40.62077276775631,1681.3218523716043,100.0,100.0,True,,synthetic_normal_distributed_training,sim_user,normal_distributed_training,gpu:2,normal_distributed_training
89.3,2026-01-01 00:01:29.300000+00:00,,syn-normal-ddp-101,syn-normal-ddp-101,,,,,0,10.0,139.3321858483325,41.895575988789076,26.956356933939823,1295.805994109338,39.15317237548581,2263.323021563367,100.0,100.0,True,,synthetic_normal_distributed_training,sim_user,normal_distributed_training,gpu:2,normal_distributed_training
89.4,2026-01-01 00:01:29.400000+00:00,,syn-normal-ddp-101,syn-normal-ddp-101,,,,,0,10.0,138.59495391149153,39.395019313412035,25.345645820763416,1118.5136396229657,38.45510975362101,2190.6357250120295,100.0,100.0,True,,synthetic_normal_distributed_training,sim_user,normal_distributed_training,gpu:2,normal_distributed_training
89.5,2026-01-01 00:01:29.500000+00:00,,syn-normal-ddp-101,syn-normal-ddp-101,,,,,0,10.0,138.52324704789658,50.03233350818961,28.014557503117206,1447.7674498192775,41.48153308936599,2305.5875252948526,100.0,100.0,True,,synthetic_normal_distributed_training,sim_user,normal_distributed_training,gpu:2,normal_distributed_training
89.6,2026-01-01 00:01:29.600000+00:00,,syn-normal-ddp-101,syn-normal-ddp-101,,,,,0,10.0,139.67022534404538,44.22855077319545,27.130517860322396,1335.7405574593392,40.16497247304523,2447.170488026514,100.0,100.0,True,,synthetic_normal_distributed_training,sim_user,normal_distributed_training,gpu:2,normal_distributed_training
89.7,2026-01-01 00:01:29.700000+00:00,,syn-normal-ddp-101,syn-normal-ddp-101,,,,,0,10.0,142.16150568783294,43.05997929178415,20.42335381884109,1322.4219655063819,39.77480935395582,1796.9021449145791,100.0,100.0,True,,synthetic_normal_distributed_training,sim_user,normal_distributed_training,gpu:2,normal_distributed_training
89.8,2026-01-01 00:01:29.800000+00:00,,syn-normal-ddp-101,syn-normal-ddp-101,,,,,0,10.0,144.3547435399703,47.460762147720274,21.796307082431298,1357.3034364363173,40.75210626670327,1999.9480014780136,100.0,100.0,True,,synthetic_normal_distributed_training,sim_user,normal_distributed_training,gpu:2,normal_distributed_training
89.9,2026-01-01 00:01:29.900000+00:00,,syn-normal-ddp-101,syn-normal-ddp-101,,,,,0,10.0,204.8976200126047,90.59805788406045,49.22613860343411,2478.8282567716806,53.21313753660086,3769.948165334788,100.0,100.0,True,,synthetic_normal_distributed_training,sim_user,normal_distributed_training,gpu:2,normal_distributed_training
90.0,2026-01-01 00:01:30+00:00,,syn-normal-ddp-101,syn-normal-ddp-101,,,,,0,10.0,206.69042633339643,89.45588624852718,50.75268099574683,2408.19610538963,52.57402966244813,3944.0712338701474,100.0,100.0,True,,synthetic_normal_distributed_training,sim_user,normal_distributed_training,gpu:2,normal_distributed_training
90.1,2026-01-01 00:01:30.100000+00:00,,syn-normal-ddp-101,syn-normal-ddp-101,,,,,0,10.0,205.88619364190814,91.29735086788672,52.55845815790499,2481.663172351581,53.119451429393,4062.9891983405014,100.0,100.0,True,,synthetic_normal_distributed_training,sim_user,normal_distributed_training,gpu:2,normal_distributed_training
90.2,2026-01-01 00:01:30.200000+00:00,,syn-normal-ddp-101,syn-normal-ddp-101,,,,,0,10.0,207.21477924111258,88.83347996105343,48.24088290432068,2461.0070962020463,52.53351151299863,3900.2765459199936,100.0,100.0,True,,synthetic_normal_distributed_training,sim_user,normal_distributed_training,gpu:2,normal_distributed_training
90.3,2026-01-01 00:01:30.300000+00:00,,syn-normal-ddp-101,syn-normal-ddp-101,,,,,0,10.0,204.61689691724172,86.73875945372507,49.98840343323152,2309.2972031775644,51.69271276693004,4138.15651340111,100.0,100.0,True,,synthetic_normal_distributed_training,sim_user,normal_distributed_training,gpu:2,normal_distributed_training
90.4,2026-01-01 00:01:30.400000+00:00,,syn-normal-ddp-101,syn-normal-ddp-101,,,,,0,10.0,204.84147305354261,95.54295588690842,57.31309640702328,2520.0,54.19188075697399,4521.472989409103,100.0,100.0,True,,synthetic_normal_distributed_training,sim_user,normal_distributed_training,gpu:2,normal_distributed_training
90.5,2026-01-01 00:01:30.500000+00:00,,syn-normal-ddp-101,syn-normal-ddp-101,,,,,0,10.0,208.3553826589002,83.04347558730025,47.46543641699891,2317.3942078409677,50.60181992279881,3738.7978242489207,100.0,100.0,True,,synthetic_normal_distributed_training,sim_user,normal_distributed_training,gpu:2,normal_distributed_training
90.6,2026-01-01 00:01:30.600000+00:00,,syn-normal-ddp-101,syn-normal-ddp-101,,,,,0,10.0,209.54066499907296,89.60495568511604,47.13896496816609,2392.5684381294104,52.563089702304076,3687.978586432539,100.0,100.0,True,,synthetic_normal_distributed_training,sim_user,normal_distributed_training,gpu:2,normal_distributed_training
90.7,2026-01-01 00:01:30.700000+00:00,,syn-normal-ddp-101,syn-normal-ddp-101,,,,,0,10.0,209.89807468298943,89.28367427636799,55.80120463215488,2413.7487873968853,52.58677295859729,4288.825518610931,100.0,100.0,True,,synthetic_normal_distributed_training,sim_user,normal_distributed_training,gpu:2,normal_distributed_training
90.8,2026-01-01 00:01:30.800000+00:00,,syn-normal-ddp-101,syn-normal-ddp-101,,,,,0,10.0,210.87301093996734,96.49092380651044,48.17738034078293,2520.0,54.72321713426547,3699.3296985125853,100.0,100.0,True,,synthetic_normal_distributed_training,sim_user,normal_distributed_training,gpu:2,normal_distributed_training
90.9,2026-01-01 00:01:30.900000+00:00,,syn-normal-ddp-101,syn-normal-ddp-101,,,,,0,10.0,207.90940063185104,85.6861481397723,47.79087368945833,2354.192251664234,51.737446127210845,3756.430309934493,100.0,100.0,True,,synthetic_normal_distributed_training,sim_user,normal_distributed_training,gpu:2,normal_distributed_training
91.0,2026-01-01 00:01:31+00:00,,syn-normal-ddp-101,syn-normal-ddp-101,,,,,0,10.0,212.83057257492035,95.96954293584274,60.3446111812177,2520.0,54.59522987477321,4652.711662499238,100.0,100.0,True,,synthetic_normal_distributed_training,sim_user,normal_distributed_training,gpu:2,normal_distributed_training
91.1,2026-01-01 00:01:31.100000+00:00,,syn-normal-ddp-101,syn-normal-ddp-101,,,,,0,10.0,208.0427633213396,92.99880472941673,60.946594575483495,2520.0,53.80012376209493,4876.901835444727,100.0,100.0,True,,synthetic_normal_distributed_training,sim_user,normal_distributed_training,gpu:2,normal_distributed_training
91.2,2026-01-01 00:01:31.200000+00:00,,syn-normal-ddp-101,syn-normal-ddp-101,,,,,0,10.0,204.017750516032,91.70262548776718,56.82286955060084,2520.0,53.54962995536536,4490.296862058537,100.0,100.0,True,,synthetic_normal_distributed_training,sim_user,normal_distributed_training,gpu:2,normal_distributed_training
91.3,2026-01-01 00:01:31.300000+00:00,,syn-normal-ddp-101,syn-normal-ddp-101,,,,,0,10.0,203.06814086264757,91.95925084548287,48.69713080983045,2520.0,53.709736078518205,4022.1676107626013,100.0,100.0,True,,synthetic_normal_distributed_training,sim_user,normal_distributed_training,gpu:2,normal_distributed_training
91.4,2026-01-01 00:01:31.400000+00:00,,syn-normal-ddp-101,syn-normal-ddp-101,,,,,0,10.0,199.3592218829698,85.204129641561,39.569414619482615,2344.34249164568,51.60803694573471,2998.2516482459487,100.0,100.0,True,,synthetic_normal_distributed_training,sim_user,normal_distributed_training,gpu:2,normal_distributed_training
91.5,2026-01-01 00:01:31.500000+00:00,,syn-normal-ddp-101,syn-normal-ddp-101,,,,,0,10.0,201.4747519042177,83.44824076814095,43.83589417956359,2275.041304516427,51.245714311831634,3443.7107773281473,100.0,100.0,True,,synthetic_normal_distributed_training,sim_user,normal_distributed_training,gpu:2,normal_distributed_training
91.6,2026-01-01 00:01:31.600000+00:00,,syn-normal-ddp-101,syn-normal-ddp-101,,,,,0,10.0,201.6087923272367,86.54813208719233,47.28946859362194,2401.6625759641997,52.248355013255704,3795.3268559133317,100.0,100.0,True,,synthetic_normal_distributed_training,sim_user,normal_distributed_training,gpu:2,normal_distributed_training
91.7,2026-01-01 00:01:31.700000+00:00,,syn-normal-ddp-101,syn-normal-ddp-101,,,,,0,10.0,200.38108275756503,77.75853306411535,43.15390441080673,2122.3852404509616,49.77637251275422,3507.0635920439954,100.0,100.0,True,,synthetic_normal_distributed_training,sim_user,normal_distributed_training,gpu:2,normal_distributed_training
91.8,2026-01-01 00:01:31.800000+00:00,,syn-normal-ddp-101,syn-normal-ddp-101,,,,,0,10.0,202.62961100545402,92.57000015110803,46.72673476475261,2503.835642569861,54.20986882922626,3939.641245499057,100.0,100.0,True,,synthetic_normal_distributed_training,sim_user,normal_distributed_training,gpu:2,normal_distributed_training
91.9,2026-01-01 00:01:31.900000+00:00,,syn-normal-ddp-101,syn-normal-ddp-101,,,,,0,10.0,201.27349958099666,81.58314517282285,42.67648915021935,2236.0329301443303,51.26207731136157,3482.9507895021857,100.0,100.0,True,,synthetic_normal_distributed_training,sim_user,normal_distributed_training,gpu:2,normal_distributed_training
92.0,2026-01-01 00:01:32+00:00,,syn-normal-ddp-101,syn-normal-ddp-101,,,,,0,10.0,201.28398836249895,84.957275033531,47.546359605332974,2324.742402919996,51.979700754539614,3803.501648699546,100.0,100.0,True,,synthetic_normal_distributed_training,sim_user,normal_distributed_training,gpu:2,normal_distributed_training
92.1,2026-01-01 00:01:32.100000+00:00,,syn-normal-ddp-101,syn-normal-ddp-101,,,,,0,10.0,206.3227913229742,87.9505996977155,48.573194921218786,2369.9482709485146,52.988139796135606,3741.6773583382333,100.0,100.0,True,,synthetic_normal_distributed_training,sim_user,normal_distributed_training,gpu:2,normal_distributed_training
92.2,2026-01-01 00:01:32.200000+00:00,,syn-normal-ddp-101,syn-normal-ddp-101,,,,,0,10.0,201.7418089710823,96.35201128753052,58.16656926562837,2520.0,55.167949444853704,4531.190811226938,100.0,100.0,True,,synthetic_normal_distributed_training,sim_user,normal_distributed_training,gpu:2,normal_distributed_training
92.3,2026-01-01 00:01:32.300000+00:00,,syn-normal-ddp-101,syn-normal-ddp-101,,,,,0,10.0,200.55163214697657,82.89741568155979,47.874561679447154,2312.2146290545134,51.830963354300145,3751.867114425479,100.0,100.0,True,,synthetic_normal_distributed_training,sim_user,normal_distributed_training,gpu:2,normal_distributed_training
92.4,2026-01-01 00:01:32.400000+00:00,,syn-normal-ddp-101,syn-normal-ddp-101,,,,,0,10.0,137.42320311327663,37.842812684698046,23.179563395866086,1098.3909137200444,39.133668251184076,2058.151546719321,100.0,100.0,True,,synthetic_normal_distributed_training,sim_user,normal_distributed_training,gpu:2,normal_distributed_training
92.5,2026-01-01 00:01:32.500000+00:00,,syn-normal-ddp-101,syn-normal-ddp-101,,,,,0,10.0,138.4557564581117,46.29630108368574,23.27058900624091,1295.0278968957432,41.48940717428792,2138.96882227668,100.0,100.0,True,,synthetic_normal_distributed_training,sim_user,normal_distributed_training,gpu:2,normal_distributed_training
92.6,2026-01-01 00:01:32.600000+00:00,,syn-normal-ddp-101,syn-normal-ddp-101,,,,,0,10.0,139.32754448285408,42.24153960083792,23.522992932055736,1245.503491893862,40.07295468539677,2074.597385715294,100.0,100.0,True,,synthetic_normal_distributed_training,sim_user,normal_distributed_training,gpu:2,normal_distributed_training
92.7,2026-01-01 00:01:32.700000+00:00,,syn-normal-ddp-101,syn-normal-ddp-101,,,,,0,10.0,137.67728347585106,35.90696708294092,11.887324475135955,1111.1588320546855,38.14459949233766,1036.4096159368141,100.0,100.0,True,,synthetic_normal_distributed_training,sim_user,normal_distributed_training,gpu:2,normal_distributed_training
92.8,2026-01-01 00:01:32.800000+00:00,,syn-normal-ddp-101,syn-normal-ddp-101,,,,,0,10.0,136.79776098767425,43.340858032083204,22.164457790737437,1309.6314803515631,39.93988308591486,2076.267371242154,100.0,100.0,True,,synthetic_normal_distributed_training,sim_user,normal_distributed_training,gpu:2,normal_distributed_training
92.9,2026-01-01 00:01:32.900000+00:00,,syn-normal-ddp-101,syn-normal-ddp-101,,,,,0,10.0,139.04878663814685,38.98538777429525,15.006816100348074,1196.181281139403,38.89581302834468,1416.8769262987516,100.0,100.0,True,,synthetic_normal_distributed_training,sim_user,normal_distributed_training,gpu:2,normal_distributed_training
93.0,2026-01-01 00:01:33+00:00,,syn-normal-ddp-101,syn-normal-ddp-101,,,,,0,10.0,139.7442870261443,44.56073247636797,25.069178063962692,1321.8836860805347,40.511262812181954,2268.1180866607406,100.0,100.0,True,,synthetic_normal_distributed_training,sim_user,normal_distributed_training,gpu:2,normal_distributed_training
93.1,2026-01-01 00:01:33.100000+00:00,,syn-normal-ddp-101,syn-normal-ddp-101,,,,,0,10.0,144.2518903429619,50.48342007833341,29.96458144731065,1544.7838888599026,42.116028516577224,2562.0541244051897,100.0,100.0,True,,synthetic_normal_distributed_training,sim_user,normal_distributed_training,gpu:2,normal_distributed_training
93.2,2026-01-01 00:01:33.200000+00:00,,syn-normal-ddp-101,syn-normal-ddp-101,,,,,0,10.0,145.68097514083382,41.55498567527183,23.339148222627127,1274.9992547694842,39.18555368094669,2130.9113224453035,100.0,100.0,True,,synthetic_normal_distributed_training,sim_user,normal_distributed_training,gpu:2,normal_distributed_training
93.3,2026-01-01 00:01:33.300000+00:00,,syn-normal-ddp-101,syn-normal-ddp-101,,,,,0,10.0,145.6541918101712,39.740461369764176,27.96038737380286,1208.5383968311635,38.79522289002858,2367.6116345768096,100.0,100.0,True,,synthetic_normal_distributed_training,sim_user,normal_distributed_training,gpu:2,normal_distributed_training
93.4,2026-01-01 00:01:33.400000+00:00,,syn-normal-ddp-101,syn-normal-ddp-101,,,,,0,10.0,150.31345330555857,45.542921137543026,22.30465419348753,1373.0330265986977,40.362472548890985,1964.9488495813634,100.0,100.0,True,,synthetic_normal_distributed_training,sim_user,normal_distributed_training,gpu:2,normal_distributed_training
93.5,2026-01-01 00:01:33.500000+00:00,,syn-normal-ddp-101,syn-normal-ddp-101,,,,,0,10.0,151.25555411873705,52.09849394554516,28.247869312621823,1524.9573907987315,42.37201544463203,2372.7856658129244,100.0,100.0,True,,synthetic_normal_distributed_training,sim_user,normal_distributed_training,gpu:2,normal_distributed_training
93.6,2026-01-01 00:01:33.600000+00:00,,syn-normal-ddp-101,syn-normal-ddp-101,,,,,0,10.0,152.1856015356936,59.796768694246616,30.63629035483536,1700.1230252930593,44.39545843669933,2640.632222203811,100.0,100.0,True,,synthetic_normal_distributed_training,sim_user,normal_distributed_training,gpu:2,normal_distributed_training
93.7,2026-01-01 00:01:33.700000+00:00,,syn-normal-ddp-101,syn-normal-ddp-101,,,,,0,10.0,154.56821822782055,54.66728623445802,28.75123968410619,1588.9463115712078,43.47642916825666,2573.6636100118126,100.0,100.0,True,,synthetic_normal_distributed_training,sim_user,normal_distributed_training,gpu:2,normal_distributed_training
93.8,2026-01-01 00:01:33.800000+00:00,,syn-normal-ddp-101,syn-normal-ddp-101,,,,,0,10.0,149.48272729411252,51.58376320340477,33.66980323091026,1487.7221770807985,42.19791850161814,2700.686768141544,100.0,100.0,True,,synthetic_normal_distributed_training,sim_user,normal_distributed_training,gpu:2,normal_distributed_training
93.9,2026-01-01 00:01:33.900000+00:00,,syn-normal-ddp-101,syn-normal-ddp-101,,,,,0,10.0,144.51462511315324,42.276516236865305,17.674264609138238,1253.8484603046031,39.51998047184195,1517.8512401272837,100.0,100.0,True,,synthetic_normal_distributed_training,sim_user,normal_distributed_training,gpu:2,normal_distributed_training
94.0,2026-01-01 00:01:34+00:00,,syn-normal-ddp-101,syn-normal-ddp-101,,,,,0,10.0,147.51912134518318,46.767930100047494,32.349506160160765,1426.5987130615476,40.9560971273012,2726.7249795539583,100.0,100.0,True,,synthetic_normal_distributed_training,sim_user,normal_distributed_training,gpu:2,normal_distributed_training
94.1,2026-01-01 00:01:34.100000+00:00,,syn-normal-ddp-101,syn-normal-ddp-101,,,,,0,10.0,143.16987723110995,44.78647660588726,30.087732113577903,1271.3457415825044,40.61363893423682,2581.863682083899,100.0,100.0,True,,synthetic_normal_distributed_training,sim_user,normal_distributed_training,gpu:2,normal_distributed_training
94.2,2026-01-01 00:01:34.200000+00:00,,syn-normal-ddp-101,syn-normal-ddp-101,,,,,0,10.0,147.13456666235308,37.186818682627404,22.812106711753458,1121.138745755193,38.242244702800576,2040.1689051893063,100.0,100.0,True,,synthetic_normal_distributed_training,sim_user,normal_distributed_training,gpu:2,normal_distributed_training
94.3,2026-01-01 00:01:34.300000+00:00,,syn-normal-ddp-101,syn-normal-ddp-101,,,,,0,10.0,145.21427204102866,42.89380968060724,22.173618826472143,1259.7113154453673,39.86825070239655,2069.1209378167446,100.0,100.0,True,,synthetic_normal_distributed_training,sim_user,normal_distributed_training,gpu:2,normal_distributed_training
94.4,2026-01-01 00:01:34.400000+00:00,,syn-normal-ddp-101,syn-normal-ddp-101,,,,,0,10.0,145.48923733568353,42.64438047351267,24.41349278186804,1298.8711069428184,39.73386185239688,2150.220517683832,100.0,100.0,True,,synthetic_normal_distributed_training,sim_user,normal_distributed_training,gpu:2,normal_distributed_training
94.5,2026-01-01 00:01:34.500000+00:00,,syn-normal-ddp-101,syn-normal-ddp-101,,,,,0,10.0,146.1938168704655,45.90010834952559,23.628702342338713,1319.9977424402812,40.72839235305605,2132.7365914793854,100.0,100.0,True,,synthetic_normal_distributed_training,sim_user,normal_distributed_training,gpu:2,normal_distributed_training
94.6,2026-01-01 00:01:34.600000+00:00,,syn-normal-ddp-101,syn-normal-ddp-101,,,,,0,10.0,152.10410566417426,55.01339331789982,36.16228153753557,1594.296442369178,42.98261863831786,3016.047335207657,100.0,100.0,True,,synthetic_normal_distributed_training,sim_user,normal_distributed_training,gpu:2,normal_distributed_training
94.7,2026-01-01 00:01:34.700000+00:00,,syn-normal-ddp-101,syn-normal-ddp-101,,,,,0,10.0,154.51988224111759,52.62258353058419,24.398010621934255,1538.5567078524646,42.62665529446166,2109.244351087467,100.0,100.0,True,,synthetic_normal_distributed_training,sim_user,normal_distributed_training,gpu:2,normal_distributed_training
94.8,2026-01-01 00:01:34.800000+00:00,,syn-normal-ddp-101,syn-normal-ddp-101,,,,,0,10.0,153.1872176526702,55.0866903088766,26.361153104504297,1611.9565593864895,43.47264153137034,2266.428088816425,100.0,100.0,True,,synthetic_normal_distributed_training,sim_user,normal_distributed_training,gpu:2,normal_distributed_training
94.9,2026-01-01 00:01:34.900000+00:00,,syn-normal-ddp-101,syn-normal-ddp-101,,,,,0,10.0,149.03890351057012,50.63629579599676,27.993563266209584,1507.4169759749414,42.108912013704405,2418.9131158080104,100.0,100.0,True,,synthetic_normal_distributed_training,sim_user,normal_distributed_training,gpu:2,normal_distributed_training
95.0,2026-01-01 00:01:35+00:00,,syn-normal-ddp-101,syn-normal-ddp-101,,,,,0,10.0,149.9780540855865,51.193982429368006,18.084569552375747,1493.304725128247,41.959557172109236,1633.8516876507135,100.0,100.0,True,,synthetic_normal_distributed_training,sim_user,normal_distributed_training,gpu:2,normal_distributed_training
95.1,2026-01-01 00:01:35.100000+00:00,,syn-normal-ddp-101,syn-normal-ddp-101,,,,,0,10.0,151.03663329735045,47.23109708734121,31.872423635718857,1370.9719545386474,41.118795028280545,2837.7525191845793,100.0,100.0,True,,synthetic_normal_distributed_training,sim_user,normal_distributed_training,gpu:2,normal_distributed_training
95.2,2026-01-01 00:01:35.200000+00:00,,syn-normal-ddp-101,syn-normal-ddp-101,,,,,0,10.0,148.55878824964483,46.66062440250017,24.35974715851903,1377.714352235327,40.97358209433512,2158.7735103995306,100.0,100.0,True,,synthetic_normal_distributed_training,sim_user,normal_distributed_training,gpu:2,normal_distributed_training
95.3,2026-01-01 00:01:35.300000+00:00,,syn-normal-ddp-101,syn-normal-ddp-101,,,,,0,10.0,144.26891914078737,44.57453488243335,27.55625373546181,1270.400822544489,40.28930990778049,2339.9633281697015,100.0,100.0,True,,synthetic_normal_distributed_training,sim_user,normal_distributed_training,gpu:2,normal_distributed_training
95.4,2026-01-01 00:01:35.400000+00:00,,syn-normal-ddp-101,syn-normal-ddp-101,,,,,0,10.0,142.53538591703995,41.15025821555783,23.334797610410753,1276.8151401221255,39.47252375083415,2014.1961310406555,100.0,100.0,True,,synthetic_normal_distributed_training,sim_user,normal_distributed_training,gpu:2,normal_distributed_training
95.5,2026-01-01 00:01:35.500000+00:00,,syn-normal-ddp-101,syn-normal-ddp-101,,,,,0,10.0,144.46227777697518,46.04784568389955,18.225528570366386,1329.378530850229,40.77787950200287,1859.681911639976,100.0,100.0,True,,synthetic_normal_distributed_training,sim_user,normal_distributed_training,gpu:2,normal_distributed_training
95.6,2026-01-01 00:01:35.600000+00:00,,syn-normal-ddp-101,syn-normal-ddp-101,,,,,0,10.0,142.65223543406833,38.92022203148939,21.574196519235866,1174.752462290476,38.90599920326485,2053.1330380937034,100.0,100.0,True,,synthetic_normal_distributed_training,sim_user,normal_distributed_training,gpu:2,normal_distributed_training
95.7,2026-01-01 00:01:35.700000+00:00,,syn-normal-ddp-101,syn-normal-ddp-101,,,,,0,10.0,139.85097774820943,45.14110406465094,26.512693359556962,1325.1006593070824,40.278837956754444,2232.7791080908064,100.0,100.0,True,,synthetic_normal_distributed_training,sim_user,normal_distributed_training,gpu:2,normal_distributed_training
95.8,2026-01-01 00:01:35.800000+00:00,,syn-normal-ddp-101,syn-normal-ddp-101,,,,,0,10.0,137.68304824070026,39.27213742020154,16.806036997710894,1260.9396161491773,38.76752705002914,1503.85834298909,100.0,100.0,True,,synthetic_normal_distributed_training,sim_user,normal_distributed_training,gpu:2,normal_distributed_training
95.9,2026-01-01 00:01:35.900000+00:00,,syn-normal-ddp-101,syn-normal-ddp-101,,,,,0,10.0,141.35158574361682,35.39723835765719,15.387805577608715,1076.0562575798772,38.00896852628361,1600.9690541727775,100.0,100.0,True,,synthetic_normal_distributed_training,sim_user,normal_distributed_training,gpu:2,normal_distributed_training
96.0,2026-01-01 00:01:36+00:00,,syn-normal-ddp-101,syn-normal-ddp-101,,,,,0,10.0,139.25401571822533,46.2706709988694,21.189460854201783,1359.8424476217056,40.966433955379735,2097.11298402055,100.0,100.0,True,,synthetic_normal_distributed_training,sim_user,normal_distributed_training,gpu:2,normal_distributed_training
96.1,2026-01-01 00:01:36.100000+00:00,,syn-normal-ddp-101,syn-normal-ddp-101,,,,,0,10.0,137.83765812111756,46.26165852794388,28.555358920171592,1413.4375743349292,40.85671503300924,2407.970630526114,100.0,100.0,True,,synthetic_normal_distributed_training,sim_user,normal_distributed_training,gpu:2,normal_distributed_training
96.2,2026-01-01 00:01:36.200000+00:00,,syn-normal-ddp-101,syn-normal-ddp-101,,,,,0,10.0,137.1048217143856,44.768450037102326,19.556033022360133,1343.2036493334394,40.67614099436527,1882.1583394810882,100.0,100.0,True,,synthetic_normal_distributed_training,sim_user,normal_distributed_training,gpu:2,normal_distributed_training
96.3,2026-01-01 00:01:36.300000+00:00,,syn-normal-ddp-101,syn-normal-ddp-101,,,,,0,10.0,138.62364056491128,36.37416225018865,16.323254623180052,1097.5613559605194,38.37559157522009,1637.8653790101146,100.0,100.0,True,,synthetic_normal_distributed_training,sim_user,normal_distributed_training,gpu:2,normal_distributed_training
96.4,2026-01-01 00:01:36.400000+00:00,,syn-normal-ddp-101,syn-normal-ddp-101,,,,,0,10.0,142.3723663069156,38.52270163658998,20.820352885044198,1207.87256424028,38.793796891224666,1923.6727723513786,100.0,100.0,True,,synthetic_normal_distributed_training,sim_user,normal_distributed_training,gpu:2,normal_distributed_training
96.5,2026-01-01 00:01:36.500000+00:00,,syn-normal-ddp-101,syn-normal-ddp-101,,,,,0,10.0,143.61268775954153,42.69208190828293,23.93939965059174,1269.946794373786,39.7038059969891,2273.889396995038,100.0,100.0,True,,synthetic_normal_distributed_training,sim_user,normal_distributed_training,gpu:2,normal_distributed_training
96.6,2026-01-01 00:01:36.600000+00:00,,syn-normal-ddp-101,syn-normal-ddp-101,,,,,0,10.0,144.5770105207683,41.08597659440113,20.139445846478615,1265.2152761331151,39.35404435199051,1942.216478947893,100.0,100.0,True,,synthetic_normal_distributed_training,sim_user,normal_distributed_training,gpu:2,normal_distributed_training
96.7,2026-01-01 00:01:36.700000+00:00,,syn-normal-ddp-101,syn-normal-ddp-101,,,,,0,10.0,145.34075462990594,48.69168029221711,33.038757038117446,1473.4439238532184,41.46432063439253,2663.4617725343905,100.0,100.0,True,,synthetic_normal_distributed_training,sim_user,normal_distributed_training,gpu:2,normal_distributed_training
96.8,2026-01-01 00:01:36.800000+00:00,,syn-normal-ddp-101,syn-normal-ddp-101,,,,,0,10.0,144.73622057775538,41.22572039180119,29.120124140327594,1216.8858161990904,39.175947219187364,2505.6205108527697,100.0,100.0,True,,synthetic_normal_distributed_training,sim_user,normal_distributed_training,gpu:2,normal_distributed_training
96.9,2026-01-01 00:01:36.900000+00:00,,syn-normal-ddp-101,syn-normal-ddp-101,,,,,0,10.0,145.33586382404687,43.14930972529293,18.603011412652137,1252.4127559271924,39.59415611750653,1620.1840949776297,100.0,100.0,True,,synthetic_normal_distributed_training,sim_user,normal_distributed_training,gpu:2,normal_distributed_training
97.0,2026-01-01 00:01:37+00:00,,syn-normal-ddp-101,syn-normal-ddp-101,,,,,0,10.0,146.64016365879073,47.97451070771916,33.5750564307257,1389.5008651825137,40.87567796451325,2697.708592218879,100.0,100.0,True,,synthetic_normal_distributed_training,sim_user,normal_distributed_training,gpu:2,normal_distributed_training
97.1,2026-01-01 00:01:37.100000+00:00,,syn-normal-ddp-101,syn-normal-ddp-101,,,,,0,10.0,144.16016588174182,43.46966821475243,25.73941973378335,1317.8838453349163,39.5214562082335,2176.4787852373784,100.0,100.0,True,,synthetic_normal_distributed_training,sim_user,normal_distributed_training,gpu:2,normal_distributed_training
97.2,2026-01-01 00:01:37.200000+00:00,,syn-normal-ddp-101,syn-normal-ddp-101,,,,,0,10.0,144.91256540190628,39.61986275682841,24.419789756857043,1270.7041640398031,38.501172708023475,2119.1433432942513,100.0,100.0,True,,synthetic_normal_distributed_training,sim_user,normal_distributed_training,gpu:2,normal_distributed_training
97.3,2026-01-01 00:01:37.300000+00:00,,syn-normal-ddp-101,syn-normal-ddp-101,,,,,0,10.0,144.24455117507472,45.473982068155124,28.112287805339548,1368.7964608304592,40.285432843298125,2362.798683012746,100.0,100.0,True,,synthetic_normal_distributed_training,sim_user,normal_distributed_training,gpu:2,normal_distributed_training
97.4,2026-01-01 00:01:37.400000+00:00,,syn-normal-ddp-101,syn-normal-ddp-101,,,,,0,10.0,147.16544680095603,43.86115313892207,18.515821591819734,1333.2602886311165,40.21229785774621,1761.5727123090442,100.0,100.0,True,,synthetic_normal_distributed_training,sim_user,normal_distributed_training,gpu:2,normal_distributed_training
97.5,2026-01-01 00:01:37.500000+00:00,,syn-normal-ddp-101,syn-normal-ddp-101,,,,,0,10.0,146.76325698367734,47.534768857748055,20.997862374360082,1385.7104826631862,41.274209926010265,1954.1259758861447,100.0,100.0,True,,synthetic_normal_distributed_training,sim_user,normal_distributed_training,gpu:2,normal_distributed_training
97.6,2026-01-01 00:01:37.600000+00:00,,syn-normal-ddp-101,syn-normal-ddp-101,,,,,0,10.0,149.5520206949274,49.14724462433507,28.912366815195167,1441.8834045188705,42.02694377757909,2493.9697789527904,100.0,100.0,True,,synthetic_normal_distributed_training,sim_user,normal_distributed_training,gpu:2,normal_distributed_training
97.7,2026-01-01 00:01:37.700000+00:00,,syn-normal-ddp-101,syn-normal-ddp-101,,,,,0,10.0,146.7578818978984,46.783198901018906,22.77159867086968,1391.4637231238912,41.22745073949973,1987.2639727862825,100.0,100.0,True,,synthetic_normal_distributed_training,sim_user,normal_distributed_training,gpu:2,normal_distributed_training
97.8,2026-01-01 00:01:37.800000+00:00,,syn-normal-ddp-101,syn-normal-ddp-101,,,,,0,10.0,190.84820976621674,74.0918442605655,51.832558565214526,2000.4246027469944,49.045480512523376,4091.8128025665173,100.0,100.0,True,,synthetic_normal_distributed_training,sim_user,normal_distributed_training,gpu:2,normal_distributed_training
97.9,2026-01-01 00:01:37.900000+00:00,,syn-normal-ddp-101,syn-normal-ddp-101,,,,,0,10.0,188.953570550637,74.25641424418998,38.989205625148934,2054.444872545148,49.220977061446646,3230.228218545461,100.0,100.0,True,,synthetic_normal_distributed_training,sim_user,normal_distributed_training,gpu:2,normal_distributed_training
98.0,2026-01-01 00:01:38+00:00,,syn-normal-ddp-101,syn-normal-ddp-101,,,,,0,10.0,190.39541516094727,79.64780128419322,47.54947406168848,2186.0577981232827,50.77002262263153,3944.118130857029,100.0,100.0,True,,synthetic_normal_distributed_training,sim_user,normal_distributed_training,gpu:2,normal_distributed_training
98.1,2026-01-01 00:01:38.100000+00:00,,syn-normal-ddp-101,syn-normal-ddp-101,,,,,0,10.0,190.24712134007697,71.8219904277868,35.53830101518664,2009.5492464796762,48.10549951213185,2960.5008387276607,100.0,100.0,True,,synthetic_normal_distributed_training,sim_user,normal_distributed_training,gpu:2,normal_distributed_training
98.2,2026-01-01 00:01:38.200000+00:00,,syn-normal-ddp-101,syn-normal-ddp-101,,,,,0,10.0,189.64604308392185,84.75000813167526,55.256917827007136,2365.8967419622027,51.707682470090774,4391.482427407097,100.0,100.0,True,,synthetic_normal_distributed_training,sim_user,normal_distributed_training,gpu:2,normal_distributed_training
98.3,2026-01-01 00:01:38.300000+00:00,,syn-normal-ddp-101,syn-normal-ddp-101,,,,,0,10.0,189.9644687433285,78.62493626240347,50.76190922900055,2183.5080278017144,49.945319024308986,4004.796641994934,100.0,100.0,True,,synthetic_normal_distributed_training,sim_user,normal_distributed_training,gpu:2,normal_distributed_training
98.4,2026-01-01 00:01:38.400000+00:00,,syn-normal-ddp-101,syn-normal-ddp-101,,,,,0,10.0,188.3313330908643,77.64038986780321,36.63350299622384,2183.053228065593,49.849096588300036,2728.826274915703,100.0,100.0,True,,synthetic_normal_distributed_training,sim_user,normal_distributed_training,gpu:2,normal_distributed_training
98.5,2026-01-01 00:01:38.500000+00:00,,syn-normal-ddp-101,syn-normal-ddp-101,,,,,0,10.0,185.6668105866431,69.84114916324239,39.81527659678664,1978.4292258945254,47.44208960982871,3040.8286911691716,100.0,100.0,True,,synthetic_normal_distributed_training,sim_user,normal_distributed_training,gpu:2,normal_distributed_training
98.6,2026-01-01 00:01:38.600000+00:00,,syn-normal-ddp-101,syn-normal-ddp-101,,,,,0,10.0,186.30800826443922,73.05169588378742,40.51796186863239,2057.7270306935166,48.66419503416007,3359.9800397343515,100.0,100.0,True,,synthetic_normal_distributed_training,sim_user,normal_distributed_training,gpu:2,normal_distributed_training
98.7,2026-01-01 00:01:38.700000+00:00,,syn-normal-ddp-101,syn-normal-ddp-101,,,,,0,10.0,186.7320666181877,72.90100453099765,46.30875400821346,2020.7306202334016,48.43573143299268,3761.489419805532,100.0,100.0,True,,synthetic_normal_distributed_training,sim_user,normal_distributed_training,gpu:2,normal_distributed_training
98.8,2026-01-01 00:01:38.800000+00:00,,syn-normal-ddp-101,syn-normal-ddp-101,,,,,0,10.0,184.6396034189411,65.8099577539207,26.45004459991383,1852.309227445138,46.52249109919214,2232.131376712645,100.0,100.0,True,,synthetic_normal_distributed_training,sim_user,normal_distributed_training,gpu:2,normal_distributed_training
98.9,2026-01-01 00:01:38.900000+00:00,,syn-normal-ddp-101,syn-normal-ddp-101,,,,,0,10.0,185.18717277644188,68.81921533365391,36.48528720076131,1935.181806047632,47.4510860577147,2861.937110804355,100.0,100.0,True,,synthetic_normal_distributed_training,sim_user,normal_distributed_training,gpu:2,normal_distributed_training
99.0,2026-01-01 00:01:39+00:00,,syn-normal-ddp-101,syn-normal-ddp-101,,,,,0,10.0,182.3506277873522,78.1904410498602,46.4780260066911,2154.481203074462,50.08980534504164,3778.5312978764764,100.0,100.0,True,,synthetic_normal_distributed_training,sim_user,normal_distributed_training,gpu:2,normal_distributed_training
99.1,2026-01-01 00:01:39.100000+00:00,,syn-normal-ddp-101,syn-normal-ddp-101,,,,,0,10.0,183.2526117501123,67.65779467974822,35.63915664930912,1915.4568649744645,47.36185832791544,3016.086462070892,100.0,100.0,True,,synthetic_normal_distributed_training,sim_user,normal_distributed_training,gpu:2,normal_distributed_training
99.2,2026-01-01 00:01:39.200000+00:00,,syn-normal-ddp-101,syn-normal-ddp-101,,,,,0,10.0,182.63372095637425,72.81689145297909,37.2285027226925,2003.9263234793634,48.82927840683863,2807.100185152634,100.0,100.0,True,,synthetic_normal_distributed_training,sim_user,normal_distributed_training,gpu:2,normal_distributed_training
99.3,2026-01-01 00:01:39.300000+00:00,,syn-normal-ddp-101,syn-normal-ddp-101,,,,,0,10.0,179.68508204494432,74.58954055049158,34.827508501648964,2106.3137650019085,49.167050987270954,2768.3030680263355,100.0,100.0,True,,synthetic_normal_distributed_training,sim_user,normal_distributed_training,gpu:2,normal_distributed_training
99.4,2026-01-01 00:01:39.400000+00:00,,syn-normal-ddp-101,syn-normal-ddp-101,,,,,0,10.0,178.70488044771454,67.10395126008207,38.06187252502179,1889.332382195387,46.97425949718336,3115.9807499302174,100.0,100.0,True,,synthetic_normal_distributed_training,sim_user,normal_distributed_training,gpu:2,normal_distributed_training
99.5,2026-01-01 00:01:39.500000+00:00,,syn-normal-ddp-101,syn-normal-ddp-101,,,,,0,10.0,179.43369740988229,71.32440345079776,38.0429105733349,1948.6973472140498,48.08876463452736,3209.855696184884,100.0,100.0,True,,synthetic_normal_distributed_training,sim_user,normal_distributed_training,gpu:2,normal_distributed_training
99.6,2026-01-01 00:01:39.600000+00:00,,syn-normal-ddp-101,syn-normal-ddp-101,,,,,0,10.0,178.83866617512746,68.28285762546602,31.295960402011133,1959.6490190897903,47.246609690291606,2608.213841007511,100.0,100.0,True,,synthetic_normal_distributed_training,sim_user,normal_distributed_training,gpu:2,normal_distributed_training
99.7,2026-01-01 00:01:39.700000+00:00,,syn-normal-ddp-101,syn-normal-ddp-101,,,,,0,10.0,177.90923654444808,66.74785649308369,36.87977010721256,1928.554979913201,46.679253425215066,3033.299550180712,100.0,100.0,True,,synthetic_normal_distributed_training,sim_user,normal_distributed_training,gpu:2,normal_distributed_training
99.8,2026-01-01 00:01:39.800000+00:00,,syn-normal-ddp-101,syn-normal-ddp-101,,,,,0,10.0,179.89587276936487,75.1000054466903,38.022420955419335,2130.7061367968263,48.82215028978509,3246.570097003249,100.0,100.0,True,,synthetic_normal_distributed_training,sim_user,normal_distributed_training,gpu:2,normal_distributed_training
99.9,2026-01-01 00:01:39.900000+00:00,,syn-normal-ddp-101,syn-normal-ddp-101,,,,,0,10.0,178.87215870012767,67.75496989930869,37.98835651940042,1880.4448766011644,47.246426128988155,3138.5605267605056,100.0,100.0,True,,synthetic_normal_distributed_training,sim_user,normal_distributed_training,gpu:2,normal_distributed_training
100.0,2026-01-01 00:01:40+00:00,,syn-normal-ddp-101,syn-normal-ddp-101,,,,,0,10.0,178.00046748547754,58.71480723404565,34.84343190894709,1650.0427484936345,44.2544244186454,2976.365683295313,100.0,100.0,True,,synthetic_normal_distributed_training,sim_user,normal_distributed_training,gpu:2,normal_distributed_training
100.1,2026-01-01 00:01:40.100000+00:00,,syn-normal-ddp-101,syn-normal-ddp-101,,,,,0,10.0,175.2421298359437,61.25994209018958,37.741750871041404,1736.42548537806,44.873567102078226,3111.3557762270025,100.0,100.0,True,,synthetic_normal_distributed_training,sim_user,normal_distributed_training,gpu:2,normal_distributed_training
100.2,2026-01-01 00:01:40.200000+00:00,,syn-normal-ddp-101,syn-normal-ddp-101,,,,,0,10.0,175.96528166821935,66.1184167203607,37.42970431445701,1841.6444218399158,46.59557369035396,3202.3734520281682,100.0,100.0,True,,synthetic_normal_distributed_training,sim_user,normal_distributed_training,gpu:2,normal_distributed_training
100.3,2026-01-01 00:01:40.300000+00:00,,syn-normal-ddp-101,syn-normal-ddp-101,,,,,0,10.0,174.2471540777097,69.456759433954,33.723675984667345,1974.3827609244872,47.5323815405636,2807.952835430705,100.0,100.0,True,,synthetic_normal_distributed_training,sim_user,normal_distributed_training,gpu:2,normal_distributed_training
100.4,2026-01-01 00:01:40.400000+00:00,,syn-normal-ddp-101,syn-normal-ddp-101,,,,,0,10.0,175.67473022891548,63.365699206842265,33.6090041447618,1772.9791569549334,45.77714457953674,2823.5945692693094,100.0,100.0,True,,synthetic_normal_distributed_training,sim_user,normal_distributed_training,gpu:2,normal_distributed_training
100.5,2026-01-01 00:01:40.500000+00:00,,syn-normal-ddp-101,syn-normal-ddp-101,,,,,0,10.0,176.8373369081036,73.90711140926211,38.765496809513984,2046.8703260728046,48.69043929989352,3219.912770251458,100.0,100.0,True,,synthetic_normal_distributed_training,sim_user,normal_distributed_training,gpu:2,normal_distributed_training
100.6,2026-01-01 00:01:40.600000+00:00,,syn-normal-ddp-101,syn-normal-ddp-101,,,,,0,10.0,177.1628684765768,59.25126090887872,36.354682855732946,1707.4874342600503,44.55265420413982,3036.350451080511,100.0,100.0,True,,synthetic_normal_distributed_training,sim_user,normal_distributed_training,gpu:2,normal_distributed_training
100.7,2026-01-01 00:01:40.700000+00:00,,syn-normal-ddp-101,syn-normal-ddp-101,,,,,0,10.0,179.01589651868255,66.28456180233123,33.22013544172337,1864.645306878442,46.4438194563941,2840.401534482791,100.0,100.0,True,,synthetic_normal_distributed_training,sim_user,normal_distributed_training,gpu:2,normal_distributed_training
100.8,2026-01-01 00:01:40.800000+00:00,,syn-normal-ddp-101,syn-normal-ddp-101,,,,,0,10.0,178.31896410078357,68.7256902654545,43.60351124782084,1894.8235494057587,46.985977258245164,3575.3368667149416,100.0,100.0,True,,synthetic_normal_distributed_training,sim_user,normal_distributed_training,gpu:2,normal_distributed_training
100.9,2026-01-01 00:01:40.900000+00:00,,syn-normal-ddp-101,syn-normal-ddp-101,,,,,0,10.0,176.18776298663255,65.32365967716527,35.43388807809256,1854.2153973502745,46.17547004886554,2948.945239067347,100.0,100.0,True,,synthetic_normal_distributed_training,sim_user,normal_distributed_training,gpu:2,normal_distributed_training
101.0,2026-01-01 00:01:41+00:00,,syn-normal-ddp-101,syn-normal-ddp-101,,,,,0,10.0,178.27716367866563,65.43432755799583,38.32676157994676,1830.5469071396153,46.228084420015804,3115.39812298816,100.0,100.0,True,,synthetic_normal_distributed_training,sim_user,normal_distributed_training,gpu:2,normal_distributed_training
101.1,2026-01-01 00:01:41.100000+00:00,,syn-normal-ddp-101,syn-normal-ddp-101,,,,,0,10.0,178.67489780496803,72.71772646197473,37.81417622810101,2040.4326184530555,47.83444794313481,3227.9867714383604,100.0,100.0,True,,synthetic_normal_distributed_training,sim_user,normal_distributed_training,gpu:2,normal_distributed_training
101.2,2026-01-01 00:01:41.200000+00:00,,syn-normal-ddp-101,syn-normal-ddp-101,,,,,0,10.0,176.54069308085954,61.44602151813792,38.41901269564577,1755.4670689426887,44.68265289904349,3155.923137386401,100.0,100.0,True,,synthetic_normal_distributed_training,sim_user,normal_distributed_training,gpu:2,normal_distributed_training
101.3,2026-01-01 00:01:41.300000+00:00,,syn-normal-ddp-101,syn-normal-ddp-101,,,,,0,10.0,175.63773037799135,63.559460216407466,32.20453528180613,1806.24284343192,45.39130585221826,2730.309994131257,100.0,100.0,True,,synthetic_normal_distributed_training,sim_user,normal_distributed_training,gpu:2,normal_distributed_training
101.4,2026-01-01 00:01:41.400000+00:00,,syn-normal-ddp-101,syn-normal-ddp-101,,,,,0,10.0,175.1981505750746,64.90736107475624,42.006773400966566,1802.4843675347036,45.834774677345244,3267.586502142089,100.0,100.0,True,,synthetic_normal_distributed_training,sim_user,normal_distributed_training,gpu:2,normal_distributed_training
101.5,2026-01-01 00:01:41.500000+00:00,,syn-normal-ddp-101,syn-normal-ddp-101,,,,,0,10.0,175.645217891411,58.520559422335445,33.56986444775268,1653.79037130145,44.290991417380496,2758.296369580752,100.0,100.0,True,,synthetic_normal_distributed_training,sim_user,normal_distributed_training,gpu:2,normal_distributed_training
101.6,2026-01-01 00:01:41.600000+00:00,,syn-normal-ddp-101,syn-normal-ddp-101,,,,,0,10.0,180.33156446609974,69.84369480829523,41.284211490937956,1967.1322339177473,47.4382672911256,3226.4952002350747,100.0,100.0,True,,synthetic_normal_distributed_training,sim_user,normal_distributed_training,gpu:2,normal_distributed_training
101.7,2026-01-01 00:01:41.700000+00:00,,syn-normal-ddp-101,syn-normal-ddp-101,,,,,0,10.0,180.22451536992884,70.92774874436657,41.00212431708669,1940.221837247717,47.57528371162134,3365.6384881624467,100.0,100.0,True,,synthetic_normal_distributed_training,sim_user,normal_distributed_training,gpu:2,normal_distributed_training
101.8,2026-01-01 00:01:41.800000+00:00,,syn-normal-ddp-101,syn-normal-ddp-101,,,,,0,10.0,182.29038237539197,72.86214927951836,36.49109284672137,2082.194676622684,48.302525527787964,2970.5614765772225,100.0,100.0,True,,synthetic_normal_distributed_training,sim_user,normal_distributed_training,gpu:2,normal_distributed_training
101.9,2026-01-01 00:01:41.900000+00:00,,syn-normal-ddp-101,syn-normal-ddp-101,,,,,0,10.0,180.21428964475587,75.34101071923527,46.804249961531454,2099.6396135189657,49.10125431178538,3640.6089126891497,100.0,100.0,True,,synthetic_normal_distributed_training,sim_user,normal_distributed_training,gpu:2,normal_distributed_training
102.0,2026-01-01 00:01:42+00:00,,syn-normal-ddp-101,syn-normal-ddp-101,,,,,0,10.0,180.49557876509252,67.29892761108935,30.450592493131396,1900.1638218436713,46.73944422961214,2693.0624293934693,100.0,100.0,True,,synthetic_normal_distributed_training,sim_user,normal_distributed_training,gpu:2,normal_distributed_training
102.1,2026-01-01 00:01:42.100000+00:00,,syn-normal-ddp-101,syn-normal-ddp-101,,,,,0,10.0,183.94396270613214,76.84793198559487,42.35686822541168,2098.110288888864,49.474089409768524,3433.069393088991,100.0,100.0,True,,synthetic_normal_distributed_training,sim_user,normal_distributed_training,gpu:2,normal_distributed_training
102.2,2026-01-01 00:01:42.200000+00:00,,syn-normal-ddp-101,syn-normal-ddp-101,,,,,0,10.0,185.59034477548633,75.16770491521066,44.22192238369166,2075.25371047339,48.557625955903355,3522.8946406555383,100.0,100.0,True,,synthetic_normal_distributed_training,sim_user,normal_distributed_training,gpu:2,normal_distributed_training
102.3,2026-01-01 00:01:42.300000+00:00,,syn-normal-ddp-101,syn-normal-ddp-101,,,,,0,10.0,186.32804589235712,72.00914934237649,43.464680976762445,1993.0361605894966,47.65259712264914,3724.452206783006,100.0,100.0,True,,synthetic_normal_distributed_training,sim_user,normal_distributed_training,gpu:2,normal_distributed_training
102.4,2026-01-01 00:01:42.400000+00:00,,syn-normal-ddp-101,syn-normal-ddp-101,,,,,0,10.0,188.8710675754767,71.21543780510378,36.277939168916724,1934.4058538994186,47.18319307707123,3030.6666939531974,100.0,100.0,True,,synthetic_normal_distributed_training,sim_user,normal_distributed_training,gpu:2,normal_distributed_training
102.5,2026-01-01 00:01:42.500000+00:00,,syn-normal-ddp-101,syn-normal-ddp-101,,,,,0,10.0,188.6711479380531,81.24173940413165,42.37752924942718,2203.288948412874,50.03382560864278,3206.154931991976,100.0,100.0,True,,synthetic_normal_distributed_training,sim_user,normal_distributed_training,gpu:2,normal_distributed_training
102.6,2026-01-01 00:01:42.600000+00:00,,syn-normal-ddp-101,syn-normal-ddp-101,,,,,0,10.0,188.7665247217439,67.67759030910487,35.970763761417146,1944.4918121051874,46.24967886195405,3106.776893629467,100.0,100.0,True,,synthetic_normal_distributed_training,sim_user,normal_distributed_training,gpu:2,normal_distributed_training
102.7,2026-01-01 00:01:42.700000+00:00,,syn-normal-ddp-101,syn-normal-ddp-101,,,,,0,10.0,190.8192128405692,81.45774825446253,40.34257309342688,2210.590282267367,49.82073905080921,3316.912223830127,100.0,100.0,True,,synthetic_normal_distributed_training,sim_user,normal_distributed_training,gpu:2,normal_distributed_training
102.8,2026-01-01 00:01:42.800000+00:00,,syn-normal-ddp-101,syn-normal-ddp-101,,,,,0,10.0,187.7709468506526,76.05261843888026,40.47536725599651,2114.7847776653643,48.25556655610113,3533.41456343806,100.0,100.0,True,,synthetic_normal_distributed_training,sim_user,normal_distributed_training,gpu:2,normal_distributed_training
102.9,2026-01-01 00:01:42.900000+00:00,,syn-normal-ddp-101,syn-normal-ddp-101,,,,,0,10.0,191.06989443652498,83.21860080532349,41.76975766325058,2321.6321193090394,50.54787369328927,3554.809418257575,100.0,100.0,True,,synthetic_normal_distributed_training,sim_user,normal_distributed_training,gpu:2,normal_distributed_training
103.0,2026-01-01 00:01:43+00:00,,syn-normal-ddp-101,syn-normal-ddp-101,,,,,0,10.0,186.61551467832757,70.74877765227433,40.48433948700345,1962.5699422503944,46.893017539636205,3214.383002199825,100.0,100.0,True,,synthetic_normal_distributed_training,sim_user,normal_distributed_training,gpu:2,normal_distributed_training
103.1,2026-01-01 00:01:43.100000+00:00,,syn-normal-ddp-101,syn-normal-ddp-101,,,,,0,10.0,205.240107558964,80.58078258557937,43.12945170990301,2234.1341800030864,50.19944776950702,3536.411765125609,100.0,100.0,True,,synthetic_normal_distributed_training,sim_user,normal_distributed_training,gpu:2,normal_distributed_training
103.2,2026-01-01 00:01:43.200000+00:00,,syn-normal-ddp-101,syn-normal-ddp-101,,,,,0,10.0,201.43106401335638,86.99492384168242,44.15337447565217,2376.282237771514,52.20102304951068,3400.358855354965,100.0,100.0,True,,synthetic_normal_distributed_training,sim_user,normal_distributed_training,gpu:2,normal_distributed_training
103.3,2026-01-01 00:01:43.300000+00:00,,syn-normal-ddp-101,syn-normal-ddp-101,,,,,0,10.0,201.2491805475116,88.17400637495585,45.075123459383285,2399.833557928344,52.75025518058585,3616.1976980896816,100.0,100.0,True,,synthetic_normal_distributed_training,sim_user,normal_distributed_training,gpu:2,normal_distributed_training
103.4,2026-01-01 00:01:43.400000+00:00,,syn-normal-ddp-101,syn-normal-ddp-101,,,,,0,10.0,201.93335898845555,89.74361899261527,49.53528652421673,2487.237839323285,53.33043512175595,3800.620200643951,100.0,100.0,True,,synthetic_normal_distributed_training,sim_user,normal_distributed_training,gpu:2,normal_distributed_training
103.5,2026-01-01 00:01:43.500000+00:00,,syn-normal-ddp-101,syn-normal-ddp-101,,,,,0,10.0,201.86613843933077,86.31494369990466,43.73097998800648,2355.4138551995225,52.37700187534753,3522.867381665412,100.0,100.0,True,,synthetic_normal_distributed_training,sim_user,normal_distributed_training,gpu:2,normal_distributed_training
103.6,2026-01-01 00:01:43.600000+00:00,,syn-normal-ddp-101,syn-normal-ddp-101,,,,,0,10.0,199.62781393203048,83.26515629060367,39.761417012637715,2220.4079116824164,51.80163729332418,3258.881881438304,100.0,100.0,True,,synthetic_normal_distributed_training,sim_user,normal_distributed_training,gpu:2,normal_distributed_training
103.7,2026-01-01 00:01:43.700000+00:00,,syn-normal-ddp-101,syn-normal-ddp-101,,,,,0,10.0,198.64062501204376,82.34335886008272,40.42523796905246,2229.481411428502,51.13930161392611,3389.088791273973,100.0,100.0,True,,synthetic_normal_distributed_training,sim_user,normal_distributed_training,gpu:2,normal_distributed_training
103.8,2026-01-01 00:01:43.800000+00:00,,syn-normal-ddp-101,syn-normal-ddp-101,,,,,0,10.0,198.4373766609457,85.6247115803476,47.59096693233539,2341.774875678966,52.01495421491868,3742.738451996556,100.0,100.0,True,,synthetic_normal_distributed_training,sim_user,normal_distributed_training,gpu:2,normal_distributed_training
103.9,2026-01-01 00:01:43.900000+00:00,,syn-normal-ddp-101,syn-normal-ddp-101,,,,,0,10.0,198.28979667150412,77.65324265315766,35.00648544410764,2174.7653612229396,49.883446635087175,3067.5059969935237,100.0,100.0,True,,synthetic_normal_distributed_training,sim_user,normal_distributed_training,gpu:2,normal_distributed_training
104.0,2026-01-01 00:01:44+00:00,,syn-normal-ddp-101,syn-normal-ddp-101,,,,,0,10.0,200.18658868602594,84.49501189055898,46.38268751244522,2295.7699238582345,51.625209773058096,3527.306651705247,100.0,100.0,True,,synthetic_normal_distributed_training,sim_user,normal_distributed_training,gpu:2,normal_distributed_training
104.1,2026-01-01 00:01:44.100000+00:00,,syn-normal-ddp-101,syn-normal-ddp-101,,,,,0,10.0,199.36457390498987,85.45407678278194,49.88878722691398,2387.508100651624,51.72535707195051,3845.472981484201,100.0,100.0,True,,synthetic_normal_distributed_training,sim_user,normal_distributed_training,gpu:2,normal_distributed_training
104.2,2026-01-01 00:01:44.200000+00:00,,syn-normal-ddp-101,syn-normal-ddp-101,,,,,0,10.0,198.99954834766726,91.62449295904362,47.41080574030371,2437.4896100893247,53.324919249374354,3773.4469154706026,100.0,100.0,True,,synthetic_normal_distributed_training,sim_user,normal_distributed_training,gpu:2,normal_distributed_training
104.3,2026-01-01 00:01:44.300000+00:00,,syn-normal-ddp-101,syn-normal-ddp-101,,,,,0,10.0,199.31250230999578,82.56143726915732,43.69810364908901,2250.5380305446756,50.64935143122484,3507.123203245502,100.0,100.0,True,,synthetic_normal_distributed_training,sim_user,normal_distributed_training,gpu:2,normal_distributed_training
104.4,2026-01-01 00:01:44.400000+00:00,,syn-normal-ddp-101,syn-normal-ddp-101,,,,,0,10.0,198.96788185553595,79.06383067349782,36.99532182466643,2183.799488543416,50.142961839691914,2896.8147226966576,100.0,100.0,True,,synthetic_normal_distributed_training,sim_user,normal_distributed_training,gpu:2,normal_distributed_training
104.5,2026-01-01 00:01:44.500000+00:00,,syn-normal-ddp-101,syn-normal-ddp-101,,,,,0,10.0,198.32684418973778,91.41504621537861,45.80284838191673,2479.816335416157,53.72581356818097,3806.7423270805675,100.0,100.0,True,,synthetic_normal_distributed_training,sim_user,normal_distributed_training,gpu:2,normal_distributed_training
104.6,2026-01-01 00:01:44.600000+00:00,,syn-normal-ddp-101,syn-normal-ddp-101,,,,,0,10.0,202.0516908821843,87.60404336529606,45.35469411719431,2374.4820098156615,53.02670480556065,3643.5811396888953,100.0,100.0,True,,synthetic_normal_distributed_training,sim_user,normal_distributed_training,gpu:2,normal_distributed_training
104.7,2026-01-01 00:01:44.700000+00:00,,syn-normal-ddp-101,syn-normal-ddp-101,,,,,0,10.0,201.66628235450622,90.40337071475686,50.56033116045963,2493.386660780688,53.70259664877698,3915.558939483029,100.0,100.0,True,,synthetic_normal_distributed_training,sim_user,normal_distributed_training,gpu:2,normal_distributed_training
104.8,2026-01-01 00:01:44.800000+00:00,,syn-normal-ddp-101,syn-normal-ddp-101,,,,,0,10.0,198.27887073599956,79.8371211122323,41.81965058519189,2161.394732828316,50.80945886233401,3341.84290643904,100.0,100.0,True,,synthetic_normal_distributed_training,sim_user,normal_distributed_training,gpu:2,normal_distributed_training
104.9,2026-01-01 00:01:44.900000+00:00,,syn-normal-ddp-101,syn-normal-ddp-101,,,,,0,10.0,201.36461905190782,78.1340328826805,37.88413972494485,2138.2936268070953,50.26508604477877,3126.5293870565997,100.0,100.0,True,,synthetic_normal_distributed_training,sim_user,normal_distributed_training,gpu:2,normal_distributed_training
105.0,2026-01-01 00:01:45+00:00,,syn-normal-ddp-101,syn-normal-ddp-101,,,,,0,10.0,200.14807764609796,82.95539378167962,42.88909352417055,2270.5422579723045,51.45512318370973,3458.926079235226,100.0,100.0,True,,synthetic_normal_distributed_training,sim_user,normal_distributed_training,gpu:2,normal_distributed_training
105.1,2026-01-01 00:01:45.100000+00:00,,syn-normal-ddp-101,syn-normal-ddp-101,,,,,0,10.0,200.35272156694555,87.09455760078518,42.45537870612603,2326.99561505755,52.83837067190829,3329.22244363113,100.0,100.0,True,,synthetic_normal_distributed_training,sim_user,normal_distributed_training,gpu:2,normal_distributed_training
105.2,2026-01-01 00:01:45.200000+00:00,,syn-normal-ddp-101,syn-normal-ddp-101,,,,,0,10.0,199.0398874254482,87.25641585620302,54.45041035864395,2386.0044443129955,52.807811409022726,4284.043143016545,100.0,100.0,True,,synthetic_normal_distributed_training,sim_user,normal_distributed_training,gpu:2,normal_distributed_training
105.3,2026-01-01 00:01:45.300000+00:00,,syn-normal-ddp-101,syn-normal-ddp-101,,,,,0,10.0,197.7211362455351,87.29138356176924,44.9329500008558,2395.0220838922028,52.333350244237046,3703.3847360306795,100.0,100.0,True,,synthetic_normal_distributed_training,sim_user,normal_distributed_training,gpu:2,normal_distributed_training
105.4,2026-01-01 00:01:45.400000+00:00,,syn-normal-ddp-101,syn-normal-ddp-101,,,,,0,10.0,196.98571915576318,78.67709010773706,48.93123317267939,2182.4936482961707,49.83663111964469,3787.6506359201517,100.0,100.0,True,,synthetic_normal_distributed_training,sim_user,normal_distributed_training,gpu:2,normal_distributed_training
105.5,2026-01-01 00:01:45.500000+00:00,,syn-normal-ddp-101,syn-normal-ddp-101,,,,,0,10.0,197.0998078101389,82.64663575761789,38.52066726866971,2309.8492448911747,50.82926960167422,3159.5161678520253,100.0,100.0,True,,synthetic_normal_distributed_training,sim_user,normal_distributed_training,gpu:2,normal_distributed_training
105.6,2026-01-01 00:01:45.600000+00:00,,syn-normal-ddp-101,syn-normal-ddp-101,,,,,0,10.0,196.00020763481746,73.33918455860838,35.90331442749069,2019.4098469793921,47.91230571663317,2937.2872445725598,100.0,100.0,True,,synthetic_normal_distributed_training,sim_user,normal_distributed_training,gpu:2,normal_distributed_training
105.7,2026-01-01 00:01:45.700000+00:00,,syn-normal-ddp-101,syn-normal-ddp-101,,,,,0,10.0,196.6179862314328,76.3845488965751,47.321358033122166,2144.5064767261897,48.458171342628496,3763.945051636714,100.0,100.0,True,,synthetic_normal_distributed_training,sim_user,normal_distributed_training,gpu:2,normal_distributed_training
105.8,2026-01-01 00:01:45.800000+00:00,,syn-normal-ddp-101,syn-normal-ddp-101,,,,,0,10.0,199.42168425517514,81.56032233519323,43.25310747187693,2253.602427283784,49.66776412112122,3570.5741175554676,100.0,100.0,True,,synthetic_normal_distributed_training,sim_user,normal_distributed_training,gpu:2,normal_distributed_training
105.9,2026-01-01 00:01:45.900000+00:00,,syn-normal-ddp-101,syn-normal-ddp-101,,,,,0,10.0,200.47601905849695,84.12319359958393,54.44844072353527,2291.7392029814187,50.859234033177465,4134.5707249785955,100.0,100.0,True,,synthetic_normal_distributed_training,sim_user,normal_distributed_training,gpu:2,normal_distributed_training
106.0,2026-01-01 00:01:46+00:00,,syn-normal-ddp-101,syn-normal-ddp-101,,,,,0,10.0,200.1815931742254,90.1695729485638,52.449671424205185,2424.1566675880904,52.37923178042449,4017.77263947461,100.0,100.0,True,,synthetic_normal_distributed_training,sim_user,normal_distributed_training,gpu:2,normal_distributed_training
106.1,2026-01-01 00:01:46.100000+00:00,,syn-normal-ddp-101,syn-normal-ddp-101,,,,,0,10.0,200.4742046790008,87.47637262003106,53.30435940045268,2428.0473909101634,51.71306166457302,4162.222537227087,100.0,100.0,True,,synthetic_normal_distributed_training,sim_user,normal_distributed_training,gpu:2,normal_distributed_training
106.2,2026-01-01 00:01:46.200000+00:00,,syn-normal-ddp-101,syn-normal-ddp-101,,,,,0,10.0,202.8000833887555,92.63906577861746,44.23904960883135,2461.671129923832,53.32859125978739,3668.974001483044,100.0,100.0,True,,synthetic_normal_distributed_training,sim_user,normal_distributed_training,gpu:2,normal_distributed_training
106.3,2026-01-01 00:01:46.300000+00:00,,syn-normal-ddp-101,syn-normal-ddp-101,,,,,0,10.0,202.0379157094568,77.20566855871638,42.81948623814247,2161.65373702027,48.9439131786768,3590.385510588272,100.0,100.0,True,,synthetic_normal_distributed_training,sim_user,normal_distributed_training,gpu:2,normal_distributed_training
106.4,2026-01-01 00:01:46.400000+00:00,,syn-normal-ddp-101,syn-normal-ddp-101,,,,,0,10.0,202.09946197268908,86.80484868463532,45.93990227341649,2379.603155110587,51.51832962880673,3674.1202383269747,100.0,100.0,True,,synthetic_normal_distributed_training,sim_user,normal_distributed_training,gpu:2,normal_distributed_training
106.5,2026-01-01 00:01:46.500000+00:00,,syn-normal-ddp-101,syn-normal-ddp-101,,,,,0,10.0,203.03560857265802,80.70994373987637,50.48294361148822,2260.286753907748,50.45352884927541,3994.773284120225,100.0,100.0,True,,synthetic_normal_distributed_training,sim_user,normal_distributed_training,gpu:2,normal_distributed_training
106.6,2026-01-01 00:01:46.600000+00:00,,syn-normal-ddp-101,syn-normal-ddp-101,,,,,0,10.0,205.43280726898837,92.440720561218,48.62952778330676,2489.364196301339,54.249696655900884,3815.868780925377,100.0,100.0,True,,synthetic_normal_distributed_training,sim_user,normal_distributed_training,gpu:2,normal_distributed_training
106.7,2026-01-01 00:01:46.700000+00:00,,syn-normal-ddp-101,syn-normal-ddp-101,,,,,0,10.0,203.27424948906395,84.73846054100942,46.25327632153528,2269.0597672444774,52.41934754810247,3591.627054643795,100.0,100.0,True,,synthetic_normal_distributed_training,sim_user,normal_distributed_training,gpu:2,normal_distributed_training
106.8,2026-01-01 00:01:46.800000+00:00,,syn-normal-ddp-101,syn-normal-ddp-101,,,,,0,10.0,204.12066567154145,88.37632859217247,44.91156691204598,2424.6560534786854,53.03672502536855,3671.137445820818,100.0,100.0,True,,synthetic_normal_distributed_training,sim_user,normal_distributed_training,gpu:2,normal_distributed_training
106.9,2026-01-01 00:01:46.900000+00:00,,syn-normal-ddp-101,syn-normal-ddp-101,,,,,0,10.0,206.15613156266454,92.38941487466438,43.67734685801933,2520.0,54.297285215859645,3574.1739638412637,100.0,100.0,True,,synthetic_normal_distributed_training,sim_user,normal_distributed_training,gpu:2,normal_distributed_training
107.0,2026-01-01 00:01:47+00:00,,syn-normal-ddp-101,syn-normal-ddp-101,,,,,0,10.0,208.2485942243587,90.60994684478374,51.7882556576821,2497.13288338702,53.931845158949685,4097.84519639351,100.0,100.0,True,,synthetic_normal_distributed_training,sim_user,normal_distributed_training,gpu:2,normal_distributed_training
107.1,2026-01-01 00:01:47.100000+00:00,,syn-normal-ddp-101,syn-normal-ddp-101,,,,,0,10.0,208.89880734438228,85.6298782282743,45.13682057446012,2348.9789919207715,52.572439748890865,3603.0242765766075,100.0,100.0,True,,synthetic_normal_distributed_training,sim_user,normal_distributed_training,gpu:2,normal_distributed_training
107.2,2026-01-01 00:01:47.200000+00:00,,syn-normal-ddp-101,syn-normal-ddp-101,,,,,0,10.0,206.4941591466427,85.26196487491379,47.76379805205812,2330.0387732965423,52.66348449481547,3840.9649335719087,100.0,100.0,True,,synthetic_normal_distributed_training,sim_user,normal_distributed_training,gpu:2,normal_distributed_training
107.3,2026-01-01 00:01:47.300000+00:00,,syn-normal-ddp-101,syn-normal-ddp-101,,,,,0,10.0,205.74171329115097,83.2483969434758,41.27030898024621,2278.3657503598397,52.28301299008,3273.8103144473343,100.0,100.0,True,,synthetic_normal_distributed_training,sim_user,normal_distributed_training,gpu:2,normal_distributed_training
107.4,2026-01-01 00:01:47.400000+00:00,,syn-normal-ddp-101,syn-normal-ddp-101,,,,,0,10.0,209.5107612860396,87.30809855022235,47.192331074040204,2403.881639909385,53.31145764324392,3770.777417867157,100.0,100.0,True,,synthetic_normal_distributed_training,sim_user,normal_distributed_training,gpu:2,normal_distributed_training
107.5,2026-01-01 00:01:47.500000+00:00,,syn-normal-ddp-101,syn-normal-ddp-101,,,,,0,10.0,213.0005625110146,91.09174444613708,46.060692323029556,2443.437734391806,54.162573664388226,3570.286475110183,100.0,100.0,True,,synthetic_normal_distributed_training,sim_user,normal_distributed_training,gpu:2,normal_distributed_training
107.6,2026-01-01 00:01:47.600000+00:00,,syn-normal-ddp-101,syn-normal-ddp-101,,,,,0,10.0,190.9283798502048,80.55014587997618,41.59159694482501,2217.9549370465165,51.045181481819114,3393.9099880405347,100.0,100.0,True,,synthetic_normal_distributed_training,sim_user,normal_distributed_training,gpu:2,normal_distributed_training
107.7,2026-01-01 00:01:47.700000+00:00,,syn-normal-ddp-101,syn-normal-ddp-101,,,,,0,10.0,187.1583287783626,64.51349435315782,35.51717229820372,1828.0144019862494,46.59441909310695,3045.2845801701606,100.0,100.0,True,,synthetic_normal_distributed_training,sim_user,normal_distributed_training,gpu:2,normal_distributed_training
107.8,2026-01-01 00:01:47.800000+00:00,,syn-normal-ddp-101,syn-normal-ddp-101,,,,,0,10.0,186.46704703458713,86.48764999316039,44.75686874472803,2422.453931332189,52.52639813907912,3456.226507412566,100.0,100.0,True,,synthetic_normal_distributed_training,sim_user,normal_distributed_training,gpu:2,normal_distributed_training
107.9,2026-01-01 00:01:47.900000+00:00,,syn-normal-ddp-101,syn-normal-ddp-101,,,,,0,10.0,186.17333137725606,73.30040955959146,41.9151685407307,2027.7088064146506,48.723632894677436,3304.7294320619826,100.0,100.0,True,,synthetic_normal_distributed_training,sim_user,normal_distributed_training,gpu:2,normal_distributed_training
108.0,2026-01-01 00:01:48+00:00,,syn-normal-ddp-101,syn-normal-ddp-101,,,,,0,10.0,185.79933509909478,74.18332574256907,35.48040542600791,2027.085385694451,48.681748809833735,3053.202137674032,100.0,100.0,True,,synthetic_normal_distributed_training,sim_user,normal_distributed_training,gpu:2,normal_distributed_training
108.1,2026-01-01 00:01:48.100000+00:00,,syn-normal-ddp-101,syn-normal-ddp-101,,,,,0,10.0,182.3084803501748,68.10151086731369,35.13295329491138,1964.8224216140745,46.77233761891797,2867.1954789763477,100.0,100.0,True,,synthetic_normal_distributed_training,sim_user,normal_distributed_training,gpu:2,normal_distributed_training
108.2,2026-01-01 00:01:48.200000+00:00,,syn-normal-ddp-101,syn-normal-ddp-101,,,,,0,10.0,180.53703172638038,67.84045060084576,41.9637896571612,1912.3048751150384,46.83777475708022,3527.548497914094,100.0,100.0,True,,synthetic_normal_distributed_training,sim_user,normal_distributed_training,gpu:2,normal_distributed_training
108.3,2026-01-01 00:01:48.300000+00:00,,syn-normal-ddp-101,syn-normal-ddp-101,,,,,0,10.0,182.4095024132268,69.56957273000816,34.652995147760436,1977.1266343782847,47.142517675381,2758.5666595999232,100.0,100.0,True,,synthetic_normal_distributed_training,sim_user,normal_distributed_training,gpu:2,normal_distributed_training
108.4,2026-01-01 00:01:48.400000+00:00,,syn-normal-ddp-101,syn-normal-ddp-101,,,,,0,10.0,186.6174308105915,70.53325711599352,30.924081374581107,1944.8193533506517,47.402944572808615,2620.3965997952555,100.0,100.0,True,,synthetic_normal_distributed_training,sim_user,normal_distributed_training,gpu:2,normal_distributed_training
108.5,2026-01-01 00:01:48.500000+00:00,,syn-normal-ddp-101,syn-normal-ddp-101,,,,,0,10.0,188.70379963127212,81.62882625697917,49.284595093614335,2194.286787815572,50.54956474053837,3876.105306638599,100.0,100.0,True,,synthetic_normal_distributed_training,sim_user,normal_distributed_training,gpu:2,normal_distributed_training
108.6,2026-01-01 00:01:48.600000+00:00,,syn-normal-ddp-101,syn-normal-ddp-101,,,,,0,10.0,190.14747161918757,75.93519124805087,40.525701855827045,2092.0034313599285,48.96544414546538,3431.3688722263123,100.0,100.0,True,,synthetic_normal_distributed_training,sim_user,normal_distributed_training,gpu:2,normal_distributed_training
108.7,2026-01-01 00:01:48.700000+00:00,,syn-normal-ddp-101,syn-normal-ddp-101,,,,,0,10.0,188.62692004350419,76.07486834700588,36.99825634042587,2123.4083889409253,49.126733799137035,3071.15740640315,100.0,100.0,True,,synthetic_normal_distributed_training,sim_user,normal_distributed_training,gpu:2,normal_distributed_training
108.8,2026-01-01 00:01:48.800000+00:00,,syn-normal-ddp-101,syn-normal-ddp-101,,,,,0,10.0,191.6148887611943,75.95803199412015,36.39076025116106,2128.4277760478044,49.134395423340656,2694.9577363660105,100.0,100.0,True,,synthetic_normal_distributed_training,sim_user,normal_distributed_training,gpu:2,normal_distributed_training
108.9,2026-01-01 00:01:48.900000+00:00,,syn-normal-ddp-101,syn-normal-ddp-101,,,,,0,10.0,189.94665080548654,91.48909413514512,51.893457514561966,2520.0,53.43051223081482,4118.643340974032,100.0,100.0,True,,synthetic_normal_distributed_training,sim_user,normal_distributed_training,gpu:2,normal_distributed_training
109.0,2026-01-01 00:01:49+00:00,,syn-normal-ddp-101,syn-normal-ddp-101,,,,,0,10.0,186.6095288131642,71.90886893425606,34.223634850628976,1977.794662191789,47.88101540777989,2794.2469421337523,100.0,100.0,True,,synthetic_normal_distributed_training,sim_user,normal_distributed_training,gpu:2,normal_distributed_training
109.1,2026-01-01 00:01:49.100000+00:00,,syn-normal-ddp-101,syn-normal-ddp-101,,,,,0,10.0,183.54525356106546,75.09085790170417,33.69696866693199,2084.5396351266904,48.50359351473263,2637.8715244311934,100.0,100.0,True,,synthetic_normal_distributed_training,sim_user,normal_distributed_training,gpu:2,normal_distributed_training
109.2,2026-01-01 00:01:49.200000+00:00,,syn-normal-ddp-101,syn-normal-ddp-101,,,,,0,10.0,179.02674233357408,74.96471458333227,43.05359993069185,2021.9355243130306,48.56126482017953,3479.8747046327717,100.0,100.0,True,,synthetic_normal_distributed_training,sim_user,normal_distributed_training,gpu:2,normal_distributed_training
109.3,2026-01-01 00:01:49.300000+00:00,,syn-normal-ddp-101,syn-normal-ddp-101,,,,,0,10.0,181.76787229532115,66.07056347666723,36.54163997366851,1817.696000585277,45.94836281727886,2818.167993328464,100.0,100.0,True,,synthetic_normal_distributed_training,sim_user,normal_distributed_training,gpu:2,normal_distributed_training
109.4,2026-01-01 00:01:49.400000+00:00,,syn-normal-ddp-101,syn-normal-ddp-101,,,,,0,10.0,185.0523592431377,69.66530965828022,40.01496111702555,1929.257375739487,46.78769582033015,3381.6861529735424,100.0,100.0,True,,synthetic_normal_distributed_training,sim_user,normal_distributed_training,gpu:2,normal_distributed_training
109.5,2026-01-01 00:01:49.500000+00:00,,syn-normal-ddp-101,syn-normal-ddp-101,,,,,0,10.0,185.78810563774792,69.04781710511243,35.050256603291025,1926.2932395586176,46.59875012146769,2743.095492424979,100.0,100.0,True,,synthetic_normal_distributed_training,sim_user,normal_distributed_training,gpu:2,normal_distributed_training
109.6,2026-01-01 00:01:49.600000+00:00,,syn-normal-ddp-101,syn-normal-ddp-101,,,,,0,10.0,186.00844741770396,76.38870628804956,42.901250468692474,2153.666777308165,48.48466047480261,3431.2805012691542,100.0,100.0,True,,synthetic_normal_distributed_training,sim_user,normal_distributed_training,gpu:2,normal_distributed_training
109.7,2026-01-01 00:01:49.700000+00:00,,syn-normal-ddp-101,syn-normal-ddp-101,,,,,0,10.0,188.07908347040959,78.62037674814572,38.5977243260775,2189.088891671264,49.04107599365995,3279.38043434421,100.0,100.0,True,,synthetic_normal_distributed_training,sim_user,normal_distributed_training,gpu:2,normal_distributed_training
109.8,2026-01-01 00:01:49.800000+00:00,,syn-normal-ddp-101,syn-normal-ddp-101,,,,,0,10.0,188.7812902906075,81.58129676169351,42.69376036268713,2287.1906322917057,50.1080488461905,3474.422480067497,100.0,100.0,True,,synthetic_normal_distributed_training,sim_user,normal_distributed_training,gpu:2,normal_distributed_training
109.9,2026-01-01 00:01:49.900000+00:00,,syn-normal-ddp-101,syn-normal-ddp-101,,,,,0,10.0,190.23221605347024,73.39607146115026,40.41245496179479,1978.4781997981434,47.718160914612696,3405.280322679555,100.0,100.0,True,,synthetic_normal_distributed_training,sim_user,normal_distributed_training,gpu:2,normal_distributed_training
110.0,2026-01-01 00:01:50+00:00,,syn-normal-ddp-101,syn-normal-ddp-101,,,,,0,10.0,186.9600127212883,75.78166982687274,42.0263564138235,2104.9932910503226,48.4774545852259,3383.2551221476724,100.0,100.0,True,,synthetic_normal_distributed_training,sim_user,normal_distributed_training,gpu:2,normal_distributed_training
110.1,2026-01-01 00:01:50.100000+00:00,,syn-normal-ddp-101,syn-normal-ddp-101,,,,,0,10.0,185.73116594585474,72.28200450683671,43.638485350325816,1969.9832299547886,47.67754721705653,3556.33058621735,100.0,100.0,True,,synthetic_normal_distributed_training,sim_user,normal_distributed_training,gpu:2,normal_distributed_training
110.2,2026-01-01 00:01:50.200000+00:00,,syn-normal-ddp-101,syn-normal-ddp-101,,,,,0,10.0,182.11667276633747,74.05394161022768,43.39708870587523,2083.967176122797,48.211837477475854,3664.3433897964865,100.0,100.0,True,,synthetic_normal_distributed_training,sim_user,normal_distributed_training,gpu:2,normal_distributed_training
110.3,2026-01-01 00:01:50.300000+00:00,,syn-normal-ddp-101,syn-normal-ddp-101,,,,,0,10.0,182.72509140402605,58.9690665401507,28.283813787524423,1664.1220010512425,44.191148546017686,2290.8266225806365,100.0,100.0,True,,synthetic_normal_distributed_training,sim_user,normal_distributed_training,gpu:2,normal_distributed_training
110.4,2026-01-01 00:01:50.400000+00:00,,syn-normal-ddp-101,syn-normal-ddp-101,,,,,0,10.0,185.08284802084927,83.17084873262925,43.075455009990996,2290.2428075714647,50.97642940322366,3302.335267256165,100.0,100.0,True,,synthetic_normal_distributed_training,sim_user,normal_distributed_training,gpu:2,normal_distributed_training
110.5,2026-01-01 00:01:50.500000+00:00,,syn-normal-ddp-101,syn-normal-ddp-101,,,,,0,10.0,184.999558124001,70.72432544806492,41.47184655281195,1996.6170618511983,47.69861367505926,3307.649927443966,100.0,100.0,True,,synthetic_normal_distributed_training,sim_user,normal_distributed_training,gpu:2,normal_distributed_training
110.6,2026-01-01 00:01:50.600000+00:00,,syn-normal-ddp-101,syn-normal-ddp-101,,,,,0,10.0,182.68403514633292,76.26145370218339,46.87082807164939,2111.739185601026,49.45286426869082,3577.0246304895663,100.0,100.0,True,,synthetic_normal_distributed_training,sim_user,normal_distributed_training,gpu:2,normal_distributed_training
110.7,2026-01-01 00:01:50.700000+00:00,,syn-normal-ddp-101,syn-normal-ddp-101,,,,,0,10.0,181.05607216397647,66.50901951309399,38.44356268796687,1829.6963751210656,46.769181435985736,3011.3519144889456,100.0,100.0,True,,synthetic_normal_distributed_training,sim_user,normal_distributed_training,gpu:2,normal_distributed_training
110.8,2026-01-01 00:01:50.800000+00:00,,syn-normal-ddp-101,syn-normal-ddp-101,,,,,0,10.0,179.15531970322812,70.98598751833254,37.31483021192277,1951.513727989007,48.14415665480937,3115.467936627792,100.0,100.0,True,,synthetic_normal_distributed_training,sim_user,normal_distributed_training,gpu:2,normal_distributed_training
110.9,2026-01-01 00:01:50.900000+00:00,,syn-normal-ddp-101,syn-normal-ddp-101,,,,,0,10.0,179.60228264298522,67.23477875446099,37.89084213905625,1847.540104474702,47.35805489301895,3076.7789051275927,100.0,100.0,True,,synthetic_normal_distributed_training,sim_user,normal_distributed_training,gpu:2,normal_distributed_training
111.0,2026-01-01 00:01:51+00:00,,syn-normal-ddp-101,syn-normal-ddp-101,,,,,0,10.0,180.04342598486147,67.69369746709923,41.876806118752945,1867.8877717125356,47.38243089287883,3414.9154291338205,100.0,100.0,True,,synthetic_normal_distributed_training,sim_user,normal_distributed_training,gpu:2,normal_distributed_training
111.1,2026-01-01 00:01:51.100000+00:00,,syn-normal-ddp-101,syn-normal-ddp-101,,,,,0,10.0,176.36167700675148,74.91782656315934,46.67916234172415,2056.88125477446,49.43230418809645,3815.0690905679407,100.0,100.0,True,,synthetic_normal_distributed_training,sim_user,normal_distributed_training,gpu:2,normal_distributed_training
111.2,2026-01-01 00:01:51.200000+00:00,,syn-normal-ddp-101,syn-normal-ddp-101,,,,,0,10.0,198.7749881693716,92.84616850148284,48.80376735696895,2520.0,54.2571306930995,3949.918262561432,100.0,100.0,True,,synthetic_normal_distributed_training,sim_user,normal_distributed_training,gpu:2,normal_distributed_training
111.3,2026-01-01 00:01:51.300000+00:00,,syn-normal-ddp-101,syn-normal-ddp-101,,,,,0,10.0,201.4511239385731,81.16297934563052,40.76988134124687,2160.9590911880246,51.17496432581373,3321.290665106966,100.0,100.0,True,,synthetic_normal_distributed_training,sim_user,normal_distributed_training,gpu:2,normal_distributed_training
111.4,2026-01-01 00:01:51.400000+00:00,,syn-normal-ddp-101,syn-normal-ddp-101,,,,,0,10.0,203.89859405269453,86.31547547286445,47.72412273036451,2447.1750077055044,52.59582569487032,3894.7078244476975,100.0,100.0,True,,synthetic_normal_distributed_training,sim_user,normal_distributed_training,gpu:2,normal_distributed_training
111.5,2026-01-01 00:01:51.500000+00:00,,syn-normal-ddp-101,syn-normal-ddp-101,,,,,0,10.0,203.60705778255107,80.9003241582076,42.08237883008153,2221.0085118791503,50.812656479529934,3426.4559369331787,100.0,100.0,True,,synthetic_normal_distributed_training,sim_user,normal_distributed_training,gpu:2,normal_distributed_training
111.6,2026-01-01 00:01:51.600000+00:00,,syn-normal-ddp-101,syn-normal-ddp-101,,,,,0,10.0,200.86343669809958,92.09056526365413,50.68886673673618,2508.884192756994,53.9306391048258,4186.882097238463,100.0,100.0,True,,synthetic_normal_distributed_training,sim_user,normal_distributed_training,gpu:2,normal_distributed_training
111.7,2026-01-01 00:01:51.700000+00:00,,syn-normal-ddp-101,syn-normal-ddp-101,,,,,0,10.0,201.35535891969766,90.4361289307397,46.239815676275235,2443.0513086350784,53.62694415858572,3613.3216093687734,100.0,100.0,True,,synthetic_normal_distributed_training,sim_user,normal_distributed_training,gpu:2,normal_distributed_training
111.8,2026-01-01 00:01:51.800000+00:00,,syn-normal-ddp-101,syn-normal-ddp-101,,,,,0,10.0,204.27410800900643,91.73112564073979,51.79309671220642,2482.7840936802204,53.99460619894651,3935.175899826211,100.0,100.0,True,,synthetic_normal_distributed_training,sim_user,normal_distributed_training,gpu:2,normal_distributed_training
111.9,2026-01-01 00:01:51.900000+00:00,,syn-normal-ddp-101,syn-normal-ddp-101,,,,,0,10.0,203.31984621803056,81.89897011571823,47.15190651410671,2239.3749531936887,51.35379623141299,3688.745137876545,100.0,100.0,True,,synthetic_normal_distributed_training,sim_user,normal_distributed_training,gpu:2,normal_distributed_training
112.0,2026-01-01 00:01:52+00:00,,syn-normal-ddp-101,syn-normal-ddp-101,,,,,0,10.0,203.52004980776738,88.6158135336401,54.68743973850313,2392.2229413572973,53.084823505511906,4174.773850632426,100.0,100.0,True,,synthetic_normal_distributed_training,sim_user,normal_distributed_training,gpu:2,normal_distributed_training
112.1,2026-01-01 00:01:52.100000+00:00,,syn-normal-ddp-101,syn-normal-ddp-101,,,,,0,10.0,203.01119187302604,85.4609807126213,52.122344527152244,2380.202896118902,52.44118385952541,4032.3304543778577,100.0,100.0,True,,synthetic_normal_distributed_training,sim_user,normal_distributed_training,gpu:2,normal_distributed_training
112.2,2026-01-01 00:01:52.200000+00:00,,syn-normal-ddp-101,syn-normal-ddp-101,,,,,0,10.0,203.09923010726217,85.0016251352686,47.70666233926779,2321.3778550185802,52.394955733292505,3621.6478774206385,100.0,100.0,True,,synthetic_normal_distributed_training,sim_user,normal_distributed_training,gpu:2,normal_distributed_training
112.3,2026-01-01 00:01:52.300000+00:00,,syn-normal-ddp-101,syn-normal-ddp-101,,,,,0,10.0,203.93004451581191,88.17788849557301,44.98894083769698,2409.6465202224185,53.38262199619507,3714.0800786890036,100.0,100.0,True,,synthetic_normal_distributed_training,sim_user,normal_distributed_training,gpu:2,normal_distributed_training
112.4,2026-01-01 00:01:52.400000+00:00,,syn-normal-ddp-101,syn-normal-ddp-101,,,,,0,10.0,203.26266585148034,91.38843258953652,53.735509696557095,2473.5990969725426,54.378204286745934,4332.547333553964,100.0,100.0,True,,synthetic_normal_distributed_training,sim_user,normal_distributed_training,gpu:2,normal_distributed_training
112.5,2026-01-01 00:01:52.500000+00:00,,syn-normal-ddp-101,syn-normal-ddp-101,,,,,0,10.0,202.76783812416485,92.90287902793274,48.545005845177805,2520.0,54.41052806641659,3769.8021997539736,100.0,100.0,True,,synthetic_normal_distributed_training,sim_user,normal_distributed_training,gpu:2,normal_distributed_training
112.6,2026-01-01 00:01:52.600000+00:00,,syn-normal-ddp-101,syn-normal-ddp-101,,,,,0,10.0,201.88620810218842,88.7661730138592,43.142250125998736,2405.6521844106064,53.09864323110522,3463.735805162325,100.0,100.0,True,,synthetic_normal_distributed_training,sim_user,normal_distributed_training,gpu:2,normal_distributed_training
112.7,2026-01-01 00:01:52.700000+00:00,,syn-normal-ddp-101,syn-normal-ddp-101,,,,,0,10.0,203.5419101590873,93.74244955899405,50.35711396421743,2520.0,54.12922923409037,4001.2821046740405,100.0,100.0,True,,synthetic_normal_distributed_training,sim_user,normal_distributed_training,gpu:2,normal_distributed_training
112.8,2026-01-01 00:01:52.800000+00:00,,syn-normal-ddp-101,syn-normal-ddp-101,,,,,0,10.0,204.91089103537956,89.82443069443403,43.979049153002684,2492.8176980849034,52.65882744627111,3523.6799107975044,100.0,100.0,True,,synthetic_normal_distributed_training,sim_user,normal_distributed_training,gpu:2,normal_distributed_training
112.9,2026-01-01 00:01:52.900000+00:00,,syn-normal-ddp-101,syn-normal-ddp-101,,,,,0,10.0,207.71811094553203,90.57567952311496,57.16836216332644,2435.1265945869536,53.10240774634845,4784.084701631668,100.0,100.0,True,,synthetic_normal_distributed_training,sim_user,normal_distributed_training,gpu:2,normal_distributed_training
113.0,2026-01-01 00:01:53+00:00,,syn-normal-ddp-101,syn-normal-ddp-101,,,,,0,10.0,211.76842255816962,96.23728376977897,57.08541111674889,2520.0,54.8151294804619,4551.579426625759,100.0,100.0,True,,synthetic_normal_distributed_training,sim_user,normal_distributed_training,gpu:2,normal_distributed_training
113.1,2026-01-01 00:01:53.100000+00:00,,syn-normal-ddp-101,syn-normal-ddp-101,,,,,0,10.0,212.0974030419346,95.02084541479392,57.45007833787254,2520.0,54.21183341718087,4509.734483168821,100.0,100.0,True,,synthetic_normal_distributed_training,sim_user,normal_distributed_training,gpu:2,normal_distributed_training
113.2,2026-01-01 00:01:53.200000+00:00,,syn-normal-ddp-101,syn-normal-ddp-101,,,,,0,10.0,210.29130119706392,93.46415595801314,49.36783897661948,2520.0,53.64925603130491,3908.532615364818,100.0,100.0,True,,synthetic_normal_distributed_training,sim_user,normal_distributed_training,gpu:2,normal_distributed_training
113.3,2026-01-01 00:01:53.300000+00:00,,syn-normal-ddp-101,syn-normal-ddp-101,,,,,0,10.0,206.11761574315355,97.01885428990468,52.51270895080349,2520.0,54.623440315660666,3993.806908159577,100.0,100.0,True,,synthetic_normal_distributed_training,sim_user,normal_distributed_training,gpu:2,normal_distributed_training
113.4,2026-01-01 00:01:53.400000+00:00,,syn-normal-ddp-101,syn-normal-ddp-101,,,,,0,10.0,205.03930168965408,94.09825830324128,52.19129135401523,2520.0,54.28790679141833,4061.4341684998235,100.0,100.0,True,,synthetic_normal_distributed_training,sim_user,normal_distributed_training,gpu:2,normal_distributed_training
113.5,2026-01-01 00:01:53.500000+00:00,,syn-normal-ddp-101,syn-normal-ddp-101,,,,,0,10.0,205.7587097988968,90.53525844011523,47.75549785980706,2441.5054335462723,53.570191004591926,3746.928445181258,100.0,100.0,True,,synthetic_normal_distributed_training,sim_user,normal_distributed_training,gpu:2,normal_distributed_training
113.6,2026-01-01 00:01:53.600000+00:00,,syn-normal-ddp-101,syn-normal-ddp-101,,,,,0,10.0,205.26113075917635,88.36763906911615,48.31879880520262,2420.981118072296,52.99114823619159,3896.967607673027,100.0,100.0,True,,synthetic_normal_distributed_training,sim_user,normal_distributed_training,gpu:2,normal_distributed_training
113.7,2026-01-01 00:01:53.700000+00:00,,syn-normal-ddp-101,syn-normal-ddp-101,,,,,0,10.0,207.36070028957388,93.66780737917625,52.804889959239084,2520.0,54.75724047381309,4200.575497021267,100.0,100.0,True,,synthetic_normal_distributed_training,sim_user,normal_distributed_training,gpu:2,normal_distributed_training
113.8,2026-01-01 00:01:53.800000+00:00,,syn-normal-ddp-101,syn-normal-ddp-101,,,,,0,10.0,208.2187473491195,95.36350125946807,49.20472163356967,2520.0,55.21860322308879,3965.0904088354214,100.0,100.0,True,,synthetic_normal_distributed_training,sim_user,normal_distributed_training,gpu:2,normal_distributed_training
113.9,2026-01-01 00:01:53.900000+00:00,,syn-normal-ddp-101,syn-normal-ddp-101,,,,,0,10.0,205.8935644300547,88.77344545764845,48.20759168935889,2335.396906053242,53.08270970217034,3817.5739005179817,100.0,100.0,True,,synthetic_normal_distributed_training,sim_user,normal_distributed_training,gpu:2,normal_distributed_training
114.0,2026-01-01 00:01:54+00:00,,syn-normal-ddp-101,syn-normal-ddp-101,,,,,0,10.0,211.31855641249567,89.57154271590844,53.918119691026426,2512.5364081772677,53.266410277662686,4217.982813639056,100.0,100.0,True,,synthetic_normal_distributed_training,sim_user,normal_distributed_training,gpu:2,normal_distributed_training
114.1,2026-01-01 00:01:54.100000+00:00,,syn-normal-ddp-101,syn-normal-ddp-101,,,,,0,10.0,209.64048616877704,83.33798025724687,46.07879533607228,2270.0035572579914,51.60156444809552,3452.59778529982,100.0,100.0,True,,synthetic_normal_distributed_training,sim_user,normal_distributed_training,gpu:2,normal_distributed_training
114.2,2026-01-01 00:01:54.200000+00:00,,syn-normal-ddp-101,syn-normal-ddp-101,,,,,0,10.0,207.3831277259273,99.65354608219893,47.36766911506095,2520.0,55.96369089702261,3887.7986420145435,100.0,100.0,True,,synthetic_normal_distributed_training,sim_user,normal_distributed_training,gpu:2,normal_distributed_training
114.3,2026-01-01 00:01:54.300000+00:00,,syn-normal-ddp-101,syn-normal-ddp-101,,,,,0,10.0,206.1216037839144,90.47223241769062,45.67774485475348,2439.3004247021936,53.21068690312167,3830.113089535562,100.0,100.0,True,,synthetic_normal_distributed_training,sim_user,normal_distributed_training,gpu:2,normal_distributed_training
114.4,2026-01-01 00:01:54.400000+00:00,,syn-normal-ddp-101,syn-normal-ddp-101,,,,,0,10.0,202.96892446439705,87.15824125691056,44.789539516913464,2397.6451752195385,52.14588039047373,3385.4823439184897,100.0,100.0,True,,synthetic_normal_distributed_training,sim_user,normal_distributed_training,gpu:2,normal_distributed_training
114.5,2026-01-01 00:01:54.500000+00:00,,syn-normal-ddp-101,syn-normal-ddp-101,,,,,0,10.0,204.79999899703589,93.6716285572143,49.31710517343003,2520.0,53.79867978522079,3856.395553971035,100.0,100.0,True,,synthetic_normal_distributed_training,sim_user,normal_distributed_training,gpu:2,normal_distributed_training
114.6,2026-01-01 00:01:54.600000+00:00,,syn-normal-ddp-101,syn-normal-ddp-101,,,,,0,10.0,210.49104691185784,100.0,55.4115311520302,2520.0,55.41572491470656,4221.821553409373,100.0,100.0,True,,synthetic_normal_distributed_training,sim_user,normal_distributed_training,gpu:2,normal_distributed_training
114.7,2026-01-01 00:01:54.700000+00:00,,syn-normal-ddp-101,syn-normal-ddp-101,,,,,0,10.0,206.48456328651056,85.64470675485373,43.167612296856326,2401.8152407043767,51.122204962228096,3518.081653303681,100.0,100.0,True,,synthetic_normal_distributed_training,sim_user,normal_distributed_training,gpu:2,normal_distributed_training
114.8,2026-01-01 00:01:54.800000+00:00,,syn-normal-ddp-101,syn-normal-ddp-101,,,,,0,10.0,208.9131502667217,99.8965993868489,60.81709523680037,2520.0,55.300068983145515,4757.37061492674,100.0,100.0,True,,synthetic_normal_distributed_training,sim_user,normal_distributed_training,gpu:2,normal_distributed_training
114.9,2026-01-01 00:01:54.900000+00:00,,syn-normal-ddp-101,syn-normal-ddp-101,,,,,0,10.0,207.98221543648296,97.7169915402977,52.54688091181874,2520.0,54.73064727378362,4101.40085604897,100.0,100.0,True,,synthetic_normal_distributed_training,sim_user,normal_distributed_training,gpu:2,normal_distributed_training
115.0,2026-01-01 00:01:55+00:00,,syn-normal-ddp-101,syn-normal-ddp-101,,,,,0,10.0,210.98351193620692,99.00020956174744,56.07889588360143,2520.0,55.12463066532598,4256.788581158393,100.0,100.0,True,,synthetic_normal_distributed_training,sim_user,normal_distributed_training,gpu:2,normal_distributed_training
115.1,2026-01-01 00:01:55.100000+00:00,,syn-normal-ddp-101,syn-normal-ddp-101,,,,,0,10.0,213.9018313412521,94.21908058254017,47.992749849008355,2516.7797247984704,53.97060965677949,3685.3397455291843,100.0,100.0,True,,synthetic_normal_distributed_training,sim_user,normal_distributed_training,gpu:2,normal_distributed_training
115.2,2026-01-01 00:01:55.200000+00:00,,syn-normal-ddp-101,syn-normal-ddp-101,,,,,0,10.0,210.60272427229117,92.99507961103461,42.543220722644385,2520.0,53.71975757993914,3318.3018907775704,100.0,100.0,True,,synthetic_normal_distributed_training,sim_user,normal_distributed_training,gpu:2,normal_distributed_training
115.3,2026-01-01 00:01:55.300000+00:00,,syn-normal-ddp-101,syn-normal-ddp-101,,,,,0,10.0,210.42295670627405,95.95365597465864,54.33386045515464,2520.0,54.34512640119971,4171.060979307069,100.0,100.0,True,,synthetic_normal_distributed_training,sim_user,normal_distributed_training,gpu:2,normal_distributed_training
115.4,2026-01-01 00:01:55.400000+00:00,,syn-normal-ddp-101,syn-normal-ddp-101,,,,,0,10.0,214.8076986499687,97.756964206199,56.63976843681667,2520.0,55.05732319669042,4334.902275482487,100.0,100.0,True,,synthetic_normal_distributed_training,sim_user,normal_distributed_training,gpu:2,normal_distributed_training
115.5,2026-01-01 00:01:55.500000+00:00,,syn-normal-ddp-101,syn-normal-ddp-101,,,,,0,10.0,215.5991699622608,97.25324196003417,57.136637806441925,2520.0,54.848036954303744,4321.48407881736,100.0,100.0,True,,synthetic_normal_distributed_training,sim_user,normal_distributed_training,gpu:2,normal_distributed_training
115.6,2026-01-01 00:01:55.600000+00:00,,syn-normal-ddp-101,syn-normal-ddp-101,,,,,0,10.0,218.96521709659459,100.0,54.26967727404089,2520.0,55.94674333331658,4234.462668935435,100.0,100.0,True,,synthetic_normal_distributed_training,sim_user,normal_distributed_training,gpu:2,normal_distributed_training
115.7,2026-01-01 00:01:55.700000+00:00,,syn-normal-ddp-101,syn-normal-ddp-101,,,,,0,10.0,216.83369485489038,100.0,55.441445443577244,2520.0,56.02024372752671,4293.16860772415,100.0,100.0,True,,synthetic_normal_distributed_training,sim_user,normal_distributed_training,gpu:2,normal_distributed_training
115.8,2026-01-01 00:01:55.800000+00:00,,syn-normal-ddp-101,syn-normal-ddp-101,,,,,0,10.0,214.98926698091714,93.28251736030302,47.683062623328915,2520.0,54.25994239696644,3767.8159270781907,100.0,100.0,True,,synthetic_normal_distributed_training,sim_user,normal_distributed_training,gpu:2,normal_distributed_training
115.9,2026-01-01 00:01:55.900000+00:00,,syn-normal-ddp-101,syn-normal-ddp-101,,,,,0,10.0,215.81076493668272,89.8583882496533,42.756607427167374,2457.030620813541,53.07105142210894,3439.5861251440137,100.0,100.0,True,,synthetic_normal_distributed_training,sim_user,normal_distributed_training,gpu:2,normal_distributed_training
116.0,2026-01-01 00:01:56+00:00,,syn-normal-ddp-101,syn-normal-ddp-101,,,,,0,10.0,214.45272062870575,95.72621094900023,52.651548807602154,2520.0,55.01822510757888,4159.633666835251,100.0,100.0,True,,synthetic_normal_distributed_training,sim_user,normal_distributed_training,gpu:2,normal_distributed_training
116.1,2026-01-01 00:01:56.100000+00:00,,syn-normal-ddp-101,syn-normal-ddp-101,,,,,0,10.0,212.74439368392342,94.68303419835016,53.79450890209702,2520.0,54.85436415384916,4195.531984399462,100.0,100.0,True,,synthetic_normal_distributed_training,sim_user,normal_distributed_training,gpu:2,normal_distributed_training
116.2,2026-01-01 00:01:56.200000+00:00,,syn-normal-ddp-101,syn-normal-ddp-101,,,,,0,10.0,207.94607965378762,85.85107222327957,48.80830773328188,2371.5633820750636,52.521018973058844,3885.8642944511885,100.0,100.0,True,,synthetic_normal_distributed_training,sim_user,normal_distributed_training,gpu:2,normal_distributed_training
116.3,2026-01-01 00:01:56.300000+00:00,,syn-normal-ddp-101,syn-normal-ddp-101,,,,,0,10.0,205.7732485374556,85.08398545134536,49.92917407171159,2378.63502681614,52.304828108619326,3912.3392213882935,100.0,100.0,True,,synthetic_normal_distributed_training,sim_user,normal_distributed_training,gpu:2,normal_distributed_training
116.4,2026-01-01 00:01:56.400000+00:00,,syn-normal-ddp-101,syn-normal-ddp-101,,,,,0,10.0,207.80289606477902,84.49910365829372,50.11024116698735,2329.488430579376,51.99326541415105,3899.478810771229,100.0,100.0,True,,synthetic_normal_distributed_training,sim_user,normal_distributed_training,gpu:2,normal_distributed_training
116.5,2026-01-01 00:01:56.500000+00:00,,syn-normal-ddp-101,syn-normal-ddp-101,,,,,0,10.0,204.91289325622276,87.86815526225259,51.25534325975695,2404.417507389435,52.86805316653444,4071.8172475571364,100.0,100.0,True,,synthetic_normal_distributed_training,sim_user,normal_distributed_training,gpu:2,normal_distributed_training
116.6,2026-01-01 00:01:56.600000+00:00,,syn-normal-ddp-101,syn-normal-ddp-101,,,,,0,10.0,204.03059638270904,80.00206277286591,46.78635551108868,2226.394809112184,50.62249713422575,3643.626052261952,100.0,100.0,True,,synthetic_normal_distributed_training,sim_user,normal_distributed_training,gpu:2,normal_distributed_training
116.7,2026-01-01 00:01:56.700000+00:00,,syn-normal-ddp-101,syn-normal-ddp-101,,,,,0,10.0,198.6494343513318,88.44689360074176,49.41554539484494,2427.2946865935514,52.86791313235926,4050.3172384993613,100.0,100.0,True,,synthetic_normal_distributed_training,sim_user,normal_distributed_training,gpu:2,normal_distributed_training
116.8,2026-01-01 00:01:56.800000+00:00,,syn-normal-ddp-101,syn-normal-ddp-101,,,,,0,10.0,199.04349298955236,83.2489044953656,43.29149992742392,2295.813105290641,51.484310687743225,3390.331864243289,100.0,100.0,True,,synthetic_normal_distributed_training,sim_user,normal_distributed_training,gpu:2,normal_distributed_training
116.9,2026-01-01 00:01:56.900000+00:00,,syn-normal-ddp-101,syn-normal-ddp-101,,,,,0,10.0,202.5658584200664,87.98514557472491,40.243448684119286,2460.743352581104,52.6162647460032,3258.9922351712808,100.0,100.0,True,,synthetic_normal_distributed_training,sim_user,normal_distributed_training,gpu:2,normal_distributed_training
117.0,2026-01-01 00:01:57+00:00,,syn-normal-ddp-101,syn-normal-ddp-101,,,,,0,10.0,204.14236694488872,98.62431610382335,54.86028980574237,2520.0,55.48897370652923,4362.263935108623,100.0,100.0,True,,synthetic_normal_distributed_training,sim_user,normal_distributed_training,gpu:2,normal_distributed_training
117.1,2026-01-01 00:01:57.100000+00:00,,syn-normal-ddp-101,syn-normal-ddp-101,,,,,0,10.0,204.6746889951016,89.53082822624127,54.55630860092489,2455.8612417055215,52.77106016631234,4317.685555404831,100.0,100.0,True,,synthetic_normal_distributed_training,sim_user,normal_distributed_training,gpu:2,normal_distributed_training
117.2,2026-01-01 00:01:57.200000+00:00,,syn-normal-ddp-101,syn-normal-ddp-101,,,,,0,10.0,145.24134819963913,37.523819307452314,22.404940725269093,1143.0927226040212,38.056925810554816,2090.873893585824,100.0,100.0,True,,synthetic_normal_distributed_training,sim_user,normal_distributed_training,gpu:2,normal_distributed_training
117.3,2026-01-01 00:01:57.300000+00:00,,syn-normal-ddp-101,syn-normal-ddp-101,,,,,0,10.0,144.69345294763752,49.76694476342102,35.05603617682152,1475.3853803493764,41.83454618069447,2799.2610064740197,100.0,100.0,True,,synthetic_normal_distributed_training,sim_user,normal_distributed_training,gpu:2,normal_distributed_training
117.4,2026-01-01 00:01:57.400000+00:00,,syn-normal-ddp-101,syn-normal-ddp-101,,,,,0,10.0,150.53365518011333,48.25685947212508,29.313136429712213,1445.053972327673,41.57766674395673,2479.5645206919207,100.0,100.0,True,,synthetic_normal_distributed_training,sim_user,normal_distributed_training,gpu:2,normal_distributed_training
117.5,2026-01-01 00:01:57.500000+00:00,,syn-normal-ddp-101,syn-normal-ddp-101,,,,,0,10.0,148.98622264238134,40.595152329792526,14.406509425207524,1219.437407181402,39.636770637832484,1310.4084758290462,100.0,100.0,True,,synthetic_normal_distributed_training,sim_user,normal_distributed_training,gpu:2,normal_distributed_training
117.6,2026-01-01 00:01:57.600000+00:00,,syn-normal-ddp-101,syn-normal-ddp-101,,,,,0,10.0,149.83011645869144,41.51294566631785,27.34205336019101,1219.8393333452536,39.81296241909912,2295.4954891922716,100.0,100.0,True,,synthetic_normal_distributed_training,sim_user,normal_distributed_training,gpu:2,normal_distributed_training
117.7,2026-01-01 00:01:57.700000+00:00,,syn-normal-ddp-101,syn-normal-ddp-101,,,,,0,10.0,145.37950945416716,43.89513198003666,20.843741302316257,1244.4601589450228,40.59622790489913,1919.1520868512318,100.0,100.0,True,,synthetic_normal_distributed_training,sim_user,normal_distributed_training,gpu:2,normal_distributed_training
117.8,2026-01-01 00:01:57.800000+00:00,,syn-normal-ddp-101,syn-normal-ddp-101,,,,,0,10.0,142.21630114592065,40.48664094081844,22.31483589395954,1285.161665294749,39.51166938660479,2126.994244435566,100.0,100.0,True,,synthetic_normal_distributed_training,sim_user,normal_distributed_training,gpu:2,normal_distributed_training
117.9,2026-01-01 00:01:57.900000+00:00,,syn-normal-ddp-101,syn-normal-ddp-101,,,,,0,10.0,141.69819208823705,48.9349178989775,25.73748908591122,1438.640628852049,41.885739886468315,2336.504206958979,100.0,100.0,True,,synthetic_normal_distributed_training,sim_user,normal_distributed_training,gpu:2,normal_distributed_training
118.0,2026-01-01 00:01:58+00:00,,syn-normal-ddp-101,syn-normal-ddp-101,,,,,0,10.0,140.14766572126902,36.9927344050974,20.673968734203054,1133.2353294807872,38.8347968850852,1995.7589038206995,100.0,100.0,True,,synthetic_normal_distributed_training,sim_user,normal_distributed_training,gpu:2,normal_distributed_training
118.1,2026-01-01 00:01:58.100000+00:00,,syn-normal-ddp-101,syn-normal-ddp-101,,,,,0,10.0,139.33819252589058,42.69867740650853,30.528643536447056,1311.983155078583,40.62751811558987,2635.9800495690956,100.0,100.0,True,,synthetic_normal_distributed_training,sim_user,normal_distributed_training,gpu:2,normal_distributed_training
118.2,2026-01-01 00:01:58.200000+00:00,,syn-normal-ddp-101,syn-normal-ddp-101,,,,,0,10.0,138.14885181656996,41.3157915478474,28.081972796388868,1303.4183532941897,39.7988540999983,2473.340657380055,100.0,100.0,True,,synthetic_normal_distributed_training,sim_user,normal_distributed_training,gpu:2,normal_distributed_training
118.3,2026-01-01 00:01:58.300000+00:00,,syn-normal-ddp-101,syn-normal-ddp-101,,,,,0,10.0,135.88791574317756,33.199529199059,13.421212510721698,1009.5812194785444,37.22334473044218,1343.1486548404464,100.0,100.0,True,,synthetic_normal_distributed_training,sim_user,normal_distributed_training,gpu:2,normal_distributed_training
118.4,2026-01-01 00:01:58.400000+00:00,,syn-normal-ddp-101,syn-normal-ddp-101,,,,,0,10.0,137.71453995658334,41.13824702836207,24.994157532721214,1295.2197404043632,39.11502592682889,2303.171691681869,100.0,100.0,True,,synthetic_normal_distributed_training,sim_user,normal_distributed_training,gpu:2,normal_distributed_training
118.5,2026-01-01 00:01:58.500000+00:00,,syn-normal-ddp-101,syn-normal-ddp-101,,,,,0,10.0,133.1421669664206,34.86701067987336,17.05185797988272,1128.0086462564138,37.60309730551634,1753.9558284037546,100.0,100.0,True,,synthetic_normal_distributed_training,sim_user,normal_distributed_training,gpu:2,normal_distributed_training
118.6,2026-01-01 00:01:58.600000+00:00,,syn-normal-ddp-101,syn-normal-ddp-101,,,,,0,10.0,135.95479705319414,36.93261129771665,26.13924562124029,1173.0689097059274,37.90216222942896,2255.642835640639,100.0,100.0,True,,synthetic_normal_distributed_training,sim_user,normal_distributed_training,gpu:2,normal_distributed_training
118.7,2026-01-01 00:01:58.700000+00:00,,syn-normal-ddp-101,syn-normal-ddp-101,,,,,0,10.0,138.9582908707027,40.01774978785232,29.14713913982368,1201.5974425601894,39.006673654735735,2448.978225793981,100.0,100.0,True,,synthetic_normal_distributed_training,sim_user,normal_distributed_training,gpu:2,normal_distributed_training
118.8,2026-01-01 00:01:58.800000+00:00,,syn-normal-ddp-101,syn-normal-ddp-101,,,,,0,10.0,138.88887048468345,44.80321838889861,23.98822458251942,1329.7726318841235,40.17658165020121,2100.876263514276,100.0,100.0,True,,synthetic_normal_distributed_training,sim_user,normal_distributed_training,gpu:2,normal_distributed_training
118.9,2026-01-01 00:01:58.900000+00:00,,syn-normal-ddp-101,syn-normal-ddp-101,,,,,0,10.0,140.06414756713838,43.02544299983586,28.602823440942622,1306.970409823012,39.61169743612176,2343.984459222756,100.0,100.0,True,,synthetic_normal_distributed_training,sim_user,normal_distributed_training,gpu:2,normal_distributed_training
119.0,2026-01-01 00:01:59+00:00,,syn-normal-ddp-101,syn-normal-ddp-101,,,,,0,10.0,143.32286309986918,53.26372437565354,34.687584393136206,1552.8149028719308,42.18674256460997,2958.6981294289494,100.0,100.0,True,,synthetic_normal_distributed_training,sim_user,normal_distributed_training,gpu:2,normal_distributed_training
119.1,2026-01-01 00:01:59.100000+00:00,,syn-normal-ddp-101,syn-normal-ddp-101,,,,,0,10.0,144.63827531940203,43.628450637894225,28.210535913312093,1304.3030783817983,40.204137206785035,2388.531366482732,100.0,100.0,True,,synthetic_normal_distributed_training,sim_user,normal_distributed_training,gpu:2,normal_distributed_training
119.2,2026-01-01 00:01:59.200000+00:00,,syn-normal-ddp-101,syn-normal-ddp-101,,,,,0,10.0,147.6315176365106,42.80054727081843,29.269413085014712,1313.29381438992,40.07201976710731,2384.1977852008567,100.0,100.0,True,,synthetic_normal_distributed_training,sim_user,normal_distributed_training,gpu:2,normal_distributed_training
119.3,2026-01-01 00:01:59.300000+00:00,,syn-normal-ddp-101,syn-normal-ddp-101,,,,,0,10.0,147.12466935945392,49.5596697547195,28.110575875282034,1471.017764321274,41.98714524348066,2333.365042125154,100.0,100.0,True,,synthetic_normal_distributed_training,sim_user,normal_distributed_training,gpu:2,normal_distributed_training
119.4,2026-01-01 00:01:59.400000+00:00,,syn-normal-ddp-101,syn-normal-ddp-101,,,,,0,10.0,148.54422865908083,37.63316960341945,23.53195499911472,1129.788440225074,38.51664763556227,2178.334447224845,100.0,100.0,True,,synthetic_normal_distributed_training,sim_user,normal_distributed_training,gpu:2,normal_distributed_training
119.5,2026-01-01 00:01:59.500000+00:00,,syn-normal-ddp-101,syn-normal-ddp-101,,,,,0,10.0,148.03902511095532,55.59354786052667,31.83973435536784,1550.569373848311,43.8492010155319,2864.258092911233,100.0,100.0,True,,synthetic_normal_distributed_training,sim_user,normal_distributed_training,gpu:2,normal_distributed_training
119.6,2026-01-01 00:01:59.600000+00:00,,syn-normal-ddp-101,syn-normal-ddp-101,,,,,0,10.0,148.5233415204874,58.48856032850596,33.93876791976494,1671.061155669769,44.43616328358299,2695.52759672133,100.0,100.0,True,,synthetic_normal_distributed_training,sim_user,normal_distributed_training,gpu:2,normal_distributed_training
119.7,2026-01-01 00:01:59.700000+00:00,,syn-normal-ddp-101,syn-normal-ddp-101,,,,,0,10.0,146.96273469192636,53.57307006143253,30.871628315822512,1549.729653303921,43.118727598278475,2448.1365524531516,100.0,100.0,True,,synthetic_normal_distributed_training,sim_user,normal_distributed_training,gpu:2,normal_distributed_training
119.8,2026-01-01 00:01:59.800000+00:00,,syn-normal-ddp-101,syn-normal-ddp-101,,,,,0,10.0,147.74454525188,49.860366518885535,20.44202357754047,1419.9684777376779,41.98974002386305,1687.640741748923,100.0,100.0,True,,synthetic_normal_distributed_training,sim_user,normal_distributed_training,gpu:2,normal_distributed_training
119.9,2026-01-01 00:01:59.900000+00:00,,syn-normal-ddp-101,syn-normal-ddp-101,,,,,0,10.0,150.37023217305668,48.030884140075756,27.076159091664845,1380.1283425782085,41.89367176597882,2387.211497466792,100.0,100.0,True,,synthetic_normal_distributed_training,sim_user,normal_distributed_training,gpu:2,normal_distributed_training
