timestamp,collection_timestamp,raw_timestamp,session_id,attack_id,waveform_kind,waveform_frequency_hz,waveform_amplitude_frac,waveform_duty_cycle,gpu_id,sample_hz,power_w,util_gpu_pct,mem_copy_util_pct,sm_clock_mhz,temp_c,fb_used_mb,requested_interval_ms,actual_interval_ms,value_changed,pid,process_name,id_user,job_type,gres_req,label
0.0,2026-01-01 00:00:00+00:00,,syn-normal-dataloader-104,syn-normal-dataloader-104,,,,,0,10.0,176.47175000837845,90.2939462585388,55.80503485247305,2470.9088617422926,53.83012385897041,4571.081494533578,100.0,100.0,True,,synthetic_normal_dataloader_stall,sim_user,normal_dataloader_stall,gpu:1,normal_dataloader_stall
0.1,2026-01-01 00:00:00.100000+00:00,,syn-normal-dataloader-104,syn-normal-dataloader-104,,,,,0,10.0,174.95768235019537,89.40424755617491,52.637202550737186,2476.3944561629874,53.3009808962018,4069.1044846107034,100.0,100.0,True,,synthetic_normal_dataloader_stall,sim_user,normal_dataloader_stall,gpu:1,normal_dataloader_stall
0.2,2026-01-01 00:00:00.200000+00:00,,syn-normal-dataloader-104,syn-normal-dataloader-104,,,,,0,10.0,179.82528673654355,89.88692160022357,45.23768418536674,2381.242682502559,53.49169053331904,3825.075894711406,100.0,100.0,True,,synthetic_normal_dataloader_stall,sim_user,normal_dataloader_stall,gpu:1,normal_dataloader_stall
0.3,2026-01-01 00:00:00.300000+00:00,,syn-normal-dataloader-104,syn-normal-dataloader-104,,,,,0,10.0,180.84111715731058,91.70655757595833,56.28881167838352,2492.059991459795,53.92355935657317,4529.090422160465,100.0,100.0,True,,synthetic_normal_dataloader_stall,sim_user,normal_dataloader_stall,gpu:1,normal_dataloader_stall
0.4,2026-01-01 00:00:00.400000+00:00,,syn-normal-dataloader-104,syn-normal-dataloader-104,,,,,0,10.0,179.99503786032534,91.23223066524808,57.445992230543,2520.0,53.688069827353694,4667.956644422307,100.0,100.0,True,,synthetic_normal_dataloader_stall,sim_user,normal_dataloader_stall,gpu:1,normal_dataloader_stall
0.5,2026-01-01 00:00:00.500000+00:00,,syn-normal-dataloader-104,syn-normal-dataloader-104,,,,,0,10.0,178.61916371821397,90.5409989380941,48.77707701243177,2472.8601435825026,53.545086601037355,3900.889244004092,100.0,100.0,True,,synthetic_normal_dataloader_stall,sim_user,normal_dataloader_stall,gpu:1,normal_dataloader_stall
0.6,2026-01-01 00:00:00.600000+00:00,,syn-normal-dataloader-104,syn-normal-dataloader-104,,,,,0,10.0,181.55490674973652,96.50928972353495,53.694465747271195,2520.0,55.39702131260031,4169.108773394555,100.0,100.0,True,,synthetic_normal_dataloader_stall,sim_user,normal_dataloader_stall,gpu:1,normal_dataloader_stall
0.7,2026-01-01 00:00:00.700000+00:00,,syn-normal-dataloader-104,syn-normal-dataloader-104,,,,,0,10.0,173.76813519049895,87.0201607390857,46.181345452466005,2342.93151674826,52.577353511896455,3754.0404499875413,100.0,100.0,True,,synthetic_normal_dataloader_stall,sim_user,normal_dataloader_stall,gpu:1,normal_dataloader_stall
0.8,2026-01-01 00:00:00.800000+00:00,,syn-normal-dataloader-104,syn-normal-dataloader-104,,,,,0,10.0,174.35495912610924,87.34751599926489,44.981561364253636,2358.6639913646313,52.636080370884,3613.100400931932,100.0,100.0,True,,synthetic_normal_dataloader_stall,sim_user,normal_dataloader_stall,gpu:1,normal_dataloader_stall
0.9,2026-01-01 00:00:00.900000+00:00,,syn-normal-dataloader-104,syn-normal-dataloader-104,,,,,0,10.0,177.87218545458143,89.07292070174377,49.53283702752231,2460.172034589614,52.63188411452993,3881.9721383262895,100.0,100.0,True,,synthetic_normal_dataloader_stall,sim_user,normal_dataloader_stall,gpu:1,normal_dataloader_stall
1.0,2026-01-01 00:00:01+00:00,,syn-normal-dataloader-104,syn-normal-dataloader-104,,,,,0,10.0,181.53066098737867,94.20165002281283,54.0282015141737,2520.0,54.04264306816124,4319.372884973948,100.0,100.0,True,,synthetic_normal_dataloader_stall,sim_user,normal_dataloader_stall,gpu:1,normal_dataloader_stall
1.1,2026-01-01 00:00:01.100000+00:00,,syn-normal-dataloader-104,syn-normal-dataloader-104,,,,,0,10.0,175.4990314946223,87.77487428794826,50.09823316310298,2449.685820210628,52.16500221365725,4053.9338052114667,100.0,100.0,True,,synthetic_normal_dataloader_stall,sim_user,normal_dataloader_stall,gpu:1,normal_dataloader_stall
1.2,2026-01-01 00:00:01.200000+00:00,,syn-normal-dataloader-104,syn-normal-dataloader-104,,,,,0,10.0,182.18241656339694,92.33449184019982,55.77517141165123,2520.0,53.46662347841984,4353.96792700083,100.0,100.0,True,,synthetic_normal_dataloader_stall,sim_user,normal_dataloader_stall,gpu:1,normal_dataloader_stall
1.3,2026-01-01 00:00:01.300000+00:00,,syn-normal-dataloader-104,syn-normal-dataloader-104,,,,,0,10.0,183.27953418170765,94.91401662386929,54.96824675318382,2520.0,54.42615593353715,4260.50088573262,100.0,100.0,True,,synthetic_normal_dataloader_stall,sim_user,normal_dataloader_stall,gpu:1,normal_dataloader_stall
1.4,2026-01-01 00:00:01.400000+00:00,,syn-normal-dataloader-104,syn-normal-dataloader-104,,,,,0,10.0,183.49032776428731,94.7990254479779,53.46482416086357,2520.0,54.68714707937295,4374.135374342696,100.0,100.0,True,,synthetic_normal_dataloader_stall,sim_user,normal_dataloader_stall,gpu:1,normal_dataloader_stall
1.5,2026-01-01 00:00:01.500000+00:00,,syn-normal-dataloader-104,syn-normal-dataloader-104,,,,,0,10.0,182.1990949645657,90.57165798864493,55.71693803214597,2484.799533397799,53.43734292658258,4501.497782856535,100.0,100.0,True,,synthetic_normal_dataloader_stall,sim_user,normal_dataloader_stall,gpu:1,normal_dataloader_stall
1.6,2026-01-01 00:00:01.600000+00:00,,syn-normal-dataloader-104,syn-normal-dataloader-104,,,,,0,10.0,190.27003664998014,100.0,51.85466183878334,2520.0,56.19095868960076,4103.074426001114,100.0,100.0,True,,synthetic_normal_dataloader_stall,sim_user,normal_dataloader_stall,gpu:1,normal_dataloader_stall
1.7,2026-01-01 00:00:01.700000+00:00,,syn-normal-dataloader-104,syn-normal-dataloader-104,,,,,0,10.0,183.78266589813666,94.002194088156,52.0904144493414,2473.2940676523494,54.571713525905494,3963.905001089155,100.0,100.0,True,,synthetic_normal_dataloader_stall,sim_user,normal_dataloader_stall,gpu:1,normal_dataloader_stall
1.8,2026-01-01 00:00:01.800000+00:00,,syn-normal-dataloader-104,syn-normal-dataloader-104,,,,,0,10.0,181.08387208808375,93.76988489503984,53.77272416163639,2520.0,54.85915999052171,4380.443693185409,100.0,100.0,True,,synthetic_normal_dataloader_stall,sim_user,normal_dataloader_stall,gpu:1,normal_dataloader_stall
1.9,2026-01-01 00:00:01.900000+00:00,,syn-normal-dataloader-104,syn-normal-dataloader-104,,,,,0,10.0,179.47081954231774,91.58642796071572,54.40398219305812,2520.0,54.35721552469075,4286.233213541012,100.0,100.0,True,,synthetic_normal_dataloader_stall,sim_user,normal_dataloader_stall,gpu:1,normal_dataloader_stall
2.0,2026-01-01 00:00:02+00:00,,syn-normal-dataloader-104,syn-normal-dataloader-104,,,,,0,10.0,182.65058642111578,96.2164490899208,48.971521615014794,2520.0,56.017121413546036,3933.7818760534587,100.0,100.0,True,,synthetic_normal_dataloader_stall,sim_user,normal_dataloader_stall,gpu:1,normal_dataloader_stall
2.1,2026-01-01 00:00:02.100000+00:00,,syn-normal-dataloader-104,syn-normal-dataloader-104,,,,,0,10.0,177.47714990177636,89.06292856343175,54.33028531544192,2400.142234145192,53.85218435565296,4263.01202438631,100.0,100.0,True,,synthetic_normal_dataloader_stall,sim_user,normal_dataloader_stall,gpu:1,normal_dataloader_stall
2.2,2026-01-01 00:00:02.200000+00:00,,syn-normal-dataloader-104,syn-normal-dataloader-104,,,,,0,10.0,181.25536352440173,90.72429789109964,44.99217627987025,2520.0,54.20521886397847,3738.9867404033134,100.0,100.0,True,,synthetic_normal_dataloader_stall,sim_user,normal_dataloader_stall,gpu:1,normal_dataloader_stall
2.3,2026-01-01 00:00:02.300000+00:00,,syn-normal-dataloader-104,syn-normal-dataloader-104,,,,,0,10.0,187.84137395352604,96.64826591219419,50.73631542738733,2520.0,55.81592236939838,4035.226182446925,100.0,100.0,True,,synthetic_normal_dataloader_stall,sim_user,normal_dataloader_stall,gpu:1,normal_dataloader_stall
2.4,2026-01-01 00:00:02.400000+00:00,,syn-normal-dataloader-104,syn-normal-dataloader-104,,,,,0,10.0,182.39030354463983,95.41443457107798,58.0512787068399,2520.0,55.313849678485695,4493.947545280949,100.0,100.0,True,,synthetic_normal_dataloader_stall,sim_user,normal_dataloader_stall,gpu:1,normal_dataloader_stall
2.5,2026-01-01 00:00:02.500000+00:00,,syn-normal-dataloader-104,syn-normal-dataloader-104,,,,,0,10.0,182.40637836344584,92.62460762341247,43.35106531189072,2497.045272867861,54.40681242432402,3444.579404517605,100.0,100.0,True,,synthetic_normal_dataloader_stall,sim_user,normal_dataloader_stall,gpu:1,normal_dataloader_stall
2.6,2026-01-01 00:00:02.600000+00:00,,syn-normal-dataloader-104,syn-normal-dataloader-104,,,,,0,10.0,185.90632782051077,96.51356861498964,52.343908418041764,2520.0,55.100739354637064,4078.1159430060425,100.0,100.0,True,,synthetic_normal_dataloader_stall,sim_user,normal_dataloader_stall,gpu:1,normal_dataloader_stall
2.7,2026-01-01 00:00:02.700000+00:00,,syn-normal-dataloader-104,syn-normal-dataloader-104,,,,,0,10.0,181.75401639450445,95.40672851121815,59.01226828222873,2520.0,54.56194668864176,4591.334521841536,100.0,100.0,True,,synthetic_normal_dataloader_stall,sim_user,normal_dataloader_stall,gpu:1,normal_dataloader_stall
2.8,2026-01-01 00:00:02.800000+00:00,,syn-normal-dataloader-104,syn-normal-dataloader-104,,,,,0,10.0,176.92829401536602,86.6290808095362,51.65705650142478,2389.0204893648215,51.91734434151428,4187.231809982911,100.0,100.0,True,,synthetic_normal_dataloader_stall,sim_user,normal_dataloader_stall,gpu:1,normal_dataloader_stall
2.9,2026-01-01 00:00:02.900000+00:00,,syn-normal-dataloader-104,syn-normal-dataloader-104,,,,,0,10.0,179.7844533157945,93.90049319832339,52.642110691622364,2513.216150690908,53.72889653815208,4071.2563149303505,100.0,100.0,True,,synthetic_normal_dataloader_stall,sim_user,normal_dataloader_stall,gpu:1,normal_dataloader_stall
3.0,2026-01-01 00:00:03+00:00,,syn-normal-dataloader-104,syn-normal-dataloader-104,,,,,0,10.0,178.13710754949668,92.45999794909761,50.71593263037723,2509.7845538765723,53.706068373843266,4022.2912757831987,100.0,100.0,True,,synthetic_normal_dataloader_stall,sim_user,normal_dataloader_stall,gpu:1,normal_dataloader_stall
3.1,2026-01-01 00:00:03.100000+00:00,,syn-normal-dataloader-104,syn-normal-dataloader-104,,,,,0,10.0,172.85907121983334,86.11153658504443,49.74193665312978,2402.441551560463,51.92978914916175,3976.765082761873,100.0,100.0,True,,synthetic_normal_dataloader_stall,sim_user,normal_dataloader_stall,gpu:1,normal_dataloader_stall
3.2,2026-01-01 00:00:03.200000+00:00,,syn-normal-dataloader-104,syn-normal-dataloader-104,,,,,0,10.0,176.28045997067312,88.98705501266467,42.610018810033864,2405.1629695277297,52.547619558069066,3577.0058739769966,100.0,100.0,True,,synthetic_normal_dataloader_stall,sim_user,normal_dataloader_stall,gpu:1,normal_dataloader_stall
3.3,2026-01-01 00:00:03.300000+00:00,,syn-normal-dataloader-104,syn-normal-dataloader-104,,,,,0,10.0,180.63283130243144,90.70067616443441,56.44947159143278,2503.52777026231,53.300680439184454,4477.3483935180075,100.0,100.0,True,,synthetic_normal_dataloader_stall,sim_user,normal_dataloader_stall,gpu:1,normal_dataloader_stall
3.4,2026-01-01 00:00:03.400000+00:00,,syn-normal-dataloader-104,syn-normal-dataloader-104,,,,,0,10.0,176.79016357708977,91.05033254571804,48.68555824635713,2481.726946282238,53.444927934240575,3905.370451754372,100.0,100.0,True,,synthetic_normal_dataloader_stall,sim_user,normal_dataloader_stall,gpu:1,normal_dataloader_stall
3.5,2026-01-01 00:00:03.500000+00:00,,syn-normal-dataloader-104,syn-normal-dataloader-104,,,,,0,10.0,175.61623315944058,87.46636769042534,45.79685679595157,2351.2333188298785,52.50517314190316,3905.433938584337,100.0,100.0,True,,synthetic_normal_dataloader_stall,sim_user,normal_dataloader_stall,gpu:1,normal_dataloader_stall
3.6,2026-01-01 00:00:03.600000+00:00,,syn-normal-dataloader-104,syn-normal-dataloader-104,,,,,0,10.0,177.2695929454984,90.97301628188306,54.755082636331444,2503.1722397989315,53.62509726695129,4270.3434242015965,100.0,100.0,True,,synthetic_normal_dataloader_stall,sim_user,normal_dataloader_stall,gpu:1,normal_dataloader_stall
3.7,2026-01-01 00:00:03.700000+00:00,,syn-normal-dataloader-104,syn-normal-dataloader-104,,,,,0,10.0,173.8494788466305,90.46629221406594,53.05645570077697,2408.677556670372,53.482511899577915,4147.2857708568545,100.0,100.0,True,,synthetic_normal_dataloader_stall,sim_user,normal_dataloader_stall,gpu:1,normal_dataloader_stall
3.8,2026-01-01 00:00:03.800000+00:00,,syn-normal-dataloader-104,syn-normal-dataloader-104,,,,,0,10.0,171.0081629271899,82.50759673732038,47.11186291873271,2250.8226358062198,51.49507234531498,3609.746949237411,100.0,100.0,True,,synthetic_normal_dataloader_stall,sim_user,normal_dataloader_stall,gpu:1,normal_dataloader_stall
3.9,2026-01-01 00:00:03.900000+00:00,,syn-normal-dataloader-104,syn-normal-dataloader-104,,,,,0,10.0,175.89084529695702,89.74152978680691,51.58586974042754,2394.5806138427047,53.33203537829246,4238.64512174159,100.0,100.0,True,,synthetic_normal_dataloader_stall,sim_user,normal_dataloader_stall,gpu:1,normal_dataloader_stall
4.0,2026-01-01 00:00:04+00:00,,syn-normal-dataloader-104,syn-normal-dataloader-104,,,,,0,10.0,169.9294756543206,85.24134039886184,47.64780829664481,2370.4396509572643,51.9450357597915,3756.016383781855,100.0,100.0,True,,synthetic_normal_dataloader_stall,sim_user,normal_dataloader_stall,gpu:1,normal_dataloader_stall
4.1,2026-01-01 00:00:04.100000+00:00,,syn-normal-dataloader-104,syn-normal-dataloader-104,,,,,0,10.0,168.3292084693243,83.46200720368,40.60611795708473,2301.632664113464,51.455148782985674,3154.6858860896737,100.0,100.0,True,,synthetic_normal_dataloader_stall,sim_user,normal_dataloader_stall,gpu:1,normal_dataloader_stall
4.2,2026-01-01 00:00:04.200000+00:00,,syn-normal-dataloader-104,syn-normal-dataloader-104,,,,,0,10.0,169.72888404828595,86.16116119624176,40.02010464998806,2345.4239427443185,52.16763340787636,3058.085339317059,100.0,100.0,True,,synthetic_normal_dataloader_stall,sim_user,normal_dataloader_stall,gpu:1,normal_dataloader_stall
4.3,2026-01-01 00:00:04.300000+00:00,,syn-normal-dataloader-104,syn-normal-dataloader-104,,,,,0,10.0,166.11989723754394,82.90264105349013,49.81180807198082,2335.72559453647,51.01310842239191,4025.744446309002,100.0,100.0,True,,synthetic_normal_dataloader_stall,sim_user,normal_dataloader_stall,gpu:1,normal_dataloader_stall
4.4,2026-01-01 00:00:04.400000+00:00,,syn-normal-dataloader-104,syn-normal-dataloader-104,,,,,0,10.0,162.44164727466057,77.89828688388464,46.00568487187608,2120.7622464088054,49.736919813763656,3588.6883336740193,100.0,100.0,True,,synthetic_normal_dataloader_stall,sim_user,normal_dataloader_stall,gpu:1,normal_dataloader_stall
4.5,2026-01-01 00:00:04.500000+00:00,,syn-normal-dataloader-104,syn-normal-dataloader-104,,,,,0,10.0,174.50838745474175,86.8535728858006,48.151411440916604,2393.543577011582,52.10992677377803,3817.317500406286,100.0,100.0,True,,synthetic_normal_dataloader_stall,sim_user,normal_dataloader_stall,gpu:1,normal_dataloader_stall
4.6,2026-01-01 00:00:04.600000+00:00,,syn-normal-dataloader-104,syn-normal-dataloader-104,,,,,0,10.0,180.65959335788082,91.60951392151892,57.16614553798608,2490.289098835001,53.37864748722365,4458.645941311877,100.0,100.0,True,,synthetic_normal_dataloader_stall,sim_user,normal_dataloader_stall,gpu:1,normal_dataloader_stall
4.7,2026-01-01 00:00:04.700000+00:00,,syn-normal-dataloader-104,syn-normal-dataloader-104,,,,,0,10.0,184.62854248538048,92.4728169088706,49.168059281705034,2520.0,53.40387962514252,4034.3873578266152,100.0,100.0,True,,synthetic_normal_dataloader_stall,sim_user,normal_dataloader_stall,gpu:1,normal_dataloader_stall
4.8,2026-01-01 00:00:04.800000+00:00,,syn-normal-dataloader-104,syn-normal-dataloader-104,,,,,0,10.0,187.20509420725728,92.78722046465624,48.932827311805006,2520.0,53.274314890946535,3808.141088914082,100.0,100.0,True,,synthetic_normal_dataloader_stall,sim_user,normal_dataloader_stall,gpu:1,normal_dataloader_stall
4.9,2026-01-01 00:00:04.900000+00:00,,syn-normal-dataloader-104,syn-normal-dataloader-104,,,,,0,10.0,41.32474809842712,15.07844693688017,11.858870712254335,609.7285147449296,31.5860796569519,1444.7277519926995,100.0,100.0,True,,synthetic_normal_dataloader_stall,sim_user,normal_dataloader_stall,gpu:1,normal_dataloader_stall
5.0,2026-01-01 00:00:05+00:00,,syn-normal-dataloader-104,syn-normal-dataloader-104,,,,,0,10.0,51.240018569697924,18.831239176481173,7.267440385861157,637.5435952617893,32.76595270961847,913.1508094472788,100.0,100.0,True,,synthetic_normal_dataloader_stall,sim_user,normal_dataloader_stall,gpu:1,normal_dataloader_stall
5.1,2026-01-01 00:00:05.100000+00:00,,syn-normal-dataloader-104,syn-normal-dataloader-104,,,,,0,10.0,39.59295296789389,11.718744800612434,3.135091070908369,502.3378033668724,30.640407121012522,641.7765472835129,100.0,100.0,True,,synthetic_normal_dataloader_stall,sim_user,normal_dataloader_stall,gpu:1,normal_dataloader_stall
5.2,2026-01-01 00:00:05.200000+00:00,,syn-normal-dataloader-104,syn-normal-dataloader-104,,,,,0,10.0,39.20711750350018,9.105840249100504,5.141201537478012,424.9115782710094,30.180999091341686,712.2441836528842,100.0,100.0,True,,synthetic_normal_dataloader_stall,sim_user,normal_dataloader_stall,gpu:1,normal_dataloader_stall
5.3,2026-01-01 00:00:05.300000+00:00,,syn-normal-dataloader-104,syn-normal-dataloader-104,,,,,0,10.0,45.23273145082729,8.254587380418938,2.2032302911705877,382.303731912942,29.87488831969491,767.85896021702,100.0,100.0,True,,synthetic_normal_dataloader_stall,sim_user,normal_dataloader_stall,gpu:1,normal_dataloader_stall
5.4,2026-01-01 00:00:05.400000+00:00,,syn-normal-dataloader-104,syn-normal-dataloader-104,,,,,0,10.0,40.9106126558953,9.304098923165782,6.631447395359707,446.481534774385,30.07747049627371,964.8035018740705,100.0,100.0,True,,synthetic_normal_dataloader_stall,sim_user,normal_dataloader_stall,gpu:1,normal_dataloader_stall
5.5,2026-01-01 00:00:05.500000+00:00,,syn-normal-dataloader-104,syn-normal-dataloader-104,,,,,0,10.0,47.64983772833242,14.892474787553963,12.487508197380409,599.3567038595464,31.9204504060088,1430.269094262847,100.0,100.0,True,,synthetic_normal_dataloader_stall,sim_user,normal_dataloader_stall,gpu:1,normal_dataloader_stall
5.6,2026-01-01 00:00:05.600000+00:00,,syn-normal-dataloader-104,syn-normal-dataloader-104,,,,,0,10.0,52.51913236239503,15.758476145118221,6.4187513344675535,572.9647489031379,32.20393263196014,768.8548475737061,100.0,100.0,True,,synthetic_normal_dataloader_stall,sim_user,normal_dataloader_stall,gpu:1,normal_dataloader_stall
5.7,2026-01-01 00:00:05.700000+00:00,,syn-normal-dataloader-104,syn-normal-dataloader-104,,,,,0,10.0,41.06528154564193,8.782676818684612,6.084789171610533,451.5959277306758,30.202447229482676,1010.384007574438,100.0,100.0,True,,synthetic_normal_dataloader_stall,sim_user,normal_dataloader_stall,gpu:1,normal_dataloader_stall
5.8,2026-01-01 00:00:05.800000+00:00,,syn-normal-dataloader-104,syn-normal-dataloader-104,,,,,0,10.0,47.195054612334495,14.246075227076759,11.789592675293346,520.0998183691091,31.56868594524591,1140.6076266273049,100.0,100.0,True,,synthetic_normal_dataloader_stall,sim_user,normal_dataloader_stall,gpu:1,normal_dataloader_stall
5.9,2026-01-01 00:00:05.900000+00:00,,syn-normal-dataloader-104,syn-normal-dataloader-104,,,,,0,10.0,51.91993977570197,20.593994751243486,10.556059978875743,723.8059019183929,32.980322241413006,1057.1425007263242,100.0,100.0,True,,synthetic_normal_dataloader_stall,sim_user,normal_dataloader_stall,gpu:1,normal_dataloader_stall
6.0,2026-01-01 00:00:06+00:00,,syn-normal-dataloader-104,syn-normal-dataloader-104,,,,,0,10.0,43.651385014960695,12.127316047597592,8.181804315946335,523.3876134095727,30.703788039385838,995.9047743287912,100.0,100.0,True,,synthetic_normal_dataloader_stall,sim_user,normal_dataloader_stall,gpu:1,normal_dataloader_stall
6.1,2026-01-01 00:00:06.100000+00:00,,syn-normal-dataloader-104,syn-normal-dataloader-104,,,,,0,10.0,47.645615857093404,14.1156335816094,13.08307415018347,592.2305601834066,31.089539944014877,1432.8439777525973,100.0,100.0,True,,synthetic_normal_dataloader_stall,sim_user,normal_dataloader_stall,gpu:1,normal_dataloader_stall
6.2,2026-01-01 00:00:06.200000+00:00,,syn-normal-dataloader-104,syn-normal-dataloader-104,,,,,0,10.0,54.309082440522026,16.320274601405227,6.493797664006241,611.7229758613454,31.301134161250555,1048.3381993352323,100.0,100.0,True,,synthetic_normal_dataloader_stall,sim_user,normal_dataloader_stall,gpu:1,normal_dataloader_stall
6.3,2026-01-01 00:00:06.300000+00:00,,syn-normal-dataloader-104,syn-normal-dataloader-104,,,,,0,10.0,40.65588160815839,12.866864135684501,10.205731227448148,520.2932729854631,30.54263946464201,988.2299832482115,100.0,100.0,True,,synthetic_normal_dataloader_stall,sim_user,normal_dataloader_stall,gpu:1,normal_dataloader_stall
6.4,2026-01-01 00:00:06.400000+00:00,,syn-normal-dataloader-104,syn-normal-dataloader-104,,,,,0,10.0,50.475672917437926,16.275232336607175,19.534402857703196,597.3109020284339,31.24070862268526,1772.2441664352564,100.0,100.0,True,,synthetic_normal_dataloader_stall,sim_user,normal_dataloader_stall,gpu:1,normal_dataloader_stall
6.5,2026-01-01 00:00:06.500000+00:00,,syn-normal-dataloader-104,syn-normal-dataloader-104,,,,,0,10.0,63.520293876996185,23.17729258803831,12.342466689001945,775.0798001372128,33.2003471748151,1415.8369051586367,100.0,100.0,True,,synthetic_normal_dataloader_stall,sim_user,normal_dataloader_stall,gpu:1,normal_dataloader_stall
6.6,2026-01-01 00:00:06.600000+00:00,,syn-normal-dataloader-104,syn-normal-dataloader-104,,,,,0,10.0,44.291172589766525,11.426491774066612,0.6808676995646499,492.17043227665346,30.219651898849953,666.078942074083,100.0,100.0,True,,synthetic_normal_dataloader_stall,sim_user,normal_dataloader_stall,gpu:1,normal_dataloader_stall
6.7,2026-01-01 00:00:06.700000+00:00,,syn-normal-dataloader-104,syn-normal-dataloader-104,,,,,0,10.0,44.55377914018025,11.054079273459482,3.174953736836104,542.1381181982528,30.178971132098184,597.0328525177715,100.0,100.0,True,,synthetic_normal_dataloader_stall,sim_user,normal_dataloader_stall,gpu:1,normal_dataloader_stall
6.8,2026-01-01 00:00:06.800000+00:00,,syn-normal-dataloader-104,syn-normal-dataloader-104,,,,,0,10.0,33.60779134013411,6.315072447271528,2.064942599692265,309.2418671761773,29.01556715396067,604.0967832033133,100.0,100.0,True,,synthetic_normal_dataloader_stall,sim_user,normal_dataloader_stall,gpu:1,normal_dataloader_stall
6.9,2026-01-01 00:00:06.900000+00:00,,syn-normal-dataloader-104,syn-normal-dataloader-104,,,,,0,10.0,48.82687803009304,18.91364093512156,15.626135923550763,727.7641855354607,32.47651994685711,1668.5570286907816,100.0,100.0,True,,synthetic_normal_dataloader_stall,sim_user,normal_dataloader_stall,gpu:1,normal_dataloader_stall
7.0,2026-01-01 00:00:07+00:00,,syn-normal-dataloader-104,syn-normal-dataloader-104,,,,,0,10.0,49.35637061235282,15.256719332646945,11.330473797794623,604.930536182819,31.545019738654172,1149.085778769838,100.0,100.0,True,,synthetic_normal_dataloader_stall,sim_user,normal_dataloader_stall,gpu:1,normal_dataloader_stall
7.1,2026-01-01 00:00:07.100000+00:00,,syn-normal-dataloader-104,syn-normal-dataloader-104,,,,,0,10.0,34.96344040259395,7.80617837257762,3.587730889069647,415.14515997282615,30.173982156537157,580.9367138593419,100.0,100.0,True,,synthetic_normal_dataloader_stall,sim_user,normal_dataloader_stall,gpu:1,normal_dataloader_stall
7.2,2026-01-01 00:00:07.200000+00:00,,syn-normal-dataloader-104,syn-normal-dataloader-104,,,,,0,10.0,36.571108219903664,6.147825973441974,0.0,356.7375515307785,29.611102060397247,463.5725758796183,100.0,100.0,True,,synthetic_normal_dataloader_stall,sim_user,normal_dataloader_stall,gpu:1,normal_dataloader_stall
7.3,2026-01-01 00:00:07.300000+00:00,,syn-normal-dataloader-104,syn-normal-dataloader-104,,,,,0,10.0,40.32356060475742,10.5036143150948,5.143539707200523,485.380421605332,30.82225257060927,917.536227473141,100.0,100.0,True,,synthetic_normal_dataloader_stall,sim_user,normal_dataloader_stall,gpu:1,normal_dataloader_stall
7.4,2026-01-01 00:00:07.400000+00:00,,syn-normal-dataloader-104,syn-normal-dataloader-104,,,,,0,10.0,41.95231535872877,7.964080344474635,13.268069178412166,384.84945714386237,29.838732311088453,1199.4065336506492,100.0,100.0,True,,synthetic_normal_dataloader_stall,sim_user,normal_dataloader_stall,gpu:1,normal_dataloader_stall
7.5,2026-01-01 00:00:07.500000+00:00,,syn-normal-dataloader-104,syn-normal-dataloader-104,,,,,0,10.0,37.60811348225701,11.20634279098415,0.9427685083557655,505.36753955783337,30.650320931411326,504.3719469821281,100.0,100.0,True,,synthetic_normal_dataloader_stall,sim_user,normal_dataloader_stall,gpu:1,normal_dataloader_stall
7.6,2026-01-01 00:00:07.600000+00:00,,syn-normal-dataloader-104,syn-normal-dataloader-104,,,,,0,10.0,49.33802323084499,14.123792568825003,9.482578597907398,584.3244067538583,31.668756375817413,1178.8382259364842,100.0,100.0,True,,synthetic_normal_dataloader_stall,sim_user,normal_dataloader_stall,gpu:1,normal_dataloader_stall
7.7,2026-01-01 00:00:07.700000+00:00,,syn-normal-dataloader-104,syn-normal-dataloader-104,,,,,0,10.0,43.59392884127136,12.847228287032237,9.825352358361183,526.2968337540075,31.243672383045556,1150.7252580108664,100.0,100.0,True,,synthetic_normal_dataloader_stall,sim_user,normal_dataloader_stall,gpu:1,normal_dataloader_stall
7.8,2026-01-01 00:00:07.800000+00:00,,syn-normal-dataloader-104,syn-normal-dataloader-104,,,,,0,10.0,33.927099569056814,6.453694675149532,7.749181564590341,383.4393259341448,29.738089274377554,1120.4580191971363,100.0,100.0,True,,synthetic_normal_dataloader_stall,sim_user,normal_dataloader_stall,gpu:1,normal_dataloader_stall
7.9,2026-01-01 00:00:07.900000+00:00,,syn-normal-dataloader-104,syn-normal-dataloader-104,,,,,0,10.0,45.18940609543706,15.65932040895778,12.43926517510916,619.4344724482829,32.326681662212565,1386.1894400545036,100.0,100.0,True,,synthetic_normal_dataloader_stall,sim_user,normal_dataloader_stall,gpu:1,normal_dataloader_stall
8.0,2026-01-01 00:00:08+00:00,,syn-normal-dataloader-104,syn-normal-dataloader-104,,,,,0,10.0,38.48135952753742,10.057250066235854,10.751229053702552,457.3029844281815,30.583327185076588,941.4674006181177,100.0,100.0,True,,synthetic_normal_dataloader_stall,sim_user,normal_dataloader_stall,gpu:1,normal_dataloader_stall
8.1,2026-01-01 00:00:08.100000+00:00,,syn-normal-dataloader-104,syn-normal-dataloader-104,,,,,0,10.0,43.80163884642777,13.257485341744504,13.721421142513346,601.9549979109051,31.764771446817942,1546.6265663584086,100.0,100.0,True,,synthetic_normal_dataloader_stall,sim_user,normal_dataloader_stall,gpu:1,normal_dataloader_stall
8.2,2026-01-01 00:00:08.200000+00:00,,syn-normal-dataloader-104,syn-normal-dataloader-104,,,,,0,10.0,51.09382041535829,13.025794971888262,10.302397426943038,556.0552912276664,31.978052100555043,1197.9378022295607,100.0,100.0,True,,synthetic_normal_dataloader_stall,sim_user,normal_dataloader_stall,gpu:1,normal_dataloader_stall
8.3,2026-01-01 00:00:08.300000+00:00,,syn-normal-dataloader-104,syn-normal-dataloader-104,,,,,0,10.0,37.37986004972164,6.000589755851927,6.603762911522261,323.3126683890637,29.97807329707823,758.6446752465414,100.0,100.0,True,,synthetic_normal_dataloader_stall,sim_user,normal_dataloader_stall,gpu:1,normal_dataloader_stall
8.4,2026-01-01 00:00:08.400000+00:00,,syn-normal-dataloader-104,syn-normal-dataloader-104,,,,,0,10.0,44.66211545079505,10.193206406585567,5.328889831278683,513.5643632232316,31.127535418274046,843.2536418586809,100.0,100.0,True,,synthetic_normal_dataloader_stall,sim_user,normal_dataloader_stall,gpu:1,normal_dataloader_stall
8.5,2026-01-01 00:00:08.500000+00:00,,syn-normal-dataloader-104,syn-normal-dataloader-104,,,,,0,10.0,41.02562990575861,8.17904751451541,4.419880082436232,394.7609362940028,30.73070670215364,730.4660657566708,100.0,100.0,True,,synthetic_normal_dataloader_stall,sim_user,normal_dataloader_stall,gpu:1,normal_dataloader_stall
8.6,2026-01-01 00:00:08.600000+00:00,,syn-normal-dataloader-104,syn-normal-dataloader-104,,,,,0,10.0,43.705434310785016,9.956968559066548,2.354095058613324,410.96262131833595,31.259773248953675,662.7278064229472,100.0,100.0,True,,synthetic_normal_dataloader_stall,sim_user,normal_dataloader_stall,gpu:1,normal_dataloader_stall
8.7,2026-01-01 00:00:08.700000+00:00,,syn-normal-dataloader-104,syn-normal-dataloader-104,,,,,0,10.0,53.48157351587891,19.175869071071354,15.228136317956833,665.2730607491567,33.687780735861026,1546.4397609694804,100.0,100.0,True,,synthetic_normal_dataloader_stall,sim_user,normal_dataloader_stall,gpu:1,normal_dataloader_stall
8.8,2026-01-01 00:00:08.800000+00:00,,syn-normal-dataloader-104,syn-normal-dataloader-104,,,,,0,10.0,166.01422423799085,83.07092340928584,34.93443010204542,2289.5086690930066,51.224537217080055,2937.4215522097247,100.0,100.0,True,,synthetic_normal_dataloader_stall,sim_user,normal_dataloader_stall,gpu:1,normal_dataloader_stall
8.9,2026-01-01 00:00:08.900000+00:00,,syn-normal-dataloader-104,syn-normal-dataloader-104,,,,,0,10.0,169.30565099860058,85.12514710582239,50.77286518936442,2361.7917340815948,51.51294262309865,4080.0604667998077,100.0,100.0,True,,synthetic_normal_dataloader_stall,sim_user,normal_dataloader_stall,gpu:1,normal_dataloader_stall
9.0,2026-01-01 00:00:09+00:00,,syn-normal-dataloader-104,syn-normal-dataloader-104,,,,,0,10.0,169.50975226869582,83.35357657190183,39.13854447370843,2311.8710986027318,50.78162766945892,3141.600726787413,100.0,100.0,True,,synthetic_normal_dataloader_stall,sim_user,normal_dataloader_stall,gpu:1,normal_dataloader_stall
9.1,2026-01-01 00:00:09.100000+00:00,,syn-normal-dataloader-104,syn-normal-dataloader-104,,,,,0,10.0,174.36077766251708,86.15339396351597,49.00858927084144,2345.4739399416926,51.34082219512151,3979.3931582799714,100.0,100.0,True,,synthetic_normal_dataloader_stall,sim_user,normal_dataloader_stall,gpu:1,normal_dataloader_stall
9.2,2026-01-01 00:00:09.200000+00:00,,syn-normal-dataloader-104,syn-normal-dataloader-104,,,,,0,10.0,177.80535607178223,87.31536558907261,46.03846407706588,2426.1358636860678,51.73130190157451,3663.5565506144917,100.0,100.0,True,,synthetic_normal_dataloader_stall,sim_user,normal_dataloader_stall,gpu:1,normal_dataloader_stall
9.3,2026-01-01 00:00:09.300000+00:00,,syn-normal-dataloader-104,syn-normal-dataloader-104,,,,,0,10.0,179.0705077455091,92.90431388538276,62.985687472258306,2520.0,53.31353816757384,4872.074799749902,100.0,100.0,True,,synthetic_normal_dataloader_stall,sim_user,normal_dataloader_stall,gpu:1,normal_dataloader_stall
9.4,2026-01-01 00:00:09.400000+00:00,,syn-normal-dataloader-104,syn-normal-dataloader-104,,,,,0,10.0,175.58796823975618,88.93693804453987,50.55476992147177,2453.0723163135854,51.7938264797915,3888.25287783366,100.0,100.0,True,,synthetic_normal_dataloader_stall,sim_user,normal_dataloader_stall,gpu:1,normal_dataloader_stall
9.5,2026-01-01 00:00:09.500000+00:00,,syn-normal-dataloader-104,syn-normal-dataloader-104,,,,,0,10.0,168.74373616043076,86.13940483995172,45.78899796455849,2386.044569072292,51.058990402279555,3602.572548205543,100.0,100.0,True,,synthetic_normal_dataloader_stall,sim_user,normal_dataloader_stall,gpu:1,normal_dataloader_stall
9.6,2026-01-01 00:00:09.600000+00:00,,syn-normal-dataloader-104,syn-normal-dataloader-104,,,,,0,10.0,168.67017003943045,85.1202597537466,52.65918714453838,2357.6657073482684,50.72719374348257,3971.2027380697605,100.0,100.0,True,,synthetic_normal_dataloader_stall,sim_user,normal_dataloader_stall,gpu:1,normal_dataloader_stall
9.7,2026-01-01 00:00:09.700000+00:00,,syn-normal-dataloader-104,syn-normal-dataloader-104,,,,,0,10.0,168.0194455646793,82.43315787335395,48.73953792914163,2308.0523036944815,50.20430618189092,3856.7283175828093,100.0,100.0,True,,synthetic_normal_dataloader_stall,sim_user,normal_dataloader_stall,gpu:1,normal_dataloader_stall
9.8,2026-01-01 00:00:09.800000+00:00,,syn-normal-dataloader-104,syn-normal-dataloader-104,,,,,0,10.0,171.39837202609442,86.0937280250472,44.262207694717304,2406.7959200735354,51.46730157830878,3684.131532159201,100.0,100.0,True,,synthetic_normal_dataloader_stall,sim_user,normal_dataloader_stall,gpu:1,normal_dataloader_stall
9.9,2026-01-01 00:00:09.900000+00:00,,syn-normal-dataloader-104,syn-normal-dataloader-104,,,,,0,10.0,171.90092031959085,82.21686036415676,45.353046769719064,2277.6643494093996,50.526045779607266,3644.701961594546,100.0,100.0,True,,synthetic_normal_dataloader_stall,sim_user,normal_dataloader_stall,gpu:1,normal_dataloader_stall
10.0,2026-01-01 00:00:10+00:00,,syn-normal-dataloader-104,syn-normal-dataloader-104,,,,,0,10.0,180.17120658185368,92.77646384956061,57.22292022814212,2520.0,53.55401336457862,4592.8986528732685,100.0,100.0,True,,synthetic_normal_dataloader_stall,sim_user,normal_dataloader_stall,gpu:1,normal_dataloader_stall
10.1,2026-01-01 00:00:10.100000+00:00,,syn-normal-dataloader-104,syn-normal-dataloader-104,,,,,0,10.0,177.3157352291919,89.74488051918111,40.14615457931289,2416.6461054631336,53.00000980804045,2995.2833410421254,100.0,100.0,True,,synthetic_normal_dataloader_stall,sim_user,normal_dataloader_stall,gpu:1,normal_dataloader_stall
10.2,2026-01-01 00:00:10.200000+00:00,,syn-normal-dataloader-104,syn-normal-dataloader-104,,,,,0,10.0,177.2966669305161,90.11378855268684,44.19042425065072,2473.973552958854,53.063499723240206,3525.869777536684,100.0,100.0,True,,synthetic_normal_dataloader_stall,sim_user,normal_dataloader_stall,gpu:1,normal_dataloader_stall
10.3,2026-01-01 00:00:10.300000+00:00,,syn-normal-dataloader-104,syn-normal-dataloader-104,,,,,0,10.0,174.55041428861992,88.27298984764998,48.07283794759246,2434.763933284305,52.69641091713084,3582.3810427073836,100.0,100.0,True,,synthetic_normal_dataloader_stall,sim_user,normal_dataloader_stall,gpu:1,normal_dataloader_stall
10.4,2026-01-01 00:00:10.400000+00:00,,syn-normal-dataloader-104,syn-normal-dataloader-104,,,,,0,10.0,173.47017979412848,88.64854317211842,55.669671631752,2443.458836573584,52.70807466180657,4293.366232983304,100.0,100.0,True,,synthetic_normal_dataloader_stall,sim_user,normal_dataloader_stall,gpu:1,normal_dataloader_stall
10.5,2026-01-01 00:00:10.500000+00:00,,syn-normal-dataloader-104,syn-normal-dataloader-104,,,,,0,10.0,172.58683663441323,86.43527433410102,42.15574881838058,2320.6240066651085,52.15136497236032,3613.7348161754862,100.0,100.0,True,,synthetic_normal_dataloader_stall,sim_user,normal_dataloader_stall,gpu:1,normal_dataloader_stall
10.6,2026-01-01 00:00:10.600000+00:00,,syn-normal-dataloader-104,syn-normal-dataloader-104,,,,,0,10.0,176.01772073184333,88.97271251559513,47.69771327249575,2474.99780476357,52.771394978188624,3875.003878786176,100.0,100.0,True,,synthetic_normal_dataloader_stall,sim_user,normal_dataloader_stall,gpu:1,normal_dataloader_stall
10.7,2026-01-01 00:00:10.700000+00:00,,syn-normal-dataloader-104,syn-normal-dataloader-104,,,,,0,10.0,174.78778763859378,86.81503230246747,45.914155659803285,2344.2799878682886,52.22210721881397,3594.160935806044,100.0,100.0,True,,synthetic_normal_dataloader_stall,sim_user,normal_dataloader_stall,gpu:1,normal_dataloader_stall
10.8,2026-01-01 00:00:10.800000+00:00,,syn-normal-dataloader-104,syn-normal-dataloader-104,,,,,0,10.0,172.61004290298365,86.41754087321752,51.91460798687619,2347.253656707043,52.029668983981765,4128.26628729721,100.0,100.0,True,,synthetic_normal_dataloader_stall,sim_user,normal_dataloader_stall,gpu:1,normal_dataloader_stall
10.9,2026-01-01 00:00:10.900000+00:00,,syn-normal-dataloader-104,syn-normal-dataloader-104,,,,,0,10.0,167.7095304286191,84.68914716618809,48.3659310589322,2394.2082276568053,51.44288522372663,3816.439784610826,100.0,100.0,True,,synthetic_normal_dataloader_stall,sim_user,normal_dataloader_stall,gpu:1,normal_dataloader_stall
11.0,2026-01-01 00:00:11+00:00,,syn-normal-dataloader-104,syn-normal-dataloader-104,,,,,0,10.0,165.92817581635956,84.8266119647153,46.59707210231397,2274.4296399948694,51.49086440325137,3858.5658051091336,100.0,100.0,True,,synthetic_normal_dataloader_stall,sim_user,normal_dataloader_stall,gpu:1,normal_dataloader_stall
11.1,2026-01-01 00:00:11.100000+00:00,,syn-normal-dataloader-104,syn-normal-dataloader-104,,,,,0,10.0,160.95246086060388,79.3382183931285,39.69997558872328,2197.150807742138,50.150629816459016,3204.653907171661,100.0,100.0,True,,synthetic_normal_dataloader_stall,sim_user,normal_dataloader_stall,gpu:1,normal_dataloader_stall
11.2,2026-01-01 00:00:11.200000+00:00,,syn-normal-dataloader-104,syn-normal-dataloader-104,,,,,0,10.0,163.83743984016718,78.95625924854416,35.948967505250174,2185.104304177825,50.064160248344685,2957.212872638386,100.0,100.0,True,,synthetic_normal_dataloader_stall,sim_user,normal_dataloader_stall,gpu:1,normal_dataloader_stall
11.3,2026-01-01 00:00:11.300000+00:00,,syn-normal-dataloader-104,syn-normal-dataloader-104,,,,,0,10.0,172.96135504193086,83.35608191227739,48.52440562262798,2347.2820930625585,51.40359168706616,3880.2166456788436,100.0,100.0,True,,synthetic_normal_dataloader_stall,sim_user,normal_dataloader_stall,gpu:1,normal_dataloader_stall
11.4,2026-01-01 00:00:11.400000+00:00,,syn-normal-dataloader-104,syn-normal-dataloader-104,,,,,0,10.0,176.2240840158659,88.48336087741201,55.7045793097567,2494.148144176699,52.80899639980915,4362.714405528253,100.0,100.0,True,,synthetic_normal_dataloader_stall,sim_user,normal_dataloader_stall,gpu:1,normal_dataloader_stall
11.5,2026-01-01 00:00:11.500000+00:00,,syn-normal-dataloader-104,syn-normal-dataloader-104,,,,,0,10.0,180.98742383772841,90.32048991227825,48.47881824272846,2432.9744516346773,53.77388352629433,3767.6799805119385,100.0,100.0,True,,synthetic_normal_dataloader_stall,sim_user,normal_dataloader_stall,gpu:1,normal_dataloader_stall
11.6,2026-01-01 00:00:11.600000+00:00,,syn-normal-dataloader-104,syn-normal-dataloader-104,,,,,0,10.0,186.9024882325944,96.44464926824683,49.51865670043058,2520.0,55.2945461663567,4126.763329828053,100.0,100.0,True,,synthetic_normal_dataloader_stall,sim_user,normal_dataloader_stall,gpu:1,normal_dataloader_stall
11.7,2026-01-01 00:00:11.700000+00:00,,syn-normal-dataloader-104,syn-normal-dataloader-104,,,,,0,10.0,182.2398871032467,95.80596437230395,57.78670992715776,2520.0,54.968806841391675,4470.883301032421,100.0,100.0,True,,synthetic_normal_dataloader_stall,sim_user,normal_dataloader_stall,gpu:1,normal_dataloader_stall
11.8,2026-01-01 00:00:11.800000+00:00,,syn-normal-dataloader-104,syn-normal-dataloader-104,,,,,0,10.0,176.00077801086653,87.3095717224459,41.701749999569586,2369.5319818660723,52.672040807548214,3476.9291674335623,100.0,100.0,True,,synthetic_normal_dataloader_stall,sim_user,normal_dataloader_stall,gpu:1,normal_dataloader_stall
11.9,2026-01-01 00:00:11.900000+00:00,,syn-normal-dataloader-104,syn-normal-dataloader-104,,,,,0,10.0,180.5711194066717,94.20232937737278,42.7237434909456,2520.0,54.69363598078897,3414.1770381195597,100.0,100.0,True,,synthetic_normal_dataloader_stall,sim_user,normal_dataloader_stall,gpu:1,normal_dataloader_stall
12.0,2026-01-01 00:00:12+00:00,,syn-normal-dataloader-104,syn-normal-dataloader-104,,,,,0,10.0,174.19150841543893,90.2876413916856,52.59428932597088,2500.2304692783214,53.62145594942647,4117.39563323848,100.0,100.0,True,,synthetic_normal_dataloader_stall,sim_user,normal_dataloader_stall,gpu:1,normal_dataloader_stall
12.1,2026-01-01 00:00:12.100000+00:00,,syn-normal-dataloader-104,syn-normal-dataloader-104,,,,,0,10.0,167.49593890468137,81.9816630604869,47.59999164227968,2194.0784684405257,51.205945152194694,3772.41607602175,100.0,100.0,True,,synthetic_normal_dataloader_stall,sim_user,normal_dataloader_stall,gpu:1,normal_dataloader_stall
12.2,2026-01-01 00:00:12.200000+00:00,,syn-normal-dataloader-104,syn-normal-dataloader-104,,,,,0,10.0,172.78899232155672,86.1169306262501,52.71547114539205,2327.4919745174197,52.70672250205407,4067.638440400151,100.0,100.0,True,,synthetic_normal_dataloader_stall,sim_user,normal_dataloader_stall,gpu:1,normal_dataloader_stall
12.3,2026-01-01 00:00:12.300000+00:00,,syn-normal-dataloader-104,syn-normal-dataloader-104,,,,,0,10.0,172.38776633393903,88.24252758635124,46.35434207329377,2442.6238188076536,53.18894931777049,3723.992486129006,100.0,100.0,True,,synthetic_normal_dataloader_stall,sim_user,normal_dataloader_stall,gpu:1,normal_dataloader_stall
12.4,2026-01-01 00:00:12.400000+00:00,,syn-normal-dataloader-104,syn-normal-dataloader-104,,,,,0,10.0,168.29092023056458,82.76422889593418,45.87126585682886,2277.9305931282047,51.4093818230267,3620.011604062433,100.0,100.0,True,,synthetic_normal_dataloader_stall,sim_user,normal_dataloader_stall,gpu:1,normal_dataloader_stall
12.5,2026-01-01 00:00:12.500000+00:00,,syn-normal-dataloader-104,syn-normal-dataloader-104,,,,,0,10.0,172.76060406640704,84.98672000530725,45.902502678829855,2312.8433643504386,52.098147642555354,3675.59320088701,100.0,100.0,True,,synthetic_normal_dataloader_stall,sim_user,normal_dataloader_stall,gpu:1,normal_dataloader_stall
12.6,2026-01-01 00:00:12.600000+00:00,,syn-normal-dataloader-104,syn-normal-dataloader-104,,,,,0,10.0,176.21472547219958,90.6116435445809,52.48430679146484,2387.7870375189946,53.848621656988186,4029.0303901834295,100.0,100.0,True,,synthetic_normal_dataloader_stall,sim_user,normal_dataloader_stall,gpu:1,normal_dataloader_stall
12.7,2026-01-01 00:00:12.700000+00:00,,syn-normal-dataloader-104,syn-normal-dataloader-104,,,,,0,10.0,174.69164745660672,86.96267186362816,48.10242017496855,2371.509063124725,52.82113512356132,3926.004651842512,100.0,100.0,True,,synthetic_normal_dataloader_stall,sim_user,normal_dataloader_stall,gpu:1,normal_dataloader_stall
12.8,2026-01-01 00:00:12.800000+00:00,,syn-normal-dataloader-104,syn-normal-dataloader-104,,,,,0,10.0,180.98134715495908,90.53931837828338,50.476768974449826,2404.0400105906897,53.52533624416477,4033.7776785919377,100.0,100.0,True,,synthetic_normal_dataloader_stall,sim_user,normal_dataloader_stall,gpu:1,normal_dataloader_stall
12.9,2026-01-01 00:00:12.900000+00:00,,syn-normal-dataloader-104,syn-normal-dataloader-104,,,,,0,10.0,187.05717092493165,96.72397099945111,54.345495930185,2520.0,55.25289929421141,4164.004367593701,100.0,100.0,True,,synthetic_normal_dataloader_stall,sim_user,normal_dataloader_stall,gpu:1,normal_dataloader_stall
13.0,2026-01-01 00:00:13+00:00,,syn-normal-dataloader-104,syn-normal-dataloader-104,,,,,0,10.0,180.12133735109273,91.59616189464882,50.6961691001434,2500.776593672065,53.720631010172674,3885.0482891393603,100.0,100.0,True,,synthetic_normal_dataloader_stall,sim_user,normal_dataloader_stall,gpu:1,normal_dataloader_stall
13.1,2026-01-01 00:00:13.100000+00:00,,syn-normal-dataloader-104,syn-normal-dataloader-104,,,,,0,10.0,182.79684407516183,93.44739252094865,48.14599473344205,2520.0,53.88874040139701,3802.1256092172825,100.0,100.0,True,,synthetic_normal_dataloader_stall,sim_user,normal_dataloader_stall,gpu:1,normal_dataloader_stall
13.2,2026-01-01 00:00:13.200000+00:00,,syn-normal-dataloader-104,syn-normal-dataloader-104,,,,,0,10.0,182.28294505999588,95.59740024778087,55.42045657514092,2520.0,54.23098054344102,4184.6836875086365,100.0,100.0,True,,synthetic_normal_dataloader_stall,sim_user,normal_dataloader_stall,gpu:1,normal_dataloader_stall
13.3,2026-01-01 00:00:13.300000+00:00,,syn-normal-dataloader-104,syn-normal-dataloader-104,,,,,0,10.0,179.06722537611873,93.46993330609008,53.59751507599906,2520.0,53.47547041058139,4452.199610688006,100.0,100.0,True,,synthetic_normal_dataloader_stall,sim_user,normal_dataloader_stall,gpu:1,normal_dataloader_stall
13.4,2026-01-01 00:00:13.400000+00:00,,syn-normal-dataloader-104,syn-normal-dataloader-104,,,,,0,10.0,177.73570505830907,86.64618187975228,49.41646289051685,2393.409032358753,51.62233848132863,3918.3260552155666,100.0,100.0,True,,synthetic_normal_dataloader_stall,sim_user,normal_dataloader_stall,gpu:1,normal_dataloader_stall
13.5,2026-01-01 00:00:13.500000+00:00,,syn-normal-dataloader-104,syn-normal-dataloader-104,,,,,0,10.0,188.46157478215486,98.25962578949171,50.9079114439717,2520.0,54.78939709088821,3986.986752714602,100.0,100.0,True,,synthetic_normal_dataloader_stall,sim_user,normal_dataloader_stall,gpu:1,normal_dataloader_stall
13.6,2026-01-01 00:00:13.600000+00:00,,syn-normal-dataloader-104,syn-normal-dataloader-104,,,,,0,10.0,188.14343340441602,96.23303119680823,52.31097617490199,2520.0,54.225165202504286,4028.0568367067526,100.0,100.0,True,,synthetic_normal_dataloader_stall,sim_user,normal_dataloader_stall,gpu:1,normal_dataloader_stall
13.7,2026-01-01 00:00:13.700000+00:00,,syn-normal-dataloader-104,syn-normal-dataloader-104,,,,,0,10.0,187.81665123781522,96.69130541382404,53.58224799261328,2520.0,54.363779269997096,4267.196714451063,100.0,100.0,True,,synthetic_normal_dataloader_stall,sim_user,normal_dataloader_stall,gpu:1,normal_dataloader_stall
13.8,2026-01-01 00:00:13.800000+00:00,,syn-normal-dataloader-104,syn-normal-dataloader-104,,,,,0,10.0,188.1791659363005,97.91356192207691,44.830125652890885,2520.0,54.78289788678651,3739.389624342419,100.0,100.0,True,,synthetic_normal_dataloader_stall,sim_user,normal_dataloader_stall,gpu:1,normal_dataloader_stall
13.9,2026-01-01 00:00:13.900000+00:00,,syn-normal-dataloader-104,syn-normal-dataloader-104,,,,,0,10.0,181.10869787417556,95.77026736733028,55.29689174767215,2520.0,54.33053439108038,4215.703052938739,100.0,100.0,True,,synthetic_normal_dataloader_stall,sim_user,normal_dataloader_stall,gpu:1,normal_dataloader_stall
14.0,2026-01-01 00:00:14+00:00,,syn-normal-dataloader-104,syn-normal-dataloader-104,,,,,0,10.0,177.2509089118339,91.4882787060782,47.52691779295625,2474.376667365466,53.19597663697217,3750.2000689083256,100.0,100.0,True,,synthetic_normal_dataloader_stall,sim_user,normal_dataloader_stall,gpu:1,normal_dataloader_stall
14.1,2026-01-01 00:00:14.100000+00:00,,syn-normal-dataloader-104,syn-normal-dataloader-104,,,,,0,10.0,175.4580999343361,88.5931097509798,41.75857449130473,2408.3416961713942,52.86363798943886,3358.197549353326,100.0,100.0,True,,synthetic_normal_dataloader_stall,sim_user,normal_dataloader_stall,gpu:1,normal_dataloader_stall
14.2,2026-01-01 00:00:14.200000+00:00,,syn-normal-dataloader-104,syn-normal-dataloader-104,,,,,0,10.0,172.16903195106386,87.77771025677127,52.70229340981374,2409.6884536896678,52.674853197486996,4266.656555576192,100.0,100.0,True,,synthetic_normal_dataloader_stall,sim_user,normal_dataloader_stall,gpu:1,normal_dataloader_stall
14.3,2026-01-01 00:00:14.300000+00:00,,syn-normal-dataloader-104,syn-normal-dataloader-104,,,,,0,10.0,166.5363408619698,80.53690765075598,39.79148340080892,2228.0113264357974,50.67481860679449,3253.6691366683513,100.0,100.0,True,,synthetic_normal_dataloader_stall,sim_user,normal_dataloader_stall,gpu:1,normal_dataloader_stall
14.4,2026-01-01 00:00:14.400000+00:00,,syn-normal-dataloader-104,syn-normal-dataloader-104,,,,,0,10.0,167.03338849225403,84.9630798469526,46.311288004293345,2390.434772767457,52.099605540510815,3813.505071526572,100.0,100.0,True,,synthetic_normal_dataloader_stall,sim_user,normal_dataloader_stall,gpu:1,normal_dataloader_stall
14.5,2026-01-01 00:00:14.500000+00:00,,syn-normal-dataloader-104,syn-normal-dataloader-104,,,,,0,10.0,162.8175800321909,81.84827074248649,43.2074041036841,2265.914338267841,51.108760308655256,3509.768615243701,100.0,100.0,True,,synthetic_normal_dataloader_stall,sim_user,normal_dataloader_stall,gpu:1,normal_dataloader_stall
14.6,2026-01-01 00:00:14.600000+00:00,,syn-normal-dataloader-104,syn-normal-dataloader-104,,,,,0,10.0,163.7220977472064,79.53377570168439,36.78322175204995,2225.701128197808,50.62373485286299,2941.210567567287,100.0,100.0,True,,synthetic_normal_dataloader_stall,sim_user,normal_dataloader_stall,gpu:1,normal_dataloader_stall
14.7,2026-01-01 00:00:14.700000+00:00,,syn-normal-dataloader-104,syn-normal-dataloader-104,,,,,0,10.0,166.67609866480888,80.8087204023148,41.122399951750474,2247.637097570899,50.796543172062464,3392.312763271913,100.0,100.0,True,,synthetic_normal_dataloader_stall,sim_user,normal_dataloader_stall,gpu:1,normal_dataloader_stall
14.8,2026-01-01 00:00:14.800000+00:00,,syn-normal-dataloader-104,syn-normal-dataloader-104,,,,,0,10.0,168.7587580540541,82.16858767240473,53.80807464788189,2229.0946767850137,51.091506357988386,4329.40070725646,100.0,100.0,True,,synthetic_normal_dataloader_stall,sim_user,normal_dataloader_stall,gpu:1,normal_dataloader_stall
14.9,2026-01-01 00:00:14.900000+00:00,,syn-normal-dataloader-104,syn-normal-dataloader-104,,,,,0,10.0,171.84691877272095,84.96889116777974,53.15367767067892,2250.755591537751,51.87915424454641,3988.894922917741,100.0,100.0,True,,synthetic_normal_dataloader_stall,sim_user,normal_dataloader_stall,gpu:1,normal_dataloader_stall
15.0,2026-01-01 00:00:15+00:00,,syn-normal-dataloader-104,syn-normal-dataloader-104,,,,,0,10.0,178.02782408427706,91.35065012993122,46.633736086334565,2520.0,53.48164148862448,3811.784857672158,100.0,100.0,True,,synthetic_normal_dataloader_stall,sim_user,normal_dataloader_stall,gpu:1,normal_dataloader_stall
15.1,2026-01-01 00:00:15.100000+00:00,,syn-normal-dataloader-104,syn-normal-dataloader-104,,,,,0,10.0,175.3913431872263,88.33067297620461,51.65737950272239,2437.7582105737984,52.782690746867075,4042.072553970521,100.0,100.0,True,,synthetic_normal_dataloader_stall,sim_user,normal_dataloader_stall,gpu:1,normal_dataloader_stall
15.2,2026-01-01 00:00:15.200000+00:00,,syn-normal-dataloader-104,syn-normal-dataloader-104,,,,,0,10.0,173.41966924670857,86.14275831606521,46.20453697630174,2361.6445648467334,52.308496569912975,3701.1615567216986,100.0,100.0,True,,synthetic_normal_dataloader_stall,sim_user,normal_dataloader_stall,gpu:1,normal_dataloader_stall
15.3,2026-01-01 00:00:15.300000+00:00,,syn-normal-dataloader-104,syn-normal-dataloader-104,,,,,0,10.0,181.98762650346572,91.96744524430031,54.65408318931103,2509.1927138316764,53.86010743683166,4278.778017275614,100.0,100.0,True,,synthetic_normal_dataloader_stall,sim_user,normal_dataloader_stall,gpu:1,normal_dataloader_stall
15.4,2026-01-01 00:00:15.400000+00:00,,syn-normal-dataloader-104,syn-normal-dataloader-104,,,,,0,10.0,180.2747515086424,94.02053862509227,45.95843896186343,2505.5533118079134,54.692054934676406,3810.5329719317465,100.0,100.0,True,,synthetic_normal_dataloader_stall,sim_user,normal_dataloader_stall,gpu:1,normal_dataloader_stall
15.5,2026-01-01 00:00:15.500000+00:00,,syn-normal-dataloader-104,syn-normal-dataloader-104,,,,,0,10.0,177.9275256002874,89.53431251976004,44.61212774791173,2520.0,53.41617151335721,3323.311844434969,100.0,100.0,True,,synthetic_normal_dataloader_stall,sim_user,normal_dataloader_stall,gpu:1,normal_dataloader_stall
15.6,2026-01-01 00:00:15.600000+00:00,,syn-normal-dataloader-104,syn-normal-dataloader-104,,,,,0,10.0,181.45175394532382,90.56211175781642,50.2683313045391,2390.8935994217386,53.3893195501698,4035.7847103243157,100.0,100.0,True,,synthetic_normal_dataloader_stall,sim_user,normal_dataloader_stall,gpu:1,normal_dataloader_stall
15.7,2026-01-01 00:00:15.700000+00:00,,syn-normal-dataloader-104,syn-normal-dataloader-104,,,,,0,10.0,184.33436749080863,98.24081483921907,53.064557889009684,2520.0,55.583615673836704,4163.416367702721,100.0,100.0,True,,synthetic_normal_dataloader_stall,sim_user,normal_dataloader_stall,gpu:1,normal_dataloader_stall
15.8,2026-01-01 00:00:15.800000+00:00,,syn-normal-dataloader-104,syn-normal-dataloader-104,,,,,0,10.0,177.10144494902926,87.96667072488583,51.71097142408025,2392.9437538346615,52.58978955605239,4139.252873136284,100.0,100.0,True,,synthetic_normal_dataloader_stall,sim_user,normal_dataloader_stall,gpu:1,normal_dataloader_stall
15.9,2026-01-01 00:00:15.900000+00:00,,syn-normal-dataloader-104,syn-normal-dataloader-104,,,,,0,10.0,183.41233444329282,94.29149096605322,55.50314899154182,2520.0,54.67694875498552,4490.352233149423,100.0,100.0,True,,synthetic_normal_dataloader_stall,sim_user,normal_dataloader_stall,gpu:1,normal_dataloader_stall
16.0,2026-01-01 00:00:16+00:00,,syn-normal-dataloader-104,syn-normal-dataloader-104,,,,,0,10.0,182.347219930312,94.46971874869678,53.55575462880913,2520.0,54.61874309466195,4233.931050002045,100.0,100.0,True,,synthetic_normal_dataloader_stall,sim_user,normal_dataloader_stall,gpu:1,normal_dataloader_stall
16.1,2026-01-01 00:00:16.100000+00:00,,syn-normal-dataloader-104,syn-normal-dataloader-104,,,,,0,10.0,181.60552099821646,92.57382174594399,49.23720763839182,2520.0,54.04714618403739,3837.633235306767,100.0,100.0,True,,synthetic_normal_dataloader_stall,sim_user,normal_dataloader_stall,gpu:1,normal_dataloader_stall
16.2,2026-01-01 00:00:16.200000+00:00,,syn-normal-dataloader-104,syn-normal-dataloader-104,,,,,0,10.0,181.01865304144854,91.4788738279728,51.20817200640886,2515.8645127572354,53.41960554009144,4135.251334037852,100.0,100.0,True,,synthetic_normal_dataloader_stall,sim_user,normal_dataloader_stall,gpu:1,normal_dataloader_stall
16.3,2026-01-01 00:00:16.300000+00:00,,syn-normal-dataloader-104,syn-normal-dataloader-104,,,,,0,10.0,186.6307745928089,97.74944955600253,52.21664907061154,2520.0,55.407737054016415,4164.9554416033425,100.0,100.0,True,,synthetic_normal_dataloader_stall,sim_user,normal_dataloader_stall,gpu:1,normal_dataloader_stall
16.4,2026-01-01 00:00:16.400000+00:00,,syn-normal-dataloader-104,syn-normal-dataloader-104,,,,,0,10.0,180.15489964351752,91.67552083673058,43.836458288685954,2460.596139935602,53.4296366476689,3471.9238927831493,100.0,100.0,True,,synthetic_normal_dataloader_stall,sim_user,normal_dataloader_stall,gpu:1,normal_dataloader_stall
16.5,2026-01-01 00:00:16.500000+00:00,,syn-normal-dataloader-104,syn-normal-dataloader-104,,,,,0,10.0,176.08600533979748,90.31187632667418,53.447299082016144,2421.876682939561,53.392464838960336,4242.647919329138,100.0,100.0,True,,synthetic_normal_dataloader_stall,sim_user,normal_dataloader_stall,gpu:1,normal_dataloader_stall
16.6,2026-01-01 00:00:16.600000+00:00,,syn-normal-dataloader-104,syn-normal-dataloader-104,,,,,0,10.0,171.6377402314681,86.3505237359787,40.8990097592256,2386.159628337717,52.398561341242235,3305.2222278827217,100.0,100.0,True,,synthetic_normal_dataloader_stall,sim_user,normal_dataloader_stall,gpu:1,normal_dataloader_stall
16.7,2026-01-01 00:00:16.700000+00:00,,syn-normal-dataloader-104,syn-normal-dataloader-104,,,,,0,10.0,171.4099912004432,89.59835252130283,44.27906694731378,2415.1288492236076,53.558398473341235,3576.958798787366,100.0,100.0,True,,synthetic_normal_dataloader_stall,sim_user,normal_dataloader_stall,gpu:1,normal_dataloader_stall
16.8,2026-01-01 00:00:16.800000+00:00,,syn-normal-dataloader-104,syn-normal-dataloader-104,,,,,0,10.0,165.72343020904174,81.19951337504416,45.530579631156854,2232.458861696138,50.87985852031273,3715.3672170586656,100.0,100.0,True,,synthetic_normal_dataloader_stall,sim_user,normal_dataloader_stall,gpu:1,normal_dataloader_stall
16.9,2026-01-01 00:00:16.900000+00:00,,syn-normal-dataloader-104,syn-normal-dataloader-104,,,,,0,10.0,168.777610894317,82.3061823579912,48.77943713956575,2296.3257663598483,51.09245838054996,3770.620101770372,100.0,100.0,True,,synthetic_normal_dataloader_stall,sim_user,normal_dataloader_stall,gpu:1,normal_dataloader_stall
17.0,2026-01-01 00:00:17+00:00,,syn-normal-dataloader-104,syn-normal-dataloader-104,,,,,0,10.0,170.54030670345287,84.10163129362806,47.23837145349262,2325.5793809934194,51.6548265835607,3853.312385240418,100.0,100.0,True,,synthetic_normal_dataloader_stall,sim_user,normal_dataloader_stall,gpu:1,normal_dataloader_stall
17.1,2026-01-01 00:00:17.100000+00:00,,syn-normal-dataloader-104,syn-normal-dataloader-104,,,,,0,10.0,174.5020099780249,87.87454774285702,44.71593915442997,2339.8507282677397,53.032797542075784,3622.62459568127,100.0,100.0,True,,synthetic_normal_dataloader_stall,sim_user,normal_dataloader_stall,gpu:1,normal_dataloader_stall
17.2,2026-01-01 00:00:17.200000+00:00,,syn-normal-dataloader-104,syn-normal-dataloader-104,,,,,0,10.0,170.71491041328215,85.40062677367459,55.22979145560459,2370.2064278255325,52.084371195436184,4252.817130460095,100.0,100.0,True,,synthetic_normal_dataloader_stall,sim_user,normal_dataloader_stall,gpu:1,normal_dataloader_stall
17.3,2026-01-01 00:00:17.300000+00:00,,syn-normal-dataloader-104,syn-normal-dataloader-104,,,,,0,10.0,167.77242195761121,84.43447920684076,41.68031417107296,2339.1348845713887,52.09812865735094,3433.672044041728,100.0,100.0,True,,synthetic_normal_dataloader_stall,sim_user,normal_dataloader_stall,gpu:1,normal_dataloader_stall
17.4,2026-01-01 00:00:17.400000+00:00,,syn-normal-dataloader-104,syn-normal-dataloader-104,,,,,0,10.0,166.58122833694856,82.1962305771215,51.33972950530146,2263.1811604015584,51.56998014218346,3950.461041450833,100.0,100.0,True,,synthetic_normal_dataloader_stall,sim_user,normal_dataloader_stall,gpu:1,normal_dataloader_stall
17.5,2026-01-01 00:00:17.500000+00:00,,syn-normal-dataloader-104,syn-normal-dataloader-104,,,,,0,10.0,166.39948237071545,84.32001029904072,41.64772408950883,2301.895089623068,52.038661184522155,3314.669397652549,100.0,100.0,True,,synthetic_normal_dataloader_stall,sim_user,normal_dataloader_stall,gpu:1,normal_dataloader_stall
17.6,2026-01-01 00:00:17.600000+00:00,,syn-normal-dataloader-104,syn-normal-dataloader-104,,,,,0,10.0,162.5476819049738,78.3554522621817,43.60780735668722,2157.2838162112807,50.32491829160242,3541.6812882337467,100.0,100.0,True,,synthetic_normal_dataloader_stall,sim_user,normal_dataloader_stall,gpu:1,normal_dataloader_stall
17.7,2026-01-01 00:00:17.700000+00:00,,syn-normal-dataloader-104,syn-normal-dataloader-104,,,,,0,10.0,164.9298897253505,80.05420781064154,45.994691737492666,2231.9985014539398,50.78103945912751,3572.78122908598,100.0,100.0,True,,synthetic_normal_dataloader_stall,sim_user,normal_dataloader_stall,gpu:1,normal_dataloader_stall
17.8,2026-01-01 00:00:17.800000+00:00,,syn-normal-dataloader-104,syn-normal-dataloader-104,,,,,0,10.0,166.44348695806568,82.86280303333633,46.533625745284326,2281.9434540197735,51.66624326840085,3745.6561266337435,100.0,100.0,True,,synthetic_normal_dataloader_stall,sim_user,normal_dataloader_stall,gpu:1,normal_dataloader_stall
17.9,2026-01-01 00:00:17.900000+00:00,,syn-normal-dataloader-104,syn-normal-dataloader-104,,,,,0,10.0,168.01574803246368,82.91439028331206,43.928824810226736,2262.0254700840155,51.418794410097284,3566.2301637955,100.0,100.0,True,,synthetic_normal_dataloader_stall,sim_user,normal_dataloader_stall,gpu:1,normal_dataloader_stall
18.0,2026-01-01 00:00:18+00:00,,syn-normal-dataloader-104,syn-normal-dataloader-104,,,,,0,10.0,172.19199044370168,85.14128411148388,48.5639098857237,2326.667096271479,51.8434619126407,3976.6246653937283,100.0,100.0,True,,synthetic_normal_dataloader_stall,sim_user,normal_dataloader_stall,gpu:1,normal_dataloader_stall
18.1,2026-01-01 00:00:18.100000+00:00,,syn-normal-dataloader-104,syn-normal-dataloader-104,,,,,0,10.0,178.27642514183347,89.14632727516566,49.97721869428945,2520.0,52.81328952646407,4059.4082788446494,100.0,100.0,True,,synthetic_normal_dataloader_stall,sim_user,normal_dataloader_stall,gpu:1,normal_dataloader_stall
18.2,2026-01-01 00:00:18.200000+00:00,,syn-normal-dataloader-104,syn-normal-dataloader-104,,,,,0,10.0,180.46736132789187,90.15409790398958,45.034266554306846,2429.191820627423,52.9543801359223,3638.209923102526,100.0,100.0,True,,synthetic_normal_dataloader_stall,sim_user,normal_dataloader_stall,gpu:1,normal_dataloader_stall
18.3,2026-01-01 00:00:18.300000+00:00,,syn-normal-dataloader-104,syn-normal-dataloader-104,,,,,0,10.0,180.54954155513047,92.16429402490873,56.077797765830525,2520.0,53.307854121490756,4305.907357591275,100.0,100.0,True,,synthetic_normal_dataloader_stall,sim_user,normal_dataloader_stall,gpu:1,normal_dataloader_stall
18.4,2026-01-01 00:00:18.400000+00:00,,syn-normal-dataloader-104,syn-normal-dataloader-104,,,,,0,10.0,176.5546741840493,90.69459549663334,50.01026693591769,2512.386889986378,52.84785008178644,3983.5070843261246,100.0,100.0,True,,synthetic_normal_dataloader_stall,sim_user,normal_dataloader_stall,gpu:1,normal_dataloader_stall
18.5,2026-01-01 00:00:18.500000+00:00,,syn-normal-dataloader-104,syn-normal-dataloader-104,,,,,0,10.0,171.25517364523876,88.6494514071617,49.36430106951788,2465.8902246070993,52.28257293387748,3788.213985869498,100.0,100.0,True,,synthetic_normal_dataloader_stall,sim_user,normal_dataloader_stall,gpu:1,normal_dataloader_stall
18.6,2026-01-01 00:00:18.600000+00:00,,syn-normal-dataloader-104,syn-normal-dataloader-104,,,,,0,10.0,162.89524984156333,81.60757359163517,40.5900816366622,2247.62970228481,50.518026289221055,3210.79091599227,100.0,100.0,True,,synthetic_normal_dataloader_stall,sim_user,normal_dataloader_stall,gpu:1,normal_dataloader_stall
18.7,2026-01-01 00:00:18.700000+00:00,,syn-normal-dataloader-104,syn-normal-dataloader-104,,,,,0,10.0,164.1905433966455,80.68547502108805,45.95477293451451,2166.6258341473967,50.34290566309875,3686.3021321135957,100.0,100.0,True,,synthetic_normal_dataloader_stall,sim_user,normal_dataloader_stall,gpu:1,normal_dataloader_stall
18.8,2026-01-01 00:00:18.800000+00:00,,syn-normal-dataloader-104,syn-normal-dataloader-104,,,,,0,10.0,171.32377221825598,84.103140159998,51.261052738819444,2315.979614304614,51.543202411816395,4100.843186038011,100.0,100.0,True,,synthetic_normal_dataloader_stall,sim_user,normal_dataloader_stall,gpu:1,normal_dataloader_stall
18.9,2026-01-01 00:00:18.900000+00:00,,syn-normal-dataloader-104,syn-normal-dataloader-104,,,,,0,10.0,174.22306210369928,85.79739132320971,48.65224966204144,2394.0446124375467,52.15755082949882,3925.8855654136546,100.0,100.0,True,,synthetic_normal_dataloader_stall,sim_user,normal_dataloader_stall,gpu:1,normal_dataloader_stall
19.0,2026-01-01 00:00:19+00:00,,syn-normal-dataloader-104,syn-normal-dataloader-104,,,,,0,10.0,178.14695421846187,87.10848343346572,48.35415435689322,2293.695658815469,52.637337958965205,3895.0089234379,100.0,100.0,True,,synthetic_normal_dataloader_stall,sim_user,normal_dataloader_stall,gpu:1,normal_dataloader_stall
19.1,2026-01-01 00:00:19.100000+00:00,,syn-normal-dataloader-104,syn-normal-dataloader-104,,,,,0,10.0,176.2759479104275,90.30002043859758,51.59635770680442,2462.3803948598106,53.27838193344172,4091.049657775612,100.0,100.0,True,,synthetic_normal_dataloader_stall,sim_user,normal_dataloader_stall,gpu:1,normal_dataloader_stall
19.2,2026-01-01 00:00:19.200000+00:00,,syn-normal-dataloader-104,syn-normal-dataloader-104,,,,,0,10.0,174.31180587185787,91.36281427980389,48.33314080241099,2488.5267677084844,53.46955084406463,3819.2772110499527,100.0,100.0,True,,synthetic_normal_dataloader_stall,sim_user,normal_dataloader_stall,gpu:1,normal_dataloader_stall
19.3,2026-01-01 00:00:19.300000+00:00,,syn-normal-dataloader-104,syn-normal-dataloader-104,,,,,0,10.0,167.34314750037817,83.70697482729925,47.53602976750637,2328.8478017928815,51.3805089636122,3745.1912136534297,100.0,100.0,True,,synthetic_normal_dataloader_stall,sim_user,normal_dataloader_stall,gpu:1,normal_dataloader_stall
19.4,2026-01-01 00:00:19.400000+00:00,,syn-normal-dataloader-104,syn-normal-dataloader-104,,,,,0,10.0,167.80769400365338,84.6597491958906,43.22749052398691,2314.4463418718246,51.45387712333514,3599.518082205733,100.0,100.0,True,,synthetic_normal_dataloader_stall,sim_user,normal_dataloader_stall,gpu:1,normal_dataloader_stall
19.5,2026-01-01 00:00:19.500000+00:00,,syn-normal-dataloader-104,syn-normal-dataloader-104,,,,,0,10.0,164.6698506376274,77.97582214623621,46.51434242573477,2124.1163951061912,49.436509493171776,3634.454154272651,100.0,100.0,True,,synthetic_normal_dataloader_stall,sim_user,normal_dataloader_stall,gpu:1,normal_dataloader_stall
19.6,2026-01-01 00:00:19.600000+00:00,,syn-normal-dataloader-104,syn-normal-dataloader-104,,,,,0,10.0,169.01664555423028,84.74324438859857,49.96572994665862,2339.354561073426,51.077336524934594,3877.635951042649,100.0,100.0,True,,synthetic_normal_dataloader_stall,sim_user,normal_dataloader_stall,gpu:1,normal_dataloader_stall
19.7,2026-01-01 00:00:19.700000+00:00,,syn-normal-dataloader-104,syn-normal-dataloader-104,,,,,0,10.0,166.65826764541671,82.23903039000992,47.27309323945535,2213.6377493049213,50.011027396189604,3746.8197383746437,100.0,100.0,True,,synthetic_normal_dataloader_stall,sim_user,normal_dataloader_stall,gpu:1,normal_dataloader_stall
19.8,2026-01-01 00:00:19.800000+00:00,,syn-normal-dataloader-104,syn-normal-dataloader-104,,,,,0,10.0,166.63287995324987,83.60110178219031,48.1152781436056,2275.012762942044,50.6175588960633,3918.106504783884,100.0,100.0,True,,synthetic_normal_dataloader_stall,sim_user,normal_dataloader_stall,gpu:1,normal_dataloader_stall
19.9,2026-01-01 00:00:19.900000+00:00,,syn-normal-dataloader-104,syn-normal-dataloader-104,,,,,0,10.0,172.43879524766135,85.2774664372171,48.19542556089075,2305.642021895805,50.97332658524246,3908.2901719350143,100.0,100.0,True,,synthetic_normal_dataloader_stall,sim_user,normal_dataloader_stall,gpu:1,normal_dataloader_stall
20.0,2026-01-01 00:00:20+00:00,,syn-normal-dataloader-104,syn-normal-dataloader-104,,,,,0,10.0,176.84320120422402,87.99619581697556,44.709341405834735,2433.0030769106393,51.9790394740492,3547.9613967457985,100.0,100.0,True,,synthetic_normal_dataloader_stall,sim_user,normal_dataloader_stall,gpu:1,normal_dataloader_stall
20.1,2026-01-01 00:00:20.100000+00:00,,syn-normal-dataloader-104,syn-normal-dataloader-104,,,,,0,10.0,174.74364911439744,86.52180717824409,44.47540370265176,2392.5644116299895,51.785452416814614,3510.635432887421,100.0,100.0,True,,synthetic_normal_dataloader_stall,sim_user,normal_dataloader_stall,gpu:1,normal_dataloader_stall
20.2,2026-01-01 00:00:20.200000+00:00,,syn-normal-dataloader-104,syn-normal-dataloader-104,,,,,0,10.0,176.61916050672403,88.05012792009254,49.46861439137806,2436.159397047693,52.17256293713548,3875.74791452385,100.0,100.0,True,,synthetic_normal_dataloader_stall,sim_user,normal_dataloader_stall,gpu:1,normal_dataloader_stall
20.3,2026-01-01 00:00:20.300000+00:00,,syn-normal-dataloader-104,syn-normal-dataloader-104,,,,,0,10.0,177.44909427812684,93.80017500271106,48.712709610263104,2502.2931031737226,53.67089011783603,3850.1226435825047,100.0,100.0,True,,synthetic_normal_dataloader_stall,sim_user,normal_dataloader_stall,gpu:1,normal_dataloader_stall
20.4,2026-01-01 00:00:20.400000+00:00,,syn-normal-dataloader-104,syn-normal-dataloader-104,,,,,0,10.0,177.54135759259108,91.19919725155414,47.12346623907371,2478.657005758918,52.798410612444684,3818.1684457117713,100.0,100.0,True,,synthetic_normal_dataloader_stall,sim_user,normal_dataloader_stall,gpu:1,normal_dataloader_stall
20.5,2026-01-01 00:00:20.500000+00:00,,syn-normal-dataloader-104,syn-normal-dataloader-104,,,,,0,10.0,170.20623619137103,82.71326999647789,41.91082565239883,2350.8150029730914,50.728602639394104,3223.6336519229667,100.0,100.0,True,,synthetic_normal_dataloader_stall,sim_user,normal_dataloader_stall,gpu:1,normal_dataloader_stall
20.6,2026-01-01 00:00:20.600000+00:00,,syn-normal-dataloader-104,syn-normal-dataloader-104,,,,,0,10.0,176.36850824667357,88.7228375648399,50.696593086977735,2379.573314641232,52.789054766814914,4056.124470282946,100.0,100.0,True,,synthetic_normal_dataloader_stall,sim_user,normal_dataloader_stall,gpu:1,normal_dataloader_stall
20.7,2026-01-01 00:00:20.700000+00:00,,syn-normal-dataloader-104,syn-normal-dataloader-104,,,,,0,10.0,179.4915012803374,90.28399607559925,50.290781022342145,2505.6055663322313,52.90160374239221,3907.7241864359326,100.0,100.0,True,,synthetic_normal_dataloader_stall,sim_user,normal_dataloader_stall,gpu:1,normal_dataloader_stall
20.8,2026-01-01 00:00:20.800000+00:00,,syn-normal-dataloader-104,syn-normal-dataloader-104,,,,,0,10.0,186.91705925509228,99.40129917064597,57.20871693585249,2520.0,55.52510840390654,4505.855963277871,100.0,100.0,True,,synthetic_normal_dataloader_stall,sim_user,normal_dataloader_stall,gpu:1,normal_dataloader_stall
20.9,2026-01-01 00:00:20.900000+00:00,,syn-normal-dataloader-104,syn-normal-dataloader-104,,,,,0,10.0,185.89235924374378,91.1952071045685,56.12536673018001,2505.235147926587,53.388788778277224,4331.147097235948,100.0,100.0,True,,synthetic_normal_dataloader_stall,sim_user,normal_dataloader_stall,gpu:1,normal_dataloader_stall
21.0,2026-01-01 00:00:21+00:00,,syn-normal-dataloader-104,syn-normal-dataloader-104,,,,,0,10.0,190.74877674131403,98.8406943651652,55.4917134352484,2520.0,55.418672150147266,4213.707447712294,100.0,100.0,True,,synthetic_normal_dataloader_stall,sim_user,normal_dataloader_stall,gpu:1,normal_dataloader_stall
21.1,2026-01-01 00:00:21.100000+00:00,,syn-normal-dataloader-104,syn-normal-dataloader-104,,,,,0,10.0,184.13535750720257,95.34914175953227,50.210749092312334,2520.0,54.589975230878835,4028.5824263186287,100.0,100.0,True,,synthetic_normal_dataloader_stall,sim_user,normal_dataloader_stall,gpu:1,normal_dataloader_stall
21.2,2026-01-01 00:00:21.200000+00:00,,syn-normal-dataloader-104,syn-normal-dataloader-104,,,,,0,10.0,178.72252374898275,94.7844466974236,53.09324840142979,2520.0,54.52987895265566,4114.366505299707,100.0,100.0,True,,synthetic_normal_dataloader_stall,sim_user,normal_dataloader_stall,gpu:1,normal_dataloader_stall
21.3,2026-01-01 00:00:21.300000+00:00,,syn-normal-dataloader-104,syn-normal-dataloader-104,,,,,0,10.0,170.37102801733917,89.03724201102094,51.89417095379228,2481.3875689256624,53.130261364442,4073.5251411834197,100.0,100.0,True,,synthetic_normal_dataloader_stall,sim_user,normal_dataloader_stall,gpu:1,normal_dataloader_stall
21.4,2026-01-01 00:00:21.400000+00:00,,syn-normal-dataloader-104,syn-normal-dataloader-104,,,,,0,10.0,164.70725929023493,82.03762044108457,49.95977357118268,2220.629805368334,51.04280887201048,4020.320342152053,100.0,100.0,True,,synthetic_normal_dataloader_stall,sim_user,normal_dataloader_stall,gpu:1,normal_dataloader_stall
21.5,2026-01-01 00:00:21.500000+00:00,,syn-normal-dataloader-104,syn-normal-dataloader-104,,,,,0,10.0,163.17643438991888,78.29943575469129,42.80352462107407,2165.1573302671836,49.80703488496547,3558.3878556390373,100.0,100.0,True,,synthetic_normal_dataloader_stall,sim_user,normal_dataloader_stall,gpu:1,normal_dataloader_stall
21.6,2026-01-01 00:00:21.600000+00:00,,syn-normal-dataloader-104,syn-normal-dataloader-104,,,,,0,10.0,163.92296773243498,79.91451096701954,46.4422875948937,2235.8664520114185,50.37219078031387,3844.1696866167827,100.0,100.0,True,,synthetic_normal_dataloader_stall,sim_user,normal_dataloader_stall,gpu:1,normal_dataloader_stall
21.7,2026-01-01 00:00:21.700000+00:00,,syn-normal-dataloader-104,syn-normal-dataloader-104,,,,,0,10.0,168.74845651893102,83.38105202162808,42.18053161132696,2322.0360231886534,51.36063562881421,3598.6723108878878,100.0,100.0,True,,synthetic_normal_dataloader_stall,sim_user,normal_dataloader_stall,gpu:1,normal_dataloader_stall
21.8,2026-01-01 00:00:21.800000+00:00,,syn-normal-dataloader-104,syn-normal-dataloader-104,,,,,0,10.0,171.15150179437143,85.71804389712854,44.1436933912848,2396.4289211358373,51.72363269725079,3572.2236422304973,100.0,100.0,True,,synthetic_normal_dataloader_stall,sim_user,normal_dataloader_stall,gpu:1,normal_dataloader_stall
21.9,2026-01-01 00:00:21.900000+00:00,,syn-normal-dataloader-104,syn-normal-dataloader-104,,,,,0,10.0,170.58423597710723,84.45563307112516,41.523761623523,2345.133224580971,51.572202302761646,3395.8846287091806,100.0,100.0,True,,synthetic_normal_dataloader_stall,sim_user,normal_dataloader_stall,gpu:1,normal_dataloader_stall
22.0,2026-01-01 00:00:22+00:00,,syn-normal-dataloader-104,syn-normal-dataloader-104,,,,,0,10.0,171.14049632737584,83.4568207300659,47.56525078829439,2269.268427640733,51.36183608187195,3801.21111072086,100.0,100.0,True,,synthetic_normal_dataloader_stall,sim_user,normal_dataloader_stall,gpu:1,normal_dataloader_stall
22.1,2026-01-01 00:00:22.100000+00:00,,syn-normal-dataloader-104,syn-normal-dataloader-104,,,,,0,10.0,173.23727144306505,88.58121305320235,44.27677819464575,2388.5036678865945,53.168631515367395,3540.2853411212927,100.0,100.0,True,,synthetic_normal_dataloader_stall,sim_user,normal_dataloader_stall,gpu:1,normal_dataloader_stall
22.2,2026-01-01 00:00:22.200000+00:00,,syn-normal-dataloader-104,syn-normal-dataloader-104,,,,,0,10.0,168.32120415128188,84.73310095215888,45.58588713088272,2348.249170628536,51.99715585973904,3599.5883654125105,100.0,100.0,True,,synthetic_normal_dataloader_stall,sim_user,normal_dataloader_stall,gpu:1,normal_dataloader_stall
22.3,2026-01-01 00:00:22.300000+00:00,,syn-normal-dataloader-104,syn-normal-dataloader-104,,,,,0,10.0,175.43312473458775,87.84500310831405,48.777001669655874,2408.16777334501,53.023593814408834,3864.7859244575898,100.0,100.0,True,,synthetic_normal_dataloader_stall,sim_user,normal_dataloader_stall,gpu:1,normal_dataloader_stall
22.4,2026-01-01 00:00:22.400000+00:00,,syn-normal-dataloader-104,syn-normal-dataloader-104,,,,,0,10.0,175.59821950226058,87.76010686533115,43.82915589865961,2431.086204559395,53.04564678243032,3517.883589033931,100.0,100.0,True,,synthetic_normal_dataloader_stall,sim_user,normal_dataloader_stall,gpu:1,normal_dataloader_stall
22.5,2026-01-01 00:00:22.500000+00:00,,syn-normal-dataloader-104,syn-normal-dataloader-104,,,,,0,10.0,175.25378134236414,87.26131432808367,42.121763479671536,2385.856119410316,52.812031838001964,3459.9993023344487,100.0,100.0,True,,synthetic_normal_dataloader_stall,sim_user,normal_dataloader_stall,gpu:1,normal_dataloader_stall
22.6,2026-01-01 00:00:22.600000+00:00,,syn-normal-dataloader-104,syn-normal-dataloader-104,,,,,0,10.0,181.6475479933399,90.22460681950275,53.35357777057517,2434.584912144304,53.70235174829505,4300.576473687614,100.0,100.0,True,,synthetic_normal_dataloader_stall,sim_user,normal_dataloader_stall,gpu:1,normal_dataloader_stall
22.7,2026-01-01 00:00:22.700000+00:00,,syn-normal-dataloader-104,syn-normal-dataloader-104,,,,,0,10.0,183.64014576314614,98.43734681577061,56.328344818625766,2520.0,55.96018105541582,4248.73836059449,100.0,100.0,True,,synthetic_normal_dataloader_stall,sim_user,normal_dataloader_stall,gpu:1,normal_dataloader_stall
22.8,2026-01-01 00:00:22.800000+00:00,,syn-normal-dataloader-104,syn-normal-dataloader-104,,,,,0,10.0,177.05725817636088,88.90533115060349,52.63308634298624,2423.0510351622625,52.950495562139835,4179.381670851476,100.0,100.0,True,,synthetic_normal_dataloader_stall,sim_user,normal_dataloader_stall,gpu:1,normal_dataloader_stall
22.9,2026-01-01 00:00:22.900000+00:00,,syn-normal-dataloader-104,syn-normal-dataloader-104,,,,,0,10.0,175.069752849034,87.22128066679468,48.81449165539237,2379.9108967484103,52.39026201252028,4015.7682245144724,100.0,100.0,True,,synthetic_normal_dataloader_stall,sim_user,normal_dataloader_stall,gpu:1,normal_dataloader_stall
23.0,2026-01-01 00:00:23+00:00,,syn-normal-dataloader-104,syn-normal-dataloader-104,,,,,0,10.0,175.67000711242056,91.76735512557852,55.62361785101857,2460.0700870263263,53.401920924084905,4164.800246427095,100.0,100.0,True,,synthetic_normal_dataloader_stall,sim_user,normal_dataloader_stall,gpu:1,normal_dataloader_stall
23.1,2026-01-01 00:00:23.100000+00:00,,syn-normal-dataloader-104,syn-normal-dataloader-104,,,,,0,10.0,165.7415692271764,82.24657006222608,47.13885133212236,2212.9823405685875,50.83287317270923,3779.338940084733,100.0,100.0,True,,synthetic_normal_dataloader_stall,sim_user,normal_dataloader_stall,gpu:1,normal_dataloader_stall
23.2,2026-01-01 00:00:23.200000+00:00,,syn-normal-dataloader-104,syn-normal-dataloader-104,,,,,0,10.0,168.25325726395252,85.04603454590908,41.794219034629165,2342.4388192205897,51.67025950128984,3450.236430135013,100.0,100.0,True,,synthetic_normal_dataloader_stall,sim_user,normal_dataloader_stall,gpu:1,normal_dataloader_stall
23.3,2026-01-01 00:00:23.300000+00:00,,syn-normal-dataloader-104,syn-normal-dataloader-104,,,,,0,10.0,173.4992588522064,85.49857639785628,49.146207718307636,2345.7590010564654,51.74773689996364,3998.997990992485,100.0,100.0,True,,synthetic_normal_dataloader_stall,sim_user,normal_dataloader_stall,gpu:1,normal_dataloader_stall
23.4,2026-01-01 00:00:23.400000+00:00,,syn-normal-dataloader-104,syn-normal-dataloader-104,,,,,0,10.0,177.306699850555,88.93026636233672,49.79114005441104,2446.6486727604674,53.013868220640425,3766.3385467386834,100.0,100.0,True,,synthetic_normal_dataloader_stall,sim_user,normal_dataloader_stall,gpu:1,normal_dataloader_stall
23.5,2026-01-01 00:00:23.500000+00:00,,syn-normal-dataloader-104,syn-normal-dataloader-104,,,,,0,10.0,179.62214244466162,87.46075292607831,43.61827123453525,2398.8162537087474,52.14904602547037,3580.2703933072235,100.0,100.0,True,,synthetic_normal_dataloader_stall,sim_user,normal_dataloader_stall,gpu:1,normal_dataloader_stall
23.6,2026-01-01 00:00:23.600000+00:00,,syn-normal-dataloader-104,syn-normal-dataloader-104,,,,,0,10.0,188.62232737465337,97.30834039071728,50.58376168648506,2520.0,55.29198137587324,4043.315797952266,100.0,100.0,True,,synthetic_normal_dataloader_stall,sim_user,normal_dataloader_stall,gpu:1,normal_dataloader_stall
23.7,2026-01-01 00:00:23.700000+00:00,,syn-normal-dataloader-104,syn-normal-dataloader-104,,,,,0,10.0,190.7181559862818,100.0,56.15668073069787,2520.0,56.13859012504639,4396.380181348201,100.0,100.0,True,,synthetic_normal_dataloader_stall,sim_user,normal_dataloader_stall,gpu:1,normal_dataloader_stall
23.8,2026-01-01 00:00:23.800000+00:00,,syn-normal-dataloader-104,syn-normal-dataloader-104,,,,,0,10.0,181.97347637005944,92.99505360303759,42.869403429925136,2520.0,54.314368783644255,3396.9377952138548,100.0,100.0,True,,synthetic_normal_dataloader_stall,sim_user,normal_dataloader_stall,gpu:1,normal_dataloader_stall
23.9,2026-01-01 00:00:23.900000+00:00,,syn-normal-dataloader-104,syn-normal-dataloader-104,,,,,0,10.0,178.95450559971653,91.43801006173766,50.03592218548729,2520.0,53.89182792793051,4037.3426527338784,100.0,100.0,True,,synthetic_normal_dataloader_stall,sim_user,normal_dataloader_stall,gpu:1,normal_dataloader_stall
24.0,2026-01-01 00:00:24+00:00,,syn-normal-dataloader-104,syn-normal-dataloader-104,,,,,0,10.0,176.88966742074192,91.8621313437717,44.01433871915108,2504.1834360806447,53.89068028291115,3470.134106563425,100.0,100.0,True,,synthetic_normal_dataloader_stall,sim_user,normal_dataloader_stall,gpu:1,normal_dataloader_stall
24.1,2026-01-01 00:00:24.100000+00:00,,syn-normal-dataloader-104,syn-normal-dataloader-104,,,,,0,10.0,177.15750787488747,91.99760378816207,52.78546952925659,2486.981256752347,53.51169471197479,4400.975600666058,100.0,100.0,True,,synthetic_normal_dataloader_stall,sim_user,normal_dataloader_stall,gpu:1,normal_dataloader_stall
24.2,2026-01-01 00:00:24.200000+00:00,,syn-normal-dataloader-104,syn-normal-dataloader-104,,,,,0,10.0,170.14927377827726,83.8229235632179,48.59196259540003,2316.4824406105627,51.236379591241466,3853.741643186105,100.0,100.0,True,,synthetic_normal_dataloader_stall,sim_user,normal_dataloader_stall,gpu:1,normal_dataloader_stall
24.3,2026-01-01 00:00:24.300000+00:00,,syn-normal-dataloader-104,syn-normal-dataloader-104,,,,,0,10.0,171.08899170686846,84.61399907990392,40.802522581143705,2321.8890852693094,51.14217711467532,3537.7310475607865,100.0,100.0,True,,synthetic_normal_dataloader_stall,sim_user,normal_dataloader_stall,gpu:1,normal_dataloader_stall
24.4,2026-01-01 00:00:24.400000+00:00,,syn-normal-dataloader-104,syn-normal-dataloader-104,,,,,0,10.0,172.6336435420475,86.36317564882673,42.683237018228226,2427.7434026696337,52.12796676102599,3490.691825752789,100.0,100.0,True,,synthetic_normal_dataloader_stall,sim_user,normal_dataloader_stall,gpu:1,normal_dataloader_stall
24.5,2026-01-01 00:00:24.500000+00:00,,syn-normal-dataloader-104,syn-normal-dataloader-104,,,,,0,10.0,173.69420959208634,90.1710599892119,46.92183191107079,2442.0299620483875,52.92817292589758,3859.4762099085583,100.0,100.0,True,,synthetic_normal_dataloader_stall,sim_user,normal_dataloader_stall,gpu:1,normal_dataloader_stall
24.6,2026-01-01 00:00:24.600000+00:00,,syn-normal-dataloader-104,syn-normal-dataloader-104,,,,,0,10.0,170.53895056195705,83.45299346474515,44.15761232488342,2326.963879174644,51.18902977298986,3555.249296712645,100.0,100.0,True,,synthetic_normal_dataloader_stall,sim_user,normal_dataloader_stall,gpu:1,normal_dataloader_stall
24.7,2026-01-01 00:00:24.700000+00:00,,syn-normal-dataloader-104,syn-normal-dataloader-104,,,,,0,10.0,172.93188145855774,86.07747918655342,43.11867839960839,2334.263396686008,51.84588061026088,3428.7711061053647,100.0,100.0,True,,synthetic_normal_dataloader_stall,sim_user,normal_dataloader_stall,gpu:1,normal_dataloader_stall
24.8,2026-01-01 00:00:24.800000+00:00,,syn-normal-dataloader-104,syn-normal-dataloader-104,,,,,0,10.0,178.26493248578785,89.84234093680627,51.89215793286916,2402.9996599838655,53.05343777033237,4266.849391253784,100.0,100.0,True,,synthetic_normal_dataloader_stall,sim_user,normal_dataloader_stall,gpu:1,normal_dataloader_stall
24.9,2026-01-01 00:00:24.900000+00:00,,syn-normal-dataloader-104,syn-normal-dataloader-104,,,,,0,10.0,176.73612234110203,89.47054059001583,48.40532809094948,2433.8693220591317,53.04865428589957,3882.1487344848147,100.0,100.0,True,,synthetic_normal_dataloader_stall,sim_user,normal_dataloader_stall,gpu:1,normal_dataloader_stall
25.0,2026-01-01 00:00:25+00:00,,syn-normal-dataloader-104,syn-normal-dataloader-104,,,,,0,10.0,182.81888678826076,93.40631488026652,45.046101509321915,2520.0,54.284688101076775,3575.517241435365,100.0,100.0,True,,synthetic_normal_dataloader_stall,sim_user,normal_dataloader_stall,gpu:1,normal_dataloader_stall
25.1,2026-01-01 00:00:25.100000+00:00,,syn-normal-dataloader-104,syn-normal-dataloader-104,,,,,0,10.0,182.77753358765477,92.20895800688429,50.82315895832183,2520.0,53.7769911915382,4099.433712527906,100.0,100.0,True,,synthetic_normal_dataloader_stall,sim_user,normal_dataloader_stall,gpu:1,normal_dataloader_stall
25.2,2026-01-01 00:00:25.200000+00:00,,syn-normal-dataloader-104,syn-normal-dataloader-104,,,,,0,10.0,185.93517899698904,97.24095092591,49.75758559641474,2520.0,55.35066781396104,3844.199100767275,100.0,100.0,True,,synthetic_normal_dataloader_stall,sim_user,normal_dataloader_stall,gpu:1,normal_dataloader_stall
25.3,2026-01-01 00:00:25.300000+00:00,,syn-normal-dataloader-104,syn-normal-dataloader-104,,,,,0,10.0,178.55634535114083,88.99363703982239,48.26172256986104,2414.5153879259046,52.793655082790494,4169.5588162009935,100.0,100.0,True,,synthetic_normal_dataloader_stall,sim_user,normal_dataloader_stall,gpu:1,normal_dataloader_stall
25.4,2026-01-01 00:00:25.400000+00:00,,syn-normal-dataloader-104,syn-normal-dataloader-104,,,,,0,10.0,181.76527260610146,96.46822436249995,56.53970649386543,2520.0,55.07180652635338,4322.755688283357,100.0,100.0,True,,synthetic_normal_dataloader_stall,sim_user,normal_dataloader_stall,gpu:1,normal_dataloader_stall
25.5,2026-01-01 00:00:25.500000+00:00,,syn-normal-dataloader-104,syn-normal-dataloader-104,,,,,0,10.0,171.87943263049002,86.97817661410552,43.48363145188469,2373.6526739184014,52.53573946579163,3523.4109468921038,100.0,100.0,True,,synthetic_normal_dataloader_stall,sim_user,normal_dataloader_stall,gpu:1,normal_dataloader_stall
25.6,2026-01-01 00:00:25.600000+00:00,,syn-normal-dataloader-104,syn-normal-dataloader-104,,,,,0,10.0,166.85724907979892,84.99924952401786,46.55651035294986,2405.6815800722175,52.08691887810789,3745.6976005758397,100.0,100.0,True,,synthetic_normal_dataloader_stall,sim_user,normal_dataloader_stall,gpu:1,normal_dataloader_stall
25.7,2026-01-01 00:00:25.700000+00:00,,syn-normal-dataloader-104,syn-normal-dataloader-104,,,,,0,10.0,167.12170424445026,81.31414527325542,42.45171127500969,2264.6936831266494,51.023438586933466,3621.931321609033,100.0,100.0,True,,synthetic_normal_dataloader_stall,sim_user,normal_dataloader_stall,gpu:1,normal_dataloader_stall
25.8,2026-01-01 00:00:25.800000+00:00,,syn-normal-dataloader-104,syn-normal-dataloader-104,,,,,0,10.0,170.76952908535088,86.57693053471274,46.877559971683446,2305.810872574375,52.603457876844445,3809.1439793873883,100.0,100.0,True,,synthetic_normal_dataloader_stall,sim_user,normal_dataloader_stall,gpu:1,normal_dataloader_stall
25.9,2026-01-01 00:00:25.900000+00:00,,syn-normal-dataloader-104,syn-normal-dataloader-104,,,,,0,10.0,166.26989354883736,80.81146705082338,49.292920315597954,2217.545178530613,51.276951197902456,3943.6820117953052,100.0,100.0,True,,synthetic_normal_dataloader_stall,sim_user,normal_dataloader_stall,gpu:1,normal_dataloader_stall
26.0,2026-01-01 00:00:26+00:00,,syn-normal-dataloader-104,syn-normal-dataloader-104,,,,,0,10.0,163.82449145618756,78.91718559876621,48.30545694081607,2194.169431701549,50.72287429354717,3765.5774566164496,100.0,100.0,True,,synthetic_normal_dataloader_stall,sim_user,normal_dataloader_stall,gpu:1,normal_dataloader_stall
26.1,2026-01-01 00:00:26.100000+00:00,,syn-normal-dataloader-104,syn-normal-dataloader-104,,,,,0,10.0,170.33756241920565,87.21185084544113,39.86068037775015,2350.247795409232,53.05255119653391,3182.5277346486228,100.0,100.0,True,,synthetic_normal_dataloader_stall,sim_user,normal_dataloader_stall,gpu:1,normal_dataloader_stall
26.2,2026-01-01 00:00:26.200000+00:00,,syn-normal-dataloader-104,syn-normal-dataloader-104,,,,,0,10.0,167.9888664765299,84.25339678640393,52.33217407740588,2297.9640684955066,52.21852743132965,4176.278773180273,100.0,100.0,True,,synthetic_normal_dataloader_stall,sim_user,normal_dataloader_stall,gpu:1,normal_dataloader_stall
26.3,2026-01-01 00:00:26.300000+00:00,,syn-normal-dataloader-104,syn-normal-dataloader-104,,,,,0,10.0,170.3532932648479,83.3336379331064,50.46781425787043,2335.3331426782815,51.98524106512514,3909.9949571494017,100.0,100.0,True,,synthetic_normal_dataloader_stall,sim_user,normal_dataloader_stall,gpu:1,normal_dataloader_stall
26.4,2026-01-01 00:00:26.400000+00:00,,syn-normal-dataloader-104,syn-normal-dataloader-104,,,,,0,10.0,176.63454382020194,85.24545622651898,43.82792342318539,2317.8825266204717,52.334874076814465,3612.8248245909554,100.0,100.0,True,,synthetic_normal_dataloader_stall,sim_user,normal_dataloader_stall,gpu:1,normal_dataloader_stall
26.5,2026-01-01 00:00:26.500000+00:00,,syn-normal-dataloader-104,syn-normal-dataloader-104,,,,,0,10.0,186.13626120682633,96.31363490349855,56.36598266488334,2520.0,55.26973086984607,4420.3612403310035,100.0,100.0,True,,synthetic_normal_dataloader_stall,sim_user,normal_dataloader_stall,gpu:1,normal_dataloader_stall
26.6,2026-01-01 00:00:26.600000+00:00,,syn-normal-dataloader-104,syn-normal-dataloader-104,,,,,0,10.0,177.15431027338897,89.63446718979768,47.40140580592203,2459.2430072468296,53.304732079267104,3850.8555254033818,100.0,100.0,True,,synthetic_normal_dataloader_stall,sim_user,normal_dataloader_stall,gpu:1,normal_dataloader_stall
26.7,2026-01-01 00:00:26.700000+00:00,,syn-normal-dataloader-104,syn-normal-dataloader-104,,,,,0,10.0,167.34336811911572,85.45200642825989,48.69857633668463,2391.7953604877853,51.91146827142241,3794.4513907542305,100.0,100.0,True,,synthetic_normal_dataloader_stall,sim_user,normal_dataloader_stall,gpu:1,normal_dataloader_stall
26.8,2026-01-01 00:00:26.800000+00:00,,syn-normal-dataloader-104,syn-normal-dataloader-104,,,,,0,10.0,166.8883551962643,85.4938363481748,39.069503754161474,2377.405282825016,51.80810971255392,3051.9722095080424,100.0,100.0,True,,synthetic_normal_dataloader_stall,sim_user,normal_dataloader_stall,gpu:1,normal_dataloader_stall
26.9,2026-01-01 00:00:26.900000+00:00,,syn-normal-dataloader-104,syn-normal-dataloader-104,,,,,0,10.0,158.2916679037916,80.84769411728935,48.61343368413825,2303.5674725700455,50.924013273347356,3821.553552881557,100.0,100.0,True,,synthetic_normal_dataloader_stall,sim_user,normal_dataloader_stall,gpu:1,normal_dataloader_stall
27.0,2026-01-01 00:00:27+00:00,,syn-normal-dataloader-104,syn-normal-dataloader-104,,,,,0,10.0,158.14174027240276,73.94634252965137,33.2611729280198,2035.7780793790798,48.963972910473636,2676.191649780565,100.0,100.0,True,,synthetic_normal_dataloader_stall,sim_user,normal_dataloader_stall,gpu:1,normal_dataloader_stall
27.1,2026-01-01 00:00:27.100000+00:00,,syn-normal-dataloader-104,syn-normal-dataloader-104,,,,,0,10.0,166.05224578236715,76.59812787839437,34.71090575323622,2141.322201423151,49.89899702997538,2777.7005809318684,100.0,100.0,True,,synthetic_normal_dataloader_stall,sim_user,normal_dataloader_stall,gpu:1,normal_dataloader_stall
27.2,2026-01-01 00:00:27.200000+00:00,,syn-normal-dataloader-104,syn-normal-dataloader-104,,,,,0,10.0,175.66917694814285,90.02001518880854,50.04728028529375,2474.7037381720693,53.47896458731003,3910.1687103829386,100.0,100.0,True,,synthetic_normal_dataloader_stall,sim_user,normal_dataloader_stall,gpu:1,normal_dataloader_stall
27.3,2026-01-01 00:00:27.300000+00:00,,syn-normal-dataloader-104,syn-normal-dataloader-104,,,,,0,10.0,173.40856303960678,83.57762241632278,49.8484953678423,2340.4064023350725,51.665088895843446,3974.090971463367,100.0,100.0,True,,synthetic_normal_dataloader_stall,sim_user,normal_dataloader_stall,gpu:1,normal_dataloader_stall
27.4,2026-01-01 00:00:27.400000+00:00,,syn-normal-dataloader-104,syn-normal-dataloader-104,,,,,0,10.0,174.2355866036782,90.07637592401234,48.768962946327385,2393.2660035191516,53.55671279790446,3694.19860064473,100.0,100.0,True,,synthetic_normal_dataloader_stall,sim_user,normal_dataloader_stall,gpu:1,normal_dataloader_stall
27.5,2026-01-01 00:00:27.500000+00:00,,syn-normal-dataloader-104,syn-normal-dataloader-104,,,,,0,10.0,170.54550260231815,86.4773349703806,50.75415518787922,2358.96961862805,52.63357278956873,3916.708822561207,100.0,100.0,True,,synthetic_normal_dataloader_stall,sim_user,normal_dataloader_stall,gpu:1,normal_dataloader_stall
27.6,2026-01-01 00:00:27.600000+00:00,,syn-normal-dataloader-104,syn-normal-dataloader-104,,,,,0,10.0,168.74259766607815,84.58351434681003,51.616260147167125,2333.311970240616,52.17937932683001,4048.7630133202215,100.0,100.0,True,,synthetic_normal_dataloader_stall,sim_user,normal_dataloader_stall,gpu:1,normal_dataloader_stall
27.7,2026-01-01 00:00:27.700000+00:00,,syn-normal-dataloader-104,syn-normal-dataloader-104,,,,,0,10.0,169.88449490913035,85.1283773974259,48.012535497485175,2325.821378813924,52.40269902021135,3844.0534135664375,100.0,100.0,True,,synthetic_normal_dataloader_stall,sim_user,normal_dataloader_stall,gpu:1,normal_dataloader_stall
27.8,2026-01-01 00:00:27.800000+00:00,,syn-normal-dataloader-104,syn-normal-dataloader-104,,,,,0,10.0,176.01204755851688,85.65224522352102,53.283599110430885,2241.322401555705,52.26786297345534,4116.594902309954,100.0,100.0,True,,synthetic_normal_dataloader_stall,sim_user,normal_dataloader_stall,gpu:1,normal_dataloader_stall
27.9,2026-01-01 00:00:27.900000+00:00,,syn-normal-dataloader-104,syn-normal-dataloader-104,,,,,0,10.0,179.19156457172627,90.51601498994957,54.68003736366001,2427.7491025657273,53.587575382621786,4314.2050627847,100.0,100.0,True,,synthetic_normal_dataloader_stall,sim_user,normal_dataloader_stall,gpu:1,normal_dataloader_stall
28.0,2026-01-01 00:00:28+00:00,,syn-normal-dataloader-104,syn-normal-dataloader-104,,,,,0,10.0,181.50409032439953,91.68716267652307,48.5259794329073,2516.0827408682594,53.935573388162375,3881.209223618803,100.0,100.0,True,,synthetic_normal_dataloader_stall,sim_user,normal_dataloader_stall,gpu:1,normal_dataloader_stall
28.1,2026-01-01 00:00:28.100000+00:00,,syn-normal-dataloader-104,syn-normal-dataloader-104,,,,,0,10.0,187.44518282452754,96.28748196209051,48.87744829413466,2520.0,55.32553697299798,3759.3915341325355,100.0,100.0,True,,synthetic_normal_dataloader_stall,sim_user,normal_dataloader_stall,gpu:1,normal_dataloader_stall
28.2,2026-01-01 00:00:28.200000+00:00,,syn-normal-dataloader-104,syn-normal-dataloader-104,,,,,0,10.0,184.12445516161566,97.5450763507301,51.328447012456685,2520.0,55.74067143998893,4052.942083297124,100.0,100.0,True,,synthetic_normal_dataloader_stall,sim_user,normal_dataloader_stall,gpu:1,normal_dataloader_stall
28.3,2026-01-01 00:00:28.300000+00:00,,syn-normal-dataloader-104,syn-normal-dataloader-104,,,,,0,10.0,175.56576705517685,87.51080879995756,47.73699312900114,2411.571069921891,52.7484851691713,3742.4985958077805,100.0,100.0,True,,synthetic_normal_dataloader_stall,sim_user,normal_dataloader_stall,gpu:1,normal_dataloader_stall
28.4,2026-01-01 00:00:28.400000+00:00,,syn-normal-dataloader-104,syn-normal-dataloader-104,,,,,0,10.0,174.79274916954242,89.48399421945454,55.989745467492575,2415.552788636849,53.2155746856925,4375.025724923255,100.0,100.0,True,,synthetic_normal_dataloader_stall,sim_user,normal_dataloader_stall,gpu:1,normal_dataloader_stall
28.5,2026-01-01 00:00:28.500000+00:00,,syn-normal-dataloader-104,syn-normal-dataloader-104,,,,,0,10.0,169.21389319392873,88.45701481567139,56.45854831914187,2405.7162370012143,53.02726509095109,4411.686349100038,100.0,100.0,True,,synthetic_normal_dataloader_stall,sim_user,normal_dataloader_stall,gpu:1,normal_dataloader_stall
28.6,2026-01-01 00:00:28.600000+00:00,,syn-normal-dataloader-104,syn-normal-dataloader-104,,,,,0,10.0,158.7457222633818,77.2818850363131,36.38562395096728,2099.1236639038907,49.873793472545096,2964.6542483587855,100.0,100.0,True,,synthetic_normal_dataloader_stall,sim_user,normal_dataloader_stall,gpu:1,normal_dataloader_stall
28.7,2026-01-01 00:00:28.700000+00:00,,syn-normal-dataloader-104,syn-normal-dataloader-104,,,,,0,10.0,162.76323640570305,79.34104053299954,52.472209741238125,2155.0868294435113,50.33520764957466,4275.9537865552065,100.0,100.0,True,,synthetic_normal_dataloader_stall,sim_user,normal_dataloader_stall,gpu:1,normal_dataloader_stall
28.8,2026-01-01 00:00:28.800000+00:00,,syn-normal-dataloader-104,syn-normal-dataloader-104,,,,,0,10.0,169.89187681183407,83.67572490510422,37.432122360991976,2354.7053875981537,51.632312306909604,3096.136566655702,100.0,100.0,True,,synthetic_normal_dataloader_stall,sim_user,normal_dataloader_stall,gpu:1,normal_dataloader_stall
28.9,2026-01-01 00:00:28.900000+00:00,,syn-normal-dataloader-104,syn-normal-dataloader-104,,,,,0,10.0,174.01197851200507,85.30793549627207,40.608194109279864,2341.6536781531,52.0759740136382,3218.635205344749,100.0,100.0,True,,synthetic_normal_dataloader_stall,sim_user,normal_dataloader_stall,gpu:1,normal_dataloader_stall
29.0,2026-01-01 00:00:29+00:00,,syn-normal-dataloader-104,syn-normal-dataloader-104,,,,,0,10.0,175.8754172880136,85.37582790492682,42.23748151506319,2320.0479122212155,52.26161397405118,3537.540617456846,100.0,100.0,True,,synthetic_normal_dataloader_stall,sim_user,normal_dataloader_stall,gpu:1,normal_dataloader_stall
29.1,2026-01-01 00:00:29.100000+00:00,,syn-normal-dataloader-104,syn-normal-dataloader-104,,,,,0,10.0,179.10789832233394,91.87394126652748,56.5899305804003,2520.0,53.865491437258505,4434.701666236405,100.0,100.0,True,,synthetic_normal_dataloader_stall,sim_user,normal_dataloader_stall,gpu:1,normal_dataloader_stall
29.2,2026-01-01 00:00:29.200000+00:00,,syn-normal-dataloader-104,syn-normal-dataloader-104,,,,,0,10.0,178.04037323580997,93.03197336922828,47.1054869979203,2518.2243130609327,54.11638815997501,3660.2491156587503,100.0,100.0,True,,synthetic_normal_dataloader_stall,sim_user,normal_dataloader_stall,gpu:1,normal_dataloader_stall
29.3,2026-01-01 00:00:29.300000+00:00,,syn-normal-dataloader-104,syn-normal-dataloader-104,,,,,0,10.0,171.29962271873325,87.24611796922386,50.638824082473995,2414.777116858454,52.3280446626433,4130.645089896695,100.0,100.0,True,,synthetic_normal_dataloader_stall,sim_user,normal_dataloader_stall,gpu:1,normal_dataloader_stall
29.4,2026-01-01 00:00:29.400000+00:00,,syn-normal-dataloader-104,syn-normal-dataloader-104,,,,,0,10.0,169.07933395735967,83.66418510264289,47.190248059754055,2300.3332523616114,51.30262637835163,3702.109214223764,100.0,100.0,True,,synthetic_normal_dataloader_stall,sim_user,normal_dataloader_stall,gpu:1,normal_dataloader_stall
29.5,2026-01-01 00:00:29.500000+00:00,,syn-normal-dataloader-104,syn-normal-dataloader-104,,,,,0,10.0,169.18334573353164,83.61534852609746,44.35275314174175,2313.5419606733744,51.391755726727894,3394.759714627844,100.0,100.0,True,,synthetic_normal_dataloader_stall,sim_user,normal_dataloader_stall,gpu:1,normal_dataloader_stall
29.6,2026-01-01 00:00:29.600000+00:00,,syn-normal-dataloader-104,syn-normal-dataloader-104,,,,,0,10.0,173.79489087217362,88.05366829084016,49.91240286454713,2377.109420614855,53.18816848698474,4034.6820833471747,100.0,100.0,True,,synthetic_normal_dataloader_stall,sim_user,normal_dataloader_stall,gpu:1,normal_dataloader_stall
29.7,2026-01-01 00:00:29.700000+00:00,,syn-normal-dataloader-104,syn-normal-dataloader-104,,,,,0,10.0,174.9730151756677,86.74345797697623,45.18516425666118,2388.3133910320744,52.71574242829215,3694.837958661329,100.0,100.0,True,,synthetic_normal_dataloader_stall,sim_user,normal_dataloader_stall,gpu:1,normal_dataloader_stall
29.8,2026-01-01 00:00:29.800000+00:00,,syn-normal-dataloader-104,syn-normal-dataloader-104,,,,,0,10.0,177.71630758251544,89.5202660912729,50.47913748141421,2459.7955264002476,53.5559991981354,3961.886614946982,100.0,100.0,True,,synthetic_normal_dataloader_stall,sim_user,normal_dataloader_stall,gpu:1,normal_dataloader_stall
29.9,2026-01-01 00:00:29.900000+00:00,,syn-normal-dataloader-104,syn-normal-dataloader-104,,,,,0,10.0,174.8809496630415,87.12799586469949,47.08940440566747,2419.7526286610146,52.704723929307455,4094.080810772063,100.0,100.0,True,,synthetic_normal_dataloader_stall,sim_user,normal_dataloader_stall,gpu:1,normal_dataloader_stall
30.0,2026-01-01 00:00:30+00:00,,syn-normal-dataloader-104,syn-normal-dataloader-104,,,,,0,10.0,175.01014997908206,90.09891910233814,63.05552525586282,2501.1607718730743,53.40758605341386,4895.506335161511,100.0,100.0,True,,synthetic_normal_dataloader_stall,sim_user,normal_dataloader_stall,gpu:1,normal_dataloader_stall
30.1,2026-01-01 00:00:30.100000+00:00,,syn-normal-dataloader-104,syn-normal-dataloader-104,,,,,0,10.0,174.56555633435966,89.28999344661835,43.60883905634153,2421.904413037946,53.43987689182055,3684.2107415790088,100.0,100.0,True,,synthetic_normal_dataloader_stall,sim_user,normal_dataloader_stall,gpu:1,normal_dataloader_stall
30.2,2026-01-01 00:00:30.200000+00:00,,syn-normal-dataloader-104,syn-normal-dataloader-104,,,,,0,10.0,178.11975086844606,90.41344438553337,52.10108676036588,2501.9209733225834,53.73650294455832,4228.813305648088,100.0,100.0,True,,synthetic_normal_dataloader_stall,sim_user,normal_dataloader_stall,gpu:1,normal_dataloader_stall
30.3,2026-01-01 00:00:30.300000+00:00,,syn-normal-dataloader-104,syn-normal-dataloader-104,,,,,0,10.0,176.1568504864889,86.71760412260618,45.81956003102432,2351.361936001781,52.748363060210714,3659.0427475475976,100.0,100.0,True,,synthetic_normal_dataloader_stall,sim_user,normal_dataloader_stall,gpu:1,normal_dataloader_stall
30.4,2026-01-01 00:00:30.400000+00:00,,syn-normal-dataloader-104,syn-normal-dataloader-104,,,,,0,10.0,187.41916068708275,94.55011614794518,59.44325102629798,2520.0,55.001584755264275,4650.918096083673,100.0,100.0,True,,synthetic_normal_dataloader_stall,sim_user,normal_dataloader_stall,gpu:1,normal_dataloader_stall
30.5,2026-01-01 00:00:30.500000+00:00,,syn-normal-dataloader-104,syn-normal-dataloader-104,,,,,0,10.0,187.7794241401213,97.27370289863534,58.82814941511698,2520.0,55.2712273297334,4653.646831509196,100.0,100.0,True,,synthetic_normal_dataloader_stall,sim_user,normal_dataloader_stall,gpu:1,normal_dataloader_stall
30.6,2026-01-01 00:00:30.600000+00:00,,syn-normal-dataloader-104,syn-normal-dataloader-104,,,,,0,10.0,184.3802385478748,97.40193268304934,54.450379109180744,2520.0,55.35641308763638,4195.524450407923,100.0,100.0,True,,synthetic_normal_dataloader_stall,sim_user,normal_dataloader_stall,gpu:1,normal_dataloader_stall
30.7,2026-01-01 00:00:30.700000+00:00,,syn-normal-dataloader-104,syn-normal-dataloader-104,,,,,0,10.0,180.0262933125099,90.2203437871534,54.30170871861015,2468.8392558433607,52.90857656031205,4557.420785104483,100.0,100.0,True,,synthetic_normal_dataloader_stall,sim_user,normal_dataloader_stall,gpu:1,normal_dataloader_stall
30.8,2026-01-01 00:00:30.800000+00:00,,syn-normal-dataloader-104,syn-normal-dataloader-104,,,,,0,10.0,179.61370795175992,96.24838499485105,49.16468890560615,2520.0,54.65036088173479,3890.9465076465267,100.0,100.0,True,,synthetic_normal_dataloader_stall,sim_user,normal_dataloader_stall,gpu:1,normal_dataloader_stall
30.9,2026-01-01 00:00:30.900000+00:00,,syn-normal-dataloader-104,syn-normal-dataloader-104,,,,,0,10.0,171.87921364810424,85.69801815770353,46.03041845294876,2361.7927564924316,52.142608642998425,3745.837614176802,100.0,100.0,True,,synthetic_normal_dataloader_stall,sim_user,normal_dataloader_stall,gpu:1,normal_dataloader_stall
31.0,2026-01-01 00:00:31+00:00,,syn-normal-dataloader-104,syn-normal-dataloader-104,,,,,0,10.0,173.4512152466325,86.62428188524878,52.85853483950562,2349.8668090313004,52.459452294398695,4186.874367628724,100.0,100.0,True,,synthetic_normal_dataloader_stall,sim_user,normal_dataloader_stall,gpu:1,normal_dataloader_stall
31.1,2026-01-01 00:00:31.100000+00:00,,syn-normal-dataloader-104,syn-normal-dataloader-104,,,,,0,10.0,173.30999708399995,88.022210664851,44.14241036892429,2441.417925402957,52.91642009880094,3563.8869822808233,100.0,100.0,True,,synthetic_normal_dataloader_stall,sim_user,normal_dataloader_stall,gpu:1,normal_dataloader_stall
31.2,2026-01-01 00:00:31.200000+00:00,,syn-normal-dataloader-104,syn-normal-dataloader-104,,,,,0,10.0,171.469834741564,84.9389852241305,50.729737262142635,2286.4498641421474,51.8976164414036,4152.885951059275,100.0,100.0,True,,synthetic_normal_dataloader_stall,sim_user,normal_dataloader_stall,gpu:1,normal_dataloader_stall
31.3,2026-01-01 00:00:31.300000+00:00,,syn-normal-dataloader-104,syn-normal-dataloader-104,,,,,0,10.0,175.15461170022854,88.48308110800204,52.989452642543654,2368.089667700804,52.509432607222784,4219.634250604255,100.0,100.0,True,,synthetic_normal_dataloader_stall,sim_user,normal_dataloader_stall,gpu:1,normal_dataloader_stall
31.4,2026-01-01 00:00:31.400000+00:00,,syn-normal-dataloader-104,syn-normal-dataloader-104,,,,,0,10.0,178.83086523143652,90.81336373794615,53.53762179977127,2519.834089013832,53.67340935841423,4132.698956522343,100.0,100.0,True,,synthetic_normal_dataloader_stall,sim_user,normal_dataloader_stall,gpu:1,normal_dataloader_stall
31.5,2026-01-01 00:00:31.500000+00:00,,syn-normal-dataloader-104,syn-normal-dataloader-104,,,,,0,10.0,185.26061023917657,93.4396999288573,52.84235319407339,2520.0,54.36148049051458,4043.475613794304,100.0,100.0,True,,synthetic_normal_dataloader_stall,sim_user,normal_dataloader_stall,gpu:1,normal_dataloader_stall
31.6,2026-01-01 00:00:31.600000+00:00,,syn-normal-dataloader-104,syn-normal-dataloader-104,,,,,0,10.0,187.18182650262867,94.91170981159215,53.43147545156564,2520.0,55.12601994492772,4295.011939049419,100.0,100.0,True,,synthetic_normal_dataloader_stall,sim_user,normal_dataloader_stall,gpu:1,normal_dataloader_stall
31.7,2026-01-01 00:00:31.700000+00:00,,syn-normal-dataloader-104,syn-normal-dataloader-104,,,,,0,10.0,183.6649628250964,94.53075540538754,46.75756249616769,2484.218865857668,55.087877112853334,3734.461895115924,100.0,100.0,True,,synthetic_normal_dataloader_stall,sim_user,normal_dataloader_stall,gpu:1,normal_dataloader_stall
31.8,2026-01-01 00:00:31.800000+00:00,,syn-normal-dataloader-104,syn-normal-dataloader-104,,,,,0,10.0,180.62702126280007,94.13577102377036,52.716467416135,2520.0,54.99996948822871,4011.5281077979707,100.0,100.0,True,,synthetic_normal_dataloader_stall,sim_user,normal_dataloader_stall,gpu:1,normal_dataloader_stall
31.9,2026-01-01 00:00:31.900000+00:00,,syn-normal-dataloader-104,syn-normal-dataloader-104,,,,,0,10.0,172.00519216988695,91.10622471726796,41.88997189035581,2425.4622259310217,54.06759356461043,3419.565518875923,100.0,100.0,True,,synthetic_normal_dataloader_stall,sim_user,normal_dataloader_stall,gpu:1,normal_dataloader_stall
32.0,2026-01-01 00:00:32+00:00,,syn-normal-dataloader-104,syn-normal-dataloader-104,,,,,0,10.0,165.4883427053874,83.15194710972106,40.1481327579571,2248.808524788045,51.901884804897776,3244.5543108919787,100.0,100.0,True,,synthetic_normal_dataloader_stall,sim_user,normal_dataloader_stall,gpu:1,normal_dataloader_stall
32.1,2026-01-01 00:00:32.100000+00:00,,syn-normal-dataloader-104,syn-normal-dataloader-104,,,,,0,10.0,162.84586653945414,78.32839779588454,43.69358059867775,2208.219318110351,50.54332887993721,3487.3500111769717,100.0,100.0,True,,synthetic_normal_dataloader_stall,sim_user,normal_dataloader_stall,gpu:1,normal_dataloader_stall
32.2,2026-01-01 00:00:32.200000+00:00,,syn-normal-dataloader-104,syn-normal-dataloader-104,,,,,0,10.0,39.290175606891175,8.033160916938884,7.389404943904216,469.1264595946096,31.074379703657097,1143.7261649133775,100.0,100.0,True,,synthetic_normal_dataloader_stall,sim_user,normal_dataloader_stall,gpu:1,normal_dataloader_stall
32.3,2026-01-01 00:00:32.300000+00:00,,syn-normal-dataloader-104,syn-normal-dataloader-104,,,,,0,10.0,46.71986401831041,10.040094519598394,0.45002337207110976,416.3034199672191,31.4487737237878,509.7192549793477,100.0,100.0,True,,synthetic_normal_dataloader_stall,sim_user,normal_dataloader_stall,gpu:1,normal_dataloader_stall
32.4,2026-01-01 00:00:32.400000+00:00,,syn-normal-dataloader-104,syn-normal-dataloader-104,,,,,0,10.0,44.905004340908846,12.396560334379588,10.38370166427977,516.6044865308891,32.16374526272823,1262.7085413566049,100.0,100.0,True,,synthetic_normal_dataloader_stall,sim_user,normal_dataloader_stall,gpu:1,normal_dataloader_stall
32.5,2026-01-01 00:00:32.500000+00:00,,syn-normal-dataloader-104,syn-normal-dataloader-104,,,,,0,10.0,55.97695149655385,17.316234078976272,8.143109284586425,677.5744956984433,33.39174715382324,1118.8260884991535,100.0,100.0,True,,synthetic_normal_dataloader_stall,sim_user,normal_dataloader_stall,gpu:1,normal_dataloader_stall
32.6,2026-01-01 00:00:32.600000+00:00,,syn-normal-dataloader-104,syn-normal-dataloader-104,,,,,0,10.0,42.73473076386091,11.618607179407428,0.9377470171365241,446.5210852572643,31.618561819362682,147.1478633646846,100.0,100.0,True,,synthetic_normal_dataloader_stall,sim_user,normal_dataloader_stall,gpu:1,normal_dataloader_stall
32.7,2026-01-01 00:00:32.700000+00:00,,syn-normal-dataloader-104,syn-normal-dataloader-104,,,,,0,10.0,51.191961823552376,15.37431976241067,9.646610181358833,636.5338311056275,32.35566566315787,1150.587529463116,100.0,100.0,True,,synthetic_normal_dataloader_stall,sim_user,normal_dataloader_stall,gpu:1,normal_dataloader_stall
32.8,2026-01-01 00:00:32.800000+00:00,,syn-normal-dataloader-104,syn-normal-dataloader-104,,,,,0,10.0,43.21437025528375,11.229966515138884,8.020450341556518,419.05135073262556,31.072740287308687,995.461096164246,100.0,100.0,True,,synthetic_normal_dataloader_stall,sim_user,normal_dataloader_stall,gpu:1,normal_dataloader_stall
32.9,2026-01-01 00:00:32.900000+00:00,,syn-normal-dataloader-104,syn-normal-dataloader-104,,,,,0,10.0,49.44043128329902,14.065259522129482,6.3328918351801455,556.7411579813847,31.77541830091599,922.9160999088182,100.0,100.0,True,,synthetic_normal_dataloader_stall,sim_user,normal_dataloader_stall,gpu:1,normal_dataloader_stall
33.0,2026-01-01 00:00:33+00:00,,syn-normal-dataloader-104,syn-normal-dataloader-104,,,,,0,10.0,48.23667669111602,17.27661837820565,9.382895891385187,636.4672795720411,32.77453510920744,1016.0344375657484,100.0,100.0,True,,synthetic_normal_dataloader_stall,sim_user,normal_dataloader_stall,gpu:1,normal_dataloader_stall
33.1,2026-01-01 00:00:33.100000+00:00,,syn-normal-dataloader-104,syn-normal-dataloader-104,,,,,0,10.0,50.07401696631315,11.52871305207684,14.928232922435338,506.9808242251978,31.05403314984617,1571.3690641489688,100.0,100.0,True,,synthetic_normal_dataloader_stall,sim_user,normal_dataloader_stall,gpu:1,normal_dataloader_stall
33.2,2026-01-01 00:00:33.200000+00:00,,syn-normal-dataloader-104,syn-normal-dataloader-104,,,,,0,10.0,36.11533127149638,9.291566453757437,2.205543998836167,483.6289094629305,30.32070357829077,581.6456496355788,100.0,100.0,True,,synthetic_normal_dataloader_stall,sim_user,normal_dataloader_stall,gpu:1,normal_dataloader_stall
33.3,2026-01-01 00:00:33.300000+00:00,,syn-normal-dataloader-104,syn-normal-dataloader-104,,,,,0,10.0,43.84594043787757,13.925480542895215,2.5653338180580167,511.06573551292735,31.730934906642673,512.3578358109426,100.0,100.0,True,,synthetic_normal_dataloader_stall,sim_user,normal_dataloader_stall,gpu:1,normal_dataloader_stall
33.4,2026-01-01 00:00:33.400000+00:00,,syn-normal-dataloader-104,syn-normal-dataloader-104,,,,,0,10.0,36.83112606185283,8.720195344216304,3.1582326385232387,370.36905828590216,30.49751694531238,703.4694969209032,100.0,100.0,True,,synthetic_normal_dataloader_stall,sim_user,normal_dataloader_stall,gpu:1,normal_dataloader_stall
33.5,2026-01-01 00:00:33.500000+00:00,,syn-normal-dataloader-104,syn-normal-dataloader-104,,,,,0,10.0,47.65321687895015,14.369710031988278,9.44006255740945,587.5746236641307,31.985554622020192,1069.6085939656389,100.0,100.0,True,,synthetic_normal_dataloader_stall,sim_user,normal_dataloader_stall,gpu:1,normal_dataloader_stall
33.6,2026-01-01 00:00:33.600000+00:00,,syn-normal-dataloader-104,syn-normal-dataloader-104,,,,,0,10.0,41.2967097687546,10.966535957767878,5.569623829117438,543.7586801195695,30.974586142413894,878.5880916977891,100.0,100.0,True,,synthetic_normal_dataloader_stall,sim_user,normal_dataloader_stall,gpu:1,normal_dataloader_stall
33.7,2026-01-01 00:00:33.700000+00:00,,syn-normal-dataloader-104,syn-normal-dataloader-104,,,,,0,10.0,43.03504392435718,10.291937894168903,9.446162593776354,431.63270031577383,30.93067654320194,975.7327642033897,100.0,100.0,True,,synthetic_normal_dataloader_stall,sim_user,normal_dataloader_stall,gpu:1,normal_dataloader_stall
33.8,2026-01-01 00:00:33.800000+00:00,,syn-normal-dataloader-104,syn-normal-dataloader-104,,,,,0,10.0,34.40518038272624,3.943149569073769,3.4778362571055323,236.23180449212026,29.33882210656297,664.3375403214958,100.0,100.0,True,,synthetic_normal_dataloader_stall,sim_user,normal_dataloader_stall,gpu:1,normal_dataloader_stall
33.9,2026-01-01 00:00:33.900000+00:00,,syn-normal-dataloader-104,syn-normal-dataloader-104,,,,,0,10.0,43.83302889974588,13.236471388629123,8.739154824563958,527.0562874238686,32.06320844298764,1066.2251750714818,100.0,100.0,True,,synthetic_normal_dataloader_stall,sim_user,normal_dataloader_stall,gpu:1,normal_dataloader_stall
34.0,2026-01-01 00:00:34+00:00,,syn-normal-dataloader-104,syn-normal-dataloader-104,,,,,0,10.0,48.78240510001479,16.010802345562926,5.254414022290487,678.7709100839486,33.03095485794444,840.9838477853507,100.0,100.0,True,,synthetic_normal_dataloader_stall,sim_user,normal_dataloader_stall,gpu:1,normal_dataloader_stall
34.1,2026-01-01 00:00:34.100000+00:00,,syn-normal-dataloader-104,syn-normal-dataloader-104,,,,,0,10.0,45.102910698383205,14.211877180326837,13.096453944793678,502.8461283969068,32.322554617722055,1325.4112655256806,100.0,100.0,True,,synthetic_normal_dataloader_stall,sim_user,normal_dataloader_stall,gpu:1,normal_dataloader_stall
34.2,2026-01-01 00:00:34.200000+00:00,,syn-normal-dataloader-104,syn-normal-dataloader-104,,,,,0,10.0,48.45332612777676,14.054449280557868,2.1495573905807692,572.7629120929494,32.216059929796955,720.3910757576048,100.0,100.0,True,,synthetic_normal_dataloader_stall,sim_user,normal_dataloader_stall,gpu:1,normal_dataloader_stall
34.3,2026-01-01 00:00:34.300000+00:00,,syn-normal-dataloader-104,syn-normal-dataloader-104,,,,,0,10.0,53.15158216435295,19.212503934975405,16.55510383527819,723.4976269097591,33.42871243551929,1368.7252077538674,100.0,100.0,True,,synthetic_normal_dataloader_stall,sim_user,normal_dataloader_stall,gpu:1,normal_dataloader_stall
34.4,2026-01-01 00:00:34.400000+00:00,,syn-normal-dataloader-104,syn-normal-dataloader-104,,,,,0,10.0,48.833332949989554,15.833448448465546,3.219931179314048,563.6259100696559,32.85056982575192,613.3382044914623,100.0,100.0,True,,synthetic_normal_dataloader_stall,sim_user,normal_dataloader_stall,gpu:1,normal_dataloader_stall
34.5,2026-01-01 00:00:34.500000+00:00,,syn-normal-dataloader-104,syn-normal-dataloader-104,,,,,0,10.0,52.43935561657133,20.447317965061384,7.101501181681265,726.186210648026,34.3519109644639,903.0094692030951,100.0,100.0,True,,synthetic_normal_dataloader_stall,sim_user,normal_dataloader_stall,gpu:1,normal_dataloader_stall
34.6,2026-01-01 00:00:34.600000+00:00,,syn-normal-dataloader-104,syn-normal-dataloader-104,,,,,0,10.0,34.15596814569847,5.980596653034879,1.8028193665363625,335.07339566987804,30.153062121726766,568.205315644599,100.0,100.0,True,,synthetic_normal_dataloader_stall,sim_user,normal_dataloader_stall,gpu:1,normal_dataloader_stall
34.7,2026-01-01 00:00:34.700000+00:00,,syn-normal-dataloader-104,syn-normal-dataloader-104,,,,,0,10.0,54.239862617324356,13.430686507001752,14.294395643811512,481.62765600672884,32.27368410950439,1620.9979668778155,100.0,100.0,True,,synthetic_normal_dataloader_stall,sim_user,normal_dataloader_stall,gpu:1,normal_dataloader_stall
34.8,2026-01-01 00:00:34.800000+00:00,,syn-normal-dataloader-104,syn-normal-dataloader-104,,,,,0,10.0,35.2343180009794,4.45133758137016,0.0,289.65720269395854,29.62782448157299,420.2120774858784,100.0,100.0,True,,synthetic_normal_dataloader_stall,sim_user,normal_dataloader_stall,gpu:1,normal_dataloader_stall
34.9,2026-01-01 00:00:34.900000+00:00,,syn-normal-dataloader-104,syn-normal-dataloader-104,,,,,0,10.0,55.479396674323,19.212902832761024,14.925359783679328,725.9907595853558,33.648008996054315,1386.495719856467,100.0,100.0,True,,synthetic_normal_dataloader_stall,sim_user,normal_dataloader_stall,gpu:1,normal_dataloader_stall
35.0,2026-01-01 00:00:35+00:00,,syn-normal-dataloader-104,syn-normal-dataloader-104,,,,,0,10.0,35.39518543215149,3.8449137022928688,1.7389742817069878,302.959153187474,29.21204152642241,535.6496217704922,100.0,100.0,True,,synthetic_normal_dataloader_stall,sim_user,normal_dataloader_stall,gpu:1,normal_dataloader_stall
35.1,2026-01-01 00:00:35.100000+00:00,,syn-normal-dataloader-104,syn-normal-dataloader-104,,,,,0,10.0,37.74708352657063,9.448158091558824,0.8946011912842202,472.7591246750596,30.558219911918226,395.7480009436224,100.0,100.0,True,,synthetic_normal_dataloader_stall,sim_user,normal_dataloader_stall,gpu:1,normal_dataloader_stall
35.2,2026-01-01 00:00:35.200000+00:00,,syn-normal-dataloader-104,syn-normal-dataloader-104,,,,,0,10.0,42.398609612892564,9.273470977605776,8.3129449182121,446.0084445165455,30.270656690952855,1000.4750889113383,100.0,100.0,True,,synthetic_normal_dataloader_stall,sim_user,normal_dataloader_stall,gpu:1,normal_dataloader_stall
35.3,2026-01-01 00:00:35.300000+00:00,,syn-normal-dataloader-104,syn-normal-dataloader-104,,,,,0,10.0,57.08815661368096,19.600855816422474,9.524694685610886,650.1867203453448,32.933991213040855,906.5870140660163,100.0,100.0,True,,synthetic_normal_dataloader_stall,sim_user,normal_dataloader_stall,gpu:1,normal_dataloader_stall
35.4,2026-01-01 00:00:35.400000+00:00,,syn-normal-dataloader-104,syn-normal-dataloader-104,,,,,0,10.0,39.686764759834446,9.741148681620356,3.004153742923661,441.09559816596936,30.1543535652628,735.6776328845535,100.0,100.0,True,,synthetic_normal_dataloader_stall,sim_user,normal_dataloader_stall,gpu:1,normal_dataloader_stall
35.5,2026-01-01 00:00:35.500000+00:00,,syn-normal-dataloader-104,syn-normal-dataloader-104,,,,,0,10.0,52.62696064490633,14.971977199562742,12.175627873390026,540.8954175807401,31.596421159788452,1273.167905045915,100.0,100.0,True,,synthetic_normal_dataloader_stall,sim_user,normal_dataloader_stall,gpu:1,normal_dataloader_stall
35.6,2026-01-01 00:00:35.600000+00:00,,syn-normal-dataloader-104,syn-normal-dataloader-104,,,,,0,10.0,44.342475554530346,12.664775682607967,8.533426879249795,483.3822680588925,31.081310974783232,1123.9952880851633,100.0,100.0,True,,synthetic_normal_dataloader_stall,sim_user,normal_dataloader_stall,gpu:1,normal_dataloader_stall
35.7,2026-01-01 00:00:35.700000+00:00,,syn-normal-dataloader-104,syn-normal-dataloader-104,,,,,0,10.0,37.47169992162202,10.187426971011861,6.932065143649715,422.4304253348756,30.361025145575333,821.442334769204,100.0,100.0,True,,synthetic_normal_dataloader_stall,sim_user,normal_dataloader_stall,gpu:1,normal_dataloader_stall
35.8,2026-01-01 00:00:35.800000+00:00,,syn-normal-dataloader-104,syn-normal-dataloader-104,,,,,0,10.0,50.621937790925614,14.42571353964183,8.369748211486714,561.026621072654,31.465329231530443,1116.8821405084104,100.0,100.0,True,,synthetic_normal_dataloader_stall,sim_user,normal_dataloader_stall,gpu:1,normal_dataloader_stall
35.9,2026-01-01 00:00:35.900000+00:00,,syn-normal-dataloader-104,syn-normal-dataloader-104,,,,,0,10.0,42.80239197651242,10.28475402612997,15.543752526787856,449.68265456069463,30.383669090911546,1485.6988282897828,100.0,100.0,True,,synthetic_normal_dataloader_stall,sim_user,normal_dataloader_stall,gpu:1,normal_dataloader_stall
36.0,2026-01-01 00:00:36+00:00,,syn-normal-dataloader-104,syn-normal-dataloader-104,,,,,0,10.0,40.88141344405681,8.578347606215262,0.0,401.69560400441424,29.992626238119826,436.8440718771083,100.0,100.0,True,,synthetic_normal_dataloader_stall,sim_user,normal_dataloader_stall,gpu:1,normal_dataloader_stall
36.1,2026-01-01 00:00:36.100000+00:00,,syn-normal-dataloader-104,syn-normal-dataloader-104,,,,,0,10.0,51.8968207238534,17.529875898945985,8.245954179419076,695.7288143577541,32.67013456845104,885.2979811377975,100.0,100.0,True,,synthetic_normal_dataloader_stall,sim_user,normal_dataloader_stall,gpu:1,normal_dataloader_stall
36.2,2026-01-01 00:00:36.200000+00:00,,syn-normal-dataloader-104,syn-normal-dataloader-104,,,,,0,10.0,47.74365044417697,15.808182892127384,6.000918458245732,575.0694655029179,31.97890599588682,1015.8353321014876,100.0,100.0,True,,synthetic_normal_dataloader_stall,sim_user,normal_dataloader_stall,gpu:1,normal_dataloader_stall
36.3,2026-01-01 00:00:36.300000+00:00,,syn-normal-dataloader-104,syn-normal-dataloader-104,,,,,0,10.0,47.325715541788085,12.235363551211956,4.428782813069033,537.7127974828231,30.859113399859577,702.1547190376696,100.0,100.0,True,,synthetic_normal_dataloader_stall,sim_user,normal_dataloader_stall,gpu:1,normal_dataloader_stall
36.4,2026-01-01 00:00:36.400000+00:00,,syn-normal-dataloader-104,syn-normal-dataloader-104,,,,,0,10.0,45.762310088196486,11.799514464846169,0.0,518.003699612817,30.956683895987805,514.4726254200301,100.0,100.0,True,,synthetic_normal_dataloader_stall,sim_user,normal_dataloader_stall,gpu:1,normal_dataloader_stall
36.5,2026-01-01 00:00:36.500000+00:00,,syn-normal-dataloader-104,syn-normal-dataloader-104,,,,,0,10.0,62.30249117172865,23.96870881285831,11.74701465102735,826.2942602618967,34.35476418741267,1250.2008316669007,100.0,100.0,True,,synthetic_normal_dataloader_stall,sim_user,normal_dataloader_stall,gpu:1,normal_dataloader_stall
36.6,2026-01-01 00:00:36.600000+00:00,,syn-normal-dataloader-104,syn-normal-dataloader-104,,,,,0,10.0,36.07867154421187,7.069916926650588,4.595024179969014,393.4354459189973,29.612657825684266,751.290611606806,100.0,100.0,True,,synthetic_normal_dataloader_stall,sim_user,normal_dataloader_stall,gpu:1,normal_dataloader_stall
36.7,2026-01-01 00:00:36.700000+00:00,,syn-normal-dataloader-104,syn-normal-dataloader-104,,,,,0,10.0,42.55791426124787,14.185988760268408,7.1602351427969655,634.5409147185592,31.741904167955294,929.7593255664895,100.0,100.0,True,,synthetic_normal_dataloader_stall,sim_user,normal_dataloader_stall,gpu:1,normal_dataloader_stall
36.8,2026-01-01 00:00:36.800000+00:00,,syn-normal-dataloader-104,syn-normal-dataloader-104,,,,,0,10.0,40.286231268257424,9.28627161492612,1.6610721122350913,411.82044943104637,30.428616301071497,676.9127319599565,100.0,100.0,True,,synthetic_normal_dataloader_stall,sim_user,normal_dataloader_stall,gpu:1,normal_dataloader_stall
36.9,2026-01-01 00:00:36.900000+00:00,,syn-normal-dataloader-104,syn-normal-dataloader-104,,,,,0,10.0,40.9738325048293,8.472232401967945,0.0,380.50280915716866,30.221101074622496,451.3300266258884,100.0,100.0,True,,synthetic_normal_dataloader_stall,sim_user,normal_dataloader_stall,gpu:1,normal_dataloader_stall
37.0,2026-01-01 00:00:37+00:00,,syn-normal-dataloader-104,syn-normal-dataloader-104,,,,,0,10.0,33.02646664992186,2.647159324178831,1.738391076435361,270.27271792999267,28.77127572874665,544.869907266459,100.0,100.0,True,,synthetic_normal_dataloader_stall,sim_user,normal_dataloader_stall,gpu:1,normal_dataloader_stall
37.1,2026-01-01 00:00:37.100000+00:00,,syn-normal-dataloader-104,syn-normal-dataloader-104,,,,,0,10.0,42.48739340692174,9.322089802600793,1.8643925953682507,381.2751948634257,30.779449018611636,523.9480736919534,100.0,100.0,True,,synthetic_normal_dataloader_stall,sim_user,normal_dataloader_stall,gpu:1,normal_dataloader_stall
37.2,2026-01-01 00:00:37.200000+00:00,,syn-normal-dataloader-104,syn-normal-dataloader-104,,,,,0,10.0,46.236497273044584,9.304234651079739,6.100108497128375,484.80518882686874,30.882644407471055,810.2884105662431,100.0,100.0,True,,synthetic_normal_dataloader_stall,sim_user,normal_dataloader_stall,gpu:1,normal_dataloader_stall
37.3,2026-01-01 00:00:37.300000+00:00,,syn-normal-dataloader-104,syn-normal-dataloader-104,,,,,0,10.0,43.87639731813635,11.988158547794928,6.539203967520837,496.6567535718552,31.445413862667447,1123.0395681938421,100.0,100.0,True,,synthetic_normal_dataloader_stall,sim_user,normal_dataloader_stall,gpu:1,normal_dataloader_stall
37.4,2026-01-01 00:00:37.400000+00:00,,syn-normal-dataloader-104,syn-normal-dataloader-104,,,,,0,10.0,38.96883976704502,12.005726296847422,12.875693175582569,535.4236176994361,31.10454611873142,1318.0207255565629,100.0,100.0,True,,synthetic_normal_dataloader_stall,sim_user,normal_dataloader_stall,gpu:1,normal_dataloader_stall
37.5,2026-01-01 00:00:37.500000+00:00,,syn-normal-dataloader-104,syn-normal-dataloader-104,,,,,0,10.0,35.51855728053797,3.3763904866289396,0.5625752041378671,301.2778696560011,28.74417097992565,450.05586112596825,100.0,100.0,True,,synthetic_normal_dataloader_stall,sim_user,normal_dataloader_stall,gpu:1,normal_dataloader_stall
37.6,2026-01-01 00:00:37.600000+00:00,,syn-normal-dataloader-104,syn-normal-dataloader-104,,,,,0,10.0,165.1754323534079,79.58015073040578,47.307346800895964,2253.037408005963,49.86128814031688,3829.5236399226,100.0,100.0,True,,synthetic_normal_dataloader_stall,sim_user,normal_dataloader_stall,gpu:1,normal_dataloader_stall
37.7,2026-01-01 00:00:37.700000+00:00,,syn-normal-dataloader-104,syn-normal-dataloader-104,,,,,0,10.0,172.58576130413323,84.4049052091944,45.40233801093335,2274.7688551370047,51.56139004153534,3642.406139173117,100.0,100.0,True,,synthetic_normal_dataloader_stall,sim_user,normal_dataloader_stall,gpu:1,normal_dataloader_stall
37.8,2026-01-01 00:00:37.800000+00:00,,syn-normal-dataloader-104,syn-normal-dataloader-104,,,,,0,10.0,174.06242302457937,87.22694793479452,50.51221066887929,2358.2978933950035,52.547363844582684,4067.7253828220023,100.0,100.0,True,,synthetic_normal_dataloader_stall,sim_user,normal_dataloader_stall,gpu:1,normal_dataloader_stall
37.9,2026-01-01 00:00:37.900000+00:00,,syn-normal-dataloader-104,syn-normal-dataloader-104,,,,,0,10.0,173.94413385914095,85.6123492810179,48.93632164234043,2363.424877567911,52.120457675939626,3966.204350333106,100.0,100.0,True,,synthetic_normal_dataloader_stall,sim_user,normal_dataloader_stall,gpu:1,normal_dataloader_stall
38.0,2026-01-01 00:00:38+00:00,,syn-normal-dataloader-104,syn-normal-dataloader-104,,,,,0,10.0,174.62996869199267,89.6253118132315,52.19335976374199,2442.4510573593525,53.46040945190926,4112.44542715531,100.0,100.0,True,,synthetic_normal_dataloader_stall,sim_user,normal_dataloader_stall,gpu:1,normal_dataloader_stall
38.1,2026-01-01 00:00:38.100000+00:00,,syn-normal-dataloader-104,syn-normal-dataloader-104,,,,,0,10.0,174.15486043958992,89.77414708406631,44.29882733709155,2438.449807006768,53.52678239629184,3647.5086987900904,100.0,100.0,True,,synthetic_normal_dataloader_stall,sim_user,normal_dataloader_stall,gpu:1,normal_dataloader_stall
38.2,2026-01-01 00:00:38.200000+00:00,,syn-normal-dataloader-104,syn-normal-dataloader-104,,,,,0,10.0,176.5468320936299,87.70693079696397,47.57934933140309,2355.1992787829818,53.108077676419505,3763.2959656586245,100.0,100.0,True,,synthetic_normal_dataloader_stall,sim_user,normal_dataloader_stall,gpu:1,normal_dataloader_stall
38.3,2026-01-01 00:00:38.300000+00:00,,syn-normal-dataloader-104,syn-normal-dataloader-104,,,,,0,10.0,175.60419028343563,88.05016169317864,43.759660966592726,2376.6104936625584,53.071104216181254,3532.3943382638668,100.0,100.0,True,,synthetic_normal_dataloader_stall,sim_user,normal_dataloader_stall,gpu:1,normal_dataloader_stall
38.4,2026-01-01 00:00:38.400000+00:00,,syn-normal-dataloader-104,syn-normal-dataloader-104,,,,,0,10.0,174.97102562442498,86.67039700318405,49.184842282579886,2389.086178022748,52.52068604203068,3947.713843867302,100.0,100.0,True,,synthetic_normal_dataloader_stall,sim_user,normal_dataloader_stall,gpu:1,normal_dataloader_stall
38.5,2026-01-01 00:00:38.500000+00:00,,syn-normal-dataloader-104,syn-normal-dataloader-104,,,,,0,10.0,173.91844415430117,88.89226681124227,46.774580899757304,2384.447069623891,53.30360765506401,3786.858570070677,100.0,100.0,True,,synthetic_normal_dataloader_stall,sim_user,normal_dataloader_stall,gpu:1,normal_dataloader_stall
38.6,2026-01-01 00:00:38.600000+00:00,,syn-normal-dataloader-104,syn-normal-dataloader-104,,,,,0,10.0,173.42248458130845,90.94028877914066,48.8943267853029,2440.604755187363,53.86744550526393,3795.5445824375656,100.0,100.0,True,,synthetic_normal_dataloader_stall,sim_user,normal_dataloader_stall,gpu:1,normal_dataloader_stall
38.7,2026-01-01 00:00:38.700000+00:00,,syn-normal-dataloader-104,syn-normal-dataloader-104,,,,,0,10.0,169.37601492060634,82.88292672927413,39.53142706265863,2251.203869254122,51.5723986985869,3174.684980116364,100.0,100.0,True,,synthetic_normal_dataloader_stall,sim_user,normal_dataloader_stall,gpu:1,normal_dataloader_stall
38.8,2026-01-01 00:00:38.800000+00:00,,syn-normal-dataloader-104,syn-normal-dataloader-104,,,,,0,10.0,170.08561512815504,84.39918664770849,45.75271202752303,2375.0799237352658,52.09663705151241,3593.7825507794455,100.0,100.0,True,,synthetic_normal_dataloader_stall,sim_user,normal_dataloader_stall,gpu:1,normal_dataloader_stall
38.9,2026-01-01 00:00:38.900000+00:00,,syn-normal-dataloader-104,syn-normal-dataloader-104,,,,,0,10.0,170.82828808126368,83.54480011110564,48.1110144039737,2289.2337559814214,51.771764010193095,3885.5613353582435,100.0,100.0,True,,synthetic_normal_dataloader_stall,sim_user,normal_dataloader_stall,gpu:1,normal_dataloader_stall
39.0,2026-01-01 00:00:39+00:00,,syn-normal-dataloader-104,syn-normal-dataloader-104,,,,,0,10.0,181.03065041297398,92.72291060758616,51.05640694753422,2520.0,54.19150326437389,4248.001649537915,100.0,100.0,True,,synthetic_normal_dataloader_stall,sim_user,normal_dataloader_stall,gpu:1,normal_dataloader_stall
39.1,2026-01-01 00:00:39.100000+00:00,,syn-normal-dataloader-104,syn-normal-dataloader-104,,,,,0,10.0,185.95490698766775,95.575242213332,54.53971243320504,2520.0,54.9823718429976,4177.547266448955,100.0,100.0,True,,synthetic_normal_dataloader_stall,sim_user,normal_dataloader_stall,gpu:1,normal_dataloader_stall
39.2,2026-01-01 00:00:39.200000+00:00,,syn-normal-dataloader-104,syn-normal-dataloader-104,,,,,0,10.0,181.96953741244388,90.72434248161873,54.55643531594914,2509.1046408731377,53.904385692372735,4133.697691184727,100.0,100.0,True,,synthetic_normal_dataloader_stall,sim_user,normal_dataloader_stall,gpu:1,normal_dataloader_stall
39.3,2026-01-01 00:00:39.300000+00:00,,syn-normal-dataloader-104,syn-normal-dataloader-104,,,,,0,10.0,184.49182341999844,93.32323593316518,53.518255734663455,2520.0,54.56172207375477,4233.550394296169,100.0,100.0,True,,synthetic_normal_dataloader_stall,sim_user,normal_dataloader_stall,gpu:1,normal_dataloader_stall
39.4,2026-01-01 00:00:39.400000+00:00,,syn-normal-dataloader-104,syn-normal-dataloader-104,,,,,0,10.0,184.12948273064347,98.12877612268666,58.221887219804145,2520.0,55.82588370993864,4613.185275233089,100.0,100.0,True,,synthetic_normal_dataloader_stall,sim_user,normal_dataloader_stall,gpu:1,normal_dataloader_stall
39.5,2026-01-01 00:00:39.500000+00:00,,syn-normal-dataloader-104,syn-normal-dataloader-104,,,,,0,10.0,178.77693224074568,94.68711948667297,45.8813260866407,2520.0,54.80182487487828,3535.2385297840665,100.0,100.0,True,,synthetic_normal_dataloader_stall,sim_user,normal_dataloader_stall,gpu:1,normal_dataloader_stall
39.6,2026-01-01 00:00:39.600000+00:00,,syn-normal-dataloader-104,syn-normal-dataloader-104,,,,,0,10.0,169.1530649526872,83.08773290613111,41.49036115201706,2266.259773777332,51.48415771555002,3386.608890341091,100.0,100.0,True,,synthetic_normal_dataloader_stall,sim_user,normal_dataloader_stall,gpu:1,normal_dataloader_stall
39.7,2026-01-01 00:00:39.700000+00:00,,syn-normal-dataloader-104,syn-normal-dataloader-104,,,,,0,10.0,173.6080477557607,87.5136392682803,42.22548611820409,2412.7282592882702,52.59671227407369,3498.5528740869727,100.0,100.0,True,,synthetic_normal_dataloader_stall,sim_user,normal_dataloader_stall,gpu:1,normal_dataloader_stall
39.8,2026-01-01 00:00:39.800000+00:00,,syn-normal-dataloader-104,syn-normal-dataloader-104,,,,,0,10.0,176.7744629821271,88.56632206907523,48.96564332345892,2388.237714172792,52.80221546447386,3788.246310562685,100.0,100.0,True,,synthetic_normal_dataloader_stall,sim_user,normal_dataloader_stall,gpu:1,normal_dataloader_stall
39.9,2026-01-01 00:00:39.900000+00:00,,syn-normal-dataloader-104,syn-normal-dataloader-104,,,,,0,10.0,181.8283361479231,93.21403038500041,55.09933732492815,2520.0,54.29413568630133,4289.108144803833,100.0,100.0,True,,synthetic_normal_dataloader_stall,sim_user,normal_dataloader_stall,gpu:1,normal_dataloader_stall
40.0,2026-01-01 00:00:40+00:00,,syn-normal-dataloader-104,syn-normal-dataloader-104,,,,,0,10.0,176.0884942721003,86.6982287500417,51.080804425853955,2367.9040653270154,52.4084276360552,3924.9107987758607,100.0,100.0,True,,synthetic_normal_dataloader_stall,sim_user,normal_dataloader_stall,gpu:1,normal_dataloader_stall
40.1,2026-01-01 00:00:40.100000+00:00,,syn-normal-dataloader-104,syn-normal-dataloader-104,,,,,0,10.0,185.20656059136564,95.45046741600981,53.574272998578024,2520.0,54.818373549728264,4230.176091668374,100.0,100.0,True,,synthetic_normal_dataloader_stall,sim_user,normal_dataloader_stall,gpu:1,normal_dataloader_stall
40.2,2026-01-01 00:00:40.200000+00:00,,syn-normal-dataloader-104,syn-normal-dataloader-104,,,,,0,10.0,180.75532665065285,93.80638692649244,47.62347585511881,2520.0,54.582622319189234,3733.9950150091113,100.0,100.0,True,,synthetic_normal_dataloader_stall,sim_user,normal_dataloader_stall,gpu:1,normal_dataloader_stall
40.3,2026-01-01 00:00:40.300000+00:00,,syn-normal-dataloader-104,syn-normal-dataloader-104,,,,,0,10.0,173.42085956245745,89.97340972391451,47.72862763335675,2410.865968639417,53.54628965902376,3665.569776109127,100.0,100.0,True,,synthetic_normal_dataloader_stall,sim_user,normal_dataloader_stall,gpu:1,normal_dataloader_stall
40.4,2026-01-01 00:00:40.400000+00:00,,syn-normal-dataloader-104,syn-normal-dataloader-104,,,,,0,10.0,173.22086801624545,84.35132227497097,36.43544653143981,2347.4504528304187,51.82945033122726,3097.16547707222,100.0,100.0,True,,synthetic_normal_dataloader_stall,sim_user,normal_dataloader_stall,gpu:1,normal_dataloader_stall
40.5,2026-01-01 00:00:40.500000+00:00,,syn-normal-dataloader-104,syn-normal-dataloader-104,,,,,0,10.0,180.51343458634577,95.36592967006858,47.75832042773722,2520.0,54.82081408880157,3751.4474237106024,100.0,100.0,True,,synthetic_normal_dataloader_stall,sim_user,normal_dataloader_stall,gpu:1,normal_dataloader_stall
40.6,2026-01-01 00:00:40.600000+00:00,,syn-normal-dataloader-104,syn-normal-dataloader-104,,,,,0,10.0,174.83912835961266,86.41709318645914,46.9095746513122,2408.157388885122,52.20984248094669,3588.583987159885,100.0,100.0,True,,synthetic_normal_dataloader_stall,sim_user,normal_dataloader_stall,gpu:1,normal_dataloader_stall
40.7,2026-01-01 00:00:40.700000+00:00,,syn-normal-dataloader-104,syn-normal-dataloader-104,,,,,0,10.0,180.5300131741183,88.78491345186714,46.192003212348254,2409.835020554671,52.871190387154094,3629.3182518000735,100.0,100.0,True,,synthetic_normal_dataloader_stall,sim_user,normal_dataloader_stall,gpu:1,normal_dataloader_stall
40.8,2026-01-01 00:00:40.800000+00:00,,syn-normal-dataloader-104,syn-normal-dataloader-104,,,,,0,10.0,187.0133750110839,97.79293214936023,53.361185213851,2520.0,55.22796583227723,4122.419700835016,100.0,100.0,True,,synthetic_normal_dataloader_stall,sim_user,normal_dataloader_stall,gpu:1,normal_dataloader_stall
40.9,2026-01-01 00:00:40.900000+00:00,,syn-normal-dataloader-104,syn-normal-dataloader-104,,,,,0,10.0,184.60650758722227,95.87466158350799,56.75734449899814,2520.0,54.608954736512146,4486.58267406301,100.0,100.0,True,,synthetic_normal_dataloader_stall,sim_user,normal_dataloader_stall,gpu:1,normal_dataloader_stall
41.0,2026-01-01 00:00:41+00:00,,syn-normal-dataloader-104,syn-normal-dataloader-104,,,,,0,10.0,178.65067447260205,90.49317581657522,48.52704034064778,2466.800846944762,53.183187889463156,3978.85618372233,100.0,100.0,True,,synthetic_normal_dataloader_stall,sim_user,normal_dataloader_stall,gpu:1,normal_dataloader_stall
41.1,2026-01-01 00:00:41.100000+00:00,,syn-normal-dataloader-104,syn-normal-dataloader-104,,,,,0,10.0,177.75666541273145,91.91803927936382,49.69662019141324,2484.7500983459536,53.45715384454829,3958.1485233095436,100.0,100.0,True,,synthetic_normal_dataloader_stall,sim_user,normal_dataloader_stall,gpu:1,normal_dataloader_stall
41.2,2026-01-01 00:00:41.200000+00:00,,syn-normal-dataloader-104,syn-normal-dataloader-104,,,,,0,10.0,174.99680857851894,89.86972985881808,47.32619627336105,2467.319302292047,52.93272691847161,3735.2884459138113,100.0,100.0,True,,synthetic_normal_dataloader_stall,sim_user,normal_dataloader_stall,gpu:1,normal_dataloader_stall
41.3,2026-01-01 00:00:41.300000+00:00,,syn-normal-dataloader-104,syn-normal-dataloader-104,,,,,0,10.0,176.52554889794573,90.05202762840239,59.2701733094187,2459.2204834760705,53.00010489440159,4681.991230634412,100.0,100.0,True,,synthetic_normal_dataloader_stall,sim_user,normal_dataloader_stall,gpu:1,normal_dataloader_stall
41.4,2026-01-01 00:00:41.400000+00:00,,syn-normal-dataloader-104,syn-normal-dataloader-104,,,,,0,10.0,180.23192211829343,89.34457826917365,50.44660822284193,2393.014386867897,52.68768990173565,4102.432076434031,100.0,100.0,True,,synthetic_normal_dataloader_stall,sim_user,normal_dataloader_stall,gpu:1,normal_dataloader_stall
41.5,2026-01-01 00:00:41.500000+00:00,,syn-normal-dataloader-104,syn-normal-dataloader-104,,,,,0,10.0,36.78735344109911,6.894304385966702,5.119233186546693,384.16791716697793,29.741579754693113,871.8822638396052,100.0,100.0,True,,synthetic_normal_dataloader_stall,sim_user,normal_dataloader_stall,gpu:1,normal_dataloader_stall
41.6,2026-01-01 00:00:41.600000+00:00,,syn-normal-dataloader-104,syn-normal-dataloader-104,,,,,0,10.0,43.915303447829416,11.768840466583072,12.736495439423635,520.8416748782912,31.125550568585933,1444.868047997357,100.0,100.0,True,,synthetic_normal_dataloader_stall,sim_user,normal_dataloader_stall,gpu:1,normal_dataloader_stall
41.7,2026-01-01 00:00:41.700000+00:00,,syn-normal-dataloader-104,syn-normal-dataloader-104,,,,,0,10.0,40.38052642418732,12.126197461672275,10.984326387552208,518.1565608920791,31.629052697613115,1216.1113952552976,100.0,100.0,True,,synthetic_normal_dataloader_stall,sim_user,normal_dataloader_stall,gpu:1,normal_dataloader_stall
41.8,2026-01-01 00:00:41.800000+00:00,,syn-normal-dataloader-104,syn-normal-dataloader-104,,,,,0,10.0,44.25637693048003,15.133522105891554,8.308245337143873,539.21075210292,32.637570282830254,1076.282771183901,100.0,100.0,True,,synthetic_normal_dataloader_stall,sim_user,normal_dataloader_stall,gpu:1,normal_dataloader_stall
41.9,2026-01-01 00:00:41.900000+00:00,,syn-normal-dataloader-104,syn-normal-dataloader-104,,,,,0,10.0,52.04599109912029,16.245699872369016,7.247195811494796,607.0753170676055,33.084285341812624,1130.151148382533,100.0,100.0,True,,synthetic_normal_dataloader_stall,sim_user,normal_dataloader_stall,gpu:1,normal_dataloader_stall
42.0,2026-01-01 00:00:42+00:00,,syn-normal-dataloader-104,syn-normal-dataloader-104,,,,,0,10.0,42.82263887267996,9.920507432704984,8.73661755624139,424.782813315511,31.429226192907276,900.5770176290994,100.0,100.0,True,,synthetic_normal_dataloader_stall,sim_user,normal_dataloader_stall,gpu:1,normal_dataloader_stall
42.1,2026-01-01 00:00:42.100000+00:00,,syn-normal-dataloader-104,syn-normal-dataloader-104,,,,,0,10.0,43.49797252858548,9.92354925777412,9.717293896183927,454.29569987416784,31.23933898075707,1124.1375168621048,100.0,100.0,True,,synthetic_normal_dataloader_stall,sim_user,normal_dataloader_stall,gpu:1,normal_dataloader_stall
42.2,2026-01-01 00:00:42.200000+00:00,,syn-normal-dataloader-104,syn-normal-dataloader-104,,,,,0,10.0,41.32122848926942,12.090222663280377,12.911055365105133,481.2080154758125,31.776714099428713,1309.4580178829692,100.0,100.0,True,,synthetic_normal_dataloader_stall,sim_user,normal_dataloader_stall,gpu:1,normal_dataloader_stall
42.3,2026-01-01 00:00:42.300000+00:00,,syn-normal-dataloader-104,syn-normal-dataloader-104,,,,,0,10.0,62.04772669914543,21.068153738022023,14.48069836106432,783.4104308021207,34.585995981836,1556.9673393753244,100.0,100.0,True,,synthetic_normal_dataloader_stall,sim_user,normal_dataloader_stall,gpu:1,normal_dataloader_stall
42.4,2026-01-01 00:00:42.400000+00:00,,syn-normal-dataloader-104,syn-normal-dataloader-104,,,,,0,10.0,47.287407805893736,18.063797647179584,7.535810849686358,673.7276203277532,33.8290659878487,957.7518602161031,100.0,100.0,True,,synthetic_normal_dataloader_stall,sim_user,normal_dataloader_stall,gpu:1,normal_dataloader_stall
42.5,2026-01-01 00:00:42.500000+00:00,,syn-normal-dataloader-104,syn-normal-dataloader-104,,,,,0,10.0,47.32289010496376,14.166710959799257,2.180303918205513,572.5842817087473,33.00302651069011,497.6423138115373,100.0,100.0,True,,synthetic_normal_dataloader_stall,sim_user,normal_dataloader_stall,gpu:1,normal_dataloader_stall
42.6,2026-01-01 00:00:42.600000+00:00,,syn-normal-dataloader-104,syn-normal-dataloader-104,,,,,0,10.0,55.96135806990515,19.129232106792763,8.12284837898585,691.734093889835,34.014984434125964,1012.6248451679259,100.0,100.0,True,,synthetic_normal_dataloader_stall,sim_user,normal_dataloader_stall,gpu:1,normal_dataloader_stall
42.7,2026-01-01 00:00:42.700000+00:00,,syn-normal-dataloader-104,syn-normal-dataloader-104,,,,,0,10.0,52.5511061213568,18.214873724891667,12.237814848804751,618.8414022992553,33.47946276497072,1452.3420405028494,100.0,100.0,True,,synthetic_normal_dataloader_stall,sim_user,normal_dataloader_stall,gpu:1,normal_dataloader_stall
42.8,2026-01-01 00:00:42.800000+00:00,,syn-normal-dataloader-104,syn-normal-dataloader-104,,,,,0,10.0,44.97341431308116,12.384311834850918,7.895848501754792,538.218852731985,31.853782106601656,950.6357956820691,100.0,100.0,True,,synthetic_normal_dataloader_stall,sim_user,normal_dataloader_stall,gpu:1,normal_dataloader_stall
42.9,2026-01-01 00:00:42.900000+00:00,,syn-normal-dataloader-104,syn-normal-dataloader-104,,,,,0,10.0,42.046106542960715,8.89621705945359,3.8070576050484433,423.94112076044195,30.9444497138222,496.9867624150413,100.0,100.0,True,,synthetic_normal_dataloader_stall,sim_user,normal_dataloader_stall,gpu:1,normal_dataloader_stall
43.0,2026-01-01 00:00:43+00:00,,syn-normal-dataloader-104,syn-normal-dataloader-104,,,,,0,10.0,50.740592319443884,15.999132169231574,6.576543847907224,592.5034294872638,32.943273794280046,844.7526586083113,100.0,100.0,True,,synthetic_normal_dataloader_stall,sim_user,normal_dataloader_stall,gpu:1,normal_dataloader_stall
43.1,2026-01-01 00:00:43.100000+00:00,,syn-normal-dataloader-104,syn-normal-dataloader-104,,,,,0,10.0,52.45384815771428,17.6185181910034,9.410037009968008,633.0364056833026,33.67627287913193,813.310058627938,100.0,100.0,True,,synthetic_normal_dataloader_stall,sim_user,normal_dataloader_stall,gpu:1,normal_dataloader_stall
43.2,2026-01-01 00:00:43.200000+00:00,,syn-normal-dataloader-104,syn-normal-dataloader-104,,,,,0,10.0,55.95750757552662,17.83627640077233,12.920534788420268,627.7404754606089,33.66786282866802,1311.9194038441917,100.0,100.0,True,,synthetic_normal_dataloader_stall,sim_user,normal_dataloader_stall,gpu:1,normal_dataloader_stall
43.3,2026-01-01 00:00:43.300000+00:00,,syn-normal-dataloader-104,syn-normal-dataloader-104,,,,,0,10.0,50.06312415901636,14.960775714243223,9.244196334543107,591.9013078909288,32.7074338454618,1054.693627697857,100.0,100.0,True,,synthetic_normal_dataloader_stall,sim_user,normal_dataloader_stall,gpu:1,normal_dataloader_stall
43.4,2026-01-01 00:00:43.400000+00:00,,syn-normal-dataloader-104,syn-normal-dataloader-104,,,,,0,10.0,40.80126375154077,9.905356488199867,0.0,469.21605736241,31.137654198279925,484.3835787915833,100.0,100.0,True,,synthetic_normal_dataloader_stall,sim_user,normal_dataloader_stall,gpu:1,normal_dataloader_stall
43.5,2026-01-01 00:00:43.500000+00:00,,syn-normal-dataloader-104,syn-normal-dataloader-104,,,,,0,10.0,35.18007255805286,2.9560434284472428,0.0,277.29067275312843,29.311062199607214,384.4891581231037,100.0,100.0,True,,synthetic_normal_dataloader_stall,sim_user,normal_dataloader_stall,gpu:1,normal_dataloader_stall
43.6,2026-01-01 00:00:43.600000+00:00,,syn-normal-dataloader-104,syn-normal-dataloader-104,,,,,0,10.0,40.8030987604372,8.417961615604513,8.217891151283293,343.78335670634624,31.152017081650154,1186.1488240775,100.0,100.0,True,,synthetic_normal_dataloader_stall,sim_user,normal_dataloader_stall,gpu:1,normal_dataloader_stall
43.7,2026-01-01 00:00:43.700000+00:00,,syn-normal-dataloader-104,syn-normal-dataloader-104,,,,,0,10.0,48.88436002520008,14.43800546616994,4.211110947124045,557.5574720124072,32.61570501299713,642.0717196417164,100.0,100.0,True,,synthetic_normal_dataloader_stall,sim_user,normal_dataloader_stall,gpu:1,normal_dataloader_stall
43.8,2026-01-01 00:00:43.800000+00:00,,syn-normal-dataloader-104,syn-normal-dataloader-104,,,,,0,10.0,46.897834737026876,11.267603901413132,7.850943802439588,467.48963011327885,31.809942932769594,1097.2943151114125,100.0,100.0,True,,synthetic_normal_dataloader_stall,sim_user,normal_dataloader_stall,gpu:1,normal_dataloader_stall
43.9,2026-01-01 00:00:43.900000+00:00,,syn-normal-dataloader-104,syn-normal-dataloader-104,,,,,0,10.0,43.099741889110696,12.334239536966116,2.731351887710157,549.9225706770101,32.2476998632453,581.1157403848393,100.0,100.0,True,,synthetic_normal_dataloader_stall,sim_user,normal_dataloader_stall,gpu:1,normal_dataloader_stall
44.0,2026-01-01 00:00:44+00:00,,syn-normal-dataloader-104,syn-normal-dataloader-104,,,,,0,10.0,41.109787020952254,11.26166947202224,0.0,465.36136650825676,31.442143989892333,384.8274861758858,100.0,100.0,True,,synthetic_normal_dataloader_stall,sim_user,normal_dataloader_stall,gpu:1,normal_dataloader_stall
44.1,2026-01-01 00:00:44.100000+00:00,,syn-normal-dataloader-104,syn-normal-dataloader-104,,,,,0,10.0,44.50974100860324,7.709327346020249,8.739138429660114,338.27309024807226,30.522456223071284,1296.4937748911373,100.0,100.0,True,,synthetic_normal_dataloader_stall,sim_user,normal_dataloader_stall,gpu:1,normal_dataloader_stall
44.2,2026-01-01 00:00:44.200000+00:00,,syn-normal-dataloader-104,syn-normal-dataloader-104,,,,,0,10.0,50.4435198439921,14.469596122943122,6.38020031322599,589.2510314641402,32.30280061018477,989.752898359068,100.0,100.0,True,,synthetic_normal_dataloader_stall,sim_user,normal_dataloader_stall,gpu:1,normal_dataloader_stall
44.3,2026-01-01 00:00:44.300000+00:00,,syn-normal-dataloader-104,syn-normal-dataloader-104,,,,,0,10.0,175.7290675380474,89.83097819466377,52.633898964587424,2419.6170701984597,53.079479581776084,4139.590935551027,100.0,100.0,True,,synthetic_normal_dataloader_stall,sim_user,normal_dataloader_stall,gpu:1,normal_dataloader_stall
44.4,2026-01-01 00:00:44.400000+00:00,,syn-normal-dataloader-104,syn-normal-dataloader-104,,,,,0,10.0,175.15082116218827,87.95890367095083,45.98580975395425,2361.78849547367,52.695017625365224,3715.454339294312,100.0,100.0,True,,synthetic_normal_dataloader_stall,sim_user,normal_dataloader_stall,gpu:1,normal_dataloader_stall
44.5,2026-01-01 00:00:44.500000+00:00,,syn-normal-dataloader-104,syn-normal-dataloader-104,,,,,0,10.0,173.41277201742932,88.62109474520808,49.028782692050086,2366.009874366545,53.07599590945389,3885.3906139912588,100.0,100.0,True,,synthetic_normal_dataloader_stall,sim_user,normal_dataloader_stall,gpu:1,normal_dataloader_stall
44.6,2026-01-01 00:00:44.600000+00:00,,syn-normal-dataloader-104,syn-normal-dataloader-104,,,,,0,10.0,164.85126761997262,83.82271013309087,52.97274071433449,2334.680885047083,51.58127791341843,4146.448334598015,100.0,100.0,True,,synthetic_normal_dataloader_stall,sim_user,normal_dataloader_stall,gpu:1,normal_dataloader_stall
44.7,2026-01-01 00:00:44.700000+00:00,,syn-normal-dataloader-104,syn-normal-dataloader-104,,,,,0,10.0,164.51365381001958,79.30814559925012,46.50487822164777,2185.5299275259204,50.11285815322001,3932.4160854910497,100.0,100.0,True,,synthetic_normal_dataloader_stall,sim_user,normal_dataloader_stall,gpu:1,normal_dataloader_stall
44.8,2026-01-01 00:00:44.800000+00:00,,syn-normal-dataloader-104,syn-normal-dataloader-104,,,,,0,10.0,166.77664554291175,84.20750456183998,46.55850232317421,2295.026353124139,51.411606710418205,3732.806890862241,100.0,100.0,True,,synthetic_normal_dataloader_stall,sim_user,normal_dataloader_stall,gpu:1,normal_dataloader_stall
44.9,2026-01-01 00:00:44.900000+00:00,,syn-normal-dataloader-104,syn-normal-dataloader-104,,,,,0,10.0,165.6414161650244,81.23634279203469,46.0791148641576,2217.682779723621,50.78382896300842,3736.6476268288457,100.0,100.0,True,,synthetic_normal_dataloader_stall,sim_user,normal_dataloader_stall,gpu:1,normal_dataloader_stall
45.0,2026-01-01 00:00:45+00:00,,syn-normal-dataloader-104,syn-normal-dataloader-104,,,,,0,10.0,170.41584416499933,81.15995147018324,40.07412417074551,2293.247252149585,50.61035476831875,3231.114891619147,100.0,100.0,True,,synthetic_normal_dataloader_stall,sim_user,normal_dataloader_stall,gpu:1,normal_dataloader_stall
45.1,2026-01-01 00:00:45.100000+00:00,,syn-normal-dataloader-104,syn-normal-dataloader-104,,,,,0,10.0,180.45588195423173,92.7277440982057,54.571252716858474,2520.0,54.1904186781721,4207.1639866332725,100.0,100.0,True,,synthetic_normal_dataloader_stall,sim_user,normal_dataloader_stall,gpu:1,normal_dataloader_stall
45.2,2026-01-01 00:00:45.200000+00:00,,syn-normal-dataloader-104,syn-normal-dataloader-104,,,,,0,10.0,178.1369885259649,88.78768893447184,55.27149599215514,2433.1822852169385,53.27586959043897,4275.590357544318,100.0,100.0,True,,synthetic_normal_dataloader_stall,sim_user,normal_dataloader_stall,gpu:1,normal_dataloader_stall
45.3,2026-01-01 00:00:45.300000+00:00,,syn-normal-dataloader-104,syn-normal-dataloader-104,,,,,0,10.0,177.68759773821554,89.83457821809124,59.77304182922792,2456.9756430811904,53.44810270648662,4547.796089414838,100.0,100.0,True,,synthetic_normal_dataloader_stall,sim_user,normal_dataloader_stall,gpu:1,normal_dataloader_stall
45.4,2026-01-01 00:00:45.400000+00:00,,syn-normal-dataloader-104,syn-normal-dataloader-104,,,,,0,10.0,176.1304784748186,90.55634431718119,46.706559608114986,2487.1172413115737,53.380099120834835,3704.1765167682893,100.0,100.0,True,,synthetic_normal_dataloader_stall,sim_user,normal_dataloader_stall,gpu:1,normal_dataloader_stall
45.5,2026-01-01 00:00:45.500000+00:00,,syn-normal-dataloader-104,syn-normal-dataloader-104,,,,,0,10.0,177.3375675463799,91.90314380763584,48.953482594988216,2520.0,53.855609523040684,3881.9266501115053,100.0,100.0,True,,synthetic_normal_dataloader_stall,sim_user,normal_dataloader_stall,gpu:1,normal_dataloader_stall
45.6,2026-01-01 00:00:45.600000+00:00,,syn-normal-dataloader-104,syn-normal-dataloader-104,,,,,0,10.0,173.30074933373174,86.99541583270536,46.45568470919253,2383.5339126815747,52.41197533403969,3694.759727337764,100.0,100.0,True,,synthetic_normal_dataloader_stall,sim_user,normal_dataloader_stall,gpu:1,normal_dataloader_stall
45.7,2026-01-01 00:00:45.700000+00:00,,syn-normal-dataloader-104,syn-normal-dataloader-104,,,,,0,10.0,179.4930959478947,89.28154049216101,47.779070002355496,2505.6322626808055,53.117389077726486,3670.201229169384,100.0,100.0,True,,synthetic_normal_dataloader_stall,sim_user,normal_dataloader_stall,gpu:1,normal_dataloader_stall
45.8,2026-01-01 00:00:45.800000+00:00,,syn-normal-dataloader-104,syn-normal-dataloader-104,,,,,0,10.0,187.01497950892434,94.25386011824354,47.21586885240754,2520.0,54.43421618634627,3589.0820006690587,100.0,100.0,True,,synthetic_normal_dataloader_stall,sim_user,normal_dataloader_stall,gpu:1,normal_dataloader_stall
45.9,2026-01-01 00:00:45.900000+00:00,,syn-normal-dataloader-104,syn-normal-dataloader-104,,,,,0,10.0,186.9685001492982,97.70229265975162,52.213191274617664,2520.0,55.49655870700946,4022.5832948188904,100.0,100.0,True,,synthetic_normal_dataloader_stall,sim_user,normal_dataloader_stall,gpu:1,normal_dataloader_stall
46.0,2026-01-01 00:00:46+00:00,,syn-normal-dataloader-104,syn-normal-dataloader-104,,,,,0,10.0,189.1973892334885,96.15099932546735,55.65949303692304,2520.0,54.92022366060617,4401.852558941076,100.0,100.0,True,,synthetic_normal_dataloader_stall,sim_user,normal_dataloader_stall,gpu:1,normal_dataloader_stall
46.1,2026-01-01 00:00:46.100000+00:00,,syn-normal-dataloader-104,syn-normal-dataloader-104,,,,,0,10.0,188.48725736078572,100.0,51.942012274626805,2520.0,56.152929470018194,4136.272687468703,100.0,100.0,True,,synthetic_normal_dataloader_stall,sim_user,normal_dataloader_stall,gpu:1,normal_dataloader_stall
46.2,2026-01-01 00:00:46.200000+00:00,,syn-normal-dataloader-104,syn-normal-dataloader-104,,,,,0,10.0,182.7580856765062,96.20644363641874,59.91713201106937,2520.0,54.95467992110631,4464.916669337618,100.0,100.0,True,,synthetic_normal_dataloader_stall,sim_user,normal_dataloader_stall,gpu:1,normal_dataloader_stall
46.3,2026-01-01 00:00:46.300000+00:00,,syn-normal-dataloader-104,syn-normal-dataloader-104,,,,,0,10.0,177.89516677389776,88.88695911680708,40.23405901211412,2465.5962059143358,52.967205856182574,3319.525220788318,100.0,100.0,True,,synthetic_normal_dataloader_stall,sim_user,normal_dataloader_stall,gpu:1,normal_dataloader_stall
46.4,2026-01-01 00:00:46.400000+00:00,,syn-normal-dataloader-104,syn-normal-dataloader-104,,,,,0,10.0,176.77944647318762,93.2267013582737,47.569133948393905,2520.0,54.23105038749016,3571.6564566209854,100.0,100.0,True,,synthetic_normal_dataloader_stall,sim_user,normal_dataloader_stall,gpu:1,normal_dataloader_stall
46.5,2026-01-01 00:00:46.500000+00:00,,syn-normal-dataloader-104,syn-normal-dataloader-104,,,,,0,10.0,171.602273498975,85.38284500416171,47.155249624159175,2324.185725156014,52.02620817977716,3598.333411742545,100.0,100.0,True,,synthetic_normal_dataloader_stall,sim_user,normal_dataloader_stall,gpu:1,normal_dataloader_stall
46.6,2026-01-01 00:00:46.600000+00:00,,syn-normal-dataloader-104,syn-normal-dataloader-104,,,,,0,10.0,175.24133049807068,88.43961450356812,47.60729687287039,2397.0961355020986,52.7316383825342,3768.6419825755797,100.0,100.0,True,,synthetic_normal_dataloader_stall,sim_user,normal_dataloader_stall,gpu:1,normal_dataloader_stall
46.7,2026-01-01 00:00:46.700000+00:00,,syn-normal-dataloader-104,syn-normal-dataloader-104,,,,,0,10.0,182.55014997895418,92.84283652361327,47.602703466848844,2514.19574653359,54.26660706913545,3770.8506138784196,100.0,100.0,True,,synthetic_normal_dataloader_stall,sim_user,normal_dataloader_stall,gpu:1,normal_dataloader_stall
46.8,2026-01-01 00:00:46.800000+00:00,,syn-normal-dataloader-104,syn-normal-dataloader-104,,,,,0,10.0,186.8125948404717,93.36064702071634,57.346021916230896,2520.0,54.525539034463044,4552.38092613032,100.0,100.0,True,,synthetic_normal_dataloader_stall,sim_user,normal_dataloader_stall,gpu:1,normal_dataloader_stall
46.9,2026-01-01 00:00:46.900000+00:00,,syn-normal-dataloader-104,syn-normal-dataloader-104,,,,,0,10.0,188.26305925982209,96.49420415725804,59.404181575558816,2520.0,55.43607509641522,4628.947410601037,100.0,100.0,True,,synthetic_normal_dataloader_stall,sim_user,normal_dataloader_stall,gpu:1,normal_dataloader_stall
47.0,2026-01-01 00:00:47+00:00,,syn-normal-dataloader-104,syn-normal-dataloader-104,,,,,0,10.0,188.903807464536,97.93184420560974,57.35349115190462,2520.0,55.730475047688465,4579.349564562087,100.0,100.0,True,,synthetic_normal_dataloader_stall,sim_user,normal_dataloader_stall,gpu:1,normal_dataloader_stall
47.1,2026-01-01 00:00:47.100000+00:00,,syn-normal-dataloader-104,syn-normal-dataloader-104,,,,,0,10.0,190.45576304268656,100.0,56.0961785984158,2520.0,56.57753055917337,4239.89808032511,100.0,100.0,True,,synthetic_normal_dataloader_stall,sim_user,normal_dataloader_stall,gpu:1,normal_dataloader_stall
47.2,2026-01-01 00:00:47.200000+00:00,,syn-normal-dataloader-104,syn-normal-dataloader-104,,,,,0,10.0,183.13131296799804,96.02449930940921,49.09601028740926,2520.0,55.223741270291114,3775.2515418718135,100.0,100.0,True,,synthetic_normal_dataloader_stall,sim_user,normal_dataloader_stall,gpu:1,normal_dataloader_stall
47.3,2026-01-01 00:00:47.300000+00:00,,syn-normal-dataloader-104,syn-normal-dataloader-104,,,,,0,10.0,176.55415016233232,88.32550593445335,42.958060789569245,2387.6407316857963,53.24662394199765,3358.3276757330823,100.0,100.0,True,,synthetic_normal_dataloader_stall,sim_user,normal_dataloader_stall,gpu:1,normal_dataloader_stall
47.4,2026-01-01 00:00:47.400000+00:00,,syn-normal-dataloader-104,syn-normal-dataloader-104,,,,,0,10.0,177.84687884625137,90.82696259876427,53.39338756414642,2452.564770987129,54.155632889800806,4278.30958895225,100.0,100.0,True,,synthetic_normal_dataloader_stall,sim_user,normal_dataloader_stall,gpu:1,normal_dataloader_stall
47.5,2026-01-01 00:00:47.500000+00:00,,syn-normal-dataloader-104,syn-normal-dataloader-104,,,,,0,10.0,173.4294947688293,89.91260965540891,54.53215995430296,2520.0,53.93127122085981,4279.077910898452,100.0,100.0,True,,synthetic_normal_dataloader_stall,sim_user,normal_dataloader_stall,gpu:1,normal_dataloader_stall
47.6,2026-01-01 00:00:47.600000+00:00,,syn-normal-dataloader-104,syn-normal-dataloader-104,,,,,0,10.0,170.1482414838783,85.44927668581596,50.85914961378488,2324.2511333149523,52.573039607651324,3867.1367695655294,100.0,100.0,True,,synthetic_normal_dataloader_stall,sim_user,normal_dataloader_stall,gpu:1,normal_dataloader_stall
47.7,2026-01-01 00:00:47.700000+00:00,,syn-normal-dataloader-104,syn-normal-dataloader-104,,,,,0,10.0,168.8561603952325,83.28746956362987,47.46618920341907,2297.0133003709966,51.78728804501249,3753.3651688707814,100.0,100.0,True,,synthetic_normal_dataloader_stall,sim_user,normal_dataloader_stall,gpu:1,normal_dataloader_stall
47.8,2026-01-01 00:00:47.800000+00:00,,syn-normal-dataloader-104,syn-normal-dataloader-104,,,,,0,10.0,174.80167946177656,88.16197129682898,49.46278339015402,2406.546232536285,53.10002586104567,3848.8125533198345,100.0,100.0,True,,synthetic_normal_dataloader_stall,sim_user,normal_dataloader_stall,gpu:1,normal_dataloader_stall
47.9,2026-01-01 00:00:47.900000+00:00,,syn-normal-dataloader-104,syn-normal-dataloader-104,,,,,0,10.0,174.37404447451866,85.8501178742506,48.08136951089489,2363.542382671013,52.408848494953034,3724.4066919739435,100.0,100.0,True,,synthetic_normal_dataloader_stall,sim_user,normal_dataloader_stall,gpu:1,normal_dataloader_stall
48.0,2026-01-01 00:00:48+00:00,,syn-normal-dataloader-104,syn-normal-dataloader-104,,,,,0,10.0,173.9926379908099,88.0545971510761,55.30074046444947,2422.6640698335614,52.77181364009571,4274.6594067486685,100.0,100.0,True,,synthetic_normal_dataloader_stall,sim_user,normal_dataloader_stall,gpu:1,normal_dataloader_stall
48.1,2026-01-01 00:00:48.100000+00:00,,syn-normal-dataloader-104,syn-normal-dataloader-104,,,,,0,10.0,175.84903763838267,87.92337032112083,42.68363799866341,2351.728063727349,52.82165689198064,3385.7924747803168,100.0,100.0,True,,synthetic_normal_dataloader_stall,sim_user,normal_dataloader_stall,gpu:1,normal_dataloader_stall
48.2,2026-01-01 00:00:48.200000+00:00,,syn-normal-dataloader-104,syn-normal-dataloader-104,,,,,0,10.0,176.57961512655322,91.77006805835812,48.25416150337483,2482.524458950916,53.85824452965587,3661.5433601343784,100.0,100.0,True,,synthetic_normal_dataloader_stall,sim_user,normal_dataloader_stall,gpu:1,normal_dataloader_stall
48.3,2026-01-01 00:00:48.300000+00:00,,syn-normal-dataloader-104,syn-normal-dataloader-104,,,,,0,10.0,170.1824036044267,85.17418740670172,47.49238507929752,2283.1249172658313,51.67408083801483,3901.8793699749963,100.0,100.0,True,,synthetic_normal_dataloader_stall,sim_user,normal_dataloader_stall,gpu:1,normal_dataloader_stall
48.4,2026-01-01 00:00:48.400000+00:00,,syn-normal-dataloader-104,syn-normal-dataloader-104,,,,,0,10.0,171.69513730947054,84.02844405541678,47.952817519216914,2238.7683620188272,51.29050503736873,3907.5727739780996,100.0,100.0,True,,synthetic_normal_dataloader_stall,sim_user,normal_dataloader_stall,gpu:1,normal_dataloader_stall
48.5,2026-01-01 00:00:48.500000+00:00,,syn-normal-dataloader-104,syn-normal-dataloader-104,,,,,0,10.0,172.93966665919098,88.6761135123023,48.64863379548974,2407.699105303262,52.46475436815375,3810.293703953666,100.0,100.0,True,,synthetic_normal_dataloader_stall,sim_user,normal_dataloader_stall,gpu:1,normal_dataloader_stall
48.6,2026-01-01 00:00:48.600000+00:00,,syn-normal-dataloader-104,syn-normal-dataloader-104,,,,,0,10.0,165.4653260034483,82.33501212185298,48.57541588864805,2224.2976863450035,50.672160847476405,3673.2511216335533,100.0,100.0,True,,synthetic_normal_dataloader_stall,sim_user,normal_dataloader_stall,gpu:1,normal_dataloader_stall
48.7,2026-01-01 00:00:48.700000+00:00,,syn-normal-dataloader-104,syn-normal-dataloader-104,,,,,0,10.0,162.53046588148473,79.28523820938351,44.89595775163141,2193.8322720157807,49.78513644485954,3678.8233197822765,100.0,100.0,True,,synthetic_normal_dataloader_stall,sim_user,normal_dataloader_stall,gpu:1,normal_dataloader_stall
48.8,2026-01-01 00:00:48.800000+00:00,,syn-normal-dataloader-104,syn-normal-dataloader-104,,,,,0,10.0,168.4658428427584,85.17833334319818,46.19013504810516,2387.9591983135624,51.524527033389546,3581.384104967134,100.0,100.0,True,,synthetic_normal_dataloader_stall,sim_user,normal_dataloader_stall,gpu:1,normal_dataloader_stall
48.9,2026-01-01 00:00:48.900000+00:00,,syn-normal-dataloader-104,syn-normal-dataloader-104,,,,,0,10.0,171.84685130303697,84.94689668775924,43.71391044128304,2298.1983656172188,51.47370680282166,3544.509038912058,100.0,100.0,True,,synthetic_normal_dataloader_stall,sim_user,normal_dataloader_stall,gpu:1,normal_dataloader_stall
49.0,2026-01-01 00:00:49+00:00,,syn-normal-dataloader-104,syn-normal-dataloader-104,,,,,0,10.0,172.75222294721098,83.5835482278409,40.53933235018527,2278.1766460929757,51.02881136115271,3449.82066170979,100.0,100.0,True,,synthetic_normal_dataloader_stall,sim_user,normal_dataloader_stall,gpu:1,normal_dataloader_stall
49.1,2026-01-01 00:00:49.100000+00:00,,syn-normal-dataloader-104,syn-normal-dataloader-104,,,,,0,10.0,178.88756463926106,88.23166150384,49.10390579842919,2395.235705466605,52.36831438001692,3802.9466386864233,100.0,100.0,True,,synthetic_normal_dataloader_stall,sim_user,normal_dataloader_stall,gpu:1,normal_dataloader_stall
49.2,2026-01-01 00:00:49.200000+00:00,,syn-normal-dataloader-104,syn-normal-dataloader-104,,,,,0,10.0,177.0434558030837,91.73356707201884,56.80250083960999,2408.9143446592907,53.61975672210409,4379.744656465491,100.0,100.0,True,,synthetic_normal_dataloader_stall,sim_user,normal_dataloader_stall,gpu:1,normal_dataloader_stall
49.3,2026-01-01 00:00:49.300000+00:00,,syn-normal-dataloader-104,syn-normal-dataloader-104,,,,,0,10.0,176.15758050278345,91.93270074690004,56.35835796412859,2477.2753570682708,53.77127749135669,4313.880522724799,100.0,100.0,True,,synthetic_normal_dataloader_stall,sim_user,normal_dataloader_stall,gpu:1,normal_dataloader_stall
49.4,2026-01-01 00:00:49.400000+00:00,,syn-normal-dataloader-104,syn-normal-dataloader-104,,,,,0,10.0,171.13140933610717,85.13187956663246,39.29180416873818,2365.444593725591,51.941083412594395,3236.065423436529,100.0,100.0,True,,synthetic_normal_dataloader_stall,sim_user,normal_dataloader_stall,gpu:1,normal_dataloader_stall
49.5,2026-01-01 00:00:49.500000+00:00,,syn-normal-dataloader-104,syn-normal-dataloader-104,,,,,0,10.0,174.09433619176275,88.45903358007313,49.003632795234466,2417.249047148794,52.78956334386652,3770.5701213760185,100.0,100.0,True,,synthetic_normal_dataloader_stall,sim_user,normal_dataloader_stall,gpu:1,normal_dataloader_stall
49.6,2026-01-01 00:00:49.600000+00:00,,syn-normal-dataloader-104,syn-normal-dataloader-104,,,,,0,10.0,172.01662146664725,82.98213281375216,42.50640959675495,2328.277995471831,51.133228999500226,3358.8062366384206,100.0,100.0,True,,synthetic_normal_dataloader_stall,sim_user,normal_dataloader_stall,gpu:1,normal_dataloader_stall
49.7,2026-01-01 00:00:49.700000+00:00,,syn-normal-dataloader-104,syn-normal-dataloader-104,,,,,0,10.0,177.10123517546913,91.17678969382975,50.47214560260357,2497.4384352208835,53.53717931796699,3868.8168721366687,100.0,100.0,True,,synthetic_normal_dataloader_stall,sim_user,normal_dataloader_stall,gpu:1,normal_dataloader_stall
49.8,2026-01-01 00:00:49.800000+00:00,,syn-normal-dataloader-104,syn-normal-dataloader-104,,,,,0,10.0,169.43015496657762,84.64576795922729,40.84041214774439,2349.747335897184,51.569858934441974,3418.994745787181,100.0,100.0,True,,synthetic_normal_dataloader_stall,sim_user,normal_dataloader_stall,gpu:1,normal_dataloader_stall
49.9,2026-01-01 00:00:49.900000+00:00,,syn-normal-dataloader-104,syn-normal-dataloader-104,,,,,0,10.0,171.10395909636375,87.09110326567725,56.70641943203559,2425.8956538077296,52.545856332998625,4288.652471952705,100.0,100.0,True,,synthetic_normal_dataloader_stall,sim_user,normal_dataloader_stall,gpu:1,normal_dataloader_stall
50.0,2026-01-01 00:00:50+00:00,,syn-normal-dataloader-104,syn-normal-dataloader-104,,,,,0,10.0,167.63474599853987,83.29444630456172,40.766538357615275,2285.7204992846164,51.27103266828611,3260.6163193064917,100.0,100.0,True,,synthetic_normal_dataloader_stall,sim_user,normal_dataloader_stall,gpu:1,normal_dataloader_stall
50.1,2026-01-01 00:00:50.100000+00:00,,syn-normal-dataloader-104,syn-normal-dataloader-104,,,,,0,10.0,169.3232003847382,84.79598050337366,43.151434308140125,2282.057750825623,51.71622203063944,3495.6497598308833,100.0,100.0,True,,synthetic_normal_dataloader_stall,sim_user,normal_dataloader_stall,gpu:1,normal_dataloader_stall
50.2,2026-01-01 00:00:50.200000+00:00,,syn-normal-dataloader-104,syn-normal-dataloader-104,,,,,0,10.0,174.3085348185033,84.42875408885386,51.59584713706044,2347.876245764613,51.594935666531974,4315.375854345476,100.0,100.0,True,,synthetic_normal_dataloader_stall,sim_user,normal_dataloader_stall,gpu:1,normal_dataloader_stall
50.3,2026-01-01 00:00:50.300000+00:00,,syn-normal-dataloader-104,syn-normal-dataloader-104,,,,,0,10.0,171.72346504229657,87.1034310585923,54.46069739760205,2407.298879008621,52.37477327131771,4236.635495907262,100.0,100.0,True,,synthetic_normal_dataloader_stall,sim_user,normal_dataloader_stall,gpu:1,normal_dataloader_stall
50.4,2026-01-01 00:00:50.400000+00:00,,syn-normal-dataloader-104,syn-normal-dataloader-104,,,,,0,10.0,173.4982180569652,86.17915243541627,45.356481411895125,2376.1399957791446,52.36235196189678,3643.7040095965663,100.0,100.0,True,,synthetic_normal_dataloader_stall,sim_user,normal_dataloader_stall,gpu:1,normal_dataloader_stall
50.5,2026-01-01 00:00:50.500000+00:00,,syn-normal-dataloader-104,syn-normal-dataloader-104,,,,,0,10.0,176.18378831034659,89.42204503595434,41.090298897221324,2520.0,53.487481769320105,3307.603641465976,100.0,100.0,True,,synthetic_normal_dataloader_stall,sim_user,normal_dataloader_stall,gpu:1,normal_dataloader_stall
50.6,2026-01-01 00:00:50.600000+00:00,,syn-normal-dataloader-104,syn-normal-dataloader-104,,,,,0,10.0,176.19214097566228,92.13848790055769,53.99529553199514,2484.92726622792,54.19852356452014,4296.709757880871,100.0,100.0,True,,synthetic_normal_dataloader_stall,sim_user,normal_dataloader_stall,gpu:1,normal_dataloader_stall
50.7,2026-01-01 00:00:50.700000+00:00,,syn-normal-dataloader-104,syn-normal-dataloader-104,,,,,0,10.0,173.79669656823452,82.40590259816418,45.80133341248935,2338.057937453279,51.800025298768226,3649.206600870591,100.0,100.0,True,,synthetic_normal_dataloader_stall,sim_user,normal_dataloader_stall,gpu:1,normal_dataloader_stall
50.8,2026-01-01 00:00:50.800000+00:00,,syn-normal-dataloader-104,syn-normal-dataloader-104,,,,,0,10.0,179.9272795266585,93.08657272583326,49.82221528347585,2502.2655293623916,54.55241191641227,3960.4613371821924,100.0,100.0,True,,synthetic_normal_dataloader_stall,sim_user,normal_dataloader_stall,gpu:1,normal_dataloader_stall
50.9,2026-01-01 00:00:50.900000+00:00,,syn-normal-dataloader-104,syn-normal-dataloader-104,,,,,0,10.0,171.02386541936337,86.52181266225037,46.361509890629655,2348.321713547247,52.83947955446758,3866.345216922253,100.0,100.0,True,,synthetic_normal_dataloader_stall,sim_user,normal_dataloader_stall,gpu:1,normal_dataloader_stall
51.0,2026-01-01 00:00:51+00:00,,syn-normal-dataloader-104,syn-normal-dataloader-104,,,,,0,10.0,167.95320748116893,84.6119797576585,41.336332499898134,2336.3011799068963,52.403544509744734,3544.6548424936104,100.0,100.0,True,,synthetic_normal_dataloader_stall,sim_user,normal_dataloader_stall,gpu:1,normal_dataloader_stall
51.1,2026-01-01 00:00:51.100000+00:00,,syn-normal-dataloader-104,syn-normal-dataloader-104,,,,,0,10.0,165.73910205807778,84.42555237759511,46.30699866063821,2347.0265940454483,52.29890205180686,3686.718415364094,100.0,100.0,True,,synthetic_normal_dataloader_stall,sim_user,normal_dataloader_stall,gpu:1,normal_dataloader_stall
51.2,2026-01-01 00:00:51.200000+00:00,,syn-normal-dataloader-104,syn-normal-dataloader-104,,,,,0,10.0,155.82267795340357,75.97653239809672,38.334741000628654,2126.584806597288,49.80581493169069,3160.084430565199,100.0,100.0,True,,synthetic_normal_dataloader_stall,sim_user,normal_dataloader_stall,gpu:1,normal_dataloader_stall
51.3,2026-01-01 00:00:51.300000+00:00,,syn-normal-dataloader-104,syn-normal-dataloader-104,,,,,0,10.0,158.57170218467581,74.65602031125746,43.19597146196518,2108.9888893754096,49.330670276034475,3474.7922014085866,100.0,100.0,True,,synthetic_normal_dataloader_stall,sim_user,normal_dataloader_stall,gpu:1,normal_dataloader_stall
51.4,2026-01-01 00:00:51.400000+00:00,,syn-normal-dataloader-104,syn-normal-dataloader-104,,,,,0,10.0,165.59743379178525,81.29975438959906,42.77319941257602,2238.0512073283467,51.269047414400454,3468.1900406083455,100.0,100.0,True,,synthetic_normal_dataloader_stall,sim_user,normal_dataloader_stall,gpu:1,normal_dataloader_stall
51.5,2026-01-01 00:00:51.500000+00:00,,syn-normal-dataloader-104,syn-normal-dataloader-104,,,,,0,10.0,163.7225474800086,80.66059097863311,49.12539049030038,2230.5749011201683,51.03364078763966,3858.9142729002906,100.0,100.0,True,,synthetic_normal_dataloader_stall,sim_user,normal_dataloader_stall,gpu:1,normal_dataloader_stall
51.6,2026-01-01 00:00:51.600000+00:00,,syn-normal-dataloader-104,syn-normal-dataloader-104,,,,,0,10.0,164.86768498955212,77.30474522469511,43.7685044560907,2089.4286753538977,49.90731648593316,3572.0882728966185,100.0,100.0,True,,synthetic_normal_dataloader_stall,sim_user,normal_dataloader_stall,gpu:1,normal_dataloader_stall
51.7,2026-01-01 00:00:51.700000+00:00,,syn-normal-dataloader-104,syn-normal-dataloader-104,,,,,0,10.0,172.03851296371644,87.29694439920159,49.571560522747944,2417.4246335084135,52.79025344921694,3952.674074719327,100.0,100.0,True,,synthetic_normal_dataloader_stall,sim_user,normal_dataloader_stall,gpu:1,normal_dataloader_stall
51.8,2026-01-01 00:00:51.800000+00:00,,syn-normal-dataloader-104,syn-normal-dataloader-104,,,,,0,10.0,170.39142602626282,86.25544817831019,45.69544991949151,2348.490466211975,52.08044548664365,3708.2343250641547,100.0,100.0,True,,synthetic_normal_dataloader_stall,sim_user,normal_dataloader_stall,gpu:1,normal_dataloader_stall
51.9,2026-01-01 00:00:51.900000+00:00,,syn-normal-dataloader-104,syn-normal-dataloader-104,,,,,0,10.0,168.71220161211806,81.87225089088206,48.50576775453591,2208.5818076812834,50.858248447038186,3741.111204341402,100.0,100.0,True,,synthetic_normal_dataloader_stall,sim_user,normal_dataloader_stall,gpu:1,normal_dataloader_stall
52.0,2026-01-01 00:00:52+00:00,,syn-normal-dataloader-104,syn-normal-dataloader-104,,,,,0,10.0,175.36578032008785,88.23635959228356,48.70698414990155,2362.984411248889,52.76490690199895,3858.478198277501,100.0,100.0,True,,synthetic_normal_dataloader_stall,sim_user,normal_dataloader_stall,gpu:1,normal_dataloader_stall
52.1,2026-01-01 00:00:52.100000+00:00,,syn-normal-dataloader-104,syn-normal-dataloader-104,,,,,0,10.0,175.81538883190973,88.49069348437514,45.81801010319873,2379.914538924294,52.66781990764278,3713.5656194920152,100.0,100.0,True,,synthetic_normal_dataloader_stall,sim_user,normal_dataloader_stall,gpu:1,normal_dataloader_stall
52.2,2026-01-01 00:00:52.200000+00:00,,syn-normal-dataloader-104,syn-normal-dataloader-104,,,,,0,10.0,181.82971261496246,91.92762323316221,42.77362306821317,2520.0,53.45496040381426,3388.5623330059507,100.0,100.0,True,,synthetic_normal_dataloader_stall,sim_user,normal_dataloader_stall,gpu:1,normal_dataloader_stall
52.3,2026-01-01 00:00:52.300000+00:00,,syn-normal-dataloader-104,syn-normal-dataloader-104,,,,,0,10.0,182.47785987983477,92.20762149529855,50.455390863851036,2512.9713023467866,53.45359275190301,4063.810769232154,100.0,100.0,True,,synthetic_normal_dataloader_stall,sim_user,normal_dataloader_stall,gpu:1,normal_dataloader_stall
52.4,2026-01-01 00:00:52.400000+00:00,,syn-normal-dataloader-104,syn-normal-dataloader-104,,,,,0,10.0,186.5733949510307,96.75838255087172,51.33942623672804,2520.0,54.664574089858554,4049.179347959477,100.0,100.0,True,,synthetic_normal_dataloader_stall,sim_user,normal_dataloader_stall,gpu:1,normal_dataloader_stall
52.5,2026-01-01 00:00:52.500000+00:00,,syn-normal-dataloader-104,syn-normal-dataloader-104,,,,,0,10.0,187.73807066224234,95.7750067434219,57.62321909098637,2520.0,54.53930423509912,4558.022287563297,100.0,100.0,True,,synthetic_normal_dataloader_stall,sim_user,normal_dataloader_stall,gpu:1,normal_dataloader_stall
52.6,2026-01-01 00:00:52.600000+00:00,,syn-normal-dataloader-104,syn-normal-dataloader-104,,,,,0,10.0,182.536886961243,96.43292661418509,55.74061699864344,2520.0,54.67240555386215,4325.062652590212,100.0,100.0,True,,synthetic_normal_dataloader_stall,sim_user,normal_dataloader_stall,gpu:1,normal_dataloader_stall
52.7,2026-01-01 00:00:52.700000+00:00,,syn-normal-dataloader-104,syn-normal-dataloader-104,,,,,0,10.0,177.2474763039159,89.67869899359931,47.374631533806074,2419.1262167283185,53.152270893713656,3841.1581253265067,100.0,100.0,True,,synthetic_normal_dataloader_stall,sim_user,normal_dataloader_stall,gpu:1,normal_dataloader_stall
52.8,2026-01-01 00:00:52.800000+00:00,,syn-normal-dataloader-104,syn-normal-dataloader-104,,,,,0,10.0,178.09290880825742,92.37238549037747,42.07634878145175,2520.0,53.714970998504526,3375.85264130324,100.0,100.0,True,,synthetic_normal_dataloader_stall,sim_user,normal_dataloader_stall,gpu:1,normal_dataloader_stall
52.9,2026-01-01 00:00:52.900000+00:00,,syn-normal-dataloader-104,syn-normal-dataloader-104,,,,,0,10.0,176.0506823088307,91.37809501384265,52.262171107699466,2520.0,53.42102030791361,4083.763734443305,100.0,100.0,True,,synthetic_normal_dataloader_stall,sim_user,normal_dataloader_stall,gpu:1,normal_dataloader_stall
53.0,2026-01-01 00:00:53+00:00,,syn-normal-dataloader-104,syn-normal-dataloader-104,,,,,0,10.0,173.35327898107403,83.89114761239759,53.370402347338526,2319.757144876318,51.570973874786205,4300.0485272743135,100.0,100.0,True,,synthetic_normal_dataloader_stall,sim_user,normal_dataloader_stall,gpu:1,normal_dataloader_stall
53.1,2026-01-01 00:00:53.100000+00:00,,syn-normal-dataloader-104,syn-normal-dataloader-104,,,,,0,10.0,181.88883820769232,92.527485746682,51.45144338606159,2520.0,53.936233886264006,4024.507248582067,100.0,100.0,True,,synthetic_normal_dataloader_stall,sim_user,normal_dataloader_stall,gpu:1,normal_dataloader_stall
53.2,2026-01-01 00:00:53.200000+00:00,,syn-normal-dataloader-104,syn-normal-dataloader-104,,,,,0,10.0,183.9123864535816,94.14189552135026,49.56838408467746,2520.0,54.32823009475852,3936.15888251526,100.0,100.0,True,,synthetic_normal_dataloader_stall,sim_user,normal_dataloader_stall,gpu:1,normal_dataloader_stall
53.3,2026-01-01 00:00:53.300000+00:00,,syn-normal-dataloader-104,syn-normal-dataloader-104,,,,,0,10.0,181.85198174259577,93.21029859500219,52.34660910044216,2520.0,54.14196688627344,3978.6218155445035,100.0,100.0,True,,synthetic_normal_dataloader_stall,sim_user,normal_dataloader_stall,gpu:1,normal_dataloader_stall
53.4,2026-01-01 00:00:53.400000+00:00,,syn-normal-dataloader-104,syn-normal-dataloader-104,,,,,0,10.0,183.80456600834543,94.11654894247768,47.508902570126764,2520.0,54.39317906525138,3592.791753399867,100.0,100.0,True,,synthetic_normal_dataloader_stall,sim_user,normal_dataloader_stall,gpu:1,normal_dataloader_stall
53.5,2026-01-01 00:00:53.500000+00:00,,syn-normal-dataloader-104,syn-normal-dataloader-104,,,,,0,10.0,181.9007820166973,94.58258228837246,53.6154459671304,2520.0,54.49551882713108,4282.287364677264,100.0,100.0,True,,synthetic_normal_dataloader_stall,sim_user,normal_dataloader_stall,gpu:1,normal_dataloader_stall
53.6,2026-01-01 00:00:53.600000+00:00,,syn-normal-dataloader-104,syn-normal-dataloader-104,,,,,0,10.0,179.3823815466875,92.41001421304713,44.179794431080495,2520.0,53.78945948754041,3521.906764487542,100.0,100.0,True,,synthetic_normal_dataloader_stall,sim_user,normal_dataloader_stall,gpu:1,normal_dataloader_stall
53.7,2026-01-01 00:00:53.700000+00:00,,syn-normal-dataloader-104,syn-normal-dataloader-104,,,,,0,10.0,175.07320497247088,87.59657226794008,38.647790731030014,2387.417960812956,52.48113089633224,3292.031863703854,100.0,100.0,True,,synthetic_normal_dataloader_stall,sim_user,normal_dataloader_stall,gpu:1,normal_dataloader_stall
53.8,2026-01-01 00:00:53.800000+00:00,,syn-normal-dataloader-104,syn-normal-dataloader-104,,,,,0,10.0,171.83078950916686,88.64871819767639,43.5566941349329,2424.762842249732,52.66480997134287,3401.2217230976808,100.0,100.0,True,,synthetic_normal_dataloader_stall,sim_user,normal_dataloader_stall,gpu:1,normal_dataloader_stall
53.9,2026-01-01 00:00:53.900000+00:00,,syn-normal-dataloader-104,syn-normal-dataloader-104,,,,,0,10.0,164.7913727874672,81.7229230367093,46.400311808031596,2286.8822504564787,50.83514297922377,3703.9565762269235,100.0,100.0,True,,synthetic_normal_dataloader_stall,sim_user,normal_dataloader_stall,gpu:1,normal_dataloader_stall
54.0,2026-01-01 00:00:54+00:00,,syn-normal-dataloader-104,syn-normal-dataloader-104,,,,,0,10.0,169.8882427759589,85.87522740956109,42.560234599879735,2348.5543110206336,52.25273950614631,3331.923997181932,100.0,100.0,True,,synthetic_normal_dataloader_stall,sim_user,normal_dataloader_stall,gpu:1,normal_dataloader_stall
54.1,2026-01-01 00:00:54.100000+00:00,,syn-normal-dataloader-104,syn-normal-dataloader-104,,,,,0,10.0,171.05973179519847,84.66772746701885,37.69786870739201,2374.7017803550443,51.79641870138651,3151.934696618209,100.0,100.0,True,,synthetic_normal_dataloader_stall,sim_user,normal_dataloader_stall,gpu:1,normal_dataloader_stall
54.2,2026-01-01 00:00:54.200000+00:00,,syn-normal-dataloader-104,syn-normal-dataloader-104,,,,,0,10.0,170.77304527233218,82.91897985634071,45.4999149346385,2269.5751493593516,51.14852411357871,3570.8800044315785,100.0,100.0,True,,synthetic_normal_dataloader_stall,sim_user,normal_dataloader_stall,gpu:1,normal_dataloader_stall
54.3,2026-01-01 00:00:54.300000+00:00,,syn-normal-dataloader-104,syn-normal-dataloader-104,,,,,0,10.0,177.0086980074873,86.98531820321146,45.09204218161622,2411.9812881708444,52.188763243619505,3524.884561147329,100.0,100.0,True,,synthetic_normal_dataloader_stall,sim_user,normal_dataloader_stall,gpu:1,normal_dataloader_stall
54.4,2026-01-01 00:00:54.400000+00:00,,syn-normal-dataloader-104,syn-normal-dataloader-104,,,,,0,10.0,177.52275851123233,92.56984776139178,53.24575869482823,2513.8279739988952,53.45557941552228,4315.52407335327,100.0,100.0,True,,synthetic_normal_dataloader_stall,sim_user,normal_dataloader_stall,gpu:1,normal_dataloader_stall
54.5,2026-01-01 00:00:54.500000+00:00,,syn-normal-dataloader-104,syn-normal-dataloader-104,,,,,0,10.0,170.55211182958766,87.04464349049952,57.678992365131464,2337.89487909376,51.98972282125721,4402.963376422006,100.0,100.0,True,,synthetic_normal_dataloader_stall,sim_user,normal_dataloader_stall,gpu:1,normal_dataloader_stall
54.6,2026-01-01 00:00:54.600000+00:00,,syn-normal-dataloader-104,syn-normal-dataloader-104,,,,,0,10.0,162.8510202628707,79.67376491195705,48.036884653810546,2290.7006520385307,50.06807235252113,3995.301366645357,100.0,100.0,True,,synthetic_normal_dataloader_stall,sim_user,normal_dataloader_stall,gpu:1,normal_dataloader_stall
54.7,2026-01-01 00:00:54.700000+00:00,,syn-normal-dataloader-104,syn-normal-dataloader-104,,,,,0,10.0,163.55866985477434,82.85501997540277,50.24347445758916,2269.552654939377,51.335926109359875,3965.4803911145204,100.0,100.0,True,,synthetic_normal_dataloader_stall,sim_user,normal_dataloader_stall,gpu:1,normal_dataloader_stall
54.8,2026-01-01 00:00:54.800000+00:00,,syn-normal-dataloader-104,syn-normal-dataloader-104,,,,,0,10.0,163.03565332677766,79.15253108715754,45.31223543022085,2229.0785272577077,49.98287275632077,3587.8040029210256,100.0,100.0,True,,synthetic_normal_dataloader_stall,sim_user,normal_dataloader_stall,gpu:1,normal_dataloader_stall
54.9,2026-01-01 00:00:54.900000+00:00,,syn-normal-dataloader-104,syn-normal-dataloader-104,,,,,0,10.0,173.37054648000822,85.49333062974638,42.80329574125668,2300.413210333882,51.62598660898801,3556.07382687068,100.0,100.0,True,,synthetic_normal_dataloader_stall,sim_user,normal_dataloader_stall,gpu:1,normal_dataloader_stall
55.0,2026-01-01 00:00:55+00:00,,syn-normal-dataloader-104,syn-normal-dataloader-104,,,,,0,10.0,174.8442519678791,84.42187238020752,43.66450471454208,2390.7546039590347,51.428783081636155,3566.8756150572804,100.0,100.0,True,,synthetic_normal_dataloader_stall,sim_user,normal_dataloader_stall,gpu:1,normal_dataloader_stall
55.1,2026-01-01 00:00:55.100000+00:00,,syn-normal-dataloader-104,syn-normal-dataloader-104,,,,,0,10.0,180.969669894037,90.74657902954978,46.2528590664026,2512.6289435237554,53.51981699375039,3828.4112132581204,100.0,100.0,True,,synthetic_normal_dataloader_stall,sim_user,normal_dataloader_stall,gpu:1,normal_dataloader_stall
55.2,2026-01-01 00:00:55.200000+00:00,,syn-normal-dataloader-104,syn-normal-dataloader-104,,,,,0,10.0,183.3861089686766,94.10718631266414,54.00193647436349,2520.0,54.57895963479277,4352.596684817054,100.0,100.0,True,,synthetic_normal_dataloader_stall,sim_user,normal_dataloader_stall,gpu:1,normal_dataloader_stall
55.3,2026-01-01 00:00:55.300000+00:00,,syn-normal-dataloader-104,syn-normal-dataloader-104,,,,,0,10.0,184.41229743090332,98.54972882570347,53.909366853960876,2520.0,55.99865719203716,4158.845217006357,100.0,100.0,True,,synthetic_normal_dataloader_stall,sim_user,normal_dataloader_stall,gpu:1,normal_dataloader_stall
55.4,2026-01-01 00:00:55.400000+00:00,,syn-normal-dataloader-104,syn-normal-dataloader-104,,,,,0,10.0,174.87643999837314,87.35688477629941,47.35652558556088,2356.4492771629516,52.697582265559454,3852.582594860345,100.0,100.0,True,,synthetic_normal_dataloader_stall,sim_user,normal_dataloader_stall,gpu:1,normal_dataloader_stall
55.5,2026-01-01 00:00:55.500000+00:00,,syn-normal-dataloader-104,syn-normal-dataloader-104,,,,,0,10.0,172.40207489455395,87.07659000224429,48.88851469070352,2403.906395165565,52.228615468497026,3872.0824520164842,100.0,100.0,True,,synthetic_normal_dataloader_stall,sim_user,normal_dataloader_stall,gpu:1,normal_dataloader_stall
55.6,2026-01-01 00:00:55.600000+00:00,,syn-normal-dataloader-104,syn-normal-dataloader-104,,,,,0,10.0,174.28407460876494,88.44586088045772,46.16286583976463,2404.0427329253553,52.40890818102051,3574.956835938528,100.0,100.0,True,,synthetic_normal_dataloader_stall,sim_user,normal_dataloader_stall,gpu:1,normal_dataloader_stall
55.7,2026-01-01 00:00:55.700000+00:00,,syn-normal-dataloader-104,syn-normal-dataloader-104,,,,,0,10.0,169.29029401741295,86.54398613049848,50.504618484630896,2390.4081529061327,51.958692910329944,3936.3170725705018,100.0,100.0,True,,synthetic_normal_dataloader_stall,sim_user,normal_dataloader_stall,gpu:1,normal_dataloader_stall
55.8,2026-01-01 00:00:55.800000+00:00,,syn-normal-dataloader-104,syn-normal-dataloader-104,,,,,0,10.0,168.17067651930864,82.68967427413551,40.48181447833292,2279.9341048579777,51.101322134638835,3243.631272023039,100.0,100.0,True,,synthetic_normal_dataloader_stall,sim_user,normal_dataloader_stall,gpu:1,normal_dataloader_stall
55.9,2026-01-01 00:00:55.900000+00:00,,syn-normal-dataloader-104,syn-normal-dataloader-104,,,,,0,10.0,168.72604384120967,82.10877037317387,56.26027035698682,2193.0441676482847,50.96948848326106,4442.413207690032,100.0,100.0,True,,synthetic_normal_dataloader_stall,sim_user,normal_dataloader_stall,gpu:1,normal_dataloader_stall
56.0,2026-01-01 00:00:56+00:00,,syn-normal-dataloader-104,syn-normal-dataloader-104,,,,,0,10.0,172.30291959244178,88.27324166430793,53.016587401279814,2408.075600766387,52.467226122640454,4080.912874251763,100.0,100.0,True,,synthetic_normal_dataloader_stall,sim_user,normal_dataloader_stall,gpu:1,normal_dataloader_stall
56.1,2026-01-01 00:00:56.100000+00:00,,syn-normal-dataloader-104,syn-normal-dataloader-104,,,,,0,10.0,171.13065953887437,83.27164097622551,48.61726769269499,2303.136186349212,50.71676711372004,3948.569013075195,100.0,100.0,True,,synthetic_normal_dataloader_stall,sim_user,normal_dataloader_stall,gpu:1,normal_dataloader_stall
56.2,2026-01-01 00:00:56.200000+00:00,,syn-normal-dataloader-104,syn-normal-dataloader-104,,,,,0,10.0,46.06242989226314,13.69813576598823,10.27087760761416,527.3517475706195,31.504003174848794,1170.5710456223808,100.0,100.0,True,,synthetic_normal_dataloader_stall,sim_user,normal_dataloader_stall,gpu:1,normal_dataloader_stall
56.3,2026-01-01 00:00:56.300000+00:00,,syn-normal-dataloader-104,syn-normal-dataloader-104,,,,,0,10.0,37.485353282209985,6.597192819117987,6.843845217838495,431.7215224811502,29.602734764030618,843.2037837222963,100.0,100.0,True,,synthetic_normal_dataloader_stall,sim_user,normal_dataloader_stall,gpu:1,normal_dataloader_stall
56.4,2026-01-01 00:00:56.400000+00:00,,syn-normal-dataloader-104,syn-normal-dataloader-104,,,,,0,10.0,47.761082927603134,13.717918423803507,11.379464772698695,585.2679348927741,31.91685704368917,1112.5044663465321,100.0,100.0,True,,synthetic_normal_dataloader_stall,sim_user,normal_dataloader_stall,gpu:1,normal_dataloader_stall
56.5,2026-01-01 00:00:56.500000+00:00,,syn-normal-dataloader-104,syn-normal-dataloader-104,,,,,0,10.0,53.75756988893594,18.131990437494775,7.196220523638153,665.4973309443943,33.168795238583705,1004.1663247329227,100.0,100.0,True,,synthetic_normal_dataloader_stall,sim_user,normal_dataloader_stall,gpu:1,normal_dataloader_stall
56.6,2026-01-01 00:00:56.600000+00:00,,syn-normal-dataloader-104,syn-normal-dataloader-104,,,,,0,10.0,47.561447759983174,9.957643530294083,5.633589449585284,484.2270596461137,31.01255332072118,809.2463001812407,100.0,100.0,True,,synthetic_normal_dataloader_stall,sim_user,normal_dataloader_stall,gpu:1,normal_dataloader_stall
56.7,2026-01-01 00:00:56.700000+00:00,,syn-normal-dataloader-104,syn-normal-dataloader-104,,,,,0,10.0,45.77785481985236,16.897588351093695,12.18905497062694,609.1404608416987,32.63718653652295,1216.5892240599949,100.0,100.0,True,,synthetic_normal_dataloader_stall,sim_user,normal_dataloader_stall,gpu:1,normal_dataloader_stall
56.8,2026-01-01 00:00:56.800000+00:00,,syn-normal-dataloader-104,syn-normal-dataloader-104,,,,,0,10.0,48.37985631475755,11.240223993071039,5.721983441467487,507.08893100072913,30.830249609782953,779.1091711601987,100.0,100.0,True,,synthetic_normal_dataloader_stall,sim_user,normal_dataloader_stall,gpu:1,normal_dataloader_stall
56.9,2026-01-01 00:00:56.900000+00:00,,syn-normal-dataloader-104,syn-normal-dataloader-104,,,,,0,10.0,41.64628765990798,7.764434016627708,4.79117377078568,375.9298968571546,30.0423894420392,768.2251176504757,100.0,100.0,True,,synthetic_normal_dataloader_stall,sim_user,normal_dataloader_stall,gpu:1,normal_dataloader_stall
57.0,2026-01-01 00:00:57+00:00,,syn-normal-dataloader-104,syn-normal-dataloader-104,,,,,0,10.0,47.62008882186061,14.690102936619128,6.8966742621551465,585.5644603268709,32.19216569150295,918.6305084173669,100.0,100.0,True,,synthetic_normal_dataloader_stall,sim_user,normal_dataloader_stall,gpu:1,normal_dataloader_stall
57.1,2026-01-01 00:00:57.100000+00:00,,syn-normal-dataloader-104,syn-normal-dataloader-104,,,,,0,10.0,39.16309981593238,2.2939346305969233,6.6628173937882815,273.1876963007949,28.822049268154828,1124.574299704269,100.0,100.0,True,,synthetic_normal_dataloader_stall,sim_user,normal_dataloader_stall,gpu:1,normal_dataloader_stall
57.2,2026-01-01 00:00:57.200000+00:00,,syn-normal-dataloader-104,syn-normal-dataloader-104,,,,,0,10.0,51.34837042928348,13.977078826619376,9.886939065385455,542.3737335770873,32.14432690970149,1074.7109888197863,100.0,100.0,True,,synthetic_normal_dataloader_stall,sim_user,normal_dataloader_stall,gpu:1,normal_dataloader_stall
57.3,2026-01-01 00:00:57.300000+00:00,,syn-normal-dataloader-104,syn-normal-dataloader-104,,,,,0,10.0,50.874654682626456,15.968053117794877,5.6978530106681164,612.741869553351,32.68749793146755,946.6806489928236,100.0,100.0,True,,synthetic_normal_dataloader_stall,sim_user,normal_dataloader_stall,gpu:1,normal_dataloader_stall
57.4,2026-01-01 00:00:57.400000+00:00,,syn-normal-dataloader-104,syn-normal-dataloader-104,,,,,0,10.0,48.572846418662316,13.378651386481431,0.24445433690863538,574.0748432877432,32.05195139962876,515.9292193618646,100.0,100.0,True,,synthetic_normal_dataloader_stall,sim_user,normal_dataloader_stall,gpu:1,normal_dataloader_stall
57.5,2026-01-01 00:00:57.500000+00:00,,syn-normal-dataloader-104,syn-normal-dataloader-104,,,,,0,10.0,48.73567628595161,13.96209251900985,7.355646289205219,557.6569464442206,32.20203138460492,1028.1667493495727,100.0,100.0,True,,synthetic_normal_dataloader_stall,sim_user,normal_dataloader_stall,gpu:1,normal_dataloader_stall
57.6,2026-01-01 00:00:57.600000+00:00,,syn-normal-dataloader-104,syn-normal-dataloader-104,,,,,0,10.0,47.26243328573735,12.600487473125714,12.640000368662168,536.6291762906598,32.274766604553854,1336.4459423845208,100.0,100.0,True,,synthetic_normal_dataloader_stall,sim_user,normal_dataloader_stall,gpu:1,normal_dataloader_stall
57.7,2026-01-01 00:00:57.700000+00:00,,syn-normal-dataloader-104,syn-normal-dataloader-104,,,,,0,10.0,38.5450089863718,7.581287457882219,0.026077371991425125,354.312770739378,31.123852044182364,469.2860099391736,100.0,100.0,True,,synthetic_normal_dataloader_stall,sim_user,normal_dataloader_stall,gpu:1,normal_dataloader_stall
57.8,2026-01-01 00:00:57.800000+00:00,,syn-normal-dataloader-104,syn-normal-dataloader-104,,,,,0,10.0,39.55471707058064,7.959114315544911,5.155108930906335,377.87734623975405,31.26841517649756,805.8368475938278,100.0,100.0,True,,synthetic_normal_dataloader_stall,sim_user,normal_dataloader_stall,gpu:1,normal_dataloader_stall
57.9,2026-01-01 00:00:57.900000+00:00,,syn-normal-dataloader-104,syn-normal-dataloader-104,,,,,0,10.0,46.82182706182253,16.942247575811617,10.216565531904639,628.0911867793262,33.88114616714349,1027.0250276457189,100.0,100.0,True,,synthetic_normal_dataloader_stall,sim_user,normal_dataloader_stall,gpu:1,normal_dataloader_stall
58.0,2026-01-01 00:00:58+00:00,,syn-normal-dataloader-104,syn-normal-dataloader-104,,,,,0,10.0,39.96457337785103,10.21711215522757,10.42367939558152,435.964130903701,31.859906938189688,1318.3628860448289,100.0,100.0,True,,synthetic_normal_dataloader_stall,sim_user,normal_dataloader_stall,gpu:1,normal_dataloader_stall
58.1,2026-01-01 00:00:58.100000+00:00,,syn-normal-dataloader-104,syn-normal-dataloader-104,,,,,0,10.0,56.25215735796927,16.32059654542555,11.348809420384375,641.006382901694,33.64299370962612,1304.3475670681732,100.0,100.0,True,,synthetic_normal_dataloader_stall,sim_user,normal_dataloader_stall,gpu:1,normal_dataloader_stall
58.2,2026-01-01 00:00:58.200000+00:00,,syn-normal-dataloader-104,syn-normal-dataloader-104,,,,,0,10.0,50.49186783670786,14.47255739469839,11.596670507472275,594.875233787954,32.91883823861371,1519.5214267303616,100.0,100.0,True,,synthetic_normal_dataloader_stall,sim_user,normal_dataloader_stall,gpu:1,normal_dataloader_stall
58.3,2026-01-01 00:00:58.300000+00:00,,syn-normal-dataloader-104,syn-normal-dataloader-104,,,,,0,10.0,50.78101745515647,17.042573942679372,9.677604246305513,644.6937427329779,33.49303736359099,897.5190948057968,100.0,100.0,True,,synthetic_normal_dataloader_stall,sim_user,normal_dataloader_stall,gpu:1,normal_dataloader_stall
58.4,2026-01-01 00:00:58.400000+00:00,,syn-normal-dataloader-104,syn-normal-dataloader-104,,,,,0,10.0,44.514596038399084,14.361018413748495,6.35632218252408,590.3841188589544,32.81295728109083,720.2843089423895,100.0,100.0,True,,synthetic_normal_dataloader_stall,sim_user,normal_dataloader_stall,gpu:1,normal_dataloader_stall
58.5,2026-01-01 00:00:58.500000+00:00,,syn-normal-dataloader-104,syn-normal-dataloader-104,,,,,0,10.0,44.862456911542324,9.041101579696273,5.2130016172307085,452.05171232549816,30.896140253894348,896.741528872823,100.0,100.0,True,,synthetic_normal_dataloader_stall,sim_user,normal_dataloader_stall,gpu:1,normal_dataloader_stall
58.6,2026-01-01 00:00:58.600000+00:00,,syn-normal-dataloader-104,syn-normal-dataloader-104,,,,,0,10.0,39.53608411447176,8.449597644869591,5.218646934183923,444.9080291946507,30.63440377577799,792.5742845259518,100.0,100.0,True,,synthetic_normal_dataloader_stall,sim_user,normal_dataloader_stall,gpu:1,normal_dataloader_stall
58.7,2026-01-01 00:00:58.700000+00:00,,syn-normal-dataloader-104,syn-normal-dataloader-104,,,,,0,10.0,53.19246457551828,11.748429476811273,5.624132127957748,486.58105710256893,31.215588978334196,760.520868079819,100.0,100.0,True,,synthetic_normal_dataloader_stall,sim_user,normal_dataloader_stall,gpu:1,normal_dataloader_stall
58.8,2026-01-01 00:00:58.800000+00:00,,syn-normal-dataloader-104,syn-normal-dataloader-104,,,,,0,10.0,26.17948889714185,0.0,1.6343627291508298,210.0,27.859405016756266,661.4839416619552,100.0,100.0,True,,synthetic_normal_dataloader_stall,sim_user,normal_dataloader_stall,gpu:1,normal_dataloader_stall
58.9,2026-01-01 00:00:58.900000+00:00,,syn-normal-dataloader-104,syn-normal-dataloader-104,,,,,0,10.0,51.91955999203367,19.28793428337233,7.8958498661722025,700.259028294753,32.993906493013625,1026.3370080042432,100.0,100.0,True,,synthetic_normal_dataloader_stall,sim_user,normal_dataloader_stall,gpu:1,normal_dataloader_stall
59.0,2026-01-01 00:00:59+00:00,,syn-normal-dataloader-104,syn-normal-dataloader-104,,,,,0,10.0,33.264635378534244,6.308319531945084,10.304096306857673,362.87191613965416,29.48130386764529,1012.5297156742615,100.0,100.0,True,,synthetic_normal_dataloader_stall,sim_user,normal_dataloader_stall,gpu:1,normal_dataloader_stall
59.1,2026-01-01 00:00:59.100000+00:00,,syn-normal-dataloader-104,syn-normal-dataloader-104,,,,,0,10.0,47.8423895340884,12.74140339192973,6.940027423011071,513.718038633392,31.434962381259943,907.8474665865707,100.0,100.0,True,,synthetic_normal_dataloader_stall,sim_user,normal_dataloader_stall,gpu:1,normal_dataloader_stall
59.2,2026-01-01 00:00:59.200000+00:00,,syn-normal-dataloader-104,syn-normal-dataloader-104,,,,,0,10.0,41.5262727553829,7.38049232359371,1.4606862530653841,400.516608297908,29.75438200651696,610.2236404133372,100.0,100.0,True,,synthetic_normal_dataloader_stall,sim_user,normal_dataloader_stall,gpu:1,normal_dataloader_stall
59.3,2026-01-01 00:00:59.300000+00:00,,syn-normal-dataloader-104,syn-normal-dataloader-104,,,,,0,10.0,65.80455096177111,23.77738226379229,14.968309537539865,803.4489724630911,34.146716556663826,1723.569674310233,100.0,100.0,True,,synthetic_normal_dataloader_stall,sim_user,normal_dataloader_stall,gpu:1,normal_dataloader_stall
59.4,2026-01-01 00:00:59.400000+00:00,,syn-normal-dataloader-104,syn-normal-dataloader-104,,,,,0,10.0,47.86904449470596,13.468250366321984,3.912383540858542,503.40457416014726,31.259219820830637,763.0092780344213,100.0,100.0,True,,synthetic_normal_dataloader_stall,sim_user,normal_dataloader_stall,gpu:1,normal_dataloader_stall
59.5,2026-01-01 00:00:59.500000+00:00,,syn-normal-dataloader-104,syn-normal-dataloader-104,,,,,0,10.0,42.22156927952382,10.57109876361007,2.621199856575912,500.29911689742306,30.47619118259988,872.3610516537078,100.0,100.0,True,,synthetic_normal_dataloader_stall,sim_user,normal_dataloader_stall,gpu:1,normal_dataloader_stall
59.6,2026-01-01 00:00:59.600000+00:00,,syn-normal-dataloader-104,syn-normal-dataloader-104,,,,,0,10.0,164.41521087427395,83.03901688840872,44.50187073295104,2276.6905786645675,50.813494307001754,3625.931297172835,100.0,100.0,True,,synthetic_normal_dataloader_stall,sim_user,normal_dataloader_stall,gpu:1,normal_dataloader_stall
59.7,2026-01-01 00:00:59.700000+00:00,,syn-normal-dataloader-104,syn-normal-dataloader-104,,,,,0,10.0,158.65635848810467,78.4641628474062,42.74530245451724,2159.0883053941116,49.60580475588582,3438.45240858639,100.0,100.0,True,,synthetic_normal_dataloader_stall,sim_user,normal_dataloader_stall,gpu:1,normal_dataloader_stall
59.8,2026-01-01 00:00:59.800000+00:00,,syn-normal-dataloader-104,syn-normal-dataloader-104,,,,,0,10.0,162.39553046017443,76.68923273080794,42.01792928166332,2179.811421960136,49.29508853848704,3314.0683023059787,100.0,100.0,True,,synthetic_normal_dataloader_stall,sim_user,normal_dataloader_stall,gpu:1,normal_dataloader_stall
59.9,2026-01-01 00:00:59.900000+00:00,,syn-normal-dataloader-104,syn-normal-dataloader-104,,,,,0,10.0,164.47738352970043,80.17149498384764,41.10579707801518,2181.0181732624483,50.053727761763405,3506.9877679381007,100.0,100.0,True,,synthetic_normal_dataloader_stall,sim_user,normal_dataloader_stall,gpu:1,normal_dataloader_stall
60.0,2026-01-01 00:01:00+00:00,,syn-normal-dataloader-104,syn-normal-dataloader-104,,,,,0,10.0,168.1050599990465,82.80143258703514,52.856252582931454,2257.024385955017,50.82014251813185,4079.9099797307285,100.0,100.0,True,,synthetic_normal_dataloader_stall,sim_user,normal_dataloader_stall,gpu:1,normal_dataloader_stall
60.1,2026-01-01 00:01:00.100000+00:00,,syn-normal-dataloader-104,syn-normal-dataloader-104,,,,,0,10.0,170.53569121867432,82.78081617707765,37.13971656265451,2276.5012405804787,50.881516025627164,3261.4995462461616,100.0,100.0,True,,synthetic_normal_dataloader_stall,sim_user,normal_dataloader_stall,gpu:1,normal_dataloader_stall
60.2,2026-01-01 00:01:00.200000+00:00,,syn-normal-dataloader-104,syn-normal-dataloader-104,,,,,0,10.0,174.6734367327644,90.32838266945905,47.46468635547675,2500.310990586741,53.12814959598128,3811.0387836527925,100.0,100.0,True,,synthetic_normal_dataloader_stall,sim_user,normal_dataloader_stall,gpu:1,normal_dataloader_stall
60.3,2026-01-01 00:01:00.300000+00:00,,syn-normal-dataloader-104,syn-normal-dataloader-104,,,,,0,10.0,170.53435651481828,82.83908366246538,49.73977199365529,2292.200909444997,51.24820974932332,3939.117292339109,100.0,100.0,True,,synthetic_normal_dataloader_stall,sim_user,normal_dataloader_stall,gpu:1,normal_dataloader_stall
60.4,2026-01-01 00:01:00.400000+00:00,,syn-normal-dataloader-104,syn-normal-dataloader-104,,,,,0,10.0,171.43028455917724,86.65802151689692,46.39841342558863,2376.8089105148006,52.02508882320967,3670.5915964436053,100.0,100.0,True,,synthetic_normal_dataloader_stall,sim_user,normal_dataloader_stall,gpu:1,normal_dataloader_stall
60.5,2026-01-01 00:01:00.500000+00:00,,syn-normal-dataloader-104,syn-normal-dataloader-104,,,,,0,10.0,170.42269197006934,85.77787758676169,44.750678309212375,2320.0041000522974,51.829299477882365,3628.6880784584737,100.0,100.0,True,,synthetic_normal_dataloader_stall,sim_user,normal_dataloader_stall,gpu:1,normal_dataloader_stall
60.6,2026-01-01 00:01:00.600000+00:00,,syn-normal-dataloader-104,syn-normal-dataloader-104,,,,,0,10.0,172.24867086932562,86.54156111303999,42.05027500692867,2327.029866962211,51.7327625368394,3379.6400437028965,100.0,100.0,True,,synthetic_normal_dataloader_stall,sim_user,normal_dataloader_stall,gpu:1,normal_dataloader_stall
60.7,2026-01-01 00:01:00.700000+00:00,,syn-normal-dataloader-104,syn-normal-dataloader-104,,,,,0,10.0,168.62460278358378,84.02988126181305,49.875356318186846,2357.2627550350317,51.01761654823108,3969.8257022995685,100.0,100.0,True,,synthetic_normal_dataloader_stall,sim_user,normal_dataloader_stall,gpu:1,normal_dataloader_stall
60.8,2026-01-01 00:01:00.800000+00:00,,syn-normal-dataloader-104,syn-normal-dataloader-104,,,,,0,10.0,173.00952414445266,84.88456581146183,42.93285787868458,2295.517010968574,51.38268829518009,3370.25208233394,100.0,100.0,True,,synthetic_normal_dataloader_stall,sim_user,normal_dataloader_stall,gpu:1,normal_dataloader_stall
60.9,2026-01-01 00:01:00.900000+00:00,,syn-normal-dataloader-104,syn-normal-dataloader-104,,,,,0,10.0,173.7805965545579,87.3614380788954,47.3393633928532,2415.529814473266,51.89268115078414,3653.7180341248873,100.0,100.0,True,,synthetic_normal_dataloader_stall,sim_user,normal_dataloader_stall,gpu:1,normal_dataloader_stall
61.0,2026-01-01 00:01:01+00:00,,syn-normal-dataloader-104,syn-normal-dataloader-104,,,,,0,10.0,176.36525978926025,90.47213615750334,49.48548938969296,2502.363112856345,52.945262652212655,3840.699922208878,100.0,100.0,True,,synthetic_normal_dataloader_stall,sim_user,normal_dataloader_stall,gpu:1,normal_dataloader_stall
61.1,2026-01-01 00:01:01.100000+00:00,,syn-normal-dataloader-104,syn-normal-dataloader-104,,,,,0,10.0,172.9055569414012,84.50985344861209,39.695376781721734,2339.9811198613484,51.16600928067639,3415.8964434864342,100.0,100.0,True,,synthetic_normal_dataloader_stall,sim_user,normal_dataloader_stall,gpu:1,normal_dataloader_stall
61.2,2026-01-01 00:01:01.200000+00:00,,syn-normal-dataloader-104,syn-normal-dataloader-104,,,,,0,10.0,181.29907260755698,94.36887262224968,51.35245908116225,2520.0,53.77920038744592,4078.770353937525,100.0,100.0,True,,synthetic_normal_dataloader_stall,sim_user,normal_dataloader_stall,gpu:1,normal_dataloader_stall
61.3,2026-01-01 00:01:01.300000+00:00,,syn-normal-dataloader-104,syn-normal-dataloader-104,,,,,0,10.0,182.16534794459562,90.75559857457304,49.1805061998195,2501.917233603804,53.10717817062613,3914.275402540879,100.0,100.0,True,,synthetic_normal_dataloader_stall,sim_user,normal_dataloader_stall,gpu:1,normal_dataloader_stall
61.4,2026-01-01 00:01:01.400000+00:00,,syn-normal-dataloader-104,syn-normal-dataloader-104,,,,,0,10.0,189.40762491430843,98.22777097129416,54.910985621131836,2520.0,55.273580265790976,4235.359495343869,100.0,100.0,True,,synthetic_normal_dataloader_stall,sim_user,normal_dataloader_stall,gpu:1,normal_dataloader_stall
61.5,2026-01-01 00:01:01.500000+00:00,,syn-normal-dataloader-104,syn-normal-dataloader-104,,,,,0,10.0,193.19632986918754,98.01336489744212,46.401856985022164,2520.0,55.6970679203842,3770.5335961375704,100.0,100.0,True,,synthetic_normal_dataloader_stall,sim_user,normal_dataloader_stall,gpu:1,normal_dataloader_stall
61.6,2026-01-01 00:01:01.600000+00:00,,syn-normal-dataloader-104,syn-normal-dataloader-104,,,,,0,10.0,193.31581111157573,100.0,53.232289565982484,2520.0,56.34550679737484,4034.123366985882,100.0,100.0,True,,synthetic_normal_dataloader_stall,sim_user,normal_dataloader_stall,gpu:1,normal_dataloader_stall
61.7,2026-01-01 00:01:01.700000+00:00,,syn-normal-dataloader-104,syn-normal-dataloader-104,,,,,0,10.0,178.45050965624523,93.2797227142876,47.27978093873174,2520.0,54.10619958848412,3721.7921584473647,100.0,100.0,True,,synthetic_normal_dataloader_stall,sim_user,normal_dataloader_stall,gpu:1,normal_dataloader_stall
61.8,2026-01-01 00:01:01.800000+00:00,,syn-normal-dataloader-104,syn-normal-dataloader-104,,,,,0,10.0,168.65366629313783,87.67822817578869,43.572866248937466,2390.012929988027,52.591831913314046,3452.009347532525,100.0,100.0,True,,synthetic_normal_dataloader_stall,sim_user,normal_dataloader_stall,gpu:1,normal_dataloader_stall
61.9,2026-01-01 00:01:01.900000+00:00,,syn-normal-dataloader-104,syn-normal-dataloader-104,,,,,0,10.0,159.68122534632465,83.36094364986666,53.62841474417844,2338.0389626290466,51.23131356044535,4070.1373214622145,100.0,100.0,True,,synthetic_normal_dataloader_stall,sim_user,normal_dataloader_stall,gpu:1,normal_dataloader_stall
62.0,2026-01-01 00:01:02+00:00,,syn-normal-dataloader-104,syn-normal-dataloader-104,,,,,0,10.0,155.89837101866476,76.27034188421936,43.348618692245,2123.736253752215,49.567591372743465,3506.881597159055,100.0,100.0,True,,synthetic_normal_dataloader_stall,sim_user,normal_dataloader_stall,gpu:1,normal_dataloader_stall
62.1,2026-01-01 00:01:02.100000+00:00,,syn-normal-dataloader-104,syn-normal-dataloader-104,,,,,0,10.0,159.4664863690152,72.33225858825084,38.9377998163845,1994.6290602635063,48.566026635111086,3320.933153532929,100.0,100.0,True,,synthetic_normal_dataloader_stall,sim_user,normal_dataloader_stall,gpu:1,normal_dataloader_stall
62.2,2026-01-01 00:01:02.200000+00:00,,syn-normal-dataloader-104,syn-normal-dataloader-104,,,,,0,10.0,165.91943756689867,79.41668398839334,40.68054273321003,2153.029474101905,50.43522173297059,3304.0052706724287,100.0,100.0,True,,synthetic_normal_dataloader_stall,sim_user,normal_dataloader_stall,gpu:1,normal_dataloader_stall
62.3,2026-01-01 00:01:02.300000+00:00,,syn-normal-dataloader-104,syn-normal-dataloader-104,,,,,0,10.0,50.95227692289468,12.830649431403922,1.2920055401710053,589.8085666261193,31.743353236722804,468.0056035938985,100.0,100.0,True,,synthetic_normal_dataloader_stall,sim_user,normal_dataloader_stall,gpu:1,normal_dataloader_stall
62.4,2026-01-01 00:01:02.400000+00:00,,syn-normal-dataloader-104,syn-normal-dataloader-104,,,,,0,10.0,39.59365024164735,10.57695498365094,4.708032928679545,416.93316548119634,31.019622502093927,743.5643810345707,100.0,100.0,True,,synthetic_normal_dataloader_stall,sim_user,normal_dataloader_stall,gpu:1,normal_dataloader_stall
62.5,2026-01-01 00:01:02.500000+00:00,,syn-normal-dataloader-104,syn-normal-dataloader-104,,,,,0,10.0,45.234103746507465,13.900486495714052,1.6837603100275027,576.15926582388,31.982124022390035,480.7623284607106,100.0,100.0,True,,synthetic_normal_dataloader_stall,sim_user,normal_dataloader_stall,gpu:1,normal_dataloader_stall
62.6,2026-01-01 00:01:02.600000+00:00,,syn-normal-dataloader-104,syn-normal-dataloader-104,,,,,0,10.0,55.84276394404662,16.00498220680148,6.927563854833456,679.0854199454105,32.89527131712842,965.4804402085292,100.0,100.0,True,,synthetic_normal_dataloader_stall,sim_user,normal_dataloader_stall,gpu:1,normal_dataloader_stall
62.7,2026-01-01 00:01:02.700000+00:00,,syn-normal-dataloader-104,syn-normal-dataloader-104,,,,,0,10.0,28.87632301408574,3.719742732840543,5.5342736811784246,281.11507093799025,29.583992431475362,847.6455577935227,100.0,100.0,True,,synthetic_normal_dataloader_stall,sim_user,normal_dataloader_stall,gpu:1,normal_dataloader_stall
62.8,2026-01-01 00:01:02.800000+00:00,,syn-normal-dataloader-104,syn-normal-dataloader-104,,,,,0,10.0,35.598720956677674,5.202046863011103,2.636249618879917,374.1308450692581,30.0452037598933,707.0099867084756,100.0,100.0,True,,synthetic_normal_dataloader_stall,sim_user,normal_dataloader_stall,gpu:1,normal_dataloader_stall
62.9,2026-01-01 00:01:02.900000+00:00,,syn-normal-dataloader-104,syn-normal-dataloader-104,,,,,0,10.0,44.164713679923686,10.045224170133642,10.543073613602626,477.19146857529074,31.156086344777954,1199.2094049995528,100.0,100.0,True,,synthetic_normal_dataloader_stall,sim_user,normal_dataloader_stall,gpu:1,normal_dataloader_stall
63.0,2026-01-01 00:01:03+00:00,,syn-normal-dataloader-104,syn-normal-dataloader-104,,,,,0,10.0,57.09770255240201,19.222199792271624,5.229922981001969,723.2770876889726,33.79994115529142,849.7562282077457,100.0,100.0,True,,synthetic_normal_dataloader_stall,sim_user,normal_dataloader_stall,gpu:1,normal_dataloader_stall
63.1,2026-01-01 00:01:03.100000+00:00,,syn-normal-dataloader-104,syn-normal-dataloader-104,,,,,0,10.0,35.578608885593766,3.3022279158343957,0.6411212212375448,259.39382689518237,29.52702052424956,383.11150280194323,100.0,100.0,True,,synthetic_normal_dataloader_stall,sim_user,normal_dataloader_stall,gpu:1,normal_dataloader_stall
63.2,2026-01-01 00:01:03.200000+00:00,,syn-normal-dataloader-104,syn-normal-dataloader-104,,,,,0,10.0,42.83476243060724,12.077264785247674,13.734221681406769,501.84161494314293,32.04384936174037,1291.574522988857,100.0,100.0,True,,synthetic_normal_dataloader_stall,sim_user,normal_dataloader_stall,gpu:1,normal_dataloader_stall
63.3,2026-01-01 00:01:03.300000+00:00,,syn-normal-dataloader-104,syn-normal-dataloader-104,,,,,0,10.0,41.7903038135308,11.06315982909445,0.0,460.80449455765125,31.65678781346857,443.15135073696194,100.0,100.0,True,,synthetic_normal_dataloader_stall,sim_user,normal_dataloader_stall,gpu:1,normal_dataloader_stall
63.4,2026-01-01 00:01:03.400000+00:00,,syn-normal-dataloader-104,syn-normal-dataloader-104,,,,,0,10.0,52.67368088656147,19.872512008699058,8.205879435617835,715.7183326269403,34.0210787122227,1045.0671499806242,100.0,100.0,True,,synthetic_normal_dataloader_stall,sim_user,normal_dataloader_stall,gpu:1,normal_dataloader_stall
63.5,2026-01-01 00:01:03.500000+00:00,,syn-normal-dataloader-104,syn-normal-dataloader-104,,,,,0,10.0,48.1270752056753,15.552696175611079,13.638128107620759,638.0462685456458,32.812651468900654,1421.592406259636,100.0,100.0,True,,synthetic_normal_dataloader_stall,sim_user,normal_dataloader_stall,gpu:1,normal_dataloader_stall
63.6,2026-01-01 00:01:03.600000+00:00,,syn-normal-dataloader-104,syn-normal-dataloader-104,,,,,0,10.0,44.89926216301097,12.572907912027443,3.466651758496883,524.3267986516105,32.016585359858766,763.215279089667,100.0,100.0,True,,synthetic_normal_dataloader_stall,sim_user,normal_dataloader_stall,gpu:1,normal_dataloader_stall
63.7,2026-01-01 00:01:03.700000+00:00,,syn-normal-dataloader-104,syn-normal-dataloader-104,,,,,0,10.0,38.11192207687955,10.302137683031114,1.5995258996636341,410.47057265952134,31.33869246046616,586.7215283929006,100.0,100.0,True,,synthetic_normal_dataloader_stall,sim_user,normal_dataloader_stall,gpu:1,normal_dataloader_stall
63.8,2026-01-01 00:01:03.800000+00:00,,syn-normal-dataloader-104,syn-normal-dataloader-104,,,,,0,10.0,31.915293607464044,4.014865585959874,0.3375564803650102,327.4111364536221,29.376977695944657,422.22905482881254,100.0,100.0,True,,synthetic_normal_dataloader_stall,sim_user,normal_dataloader_stall,gpu:1,normal_dataloader_stall
63.9,2026-01-01 00:01:03.900000+00:00,,syn-normal-dataloader-104,syn-normal-dataloader-104,,,,,0,10.0,49.687480999031976,15.021118871143962,1.8701836925283857,622.925690789408,32.467000463821975,417.09889161265903,100.0,100.0,True,,synthetic_normal_dataloader_stall,sim_user,normal_dataloader_stall,gpu:1,normal_dataloader_stall
64.0,2026-01-01 00:01:04+00:00,,syn-normal-dataloader-104,syn-normal-dataloader-104,,,,,0,10.0,57.31777894756517,16.691526838438786,9.554629562640175,560.6093495155613,32.900131288959365,1178.2028222825736,100.0,100.0,True,,synthetic_normal_dataloader_stall,sim_user,normal_dataloader_stall,gpu:1,normal_dataloader_stall
64.1,2026-01-01 00:01:04.100000+00:00,,syn-normal-dataloader-104,syn-normal-dataloader-104,,,,,0,10.0,42.90446038420697,9.309154262578348,0.0,442.8991019477728,30.936415532017573,304.9096357285449,100.0,100.0,True,,synthetic_normal_dataloader_stall,sim_user,normal_dataloader_stall,gpu:1,normal_dataloader_stall
64.2,2026-01-01 00:01:04.200000+00:00,,syn-normal-dataloader-104,syn-normal-dataloader-104,,,,,0,10.0,38.829674305065936,8.323731036390077,13.126544869995016,417.3560414045132,30.590434453734975,1283.4863164091576,100.0,100.0,True,,synthetic_normal_dataloader_stall,sim_user,normal_dataloader_stall,gpu:1,normal_dataloader_stall
64.3,2026-01-01 00:01:04.300000+00:00,,syn-normal-dataloader-104,syn-normal-dataloader-104,,,,,0,10.0,53.91350166418352,19.321482893116933,11.914520715351989,628.058762175679,33.6330730294591,1225.1264227044564,100.0,100.0,True,,synthetic_normal_dataloader_stall,sim_user,normal_dataloader_stall,gpu:1,normal_dataloader_stall
64.4,2026-01-01 00:01:04.400000+00:00,,syn-normal-dataloader-104,syn-normal-dataloader-104,,,,,0,10.0,33.94259971639259,8.85008668824486,0.0,436.53149706548567,30.885813705103384,415.8668644996444,100.0,100.0,True,,synthetic_normal_dataloader_stall,sim_user,normal_dataloader_stall,gpu:1,normal_dataloader_stall
64.5,2026-01-01 00:01:04.500000+00:00,,syn-normal-dataloader-104,syn-normal-dataloader-104,,,,,0,10.0,29.096809083433506,6.093730501106192,4.354622988390429,412.9483911642319,30.012108480953792,807.7985889739675,100.0,100.0,True,,synthetic_normal_dataloader_stall,sim_user,normal_dataloader_stall,gpu:1,normal_dataloader_stall
64.6,2026-01-01 00:01:04.600000+00:00,,syn-normal-dataloader-104,syn-normal-dataloader-104,,,,,0,10.0,50.138151480951635,14.18194096405945,7.294962701681267,547.5776693057189,32.42435434986719,963.2006553307383,100.0,100.0,True,,synthetic_normal_dataloader_stall,sim_user,normal_dataloader_stall,gpu:1,normal_dataloader_stall
64.7,2026-01-01 00:01:04.700000+00:00,,syn-normal-dataloader-104,syn-normal-dataloader-104,,,,,0,10.0,49.3926346782708,14.517832104640693,8.218309027551893,577.298183835392,33.07383879031048,1010.3948566315738,100.0,100.0,True,,synthetic_normal_dataloader_stall,sim_user,normal_dataloader_stall,gpu:1,normal_dataloader_stall
64.8,2026-01-01 00:01:04.800000+00:00,,syn-normal-dataloader-104,syn-normal-dataloader-104,,,,,0,10.0,54.36452877667036,15.692896006215744,16.629925692531906,616.0724965313136,33.41241017458686,1632.744158892612,100.0,100.0,True,,synthetic_normal_dataloader_stall,sim_user,normal_dataloader_stall,gpu:1,normal_dataloader_stall
64.9,2026-01-01 00:01:04.900000+00:00,,syn-normal-dataloader-104,syn-normal-dataloader-104,,,,,0,10.0,41.18666582640103,6.496488869607573,3.5957467386701274,405.0842551014185,30.693735324670328,702.1172020970279,100.0,100.0,True,,synthetic_normal_dataloader_stall,sim_user,normal_dataloader_stall,gpu:1,normal_dataloader_stall
65.0,2026-01-01 00:01:05+00:00,,syn-normal-dataloader-104,syn-normal-dataloader-104,,,,,0,10.0,45.61414493711386,14.334891494754181,6.395065128099935,566.5798051003478,32.632550579632195,928.1360697390006,100.0,100.0,True,,synthetic_normal_dataloader_stall,sim_user,normal_dataloader_stall,gpu:1,normal_dataloader_stall
65.1,2026-01-01 00:01:05.100000+00:00,,syn-normal-dataloader-104,syn-normal-dataloader-104,,,,,0,10.0,43.52966168284402,8.261881464111866,5.105934827385426,365.57467401683476,31.030989317851187,732.0699237866324,100.0,100.0,True,,synthetic_normal_dataloader_stall,sim_user,normal_dataloader_stall,gpu:1,normal_dataloader_stall
65.2,2026-01-01 00:01:05.200000+00:00,,syn-normal-dataloader-104,syn-normal-dataloader-104,,,,,0,10.0,49.633829973404346,16.196344884430307,4.321734121797614,626.1109349829566,33.169476682880244,806.9629751696582,100.0,100.0,True,,synthetic_normal_dataloader_stall,sim_user,normal_dataloader_stall,gpu:1,normal_dataloader_stall
65.3,2026-01-01 00:01:05.300000+00:00,,syn-normal-dataloader-104,syn-normal-dataloader-104,,,,,0,10.0,45.477663637452864,11.161487836428268,2.3371298183380906,550.5901580622809,31.699579158438794,465.54438227991,100.0,100.0,True,,synthetic_normal_dataloader_stall,sim_user,normal_dataloader_stall,gpu:1,normal_dataloader_stall
65.4,2026-01-01 00:01:05.400000+00:00,,syn-normal-dataloader-104,syn-normal-dataloader-104,,,,,0,10.0,46.190251766189434,12.315767038481074,8.735924087243959,547.1270930980228,32.171574615007735,1065.0671242942315,100.0,100.0,True,,synthetic_normal_dataloader_stall,sim_user,normal_dataloader_stall,gpu:1,normal_dataloader_stall
65.5,2026-01-01 00:01:05.500000+00:00,,syn-normal-dataloader-104,syn-normal-dataloader-104,,,,,0,10.0,47.00779579085206,15.419103173841101,16.304283126444453,610.5913808822851,32.884469435426425,1747.1874145132929,100.0,100.0,True,,synthetic_normal_dataloader_stall,sim_user,normal_dataloader_stall,gpu:1,normal_dataloader_stall
65.6,2026-01-01 00:01:05.600000+00:00,,syn-normal-dataloader-104,syn-normal-dataloader-104,,,,,0,10.0,169.2680461598143,82.98705117780065,45.182012827845924,2290.8658622904486,51.66871218493293,3722.355767172335,100.0,100.0,True,,synthetic_normal_dataloader_stall,sim_user,normal_dataloader_stall,gpu:1,normal_dataloader_stall
65.7,2026-01-01 00:01:05.700000+00:00,,syn-normal-dataloader-104,syn-normal-dataloader-104,,,,,0,10.0,172.34935512646075,87.75960745561659,52.8692398342658,2385.169245582875,53.17957700381052,4192.520649450665,100.0,100.0,True,,synthetic_normal_dataloader_stall,sim_user,normal_dataloader_stall,gpu:1,normal_dataloader_stall
65.8,2026-01-01 00:01:05.800000+00:00,,syn-normal-dataloader-104,syn-normal-dataloader-104,,,,,0,10.0,166.57978783711945,81.33235605585993,54.55418688766518,2242.0621539251356,51.32507040518966,4331.823601372931,100.0,100.0,True,,synthetic_normal_dataloader_stall,sim_user,normal_dataloader_stall,gpu:1,normal_dataloader_stall
65.9,2026-01-01 00:01:05.900000+00:00,,syn-normal-dataloader-104,syn-normal-dataloader-104,,,,,0,10.0,168.46813740121357,84.16835976756464,46.49056137856837,2314.828595119295,52.130741872224164,3765.5118114968527,100.0,100.0,True,,synthetic_normal_dataloader_stall,sim_user,normal_dataloader_stall,gpu:1,normal_dataloader_stall
66.0,2026-01-01 00:01:06+00:00,,syn-normal-dataloader-104,syn-normal-dataloader-104,,,,,0,10.0,169.74186506176517,84.74497648208114,44.41479769366387,2348.8418207250625,52.057712090942104,3573.8728478738153,100.0,100.0,True,,synthetic_normal_dataloader_stall,sim_user,normal_dataloader_stall,gpu:1,normal_dataloader_stall
66.1,2026-01-01 00:01:06.100000+00:00,,syn-normal-dataloader-104,syn-normal-dataloader-104,,,,,0,10.0,167.75450662891632,84.15569972582787,50.29622731692321,2345.835579771301,51.903146497716065,3993.0986069386477,100.0,100.0,True,,synthetic_normal_dataloader_stall,sim_user,normal_dataloader_stall,gpu:1,normal_dataloader_stall
66.2,2026-01-01 00:01:06.200000+00:00,,syn-normal-dataloader-104,syn-normal-dataloader-104,,,,,0,10.0,169.0521617854252,81.98407313509801,40.8656388903995,2308.939545994921,51.03946297003068,3287.8862517581815,100.0,100.0,True,,synthetic_normal_dataloader_stall,sim_user,normal_dataloader_stall,gpu:1,normal_dataloader_stall
66.3,2026-01-01 00:01:06.300000+00:00,,syn-normal-dataloader-104,syn-normal-dataloader-104,,,,,0,10.0,174.51233103618088,87.23251053477712,46.03965583653041,2378.32953016986,52.36429274359376,3633.2563368200604,100.0,100.0,True,,synthetic_normal_dataloader_stall,sim_user,normal_dataloader_stall,gpu:1,normal_dataloader_stall
66.4,2026-01-01 00:01:06.400000+00:00,,syn-normal-dataloader-104,syn-normal-dataloader-104,,,,,0,10.0,175.05035823396014,88.8687056750261,46.05102900402032,2426.9339458181616,52.51942934862658,3537.401889574663,100.0,100.0,True,,synthetic_normal_dataloader_stall,sim_user,normal_dataloader_stall,gpu:1,normal_dataloader_stall
66.5,2026-01-01 00:01:06.500000+00:00,,syn-normal-dataloader-104,syn-normal-dataloader-104,,,,,0,10.0,172.48565803326338,85.0254377514774,44.889109400789536,2329.8588807853284,51.24459420917806,3641.483713701323,100.0,100.0,True,,synthetic_normal_dataloader_stall,sim_user,normal_dataloader_stall,gpu:1,normal_dataloader_stall
66.6,2026-01-01 00:01:06.600000+00:00,,syn-normal-dataloader-104,syn-normal-dataloader-104,,,,,0,10.0,175.3985853967872,89.49328016736645,51.059448124342374,2426.49182440842,52.39914259902411,3983.5478303833675,100.0,100.0,True,,synthetic_normal_dataloader_stall,sim_user,normal_dataloader_stall,gpu:1,normal_dataloader_stall
66.7,2026-01-01 00:01:06.700000+00:00,,syn-normal-dataloader-104,syn-normal-dataloader-104,,,,,0,10.0,171.27366580599667,86.92396661585396,36.79136117554156,2338.9043792225225,51.8154202298172,3028.446890306172,100.0,100.0,True,,synthetic_normal_dataloader_stall,sim_user,normal_dataloader_stall,gpu:1,normal_dataloader_stall
66.8,2026-01-01 00:01:06.800000+00:00,,syn-normal-dataloader-104,syn-normal-dataloader-104,,,,,0,10.0,171.0050511986945,85.5391196161792,40.403648156861536,2308.9621262879964,51.668888357118234,3457.6904861273983,100.0,100.0,True,,synthetic_normal_dataloader_stall,sim_user,normal_dataloader_stall,gpu:1,normal_dataloader_stall
66.9,2026-01-01 00:01:06.900000+00:00,,syn-normal-dataloader-104,syn-normal-dataloader-104,,,,,0,10.0,171.50572441272206,85.08497436730491,48.24872147696506,2326.069436841976,51.66491501109668,3934.3348661739547,100.0,100.0,True,,synthetic_normal_dataloader_stall,sim_user,normal_dataloader_stall,gpu:1,normal_dataloader_stall
67.0,2026-01-01 00:01:07+00:00,,syn-normal-dataloader-104,syn-normal-dataloader-104,,,,,0,10.0,37.63618909387865,8.068261370773888,4.522047493802181,393.85074371629213,30.181897492614333,766.047854654776,100.0,100.0,True,,synthetic_normal_dataloader_stall,sim_user,normal_dataloader_stall,gpu:1,normal_dataloader_stall
67.1,2026-01-01 00:01:07.100000+00:00,,syn-normal-dataloader-104,syn-normal-dataloader-104,,,,,0,10.0,34.662722911137365,4.400133539629772,7.31591393971936,287.8513715107683,29.351168917522852,771.5973815928021,100.0,100.0,True,,synthetic_normal_dataloader_stall,sim_user,normal_dataloader_stall,gpu:1,normal_dataloader_stall
67.2,2026-01-01 00:01:07.200000+00:00,,syn-normal-dataloader-104,syn-normal-dataloader-104,,,,,0,10.0,45.444790824568194,13.123625063620628,1.781629066922008,592.3039164896707,31.67402506159425,593.0415136965347,100.0,100.0,True,,synthetic_normal_dataloader_stall,sim_user,normal_dataloader_stall,gpu:1,normal_dataloader_stall
67.3,2026-01-01 00:01:07.300000+00:00,,syn-normal-dataloader-104,syn-normal-dataloader-104,,,,,0,10.0,51.70533607306136,16.071785277725198,12.669058645338371,637.6396558004942,32.72902985617367,1412.5852843758921,100.0,100.0,True,,synthetic_normal_dataloader_stall,sim_user,normal_dataloader_stall,gpu:1,normal_dataloader_stall
67.4,2026-01-01 00:01:07.400000+00:00,,syn-normal-dataloader-104,syn-normal-dataloader-104,,,,,0,10.0,50.94436257332929,18.16867634657725,12.285279996431884,653.2487105957335,33.27391069512951,1341.510129649273,100.0,100.0,True,,synthetic_normal_dataloader_stall,sim_user,normal_dataloader_stall,gpu:1,normal_dataloader_stall
67.5,2026-01-01 00:01:07.500000+00:00,,syn-normal-dataloader-104,syn-normal-dataloader-104,,,,,0,10.0,46.883902859602095,12.85558475444747,6.721621825426819,504.9234954336036,31.417449345096003,903.0632153694363,100.0,100.0,True,,synthetic_normal_dataloader_stall,sim_user,normal_dataloader_stall,gpu:1,normal_dataloader_stall
67.6,2026-01-01 00:01:07.600000+00:00,,syn-normal-dataloader-104,syn-normal-dataloader-104,,,,,0,10.0,38.05243532970894,5.796304118181302,5.333713087446742,336.57338197022574,29.42218948472646,978.2224889380129,100.0,100.0,True,,synthetic_normal_dataloader_stall,sim_user,normal_dataloader_stall,gpu:1,normal_dataloader_stall
67.7,2026-01-01 00:01:07.700000+00:00,,syn-normal-dataloader-104,syn-normal-dataloader-104,,,,,0,10.0,41.925691499106584,10.838667662029586,3.030566398290967,432.259327751266,30.776030679409146,637.1335267646864,100.0,100.0,True,,synthetic_normal_dataloader_stall,sim_user,normal_dataloader_stall,gpu:1,normal_dataloader_stall
67.8,2026-01-01 00:01:07.800000+00:00,,syn-normal-dataloader-104,syn-normal-dataloader-104,,,,,0,10.0,170.14739848087552,84.41837126193947,44.13309788742457,2320.4015543152987,51.36689636866604,3470.1771096418897,100.0,100.0,True,,synthetic_normal_dataloader_stall,sim_user,normal_dataloader_stall,gpu:1,normal_dataloader_stall
67.9,2026-01-01 00:01:07.900000+00:00,,syn-normal-dataloader-104,syn-normal-dataloader-104,,,,,0,10.0,170.36228163430596,88.33737474696842,47.474171176692444,2389.490246789227,52.397035487862254,3743.58337466018,100.0,100.0,True,,synthetic_normal_dataloader_stall,sim_user,normal_dataloader_stall,gpu:1,normal_dataloader_stall
68.0,2026-01-01 00:01:08+00:00,,syn-normal-dataloader-104,syn-normal-dataloader-104,,,,,0,10.0,166.1419704626903,80.77991432955457,37.15361261134554,2305.4161068731823,50.103488571638756,3037.1834337789987,100.0,100.0,True,,synthetic_normal_dataloader_stall,sim_user,normal_dataloader_stall,gpu:1,normal_dataloader_stall
68.1,2026-01-01 00:01:08.100000+00:00,,syn-normal-dataloader-104,syn-normal-dataloader-104,,,,,0,10.0,176.79446071271096,87.6654124351183,47.83208623907178,2425.89823629501,52.31946697833712,3710.3838005874595,100.0,100.0,True,,synthetic_normal_dataloader_stall,sim_user,normal_dataloader_stall,gpu:1,normal_dataloader_stall
68.2,2026-01-01 00:01:08.200000+00:00,,syn-normal-dataloader-104,syn-normal-dataloader-104,,,,,0,10.0,178.40581076723294,89.41407637331044,42.84128301853076,2410.419966266868,52.76445361084702,3520.497757173824,100.0,100.0,True,,synthetic_normal_dataloader_stall,sim_user,normal_dataloader_stall,gpu:1,normal_dataloader_stall
68.3,2026-01-01 00:01:08.300000+00:00,,syn-normal-dataloader-104,syn-normal-dataloader-104,,,,,0,10.0,183.54006858386776,92.3975492298808,58.11700773564814,2520.0,53.62508207967554,4521.518229257324,100.0,100.0,True,,synthetic_normal_dataloader_stall,sim_user,normal_dataloader_stall,gpu:1,normal_dataloader_stall
68.4,2026-01-01 00:01:08.400000+00:00,,syn-normal-dataloader-104,syn-normal-dataloader-104,,,,,0,10.0,182.62597066799535,92.6992005275596,53.22895346169862,2516.6533909683003,53.61001485451912,4199.544020637018,100.0,100.0,True,,synthetic_normal_dataloader_stall,sim_user,normal_dataloader_stall,gpu:1,normal_dataloader_stall
68.5,2026-01-01 00:01:08.500000+00:00,,syn-normal-dataloader-104,syn-normal-dataloader-104,,,,,0,10.0,180.5122778116879,96.2895031830792,68.89235154954888,2520.0,54.65870295253984,5239.406118534815,100.0,100.0,True,,synthetic_normal_dataloader_stall,sim_user,normal_dataloader_stall,gpu:1,normal_dataloader_stall
68.6,2026-01-01 00:01:08.600000+00:00,,syn-normal-dataloader-104,syn-normal-dataloader-104,,,,,0,10.0,172.71377419299577,86.35207535012,50.05050838033984,2375.209415159392,51.798110116559485,4096.653541794914,100.0,100.0,True,,synthetic_normal_dataloader_stall,sim_user,normal_dataloader_stall,gpu:1,normal_dataloader_stall
68.7,2026-01-01 00:01:08.700000+00:00,,syn-normal-dataloader-104,syn-normal-dataloader-104,,,,,0,10.0,178.20008142542338,92.71654465753551,44.38457475513643,2520.0,53.537278635529745,3666.7572408318715,100.0,100.0,True,,synthetic_normal_dataloader_stall,sim_user,normal_dataloader_stall,gpu:1,normal_dataloader_stall
68.8,2026-01-01 00:01:08.800000+00:00,,syn-normal-dataloader-104,syn-normal-dataloader-104,,,,,0,10.0,174.8725890109186,86.71689164242571,51.362278483982664,2323.836893524879,52.033859154113486,3927.6621324980697,100.0,100.0,True,,synthetic_normal_dataloader_stall,sim_user,normal_dataloader_stall,gpu:1,normal_dataloader_stall
68.9,2026-01-01 00:01:08.900000+00:00,,syn-normal-dataloader-104,syn-normal-dataloader-104,,,,,0,10.0,178.11101501340661,88.64841480586202,46.02339390390736,2435.04475185427,52.734818133264156,3524.5099384352325,100.0,100.0,True,,synthetic_normal_dataloader_stall,sim_user,normal_dataloader_stall,gpu:1,normal_dataloader_stall
69.0,2026-01-01 00:01:09+00:00,,syn-normal-dataloader-104,syn-normal-dataloader-104,,,,,0,10.0,178.27214354264495,89.77981974441255,53.820622369280585,2419.1605379560597,52.771660288638245,4228.120052097133,100.0,100.0,True,,synthetic_normal_dataloader_stall,sim_user,normal_dataloader_stall,gpu:1,normal_dataloader_stall
69.1,2026-01-01 00:01:09.100000+00:00,,syn-normal-dataloader-104,syn-normal-dataloader-104,,,,,0,10.0,178.19132530397005,93.21447600391232,59.374910048688974,2508.6060220718723,53.897623983244436,4522.552815251231,100.0,100.0,True,,synthetic_normal_dataloader_stall,sim_user,normal_dataloader_stall,gpu:1,normal_dataloader_stall
69.2,2026-01-01 00:01:09.200000+00:00,,syn-normal-dataloader-104,syn-normal-dataloader-104,,,,,0,10.0,180.51189399905775,91.8508356943707,42.319616496761114,2515.8107042992283,53.52540891586984,3507.0352148888983,100.0,100.0,True,,synthetic_normal_dataloader_stall,sim_user,normal_dataloader_stall,gpu:1,normal_dataloader_stall
69.3,2026-01-01 00:01:09.300000+00:00,,syn-normal-dataloader-104,syn-normal-dataloader-104,,,,,0,10.0,175.958466198733,89.51117861470638,51.36252439741962,2489.328197408242,52.9682402509791,3905.488117382118,100.0,100.0,True,,synthetic_normal_dataloader_stall,sim_user,normal_dataloader_stall,gpu:1,normal_dataloader_stall
69.4,2026-01-01 00:01:09.400000+00:00,,syn-normal-dataloader-104,syn-normal-dataloader-104,,,,,0,10.0,168.07279250411528,82.88256633350181,43.23129012708106,2255.5823855126628,51.15312081461477,3375.994502800125,100.0,100.0,True,,synthetic_normal_dataloader_stall,sim_user,normal_dataloader_stall,gpu:1,normal_dataloader_stall
69.5,2026-01-01 00:01:09.500000+00:00,,syn-normal-dataloader-104,syn-normal-dataloader-104,,,,,0,10.0,169.03395282127852,84.32076433511433,46.185626685490156,2285.361741461604,51.23892066261823,3643.4631591597113,100.0,100.0,True,,synthetic_normal_dataloader_stall,sim_user,normal_dataloader_stall,gpu:1,normal_dataloader_stall
69.6,2026-01-01 00:01:09.600000+00:00,,syn-normal-dataloader-104,syn-normal-dataloader-104,,,,,0,10.0,166.06055807475778,87.6639265089795,54.93958541924101,2414.2192244770927,52.55423993348586,4273.353623968613,100.0,100.0,True,,synthetic_normal_dataloader_stall,sim_user,normal_dataloader_stall,gpu:1,normal_dataloader_stall
69.7,2026-01-01 00:01:09.700000+00:00,,syn-normal-dataloader-104,syn-normal-dataloader-104,,,,,0,10.0,154.37809097598128,73.52458023861284,44.349349553719975,1999.7689493819123,48.50810597683669,3548.177472382319,100.0,100.0,True,,synthetic_normal_dataloader_stall,sim_user,normal_dataloader_stall,gpu:1,normal_dataloader_stall
69.8,2026-01-01 00:01:09.800000+00:00,,syn-normal-dataloader-104,syn-normal-dataloader-104,,,,,0,10.0,151.27752219732045,69.81347974319795,40.86132011235269,1934.180801520148,47.26658093716645,3614.390760411393,100.0,100.0,True,,synthetic_normal_dataloader_stall,sim_user,normal_dataloader_stall,gpu:1,normal_dataloader_stall
69.9,2026-01-01 00:01:09.900000+00:00,,syn-normal-dataloader-104,syn-normal-dataloader-104,,,,,0,10.0,158.83400573375567,78.1178145522263,39.549957417140234,2244.6382529585635,49.796330566649246,2986.925741152019,100.0,100.0,True,,synthetic_normal_dataloader_stall,sim_user,normal_dataloader_stall,gpu:1,normal_dataloader_stall
70.0,2026-01-01 00:01:10+00:00,,syn-normal-dataloader-104,syn-normal-dataloader-104,,,,,0,10.0,159.24213572929835,76.60940311986613,39.46044010006932,2168.6490416910806,49.33556376487591,3066.5292020444303,100.0,100.0,True,,synthetic_normal_dataloader_stall,sim_user,normal_dataloader_stall,gpu:1,normal_dataloader_stall
70.1,2026-01-01 00:01:10.100000+00:00,,syn-normal-dataloader-104,syn-normal-dataloader-104,,,,,0,10.0,161.39275272549938,77.14452707197584,41.56666236164827,2081.5280588692412,49.54994939352212,3440.4937225602116,100.0,100.0,True,,synthetic_normal_dataloader_stall,sim_user,normal_dataloader_stall,gpu:1,normal_dataloader_stall
70.2,2026-01-01 00:01:10.200000+00:00,,syn-normal-dataloader-104,syn-normal-dataloader-104,,,,,0,10.0,168.26162342851475,79.5806557605061,46.298143312495036,2251.74414402759,50.529350051806446,3684.656425352829,100.0,100.0,True,,synthetic_normal_dataloader_stall,sim_user,normal_dataloader_stall,gpu:1,normal_dataloader_stall
70.3,2026-01-01 00:01:10.300000+00:00,,syn-normal-dataloader-104,syn-normal-dataloader-104,,,,,0,10.0,178.1669345686665,90.58387212229482,50.750567590148655,2440.3753939968174,53.619432353790955,3894.8916590018184,100.0,100.0,True,,synthetic_normal_dataloader_stall,sim_user,normal_dataloader_stall,gpu:1,normal_dataloader_stall
70.4,2026-01-01 00:01:10.400000+00:00,,syn-normal-dataloader-104,syn-normal-dataloader-104,,,,,0,10.0,177.44091029696463,89.27662220601141,42.51980960718732,2438.11660194446,53.43202556743256,3435.788595114022,100.0,100.0,True,,synthetic_normal_dataloader_stall,sim_user,normal_dataloader_stall,gpu:1,normal_dataloader_stall
70.5,2026-01-01 00:01:10.500000+00:00,,syn-normal-dataloader-104,syn-normal-dataloader-104,,,,,0,10.0,180.34037049041316,90.38752212350404,44.27903821826631,2438.5656408570626,53.47010055942886,3379.0969458312975,100.0,100.0,True,,synthetic_normal_dataloader_stall,sim_user,normal_dataloader_stall,gpu:1,normal_dataloader_stall
70.6,2026-01-01 00:01:10.600000+00:00,,syn-normal-dataloader-104,syn-normal-dataloader-104,,,,,0,10.0,176.9026115620399,90.79844351491425,50.66185939331524,2475.1701227755552,53.45950669033608,4166.194140715489,100.0,100.0,True,,synthetic_normal_dataloader_stall,sim_user,normal_dataloader_stall,gpu:1,normal_dataloader_stall
70.7,2026-01-01 00:01:10.700000+00:00,,syn-normal-dataloader-104,syn-normal-dataloader-104,,,,,0,10.0,175.4782116793587,90.40655293246552,55.793175312507266,2461.1202844867325,53.26097976087308,4347.979614913331,100.0,100.0,True,,synthetic_normal_dataloader_stall,sim_user,normal_dataloader_stall,gpu:1,normal_dataloader_stall
70.8,2026-01-01 00:01:10.800000+00:00,,syn-normal-dataloader-104,syn-normal-dataloader-104,,,,,0,10.0,168.98815367978122,84.72943947951798,46.531443231160274,2393.0402340831215,51.57028742186429,3829.017433257589,100.0,100.0,True,,synthetic_normal_dataloader_stall,sim_user,normal_dataloader_stall,gpu:1,normal_dataloader_stall
70.9,2026-01-01 00:01:10.900000+00:00,,syn-normal-dataloader-104,syn-normal-dataloader-104,,,,,0,10.0,168.17874330166606,85.79039079740386,43.716751822637356,2354.188402398947,52.079656791764556,3609.99583247868,100.0,100.0,True,,synthetic_normal_dataloader_stall,sim_user,normal_dataloader_stall,gpu:1,normal_dataloader_stall
71.0,2026-01-01 00:01:11+00:00,,syn-normal-dataloader-104,syn-normal-dataloader-104,,,,,0,10.0,169.99024384121904,82.03992323217481,46.06469626340567,2234.9063459445715,51.018306034159174,3699.9064708472965,100.0,100.0,True,,synthetic_normal_dataloader_stall,sim_user,normal_dataloader_stall,gpu:1,normal_dataloader_stall
71.1,2026-01-01 00:01:11.100000+00:00,,syn-normal-dataloader-104,syn-normal-dataloader-104,,,,,0,10.0,174.24853294846446,88.29596771021973,45.68299089058063,2392.0310820313534,52.5473549904432,3692.396163925751,100.0,100.0,True,,synthetic_normal_dataloader_stall,sim_user,normal_dataloader_stall,gpu:1,normal_dataloader_stall
71.2,2026-01-01 00:01:11.200000+00:00,,syn-normal-dataloader-104,syn-normal-dataloader-104,,,,,0,10.0,179.0156210958224,88.14955184355257,48.93206934597609,2428.3703218542037,52.48048134666783,3860.039979320432,100.0,100.0,True,,synthetic_normal_dataloader_stall,sim_user,normal_dataloader_stall,gpu:1,normal_dataloader_stall
71.3,2026-01-01 00:01:11.300000+00:00,,syn-normal-dataloader-104,syn-normal-dataloader-104,,,,,0,10.0,186.13988540865995,94.22514591420494,57.002887527946626,2520.0,54.34595225428016,4471.392592591216,100.0,100.0,True,,synthetic_normal_dataloader_stall,sim_user,normal_dataloader_stall,gpu:1,normal_dataloader_stall
71.4,2026-01-01 00:01:11.400000+00:00,,syn-normal-dataloader-104,syn-normal-dataloader-104,,,,,0,10.0,189.0418763690643,99.20487642233655,48.284190586906696,2520.0,55.8765463692016,3563.7357578586925,100.0,100.0,True,,synthetic_normal_dataloader_stall,sim_user,normal_dataloader_stall,gpu:1,normal_dataloader_stall
71.5,2026-01-01 00:01:11.500000+00:00,,syn-normal-dataloader-104,syn-normal-dataloader-104,,,,,0,10.0,180.8247538827388,91.21795030918086,49.40707267546641,2516.325015314616,53.49877582157793,3862.865048180491,100.0,100.0,True,,synthetic_normal_dataloader_stall,sim_user,normal_dataloader_stall,gpu:1,normal_dataloader_stall
71.6,2026-01-01 00:01:11.600000+00:00,,syn-normal-dataloader-104,syn-normal-dataloader-104,,,,,0,10.0,181.27289430337478,95.5839127780669,53.72672970710712,2520.0,54.94477424166382,3998.8277798631652,100.0,100.0,True,,synthetic_normal_dataloader_stall,sim_user,normal_dataloader_stall,gpu:1,normal_dataloader_stall
71.7,2026-01-01 00:01:11.700000+00:00,,syn-normal-dataloader-104,syn-normal-dataloader-104,,,,,0,10.0,176.79973301409,91.60256657035363,51.58593010472021,2514.7625105007824,53.71390464529568,4234.795502075771,100.0,100.0,True,,synthetic_normal_dataloader_stall,sim_user,normal_dataloader_stall,gpu:1,normal_dataloader_stall
71.8,2026-01-01 00:01:11.800000+00:00,,syn-normal-dataloader-104,syn-normal-dataloader-104,,,,,0,10.0,175.76826614458088,90.09147182636873,50.43766272680197,2476.9135820862575,53.181708699250294,3998.114428685098,100.0,100.0,True,,synthetic_normal_dataloader_stall,sim_user,normal_dataloader_stall,gpu:1,normal_dataloader_stall
71.9,2026-01-01 00:01:11.900000+00:00,,syn-normal-dataloader-104,syn-normal-dataloader-104,,,,,0,10.0,173.2544910861731,84.48974740131823,48.09916213102462,2352.2369965669427,51.629085837486656,3683.2102071132367,100.0,100.0,True,,synthetic_normal_dataloader_stall,sim_user,normal_dataloader_stall,gpu:1,normal_dataloader_stall
72.0,2026-01-01 00:01:12+00:00,,syn-normal-dataloader-104,syn-normal-dataloader-104,,,,,0,10.0,172.40423581575533,86.58994641580871,48.02355784649116,2333.2862857922205,52.34116166301768,3872.4435653291366,100.0,100.0,True,,synthetic_normal_dataloader_stall,sim_user,normal_dataloader_stall,gpu:1,normal_dataloader_stall
72.1,2026-01-01 00:01:12.100000+00:00,,syn-normal-dataloader-104,syn-normal-dataloader-104,,,,,0,10.0,174.9828084429463,88.92153648210028,52.90988748890785,2399.0181650009695,52.693106478433506,4028.6919285635,100.0,100.0,True,,synthetic_normal_dataloader_stall,sim_user,normal_dataloader_stall,gpu:1,normal_dataloader_stall
72.2,2026-01-01 00:01:12.200000+00:00,,syn-normal-dataloader-104,syn-normal-dataloader-104,,,,,0,10.0,168.64980605620164,86.14647807359972,43.30690561536287,2353.814350945489,51.93964339699319,3411.503910043873,100.0,100.0,True,,synthetic_normal_dataloader_stall,sim_user,normal_dataloader_stall,gpu:1,normal_dataloader_stall
72.3,2026-01-01 00:01:12.300000+00:00,,syn-normal-dataloader-104,syn-normal-dataloader-104,,,,,0,10.0,163.39609514010152,81.17678346749965,44.12102729202326,2248.5221260963285,50.11472655186246,3397.717201084578,100.0,100.0,True,,synthetic_normal_dataloader_stall,sim_user,normal_dataloader_stall,gpu:1,normal_dataloader_stall
72.4,2026-01-01 00:01:12.400000+00:00,,syn-normal-dataloader-104,syn-normal-dataloader-104,,,,,0,10.0,157.01494011371497,74.42130539264883,42.38629649595447,2024.8462212112065,48.513397168090805,3442.5514245307695,100.0,100.0,True,,synthetic_normal_dataloader_stall,sim_user,normal_dataloader_stall,gpu:1,normal_dataloader_stall
72.5,2026-01-01 00:01:12.500000+00:00,,syn-normal-dataloader-104,syn-normal-dataloader-104,,,,,0,10.0,161.59309993203857,81.98350315679295,48.22583485068721,2177.654303748089,50.699646025529255,3896.130305276115,100.0,100.0,True,,synthetic_normal_dataloader_stall,sim_user,normal_dataloader_stall,gpu:1,normal_dataloader_stall
72.6,2026-01-01 00:01:12.600000+00:00,,syn-normal-dataloader-104,syn-normal-dataloader-104,,,,,0,10.0,161.33594622657102,76.71488699664732,46.48058839044842,2136.521508869749,49.41554925648184,3505.5838617644176,100.0,100.0,True,,synthetic_normal_dataloader_stall,sim_user,normal_dataloader_stall,gpu:1,normal_dataloader_stall
72.7,2026-01-01 00:01:12.700000+00:00,,syn-normal-dataloader-104,syn-normal-dataloader-104,,,,,0,10.0,169.17191711436305,82.94948629056273,49.871600785921544,2313.3744453679674,51.190492194750696,4083.544270746952,100.0,100.0,True,,synthetic_normal_dataloader_stall,sim_user,normal_dataloader_stall,gpu:1,normal_dataloader_stall
72.8,2026-01-01 00:01:12.800000+00:00,,syn-normal-dataloader-104,syn-normal-dataloader-104,,,,,0,10.0,168.3397569942565,79.81516914357626,36.13978399786092,2249.034116674888,50.22825030787349,2953.957141703494,100.0,100.0,True,,synthetic_normal_dataloader_stall,sim_user,normal_dataloader_stall,gpu:1,normal_dataloader_stall
72.9,2026-01-01 00:01:12.900000+00:00,,syn-normal-dataloader-104,syn-normal-dataloader-104,,,,,0,10.0,176.29107140152922,88.75169105151785,49.85497037618968,2396.1075820430765,52.62931609749212,3811.1912872112393,100.0,100.0,True,,synthetic_normal_dataloader_stall,sim_user,normal_dataloader_stall,gpu:1,normal_dataloader_stall
73.0,2026-01-01 00:01:13+00:00,,syn-normal-dataloader-104,syn-normal-dataloader-104,,,,,0,10.0,177.04556754425522,90.85315760709784,54.268803244205586,2498.307782700785,53.55965816753038,4292.758586944603,100.0,100.0,True,,synthetic_normal_dataloader_stall,sim_user,normal_dataloader_stall,gpu:1,normal_dataloader_stall
73.1,2026-01-01 00:01:13.100000+00:00,,syn-normal-dataloader-104,syn-normal-dataloader-104,,,,,0,10.0,176.22187461008386,90.64848118593645,47.785484843780345,2493.2956600778093,53.43813659674203,3935.4221796032643,100.0,100.0,True,,synthetic_normal_dataloader_stall,sim_user,normal_dataloader_stall,gpu:1,normal_dataloader_stall
73.2,2026-01-01 00:01:13.200000+00:00,,syn-normal-dataloader-104,syn-normal-dataloader-104,,,,,0,10.0,176.1568318879843,86.48151936459153,42.82563978921459,2388.232592206924,52.49835955758783,3364.2145013870186,100.0,100.0,True,,synthetic_normal_dataloader_stall,sim_user,normal_dataloader_stall,gpu:1,normal_dataloader_stall
73.3,2026-01-01 00:01:13.300000+00:00,,syn-normal-dataloader-104,syn-normal-dataloader-104,,,,,0,10.0,180.72595654257748,92.36309170116606,55.27531116277743,2520.0,54.39848785626457,4309.628683251071,100.0,100.0,True,,synthetic_normal_dataloader_stall,sim_user,normal_dataloader_stall,gpu:1,normal_dataloader_stall
73.4,2026-01-01 00:01:13.400000+00:00,,syn-normal-dataloader-104,syn-normal-dataloader-104,,,,,0,10.0,184.71738591235874,94.18484409737053,45.89517948978901,2520.0,54.994458467020564,3574.128799671484,100.0,100.0,True,,synthetic_normal_dataloader_stall,sim_user,normal_dataloader_stall,gpu:1,normal_dataloader_stall
73.5,2026-01-01 00:01:13.500000+00:00,,syn-normal-dataloader-104,syn-normal-dataloader-104,,,,,0,10.0,180.62827613556237,92.4002373401915,48.644457785273076,2514.7800283078013,54.458311526978484,3747.78028794279,100.0,100.0,True,,synthetic_normal_dataloader_stall,sim_user,normal_dataloader_stall,gpu:1,normal_dataloader_stall
73.6,2026-01-01 00:01:13.600000+00:00,,syn-normal-dataloader-104,syn-normal-dataloader-104,,,,,0,10.0,180.61682055204676,93.17655999283612,51.62024768073673,2520.0,54.57397988392609,3884.569393888233,100.0,100.0,True,,synthetic_normal_dataloader_stall,sim_user,normal_dataloader_stall,gpu:1,normal_dataloader_stall
73.7,2026-01-01 00:01:13.700000+00:00,,syn-normal-dataloader-104,syn-normal-dataloader-104,,,,,0,10.0,178.80573969248584,91.07745295987903,48.49550567943801,2487.789876815276,53.9269057059954,3746.1665843351147,100.0,100.0,True,,synthetic_normal_dataloader_stall,sim_user,normal_dataloader_stall,gpu:1,normal_dataloader_stall
73.8,2026-01-01 00:01:13.800000+00:00,,syn-normal-dataloader-104,syn-normal-dataloader-104,,,,,0,10.0,173.91264475226166,91.03764138281751,46.83656714079831,2472.0306337101974,53.98620023238979,3557.8792733713685,100.0,100.0,True,,synthetic_normal_dataloader_stall,sim_user,normal_dataloader_stall,gpu:1,normal_dataloader_stall
73.9,2026-01-01 00:01:13.900000+00:00,,syn-normal-dataloader-104,syn-normal-dataloader-104,,,,,0,10.0,169.26382782206014,82.41704263064682,41.10815880686066,2219.5208233751196,51.40477411489571,3273.7619120833665,100.0,100.0,True,,synthetic_normal_dataloader_stall,sim_user,normal_dataloader_stall,gpu:1,normal_dataloader_stall
74.0,2026-01-01 00:01:14+00:00,,syn-normal-dataloader-104,syn-normal-dataloader-104,,,,,0,10.0,172.25767720754433,87.49504331904983,52.56042282283354,2408.1907097090048,52.788449740963785,4005.2763258725704,100.0,100.0,True,,synthetic_normal_dataloader_stall,sim_user,normal_dataloader_stall,gpu:1,normal_dataloader_stall
74.1,2026-01-01 00:01:14.100000+00:00,,syn-normal-dataloader-104,syn-normal-dataloader-104,,,,,0,10.0,167.82718974271702,84.48608271445886,45.42744433070585,2324.7743821613617,52.04678830216835,3636.1338858058903,100.0,100.0,True,,synthetic_normal_dataloader_stall,sim_user,normal_dataloader_stall,gpu:1,normal_dataloader_stall
74.2,2026-01-01 00:01:14.200000+00:00,,syn-normal-dataloader-104,syn-normal-dataloader-104,,,,,0,10.0,168.74247889538586,81.9274725130423,42.21907849369594,2242.7882895685943,50.935215544574135,3443.702174420053,100.0,100.0,True,,synthetic_normal_dataloader_stall,sim_user,normal_dataloader_stall,gpu:1,normal_dataloader_stall
74.3,2026-01-01 00:01:14.300000+00:00,,syn-normal-dataloader-104,syn-normal-dataloader-104,,,,,0,10.0,172.15171138140278,86.90812490873752,42.0218108665223,2399.688302693658,52.3304242663897,3439.4954550272055,100.0,100.0,True,,synthetic_normal_dataloader_stall,sim_user,normal_dataloader_stall,gpu:1,normal_dataloader_stall
74.4,2026-01-01 00:01:14.400000+00:00,,syn-normal-dataloader-104,syn-normal-dataloader-104,,,,,0,10.0,174.61538728812468,87.54408821954253,41.745739192347585,2394.6364811365756,52.6256379643385,3423.8782725168453,100.0,100.0,True,,synthetic_normal_dataloader_stall,sim_user,normal_dataloader_stall,gpu:1,normal_dataloader_stall
74.5,2026-01-01 00:01:14.500000+00:00,,syn-normal-dataloader-104,syn-normal-dataloader-104,,,,,0,10.0,174.14139890515236,85.64353246604968,45.442760903476746,2246.958387735704,52.16088418456957,3655.152643570614,100.0,100.0,True,,synthetic_normal_dataloader_stall,sim_user,normal_dataloader_stall,gpu:1,normal_dataloader_stall
74.6,2026-01-01 00:01:14.600000+00:00,,syn-normal-dataloader-104,syn-normal-dataloader-104,,,,,0,10.0,181.59038068412193,93.14898619593096,51.24689858868154,2461.323364366466,54.40317874951987,4016.485141777248,100.0,100.0,True,,synthetic_normal_dataloader_stall,sim_user,normal_dataloader_stall,gpu:1,normal_dataloader_stall
74.7,2026-01-01 00:01:14.700000+00:00,,syn-normal-dataloader-104,syn-normal-dataloader-104,,,,,0,10.0,181.3605403719039,91.58300064174014,39.52195876120072,2478.8377633097434,53.93173182076284,3083.023996866778,100.0,100.0,True,,synthetic_normal_dataloader_stall,sim_user,normal_dataloader_stall,gpu:1,normal_dataloader_stall
74.8,2026-01-01 00:01:14.800000+00:00,,syn-normal-dataloader-104,syn-normal-dataloader-104,,,,,0,10.0,183.02288930717583,94.91119721197947,45.8660901129857,2520.0,54.608940927545596,3565.3440551964804,100.0,100.0,True,,synthetic_normal_dataloader_stall,sim_user,normal_dataloader_stall,gpu:1,normal_dataloader_stall
74.9,2026-01-01 00:01:14.900000+00:00,,syn-normal-dataloader-104,syn-normal-dataloader-104,,,,,0,10.0,183.26970298300498,92.29165288258861,49.484880464629335,2475.492267978842,53.69210937124892,3917.9202798512943,100.0,100.0,True,,synthetic_normal_dataloader_stall,sim_user,normal_dataloader_stall,gpu:1,normal_dataloader_stall
75.0,2026-01-01 00:01:15+00:00,,syn-normal-dataloader-104,syn-normal-dataloader-104,,,,,0,10.0,190.9755327770136,100.0,56.3901399443126,2520.0,55.88430343906546,4294.261953363876,100.0,100.0,True,,synthetic_normal_dataloader_stall,sim_user,normal_dataloader_stall,gpu:1,normal_dataloader_stall
75.1,2026-01-01 00:01:15.100000+00:00,,syn-normal-dataloader-104,syn-normal-dataloader-104,,,,,0,10.0,186.67303329221457,95.96957050211826,58.360496767609554,2520.0,54.871911223653456,4548.064835789695,100.0,100.0,True,,synthetic_normal_dataloader_stall,sim_user,normal_dataloader_stall,gpu:1,normal_dataloader_stall
75.2,2026-01-01 00:01:15.200000+00:00,,syn-normal-dataloader-104,syn-normal-dataloader-104,,,,,0,10.0,185.9948388370229,95.4027167472688,54.06121382961493,2520.0,54.74803313370027,4292.29121937926,100.0,100.0,True,,synthetic_normal_dataloader_stall,sim_user,normal_dataloader_stall,gpu:1,normal_dataloader_stall
75.3,2026-01-01 00:01:15.300000+00:00,,syn-normal-dataloader-104,syn-normal-dataloader-104,,,,,0,10.0,184.91717553759804,96.18406832600873,50.563365161959005,2520.0,54.83291476155783,4026.215627195731,100.0,100.0,True,,synthetic_normal_dataloader_stall,sim_user,normal_dataloader_stall,gpu:1,normal_dataloader_stall
75.4,2026-01-01 00:01:15.400000+00:00,,syn-normal-dataloader-104,syn-normal-dataloader-104,,,,,0,10.0,182.76012298993342,97.13072238995308,52.19354132507625,2520.0,55.02688351385936,4113.01169037672,100.0,100.0,True,,synthetic_normal_dataloader_stall,sim_user,normal_dataloader_stall,gpu:1,normal_dataloader_stall
75.5,2026-01-01 00:01:15.500000+00:00,,syn-normal-dataloader-104,syn-normal-dataloader-104,,,,,0,10.0,170.62306184516837,85.68264213712331,41.818728302327415,2395.065835772004,51.75966059501519,3307.996655982602,100.0,100.0,True,,synthetic_normal_dataloader_stall,sim_user,normal_dataloader_stall,gpu:1,normal_dataloader_stall
75.6,2026-01-01 00:01:15.600000+00:00,,syn-normal-dataloader-104,syn-normal-dataloader-104,,,,,0,10.0,175.55420294203984,89.01192011375069,48.08651970510244,2433.952250083782,52.62713489577909,3845.8989515914363,100.0,100.0,True,,synthetic_normal_dataloader_stall,sim_user,normal_dataloader_stall,gpu:1,normal_dataloader_stall
75.7,2026-01-01 00:01:15.700000+00:00,,syn-normal-dataloader-104,syn-normal-dataloader-104,,,,,0,10.0,180.3170941708676,91.36228072415382,50.224433390267215,2510.8191813081576,53.402518139677035,4002.73128565333,100.0,100.0,True,,synthetic_normal_dataloader_stall,sim_user,normal_dataloader_stall,gpu:1,normal_dataloader_stall
75.8,2026-01-01 00:01:15.800000+00:00,,syn-normal-dataloader-104,syn-normal-dataloader-104,,,,,0,10.0,184.9688795842072,94.77628483486767,45.46188325340528,2520.0,54.63591645172969,3534.805971253255,100.0,100.0,True,,synthetic_normal_dataloader_stall,sim_user,normal_dataloader_stall,gpu:1,normal_dataloader_stall
75.9,2026-01-01 00:01:15.900000+00:00,,syn-normal-dataloader-104,syn-normal-dataloader-104,,,,,0,10.0,184.2559880552712,89.91456456328704,47.87450433129733,2411.48746627893,53.23483688621794,3843.5490585220005,100.0,100.0,True,,synthetic_normal_dataloader_stall,sim_user,normal_dataloader_stall,gpu:1,normal_dataloader_stall
76.0,2026-01-01 00:01:16+00:00,,syn-normal-dataloader-104,syn-normal-dataloader-104,,,,,0,10.0,184.99784695119507,97.38061811447446,53.211555695298294,2520.0,55.26639514343778,4093.9379294002847,100.0,100.0,True,,synthetic_normal_dataloader_stall,sim_user,normal_dataloader_stall,gpu:1,normal_dataloader_stall
76.1,2026-01-01 00:01:16.100000+00:00,,syn-normal-dataloader-104,syn-normal-dataloader-104,,,,,0,10.0,176.97057941927088,93.01588919404286,51.18132173464911,2499.645904121596,53.63758619996507,4242.566887704338,100.0,100.0,True,,synthetic_normal_dataloader_stall,sim_user,normal_dataloader_stall,gpu:1,normal_dataloader_stall
76.2,2026-01-01 00:01:16.200000+00:00,,syn-normal-dataloader-104,syn-normal-dataloader-104,,,,,0,10.0,171.99255107019314,89.59286085608893,51.37911246824047,2437.0702955306556,52.59028169667654,3993.0831063968963,100.0,100.0,True,,synthetic_normal_dataloader_stall,sim_user,normal_dataloader_stall,gpu:1,normal_dataloader_stall
76.3,2026-01-01 00:01:16.300000+00:00,,syn-normal-dataloader-104,syn-normal-dataloader-104,,,,,0,10.0,165.98947926955813,83.19635914215449,49.57399726733823,2296.9636954723182,50.74841686839755,4016.425530669945,100.0,100.0,True,,synthetic_normal_dataloader_stall,sim_user,normal_dataloader_stall,gpu:1,normal_dataloader_stall
76.4,2026-01-01 00:01:16.400000+00:00,,syn-normal-dataloader-104,syn-normal-dataloader-104,,,,,0,10.0,160.8774484343081,76.73057836834377,33.61059945873336,2043.5397383981772,48.792941313436444,2795.859446865221,100.0,100.0,True,,synthetic_normal_dataloader_stall,sim_user,normal_dataloader_stall,gpu:1,normal_dataloader_stall
76.5,2026-01-01 00:01:16.500000+00:00,,syn-normal-dataloader-104,syn-normal-dataloader-104,,,,,0,10.0,163.977637236731,79.73038379175466,41.69122176983582,2216.142259318196,49.826578654844056,3391.941249242666,100.0,100.0,True,,synthetic_normal_dataloader_stall,sim_user,normal_dataloader_stall,gpu:1,normal_dataloader_stall
76.6,2026-01-01 00:01:16.600000+00:00,,syn-normal-dataloader-104,syn-normal-dataloader-104,,,,,0,10.0,162.01318241725167,80.94577442890944,49.01509169168571,2197.12746420995,50.26279404809867,3835.626714571483,100.0,100.0,True,,synthetic_normal_dataloader_stall,sim_user,normal_dataloader_stall,gpu:1,normal_dataloader_stall
76.7,2026-01-01 00:01:16.700000+00:00,,syn-normal-dataloader-104,syn-normal-dataloader-104,,,,,0,10.0,157.29042901008026,76.98874270444578,43.11856911661146,2191.885618082804,48.86614035393139,3572.916116593826,100.0,100.0,True,,synthetic_normal_dataloader_stall,sim_user,normal_dataloader_stall,gpu:1,normal_dataloader_stall
76.8,2026-01-01 00:01:16.800000+00:00,,syn-normal-dataloader-104,syn-normal-dataloader-104,,,,,0,10.0,159.23781194853493,75.83800294017439,38.92365441355288,2078.557206386435,48.42408547695639,3254.937874756782,100.0,100.0,True,,synthetic_normal_dataloader_stall,sim_user,normal_dataloader_stall,gpu:1,normal_dataloader_stall
76.9,2026-01-01 00:01:16.900000+00:00,,syn-normal-dataloader-104,syn-normal-dataloader-104,,,,,0,10.0,161.35292688041682,79.0755687712936,40.33588256986785,2169.4298509674645,49.3531728385776,3070.569126857934,100.0,100.0,True,,synthetic_normal_dataloader_stall,sim_user,normal_dataloader_stall,gpu:1,normal_dataloader_stall
77.0,2026-01-01 00:01:17+00:00,,syn-normal-dataloader-104,syn-normal-dataloader-104,,,,,0,10.0,159.05457206641475,75.54030914015043,38.16262534197293,2073.0160606331497,48.30488142766526,3387.3065483438927,100.0,100.0,True,,synthetic_normal_dataloader_stall,sim_user,normal_dataloader_stall,gpu:1,normal_dataloader_stall
77.1,2026-01-01 00:01:17.100000+00:00,,syn-normal-dataloader-104,syn-normal-dataloader-104,,,,,0,10.0,161.26480973000733,77.35940649232897,43.2142142048891,2168.5023200186574,48.716958483916834,3463.130137289021,100.0,100.0,True,,synthetic_normal_dataloader_stall,sim_user,normal_dataloader_stall,gpu:1,normal_dataloader_stall
77.2,2026-01-01 00:01:17.200000+00:00,,syn-normal-dataloader-104,syn-normal-dataloader-104,,,,,0,10.0,163.21341618254468,81.75248085315053,51.183224320998384,2200.003174258069,50.121903633741006,3998.97314413168,100.0,100.0,True,,synthetic_normal_dataloader_stall,sim_user,normal_dataloader_stall,gpu:1,normal_dataloader_stall
77.3,2026-01-01 00:01:17.300000+00:00,,syn-normal-dataloader-104,syn-normal-dataloader-104,,,,,0,10.0,163.93472371358158,79.99619748332343,52.14424078350955,2204.6620967243584,49.96286119229105,4015.0176938188556,100.0,100.0,True,,synthetic_normal_dataloader_stall,sim_user,normal_dataloader_stall,gpu:1,normal_dataloader_stall
77.4,2026-01-01 00:01:17.400000+00:00,,syn-normal-dataloader-104,syn-normal-dataloader-104,,,,,0,10.0,169.21314655749924,82.14227120068925,38.59780557402554,2279.2260935591944,50.46528326519007,3246.7242771682663,100.0,100.0,True,,synthetic_normal_dataloader_stall,sim_user,normal_dataloader_stall,gpu:1,normal_dataloader_stall
77.5,2026-01-01 00:01:17.500000+00:00,,syn-normal-dataloader-104,syn-normal-dataloader-104,,,,,0,10.0,175.45625864989785,86.61027006498955,47.27068132949304,2373.695379408316,51.91786630519127,3795.5429471803627,100.0,100.0,True,,synthetic_normal_dataloader_stall,sim_user,normal_dataloader_stall,gpu:1,normal_dataloader_stall
77.6,2026-01-01 00:01:17.600000+00:00,,syn-normal-dataloader-104,syn-normal-dataloader-104,,,,,0,10.0,176.70348284142133,87.69149668482528,46.01637743611433,2419.1798895143115,52.48153670492334,3712.7364273840935,100.0,100.0,True,,synthetic_normal_dataloader_stall,sim_user,normal_dataloader_stall,gpu:1,normal_dataloader_stall
77.7,2026-01-01 00:01:17.700000+00:00,,syn-normal-dataloader-104,syn-normal-dataloader-104,,,,,0,10.0,177.41087467825406,90.54014902490526,46.092622685771346,2428.157418777135,53.48531397503947,3603.619960271163,100.0,100.0,True,,synthetic_normal_dataloader_stall,sim_user,normal_dataloader_stall,gpu:1,normal_dataloader_stall
77.8,2026-01-01 00:01:17.800000+00:00,,syn-normal-dataloader-104,syn-normal-dataloader-104,,,,,0,10.0,181.55691271393533,93.8257194263577,56.524692142551835,2446.0982052008244,54.566197254528724,4344.5425794986,100.0,100.0,True,,synthetic_normal_dataloader_stall,sim_user,normal_dataloader_stall,gpu:1,normal_dataloader_stall
77.9,2026-01-01 00:01:17.900000+00:00,,syn-normal-dataloader-104,syn-normal-dataloader-104,,,,,0,10.0,179.2346074103574,92.16780633675967,47.64908676652669,2489.5260732830766,54.30057063234068,3921.1675639909267,100.0,100.0,True,,synthetic_normal_dataloader_stall,sim_user,normal_dataloader_stall,gpu:1,normal_dataloader_stall
78.0,2026-01-01 00:01:18+00:00,,syn-normal-dataloader-104,syn-normal-dataloader-104,,,,,0,10.0,175.32970761282746,87.36770906409515,49.262000589705806,2360.073822960142,53.050556865322896,4075.2324185859443,100.0,100.0,True,,synthetic_normal_dataloader_stall,sim_user,normal_dataloader_stall,gpu:1,normal_dataloader_stall
78.1,2026-01-01 00:01:18.100000+00:00,,syn-normal-dataloader-104,syn-normal-dataloader-104,,,,,0,10.0,179.60218173130892,89.8590920977344,49.646770275522485,2436.571093104786,53.70196058394183,3946.710694541481,100.0,100.0,True,,synthetic_normal_dataloader_stall,sim_user,normal_dataloader_stall,gpu:1,normal_dataloader_stall
78.2,2026-01-01 00:01:18.200000+00:00,,syn-normal-dataloader-104,syn-normal-dataloader-104,,,,,0,10.0,177.8674631753526,93.57131992245226,49.160436957455154,2520.0,54.375641250327085,4050.2577712769926,100.0,100.0,True,,synthetic_normal_dataloader_stall,sim_user,normal_dataloader_stall,gpu:1,normal_dataloader_stall
78.3,2026-01-01 00:01:18.300000+00:00,,syn-normal-dataloader-104,syn-normal-dataloader-104,,,,,0,10.0,177.05927825243162,89.64599320337699,57.95851699182839,2520.0,53.31419332048031,4289.994793154981,100.0,100.0,True,,synthetic_normal_dataloader_stall,sim_user,normal_dataloader_stall,gpu:1,normal_dataloader_stall
78.4,2026-01-01 00:01:18.400000+00:00,,syn-normal-dataloader-104,syn-normal-dataloader-104,,,,,0,10.0,182.1542739014706,91.27280860200737,51.03012194866854,2505.6888124463976,53.64981154302108,3969.168350828758,100.0,100.0,True,,synthetic_normal_dataloader_stall,sim_user,normal_dataloader_stall,gpu:1,normal_dataloader_stall
78.5,2026-01-01 00:01:18.500000+00:00,,syn-normal-dataloader-104,syn-normal-dataloader-104,,,,,0,10.0,186.187658663393,96.56890792431068,59.311016772640535,2520.0,55.002523914418106,4866.731601016456,100.0,100.0,True,,synthetic_normal_dataloader_stall,sim_user,normal_dataloader_stall,gpu:1,normal_dataloader_stall
78.6,2026-01-01 00:01:18.600000+00:00,,syn-normal-dataloader-104,syn-normal-dataloader-104,,,,,0,10.0,174.17452184548972,85.526941437819,45.499187744317545,2355.6911549718325,51.71435687592285,3568.4442763325255,100.0,100.0,True,,synthetic_normal_dataloader_stall,sim_user,normal_dataloader_stall,gpu:1,normal_dataloader_stall
78.7,2026-01-01 00:01:18.700000+00:00,,syn-normal-dataloader-104,syn-normal-dataloader-104,,,,,0,10.0,178.43687094542062,93.36568498633709,48.23953721730079,2520.0,53.875098283891724,3788.2675375880403,100.0,100.0,True,,synthetic_normal_dataloader_stall,sim_user,normal_dataloader_stall,gpu:1,normal_dataloader_stall
78.8,2026-01-01 00:01:18.800000+00:00,,syn-normal-dataloader-104,syn-normal-dataloader-104,,,,,0,10.0,175.9361134251337,92.38550402603524,52.87447343867191,2517.373391877843,53.62783315154888,4194.745308428448,100.0,100.0,True,,synthetic_normal_dataloader_stall,sim_user,normal_dataloader_stall,gpu:1,normal_dataloader_stall
78.9,2026-01-01 00:01:18.900000+00:00,,syn-normal-dataloader-104,syn-normal-dataloader-104,,,,,0,10.0,171.58673264630292,87.77876497494626,45.40358699209366,2429.7324329538806,52.32483823817112,3707.035510476845,100.0,100.0,True,,synthetic_normal_dataloader_stall,sim_user,normal_dataloader_stall,gpu:1,normal_dataloader_stall
79.0,2026-01-01 00:01:19+00:00,,syn-normal-dataloader-104,syn-normal-dataloader-104,,,,,0,10.0,177.25815363369642,83.33558249296632,51.209029158764594,2262.044268150181,50.84455349799043,4010.8122397737657,100.0,100.0,True,,synthetic_normal_dataloader_stall,sim_user,normal_dataloader_stall,gpu:1,normal_dataloader_stall
79.1,2026-01-01 00:01:19.100000+00:00,,syn-normal-dataloader-104,syn-normal-dataloader-104,,,,,0,10.0,184.42482805116913,94.3658631282691,54.32437644160777,2520.0,54.23153202425295,4177.942293821626,100.0,100.0,True,,synthetic_normal_dataloader_stall,sim_user,normal_dataloader_stall,gpu:1,normal_dataloader_stall
79.2,2026-01-01 00:01:19.200000+00:00,,syn-normal-dataloader-104,syn-normal-dataloader-104,,,,,0,10.0,182.02352215768113,93.7970284516394,54.33425475691791,2520.0,53.89933979540414,4208.948328562288,100.0,100.0,True,,synthetic_normal_dataloader_stall,sim_user,normal_dataloader_stall,gpu:1,normal_dataloader_stall
79.3,2026-01-01 00:01:19.300000+00:00,,syn-normal-dataloader-104,syn-normal-dataloader-104,,,,,0,10.0,183.34033796190437,93.81805743913753,49.8335807775465,2520.0,53.92899385428411,3871.1241951121447,100.0,100.0,True,,synthetic_normal_dataloader_stall,sim_user,normal_dataloader_stall,gpu:1,normal_dataloader_stall
79.4,2026-01-01 00:01:19.400000+00:00,,syn-normal-dataloader-104,syn-normal-dataloader-104,,,,,0,10.0,182.61039130563927,98.00954901003288,56.038902895485734,2520.0,55.06512477463561,4612.704607888561,100.0,100.0,True,,synthetic_normal_dataloader_stall,sim_user,normal_dataloader_stall,gpu:1,normal_dataloader_stall
79.5,2026-01-01 00:01:19.500000+00:00,,syn-normal-dataloader-104,syn-normal-dataloader-104,,,,,0,10.0,178.2198451384013,88.6760418925242,48.70537584992246,2389.860546961763,52.45782323191104,3978.9168966606276,100.0,100.0,True,,synthetic_normal_dataloader_stall,sim_user,normal_dataloader_stall,gpu:1,normal_dataloader_stall
79.6,2026-01-01 00:01:19.600000+00:00,,syn-normal-dataloader-104,syn-normal-dataloader-104,,,,,0,10.0,180.66997890402212,90.56806639231657,51.531518359259564,2463.023265112319,52.81624270299376,4062.002699804903,100.0,100.0,True,,synthetic_normal_dataloader_stall,sim_user,normal_dataloader_stall,gpu:1,normal_dataloader_stall
79.7,2026-01-01 00:01:19.700000+00:00,,syn-normal-dataloader-104,syn-normal-dataloader-104,,,,,0,10.0,180.50813203223723,93.78826545963896,47.6646203252671,2520.0,53.556065547775844,3806.003192358915,100.0,100.0,True,,synthetic_normal_dataloader_stall,sim_user,normal_dataloader_stall,gpu:1,normal_dataloader_stall
79.8,2026-01-01 00:01:19.800000+00:00,,syn-normal-dataloader-104,syn-normal-dataloader-104,,,,,0,10.0,173.92492934817085,87.82256126623336,50.63350537706747,2397.5232551213962,51.96017513850899,4041.8073939534434,100.0,100.0,True,,synthetic_normal_dataloader_stall,sim_user,normal_dataloader_stall,gpu:1,normal_dataloader_stall
79.9,2026-01-01 00:01:19.900000+00:00,,syn-normal-dataloader-104,syn-normal-dataloader-104,,,,,0,10.0,173.23851706430867,89.59912470593993,43.184341976974665,2432.773411825722,52.83600405337536,3390.7794458542253,100.0,100.0,True,,synthetic_normal_dataloader_stall,sim_user,normal_dataloader_stall,gpu:1,normal_dataloader_stall
80.0,2026-01-01 00:01:20+00:00,,syn-normal-dataloader-104,syn-normal-dataloader-104,,,,,0,10.0,168.48992559147732,84.61658201062274,50.52622753185443,2331.1313339615454,51.40987688981481,3980.8924509070466,100.0,100.0,True,,synthetic_normal_dataloader_stall,sim_user,normal_dataloader_stall,gpu:1,normal_dataloader_stall
80.1,2026-01-01 00:01:20.100000+00:00,,syn-normal-dataloader-104,syn-normal-dataloader-104,,,,,0,10.0,171.02672998292255,84.81799623547533,52.00771748406093,2411.347520153929,51.62264320460155,4101.270998231457,100.0,100.0,True,,synthetic_normal_dataloader_stall,sim_user,normal_dataloader_stall,gpu:1,normal_dataloader_stall
80.2,2026-01-01 00:01:20.200000+00:00,,syn-normal-dataloader-104,syn-normal-dataloader-104,,,,,0,10.0,174.1074093489994,85.65446235902056,47.93883467169569,2302.619731500465,51.94369224943837,3698.383454632662,100.0,100.0,True,,synthetic_normal_dataloader_stall,sim_user,normal_dataloader_stall,gpu:1,normal_dataloader_stall
80.3,2026-01-01 00:01:20.300000+00:00,,syn-normal-dataloader-104,syn-normal-dataloader-104,,,,,0,10.0,171.75693857509344,86.09648251675422,51.067547956187255,2372.8413732269205,52.1944343459798,4007.487133093842,100.0,100.0,True,,synthetic_normal_dataloader_stall,sim_user,normal_dataloader_stall,gpu:1,normal_dataloader_stall
80.4,2026-01-01 00:01:20.400000+00:00,,syn-normal-dataloader-104,syn-normal-dataloader-104,,,,,0,10.0,175.42235985058758,87.71114247816077,53.48470529635842,2432.87262789718,52.8409380912386,4001.902748392895,100.0,100.0,True,,synthetic_normal_dataloader_stall,sim_user,normal_dataloader_stall,gpu:1,normal_dataloader_stall
80.5,2026-01-01 00:01:20.500000+00:00,,syn-normal-dataloader-104,syn-normal-dataloader-104,,,,,0,10.0,175.51660343127932,90.4190265942363,52.83979834275871,2469.4291999664597,53.45637590486921,4003.484808926124,100.0,100.0,True,,synthetic_normal_dataloader_stall,sim_user,normal_dataloader_stall,gpu:1,normal_dataloader_stall
80.6,2026-01-01 00:01:20.600000+00:00,,syn-normal-dataloader-104,syn-normal-dataloader-104,,,,,0,10.0,169.13348448487193,85.76406273855604,48.08595271151251,2272.7474018429953,52.42478628561029,3754.007113408522,100.0,100.0,True,,synthetic_normal_dataloader_stall,sim_user,normal_dataloader_stall,gpu:1,normal_dataloader_stall
80.7,2026-01-01 00:01:20.700000+00:00,,syn-normal-dataloader-104,syn-normal-dataloader-104,,,,,0,10.0,174.24142868812876,84.1658952700679,42.44712095657883,2347.176227569959,51.81357689077584,3602.148543670425,100.0,100.0,True,,synthetic_normal_dataloader_stall,sim_user,normal_dataloader_stall,gpu:1,normal_dataloader_stall
80.8,2026-01-01 00:01:20.800000+00:00,,syn-normal-dataloader-104,syn-normal-dataloader-104,,,,,0,10.0,179.54336981836167,93.09586276919083,58.74772630345966,2467.187301447973,54.02686958100792,4560.661040776355,100.0,100.0,True,,synthetic_normal_dataloader_stall,sim_user,normal_dataloader_stall,gpu:1,normal_dataloader_stall
80.9,2026-01-01 00:01:20.900000+00:00,,syn-normal-dataloader-104,syn-normal-dataloader-104,,,,,0,10.0,176.8423642315744,88.60480244464107,46.99520958781294,2410.029948834592,52.77321505313511,3707.2590298550235,100.0,100.0,True,,synthetic_normal_dataloader_stall,sim_user,normal_dataloader_stall,gpu:1,normal_dataloader_stall
81.0,2026-01-01 00:01:21+00:00,,syn-normal-dataloader-104,syn-normal-dataloader-104,,,,,0,10.0,179.90025984549706,88.7284491907743,46.70244365630786,2483.302126726186,52.76334813193071,3804.519374307143,100.0,100.0,True,,synthetic_normal_dataloader_stall,sim_user,normal_dataloader_stall,gpu:1,normal_dataloader_stall
81.1,2026-01-01 00:01:21.100000+00:00,,syn-normal-dataloader-104,syn-normal-dataloader-104,,,,,0,10.0,180.05579584258243,95.55989825229763,57.960725202128,2520.0,54.79715220065276,4497.586381031533,100.0,100.0,True,,synthetic_normal_dataloader_stall,sim_user,normal_dataloader_stall,gpu:1,normal_dataloader_stall
81.2,2026-01-01 00:01:21.200000+00:00,,syn-normal-dataloader-104,syn-normal-dataloader-104,,,,,0,10.0,174.14663796022745,87.6450615465599,50.1326921625572,2421.675646540965,52.614865705513886,3902.9417875651106,100.0,100.0,True,,synthetic_normal_dataloader_stall,sim_user,normal_dataloader_stall,gpu:1,normal_dataloader_stall
81.3,2026-01-01 00:01:21.300000+00:00,,syn-normal-dataloader-104,syn-normal-dataloader-104,,,,,0,10.0,175.31931391000717,88.82373787224965,45.033354039898285,2443.5007286316218,52.76780939802579,3572.868275507138,100.0,100.0,True,,synthetic_normal_dataloader_stall,sim_user,normal_dataloader_stall,gpu:1,normal_dataloader_stall
81.4,2026-01-01 00:01:21.400000+00:00,,syn-normal-dataloader-104,syn-normal-dataloader-104,,,,,0,10.0,52.05503192566282,17.631530980226007,9.283526412898372,631.5809084464445,33.09362122149918,1138.0885248526383,100.0,100.0,True,,synthetic_normal_dataloader_stall,sim_user,normal_dataloader_stall,gpu:1,normal_dataloader_stall
81.5,2026-01-01 00:01:21.500000+00:00,,syn-normal-dataloader-104,syn-normal-dataloader-104,,,,,0,10.0,38.09183057722711,5.861391107791275,6.8711656094184175,329.3012085230097,29.79394007703219,1031.659035640653,100.0,100.0,True,,synthetic_normal_dataloader_stall,sim_user,normal_dataloader_stall,gpu:1,normal_dataloader_stall
81.6,2026-01-01 00:01:21.600000+00:00,,syn-normal-dataloader-104,syn-normal-dataloader-104,,,,,0,10.0,54.35493055972029,18.07409176075823,16.013260971917997,644.4320022206698,33.43327423460722,1508.9105936563822,100.0,100.0,True,,synthetic_normal_dataloader_stall,sim_user,normal_dataloader_stall,gpu:1,normal_dataloader_stall
81.7,2026-01-01 00:01:21.700000+00:00,,syn-normal-dataloader-104,syn-normal-dataloader-104,,,,,0,10.0,36.41417176958953,7.8409035794967,5.293814516254891,437.64603274153654,30.684878896893007,717.7450417592706,100.0,100.0,True,,synthetic_normal_dataloader_stall,sim_user,normal_dataloader_stall,gpu:1,normal_dataloader_stall
81.8,2026-01-01 00:01:21.800000+00:00,,syn-normal-dataloader-104,syn-normal-dataloader-104,,,,,0,10.0,46.77759696049134,12.176181148975035,6.377462840725896,548.320884741859,31.775743444495212,915.2179547085005,100.0,100.0,True,,synthetic_normal_dataloader_stall,sim_user,normal_dataloader_stall,gpu:1,normal_dataloader_stall
81.9,2026-01-01 00:01:21.900000+00:00,,syn-normal-dataloader-104,syn-normal-dataloader-104,,,,,0,10.0,33.67530271797985,6.392252201855584,4.53952476651967,415.8763369961755,30.172774941441453,685.0857175429592,100.0,100.0,True,,synthetic_normal_dataloader_stall,sim_user,normal_dataloader_stall,gpu:1,normal_dataloader_stall
82.0,2026-01-01 00:01:22+00:00,,syn-normal-dataloader-104,syn-normal-dataloader-104,,,,,0,10.0,40.14373967233763,11.052639669072967,0.2907887603341237,486.5538360625387,31.356720994375447,659.0099607937613,100.0,100.0,True,,synthetic_normal_dataloader_stall,sim_user,normal_dataloader_stall,gpu:1,normal_dataloader_stall
82.1,2026-01-01 00:01:22.100000+00:00,,syn-normal-dataloader-104,syn-normal-dataloader-104,,,,,0,10.0,51.279021459726415,16.59658784744684,10.029776841978151,597.6366664126499,32.64280379695513,1196.443078688949,100.0,100.0,True,,synthetic_normal_dataloader_stall,sim_user,normal_dataloader_stall,gpu:1,normal_dataloader_stall
82.2,2026-01-01 00:01:22.200000+00:00,,syn-normal-dataloader-104,syn-normal-dataloader-104,,,,,0,10.0,38.47286389627851,4.331807577024966,0.0,314.3414346402612,29.195500449410222,404.1880453958277,100.0,100.0,True,,synthetic_normal_dataloader_stall,sim_user,normal_dataloader_stall,gpu:1,normal_dataloader_stall
82.3,2026-01-01 00:01:22.300000+00:00,,syn-normal-dataloader-104,syn-normal-dataloader-104,,,,,0,10.0,47.89408289915914,13.323085415175909,11.600305049226513,523.1431333873344,31.583610128328207,1235.624186292826,100.0,100.0,True,,synthetic_normal_dataloader_stall,sim_user,normal_dataloader_stall,gpu:1,normal_dataloader_stall
82.4,2026-01-01 00:01:22.400000+00:00,,syn-normal-dataloader-104,syn-normal-dataloader-104,,,,,0,10.0,37.90816024916289,8.912517403916093,0.0,411.92004214335293,30.335599069802754,605.101432570583,100.0,100.0,True,,synthetic_normal_dataloader_stall,sim_user,normal_dataloader_stall,gpu:1,normal_dataloader_stall
82.5,2026-01-01 00:01:22.500000+00:00,,syn-normal-dataloader-104,syn-normal-dataloader-104,,,,,0,10.0,31.912237896619395,7.932288403612247,1.1910819453418346,363.5656948959952,30.096452378284035,591.0725041510268,100.0,100.0,True,,synthetic_normal_dataloader_stall,sim_user,normal_dataloader_stall,gpu:1,normal_dataloader_stall
82.6,2026-01-01 00:01:22.600000+00:00,,syn-normal-dataloader-104,syn-normal-dataloader-104,,,,,0,10.0,52.87326468136071,18.439870550303926,5.408259584526858,662.4008216334668,32.9963062501406,709.3233572484221,100.0,100.0,True,,synthetic_normal_dataloader_stall,sim_user,normal_dataloader_stall,gpu:1,normal_dataloader_stall
82.7,2026-01-01 00:01:22.700000+00:00,,syn-normal-dataloader-104,syn-normal-dataloader-104,,,,,0,10.0,42.23836427981273,11.667247762614917,6.059001109771196,606.7845808129634,31.129121542027523,900.1260581581929,100.0,100.0,True,,synthetic_normal_dataloader_stall,sim_user,normal_dataloader_stall,gpu:1,normal_dataloader_stall
82.8,2026-01-01 00:01:22.800000+00:00,,syn-normal-dataloader-104,syn-normal-dataloader-104,,,,,0,10.0,50.647006675664116,13.31207528245488,15.81657830916092,558.6017313074716,31.65724688701898,1560.5033711436874,100.0,100.0,True,,synthetic_normal_dataloader_stall,sim_user,normal_dataloader_stall,gpu:1,normal_dataloader_stall
82.9,2026-01-01 00:01:22.900000+00:00,,syn-normal-dataloader-104,syn-normal-dataloader-104,,,,,0,10.0,40.814722286129744,11.255386676694155,3.472512672760157,515.590712212504,30.57805619529199,735.0622323569497,100.0,100.0,True,,synthetic_normal_dataloader_stall,sim_user,normal_dataloader_stall,gpu:1,normal_dataloader_stall
83.0,2026-01-01 00:01:23+00:00,,syn-normal-dataloader-104,syn-normal-dataloader-104,,,,,0,10.0,45.50256601882486,17.699716395368554,7.378448586414541,600.7312161325398,32.59367994367749,880.4255235346424,100.0,100.0,True,,synthetic_normal_dataloader_stall,sim_user,normal_dataloader_stall,gpu:1,normal_dataloader_stall
83.1,2026-01-01 00:01:23.100000+00:00,,syn-normal-dataloader-104,syn-normal-dataloader-104,,,,,0,10.0,57.02293774698539,19.496910229216,11.0177835596095,663.1871698904861,33.233422658945905,1252.8628010750513,100.0,100.0,True,,synthetic_normal_dataloader_stall,sim_user,normal_dataloader_stall,gpu:1,normal_dataloader_stall
83.2,2026-01-01 00:01:23.200000+00:00,,syn-normal-dataloader-104,syn-normal-dataloader-104,,,,,0,10.0,50.04944674860535,14.528254054768505,10.52178033026598,582.2914826125267,31.649462861926388,1062.0090069742173,100.0,100.0,True,,synthetic_normal_dataloader_stall,sim_user,normal_dataloader_stall,gpu:1,normal_dataloader_stall
83.3,2026-01-01 00:01:23.300000+00:00,,syn-normal-dataloader-104,syn-normal-dataloader-104,,,,,0,10.0,45.42765592478388,12.911014499346228,3.776793229794489,532.6069205244075,31.238300121261165,681.3443085978926,100.0,100.0,True,,synthetic_normal_dataloader_stall,sim_user,normal_dataloader_stall,gpu:1,normal_dataloader_stall
83.4,2026-01-01 00:01:23.400000+00:00,,syn-normal-dataloader-104,syn-normal-dataloader-104,,,,,0,10.0,47.44847107494241,15.126566477117496,14.476411775769392,621.4652749985654,31.706291523651625,1588.4534758717025,100.0,100.0,True,,synthetic_normal_dataloader_stall,sim_user,normal_dataloader_stall,gpu:1,normal_dataloader_stall
83.5,2026-01-01 00:01:23.500000+00:00,,syn-normal-dataloader-104,syn-normal-dataloader-104,,,,,0,10.0,37.01326400875326,6.818387124848756,3.035326480383978,325.77687330728,29.46844558529534,619.1327399194159,100.0,100.0,True,,synthetic_normal_dataloader_stall,sim_user,normal_dataloader_stall,gpu:1,normal_dataloader_stall
83.6,2026-01-01 00:01:23.600000+00:00,,syn-normal-dataloader-104,syn-normal-dataloader-104,,,,,0,10.0,51.249238559979325,16.270771644842863,5.524292912605534,676.8717465663835,32.14120489632699,762.7428209469341,100.0,100.0,True,,synthetic_normal_dataloader_stall,sim_user,normal_dataloader_stall,gpu:1,normal_dataloader_stall
83.7,2026-01-01 00:01:23.700000+00:00,,syn-normal-dataloader-104,syn-normal-dataloader-104,,,,,0,10.0,56.26696738684234,16.78065940749371,4.198631029720203,625.8750464162923,32.0320597531553,698.7788061059167,100.0,100.0,True,,synthetic_normal_dataloader_stall,sim_user,normal_dataloader_stall,gpu:1,normal_dataloader_stall
83.8,2026-01-01 00:01:23.800000+00:00,,syn-normal-dataloader-104,syn-normal-dataloader-104,,,,,0,10.0,63.137041666236044,22.385356060068716,7.233762119457287,806.3187833116937,33.93924944483135,1148.886367907333,100.0,100.0,True,,synthetic_normal_dataloader_stall,sim_user,normal_dataloader_stall,gpu:1,normal_dataloader_stall
83.9,2026-01-01 00:01:23.900000+00:00,,syn-normal-dataloader-104,syn-normal-dataloader-104,,,,,0,10.0,39.57599790891432,9.148298030752617,1.730691287014177,466.40811881375623,30.108653901270863,516.8534340538207,100.0,100.0,True,,synthetic_normal_dataloader_stall,sim_user,normal_dataloader_stall,gpu:1,normal_dataloader_stall
84.0,2026-01-01 00:01:24+00:00,,syn-normal-dataloader-104,syn-normal-dataloader-104,,,,,0,10.0,42.211818626379866,9.683227551481961,8.07287624004159,520.7578549876463,30.180241254465326,992.1107589982561,100.0,100.0,True,,synthetic_normal_dataloader_stall,sim_user,normal_dataloader_stall,gpu:1,normal_dataloader_stall
84.1,2026-01-01 00:01:24.100000+00:00,,syn-normal-dataloader-104,syn-normal-dataloader-104,,,,,0,10.0,42.56436050210801,8.830763340207369,5.414479208609178,421.6769280716154,30.177705448898468,740.0289722725744,100.0,100.0,True,,synthetic_normal_dataloader_stall,sim_user,normal_dataloader_stall,gpu:1,normal_dataloader_stall
84.2,2026-01-01 00:01:24.200000+00:00,,syn-normal-dataloader-104,syn-normal-dataloader-104,,,,,0,10.0,42.67988978041714,14.54734097178825,10.96132881750182,570.9705518316403,31.71495047116861,1204.559595259155,100.0,100.0,True,,synthetic_normal_dataloader_stall,sim_user,normal_dataloader_stall,gpu:1,normal_dataloader_stall
84.3,2026-01-01 00:01:24.300000+00:00,,syn-normal-dataloader-104,syn-normal-dataloader-104,,,,,0,10.0,36.90843012790378,7.7520075084286795,4.043600295379652,444.6159575479853,29.997098845983427,806.547327514212,100.0,100.0,True,,synthetic_normal_dataloader_stall,sim_user,normal_dataloader_stall,gpu:1,normal_dataloader_stall
84.4,2026-01-01 00:01:24.400000+00:00,,syn-normal-dataloader-104,syn-normal-dataloader-104,,,,,0,10.0,42.334628045569964,12.427706541882955,4.5776087207916,571.0136661737791,31.435200341735698,481.98190553369176,100.0,100.0,True,,synthetic_normal_dataloader_stall,sim_user,normal_dataloader_stall,gpu:1,normal_dataloader_stall
84.5,2026-01-01 00:01:24.500000+00:00,,syn-normal-dataloader-104,syn-normal-dataloader-104,,,,,0,10.0,49.85877596385298,12.157418305009868,0.7480970359297476,520.7872782064886,31.328673175250234,316.1383974757233,100.0,100.0,True,,synthetic_normal_dataloader_stall,sim_user,normal_dataloader_stall,gpu:1,normal_dataloader_stall
84.6,2026-01-01 00:01:24.600000+00:00,,syn-normal-dataloader-104,syn-normal-dataloader-104,,,,,0,10.0,39.64852148059689,8.837227579165093,2.0492521779482726,396.38098249866573,30.5193231078091,503.6017490233711,100.0,100.0,True,,synthetic_normal_dataloader_stall,sim_user,normal_dataloader_stall,gpu:1,normal_dataloader_stall
84.7,2026-01-01 00:01:24.700000+00:00,,syn-normal-dataloader-104,syn-normal-dataloader-104,,,,,0,10.0,57.25627901931835,18.825883678095426,12.890205904158245,684.4469346527702,33.201307279164865,1387.4333577830516,100.0,100.0,True,,synthetic_normal_dataloader_stall,sim_user,normal_dataloader_stall,gpu:1,normal_dataloader_stall
84.8,2026-01-01 00:01:24.800000+00:00,,syn-normal-dataloader-104,syn-normal-dataloader-104,,,,,0,10.0,58.662582798414554,24.51702003094123,18.688881099270734,781.3008995703544,34.87273831142966,1742.0453374472022,100.0,100.0,True,,synthetic_normal_dataloader_stall,sim_user,normal_dataloader_stall,gpu:1,normal_dataloader_stall
84.9,2026-01-01 00:01:24.900000+00:00,,syn-normal-dataloader-104,syn-normal-dataloader-104,,,,,0,10.0,34.29102756674138,7.79630158982407,0.0,384.0862282237496,30.24849923916803,353.0896678965104,100.0,100.0,True,,synthetic_normal_dataloader_stall,sim_user,normal_dataloader_stall,gpu:1,normal_dataloader_stall
85.0,2026-01-01 00:01:25+00:00,,syn-normal-dataloader-104,syn-normal-dataloader-104,,,,,0,10.0,60.46061553415465,21.142015253078373,11.941325197067792,739.1337904828789,34.083588717160914,1242.8855447465567,100.0,100.0,True,,synthetic_normal_dataloader_stall,sim_user,normal_dataloader_stall,gpu:1,normal_dataloader_stall
85.1,2026-01-01 00:01:25.100000+00:00,,syn-normal-dataloader-104,syn-normal-dataloader-104,,,,,0,10.0,29.96832891057315,4.771172343350876,4.299828833437625,302.50343943829887,29.474854191283196,559.9020555110142,100.0,100.0,True,,synthetic_normal_dataloader_stall,sim_user,normal_dataloader_stall,gpu:1,normal_dataloader_stall
85.2,2026-01-01 00:01:25.200000+00:00,,syn-normal-dataloader-104,syn-normal-dataloader-104,,,,,0,10.0,33.95545177607788,6.178771827175104,0.0,403.5512016601565,29.643016068785286,445.5174606934235,100.0,100.0,True,,synthetic_normal_dataloader_stall,sim_user,normal_dataloader_stall,gpu:1,normal_dataloader_stall
85.3,2026-01-01 00:01:25.300000+00:00,,syn-normal-dataloader-104,syn-normal-dataloader-104,,,,,0,10.0,36.7413582928685,8.457764412626553,9.429136587969134,427.8351793956552,30.06360841587467,1093.2266233630123,100.0,100.0,True,,synthetic_normal_dataloader_stall,sim_user,normal_dataloader_stall,gpu:1,normal_dataloader_stall
85.4,2026-01-01 00:01:25.400000+00:00,,syn-normal-dataloader-104,syn-normal-dataloader-104,,,,,0,10.0,55.60371004666781,15.201032002552768,13.002228513060995,658.7551987418321,31.729968145013466,1545.4233034345639,100.0,100.0,True,,synthetic_normal_dataloader_stall,sim_user,normal_dataloader_stall,gpu:1,normal_dataloader_stall
85.5,2026-01-01 00:01:25.500000+00:00,,syn-normal-dataloader-104,syn-normal-dataloader-104,,,,,0,10.0,172.7521230035965,82.38627787710125,50.589731937178904,2273.268086240568,50.623020136918555,4024.1573493403703,100.0,100.0,True,,synthetic_normal_dataloader_stall,sim_user,normal_dataloader_stall,gpu:1,normal_dataloader_stall
85.6,2026-01-01 00:01:25.600000+00:00,,syn-normal-dataloader-104,syn-normal-dataloader-104,,,,,0,10.0,179.1054315089316,90.58578889395092,63.09947719605799,2520.0,53.161691603775715,4843.897427448395,100.0,100.0,True,,synthetic_normal_dataloader_stall,sim_user,normal_dataloader_stall,gpu:1,normal_dataloader_stall
85.7,2026-01-01 00:01:25.700000+00:00,,syn-normal-dataloader-104,syn-normal-dataloader-104,,,,,0,10.0,179.58689756418664,91.07778305810218,46.36997685028981,2520.0,53.43977245057299,3588.3840694611094,100.0,100.0,True,,synthetic_normal_dataloader_stall,sim_user,normal_dataloader_stall,gpu:1,normal_dataloader_stall
85.8,2026-01-01 00:01:25.800000+00:00,,syn-normal-dataloader-104,syn-normal-dataloader-104,,,,,0,10.0,178.02990766247865,90.20940260275846,45.12421316804877,2445.2792282684804,53.119374205571084,3461.449864559158,100.0,100.0,True,,synthetic_normal_dataloader_stall,sim_user,normal_dataloader_stall,gpu:1,normal_dataloader_stall
85.9,2026-01-01 00:01:25.900000+00:00,,syn-normal-dataloader-104,syn-normal-dataloader-104,,,,,0,10.0,172.42413509944868,89.82143675468386,45.623271320090026,2374.950628978187,53.144164622493236,3499.347285785503,100.0,100.0,True,,synthetic_normal_dataloader_stall,sim_user,normal_dataloader_stall,gpu:1,normal_dataloader_stall
86.0,2026-01-01 00:01:26+00:00,,syn-normal-dataloader-104,syn-normal-dataloader-104,,,,,0,10.0,164.37269247721696,81.719092631891,48.7563840154546,2319.4122527234163,50.86030890498729,3788.698575241938,100.0,100.0,True,,synthetic_normal_dataloader_stall,sim_user,normal_dataloader_stall,gpu:1,normal_dataloader_stall
86.1,2026-01-01 00:01:26.100000+00:00,,syn-normal-dataloader-104,syn-normal-dataloader-104,,,,,0,10.0,162.75021532455017,81.33748649880049,44.79926474355532,2296.574505127672,50.9184014874275,3480.1201745104904,100.0,100.0,True,,synthetic_normal_dataloader_stall,sim_user,normal_dataloader_stall,gpu:1,normal_dataloader_stall
86.2,2026-01-01 00:01:26.200000+00:00,,syn-normal-dataloader-104,syn-normal-dataloader-104,,,,,0,10.0,161.88589618818472,79.68310404651305,47.21615933758947,2270.7026455726705,50.630450008477936,3857.365506400436,100.0,100.0,True,,synthetic_normal_dataloader_stall,sim_user,normal_dataloader_stall,gpu:1,normal_dataloader_stall
86.3,2026-01-01 00:01:26.300000+00:00,,syn-normal-dataloader-104,syn-normal-dataloader-104,,,,,0,10.0,168.11605931071625,80.6717235261696,39.11925783648147,2237.6791691202347,51.23875127730474,3191.183728979363,100.0,100.0,True,,synthetic_normal_dataloader_stall,sim_user,normal_dataloader_stall,gpu:1,normal_dataloader_stall
86.4,2026-01-01 00:01:26.400000+00:00,,syn-normal-dataloader-104,syn-normal-dataloader-104,,,,,0,10.0,174.6458467792208,85.75371048618362,42.325239816916294,2321.3222247902395,52.8612999438489,3504.7074324380746,100.0,100.0,True,,synthetic_normal_dataloader_stall,sim_user,normal_dataloader_stall,gpu:1,normal_dataloader_stall
86.5,2026-01-01 00:01:26.500000+00:00,,syn-normal-dataloader-104,syn-normal-dataloader-104,,,,,0,10.0,177.57594363466225,88.36253652496266,51.18490574392743,2430.1722611907567,53.581464531686606,4010.010263523864,100.0,100.0,True,,synthetic_normal_dataloader_stall,sim_user,normal_dataloader_stall,gpu:1,normal_dataloader_stall
86.6,2026-01-01 00:01:26.600000+00:00,,syn-normal-dataloader-104,syn-normal-dataloader-104,,,,,0,10.0,174.23624016548683,87.48163645946786,50.610821446969425,2430.783984588623,53.127997662154364,4106.662019576453,100.0,100.0,True,,synthetic_normal_dataloader_stall,sim_user,normal_dataloader_stall,gpu:1,normal_dataloader_stall
86.7,2026-01-01 00:01:26.700000+00:00,,syn-normal-dataloader-104,syn-normal-dataloader-104,,,,,0,10.0,176.93575205716303,92.64207212152475,46.904561566604464,2520.0,54.48827200636973,3715.5671753256156,100.0,100.0,True,,synthetic_normal_dataloader_stall,sim_user,normal_dataloader_stall,gpu:1,normal_dataloader_stall
86.8,2026-01-01 00:01:26.800000+00:00,,syn-normal-dataloader-104,syn-normal-dataloader-104,,,,,0,10.0,170.6851157166885,86.52804537840383,46.338808964768816,2377.8168306322927,52.70352968210777,3676.193849874762,100.0,100.0,True,,synthetic_normal_dataloader_stall,sim_user,normal_dataloader_stall,gpu:1,normal_dataloader_stall
86.9,2026-01-01 00:01:26.900000+00:00,,syn-normal-dataloader-104,syn-normal-dataloader-104,,,,,0,10.0,162.00661970967946,80.31201813344684,38.928503775749945,2208.558727584603,50.9631237777892,3269.267319977015,100.0,100.0,True,,synthetic_normal_dataloader_stall,sim_user,normal_dataloader_stall,gpu:1,normal_dataloader_stall
87.0,2026-01-01 00:01:27+00:00,,syn-normal-dataloader-104,syn-normal-dataloader-104,,,,,0,10.0,163.35133089498376,77.81338337400544,39.14024155252618,2141.4241289854654,50.00174092989526,3001.017855927038,100.0,100.0,True,,synthetic_normal_dataloader_stall,sim_user,normal_dataloader_stall,gpu:1,normal_dataloader_stall
87.1,2026-01-01 00:01:27.100000+00:00,,syn-normal-dataloader-104,syn-normal-dataloader-104,,,,,0,10.0,169.52711977016975,86.52604997981568,39.87743666787653,2363.735172930923,52.19627294983811,3244.355066513678,100.0,100.0,True,,synthetic_normal_dataloader_stall,sim_user,normal_dataloader_stall,gpu:1,normal_dataloader_stall
87.2,2026-01-01 00:01:27.200000+00:00,,syn-normal-dataloader-104,syn-normal-dataloader-104,,,,,0,10.0,168.7914074966032,83.70980351780673,51.82315738980632,2311.048500075255,51.19838743521034,4095.454692876568,100.0,100.0,True,,synthetic_normal_dataloader_stall,sim_user,normal_dataloader_stall,gpu:1,normal_dataloader_stall
87.3,2026-01-01 00:01:27.300000+00:00,,syn-normal-dataloader-104,syn-normal-dataloader-104,,,,,0,10.0,171.1092132631651,80.99051677128682,45.84398708133696,2189.442662088214,50.2765964578332,3695.0455647036442,100.0,100.0,True,,synthetic_normal_dataloader_stall,sim_user,normal_dataloader_stall,gpu:1,normal_dataloader_stall
87.4,2026-01-01 00:01:27.400000+00:00,,syn-normal-dataloader-104,syn-normal-dataloader-104,,,,,0,10.0,176.2728817924538,89.55554505875646,50.869759663419224,2388.0439209161323,52.6422876051515,4035.6031099512848,100.0,100.0,True,,synthetic_normal_dataloader_stall,sim_user,normal_dataloader_stall,gpu:1,normal_dataloader_stall
87.5,2026-01-01 00:01:27.500000+00:00,,syn-normal-dataloader-104,syn-normal-dataloader-104,,,,,0,10.0,174.9382480859363,88.70996981981419,49.047774653023424,2496.9716941495944,52.6550781170365,3841.8391242881594,100.0,100.0,True,,synthetic_normal_dataloader_stall,sim_user,normal_dataloader_stall,gpu:1,normal_dataloader_stall
87.6,2026-01-01 00:01:27.600000+00:00,,syn-normal-dataloader-104,syn-normal-dataloader-104,,,,,0,10.0,171.3260619893089,87.08811892979662,50.6539091190606,2423.369203251142,52.18293142140825,3992.8899275563267,100.0,100.0,True,,synthetic_normal_dataloader_stall,sim_user,normal_dataloader_stall,gpu:1,normal_dataloader_stall
87.7,2026-01-01 00:01:27.700000+00:00,,syn-normal-dataloader-104,syn-normal-dataloader-104,,,,,0,10.0,169.36331002542784,85.58962203404627,48.7501106593521,2375.8345597444545,51.51896984376771,3985.441545246878,100.0,100.0,True,,synthetic_normal_dataloader_stall,sim_user,normal_dataloader_stall,gpu:1,normal_dataloader_stall
87.8,2026-01-01 00:01:27.800000+00:00,,syn-normal-dataloader-104,syn-normal-dataloader-104,,,,,0,10.0,169.61871281654777,83.56088497447807,38.32424693250437,2284.681375384953,50.944076633511344,3281.2926684241456,100.0,100.0,True,,synthetic_normal_dataloader_stall,sim_user,normal_dataloader_stall,gpu:1,normal_dataloader_stall
87.9,2026-01-01 00:01:27.900000+00:00,,syn-normal-dataloader-104,syn-normal-dataloader-104,,,,,0,10.0,173.4099811231085,86.99073359409861,39.885086554514096,2337.3958677032997,52.23026656698313,3412.8351951046816,100.0,100.0,True,,synthetic_normal_dataloader_stall,sim_user,normal_dataloader_stall,gpu:1,normal_dataloader_stall
88.0,2026-01-01 00:01:28+00:00,,syn-normal-dataloader-104,syn-normal-dataloader-104,,,,,0,10.0,171.48004429406927,84.27848396079796,44.163895944597265,2327.956009485593,51.48095027666483,3596.0954984174928,100.0,100.0,True,,synthetic_normal_dataloader_stall,sim_user,normal_dataloader_stall,gpu:1,normal_dataloader_stall
88.1,2026-01-01 00:01:28.100000+00:00,,syn-normal-dataloader-104,syn-normal-dataloader-104,,,,,0,10.0,179.04301878645987,90.29473485875731,47.42421636178351,2520.0,53.283731377294814,3770.7986717058266,100.0,100.0,True,,synthetic_normal_dataloader_stall,sim_user,normal_dataloader_stall,gpu:1,normal_dataloader_stall
88.2,2026-01-01 00:01:28.200000+00:00,,syn-normal-dataloader-104,syn-normal-dataloader-104,,,,,0,10.0,179.0770011874149,91.44327788175323,53.171178147414516,2520.0,53.47399814631544,4066.1699423359946,100.0,100.0,True,,synthetic_normal_dataloader_stall,sim_user,normal_dataloader_stall,gpu:1,normal_dataloader_stall
88.3,2026-01-01 00:01:28.300000+00:00,,syn-normal-dataloader-104,syn-normal-dataloader-104,,,,,0,10.0,171.24366257470098,87.03913966155947,47.444915983993006,2366.549503519664,52.0002527988698,3826.1207264429095,100.0,100.0,True,,synthetic_normal_dataloader_stall,sim_user,normal_dataloader_stall,gpu:1,normal_dataloader_stall
88.4,2026-01-01 00:01:28.400000+00:00,,syn-normal-dataloader-104,syn-normal-dataloader-104,,,,,0,10.0,174.05634642028656,86.08229116321705,50.4394110917085,2353.55156624385,51.55129544916401,3785.621503058532,100.0,100.0,True,,synthetic_normal_dataloader_stall,sim_user,normal_dataloader_stall,gpu:1,normal_dataloader_stall
88.5,2026-01-01 00:01:28.500000+00:00,,syn-normal-dataloader-104,syn-normal-dataloader-104,,,,,0,10.0,179.5656116002174,94.0512546592681,51.436123414778635,2520.0,53.874920102803046,4026.1952663661164,100.0,100.0,True,,synthetic_normal_dataloader_stall,sim_user,normal_dataloader_stall,gpu:1,normal_dataloader_stall
88.6,2026-01-01 00:01:28.600000+00:00,,syn-normal-dataloader-104,syn-normal-dataloader-104,,,,,0,10.0,179.1915906229317,90.40431774601261,48.92261844267981,2509.1204441095633,52.80980635918795,3910.065962560255,100.0,100.0,True,,synthetic_normal_dataloader_stall,sim_user,normal_dataloader_stall,gpu:1,normal_dataloader_stall
88.7,2026-01-01 00:01:28.700000+00:00,,syn-normal-dataloader-104,syn-normal-dataloader-104,,,,,0,10.0,179.58774427121816,86.51988300845812,41.770266761672744,2366.6880887058574,51.85914280197153,3289.7157181546636,100.0,100.0,True,,synthetic_normal_dataloader_stall,sim_user,normal_dataloader_stall,gpu:1,normal_dataloader_stall
88.8,2026-01-01 00:01:28.800000+00:00,,syn-normal-dataloader-104,syn-normal-dataloader-104,,,,,0,10.0,185.41348503768734,97.20488913260142,49.94886931366996,2520.0,54.876053954504044,4029.504488630227,100.0,100.0,True,,synthetic_normal_dataloader_stall,sim_user,normal_dataloader_stall,gpu:1,normal_dataloader_stall
88.9,2026-01-01 00:01:28.900000+00:00,,syn-normal-dataloader-104,syn-normal-dataloader-104,,,,,0,10.0,179.0913624343455,92.70107408426934,47.7515856267203,2509.54339257321,53.647399846059955,3900.481867755434,100.0,100.0,True,,synthetic_normal_dataloader_stall,sim_user,normal_dataloader_stall,gpu:1,normal_dataloader_stall
89.0,2026-01-01 00:01:29+00:00,,syn-normal-dataloader-104,syn-normal-dataloader-104,,,,,0,10.0,178.3582910290433,93.09551568096464,52.809461851341965,2496.308210352669,53.89091474183946,3981.7790073753877,100.0,100.0,True,,synthetic_normal_dataloader_stall,sim_user,normal_dataloader_stall,gpu:1,normal_dataloader_stall
89.1,2026-01-01 00:01:29.100000+00:00,,syn-normal-dataloader-104,syn-normal-dataloader-104,,,,,0,10.0,176.83835539777897,89.29156486982814,49.69655680943739,2406.65477006203,52.98718047531986,3982.1259943101095,100.0,100.0,True,,synthetic_normal_dataloader_stall,sim_user,normal_dataloader_stall,gpu:1,normal_dataloader_stall
89.2,2026-01-01 00:01:29.200000+00:00,,syn-normal-dataloader-104,syn-normal-dataloader-104,,,,,0,10.0,179.462942733496,90.33069000611138,46.88345331222782,2514.151546261169,53.492527375924794,3774.7394306989167,100.0,100.0,True,,synthetic_normal_dataloader_stall,sim_user,normal_dataloader_stall,gpu:1,normal_dataloader_stall
89.3,2026-01-01 00:01:29.300000+00:00,,syn-normal-dataloader-104,syn-normal-dataloader-104,,,,,0,10.0,183.03946471710228,91.60112426246963,53.748676635504715,2520.0,53.93998329745954,4208.245626694168,100.0,100.0,True,,synthetic_normal_dataloader_stall,sim_user,normal_dataloader_stall,gpu:1,normal_dataloader_stall
89.4,2026-01-01 00:01:29.400000+00:00,,syn-normal-dataloader-104,syn-normal-dataloader-104,,,,,0,10.0,183.15982411473271,94.59277763277515,55.94455966736317,2520.0,54.90697022725626,4250.937143047895,100.0,100.0,True,,synthetic_normal_dataloader_stall,sim_user,normal_dataloader_stall,gpu:1,normal_dataloader_stall
89.5,2026-01-01 00:01:29.500000+00:00,,syn-normal-dataloader-104,syn-normal-dataloader-104,,,,,0,10.0,45.55699010165146,14.381460718329786,5.463974108946321,612.6906537447866,32.83582630481453,714.7206321273951,100.0,100.0,True,,synthetic_normal_dataloader_stall,sim_user,normal_dataloader_stall,gpu:1,normal_dataloader_stall
89.6,2026-01-01 00:01:29.600000+00:00,,syn-normal-dataloader-104,syn-normal-dataloader-104,,,,,0,10.0,39.312375482110504,10.576160961236704,7.5526612973584095,463.7698280446191,31.57024098007099,890.5435717744707,100.0,100.0,True,,synthetic_normal_dataloader_stall,sim_user,normal_dataloader_stall,gpu:1,normal_dataloader_stall
89.7,2026-01-01 00:01:29.700000+00:00,,syn-normal-dataloader-104,syn-normal-dataloader-104,,,,,0,10.0,49.97330126800752,16.951893569270283,14.9559671833319,634.3941373307804,33.37568887610165,1438.8840843185578,100.0,100.0,True,,synthetic_normal_dataloader_stall,sim_user,normal_dataloader_stall,gpu:1,normal_dataloader_stall
89.8,2026-01-01 00:01:29.800000+00:00,,syn-normal-dataloader-104,syn-normal-dataloader-104,,,,,0,10.0,48.830840575886654,13.157188035414011,14.65385264916819,509.374946500293,32.558354386344696,1681.5413198772337,100.0,100.0,True,,synthetic_normal_dataloader_stall,sim_user,normal_dataloader_stall,gpu:1,normal_dataloader_stall
89.9,2026-01-01 00:01:29.900000+00:00,,syn-normal-dataloader-104,syn-normal-dataloader-104,,,,,0,10.0,48.08185999914291,14.631860434852666,6.461982794868788,623.2542960910175,32.858783135696186,805.2563549791801,100.0,100.0,True,,synthetic_normal_dataloader_stall,sim_user,normal_dataloader_stall,gpu:1,normal_dataloader_stall
90.0,2026-01-01 00:01:30+00:00,,syn-normal-dataloader-104,syn-normal-dataloader-104,,,,,0,10.0,39.5139552045647,10.486781101384373,8.998680629787755,391.7379329907938,31.49095370681011,1007.8406895230156,100.0,100.0,True,,synthetic_normal_dataloader_stall,sim_user,normal_dataloader_stall,gpu:1,normal_dataloader_stall
90.1,2026-01-01 00:01:30.100000+00:00,,syn-normal-dataloader-104,syn-normal-dataloader-104,,,,,0,10.0,43.91991577915056,11.579294936496652,10.373134189541489,510.14557605726753,31.88601344509154,1188.211043429856,100.0,100.0,True,,synthetic_normal_dataloader_stall,sim_user,normal_dataloader_stall,gpu:1,normal_dataloader_stall
90.2,2026-01-01 00:01:30.200000+00:00,,syn-normal-dataloader-104,syn-normal-dataloader-104,,,,,0,10.0,45.7035525262676,16.451269885557146,0.0,615.001233149105,33.1897775754479,425.8692962262477,100.0,100.0,True,,synthetic_normal_dataloader_stall,sim_user,normal_dataloader_stall,gpu:1,normal_dataloader_stall
90.3,2026-01-01 00:01:30.300000+00:00,,syn-normal-dataloader-104,syn-normal-dataloader-104,,,,,0,10.0,29.210916542560014,0.0,0.0,210.0,28.377111781747246,280.9211346529802,100.0,100.0,True,,synthetic_normal_dataloader_stall,sim_user,normal_dataloader_stall,gpu:1,normal_dataloader_stall
90.4,2026-01-01 00:01:30.400000+00:00,,syn-normal-dataloader-104,syn-normal-dataloader-104,,,,,0,10.0,49.590678217370865,15.961589063409953,11.871164005157189,620.632134897593,32.611550925857244,1275.0915749636954,100.0,100.0,True,,synthetic_normal_dataloader_stall,sim_user,normal_dataloader_stall,gpu:1,normal_dataloader_stall
90.5,2026-01-01 00:01:30.500000+00:00,,syn-normal-dataloader-104,syn-normal-dataloader-104,,,,,0,10.0,40.11463788307315,8.908060319636302,6.941261432899336,395.2632572642977,30.581933175902076,1030.4886208692592,100.0,100.0,True,,synthetic_normal_dataloader_stall,sim_user,normal_dataloader_stall,gpu:1,normal_dataloader_stall
90.6,2026-01-01 00:01:30.600000+00:00,,syn-normal-dataloader-104,syn-normal-dataloader-104,,,,,0,10.0,32.806637224465206,5.284578939734075,2.3947047678742157,338.4870795470283,29.59697661628919,539.0007637398647,100.0,100.0,True,,synthetic_normal_dataloader_stall,sim_user,normal_dataloader_stall,gpu:1,normal_dataloader_stall
90.7,2026-01-01 00:01:30.700000+00:00,,syn-normal-dataloader-104,syn-normal-dataloader-104,,,,,0,10.0,52.742967345031694,16.948017694876956,8.10326067445184,620.383876910421,32.47842715545523,947.7014549038346,100.0,100.0,True,,synthetic_normal_dataloader_stall,sim_user,normal_dataloader_stall,gpu:1,normal_dataloader_stall
90.8,2026-01-01 00:01:30.800000+00:00,,syn-normal-dataloader-104,syn-normal-dataloader-104,,,,,0,10.0,37.11832233756299,7.352866310604645,2.34491037810718,425.5045632724747,29.624282833222253,876.3473795950747,100.0,100.0,True,,synthetic_normal_dataloader_stall,sim_user,normal_dataloader_stall,gpu:1,normal_dataloader_stall
90.9,2026-01-01 00:01:30.900000+00:00,,syn-normal-dataloader-104,syn-normal-dataloader-104,,,,,0,10.0,44.26778965482148,12.186266795112909,0.0,530.8961215595167,31.141128417107247,484.96685485772633,100.0,100.0,True,,synthetic_normal_dataloader_stall,sim_user,normal_dataloader_stall,gpu:1,normal_dataloader_stall
91.0,2026-01-01 00:01:31+00:00,,syn-normal-dataloader-104,syn-normal-dataloader-104,,,,,0,10.0,41.83399659180391,10.24401036374285,3.2859031790033697,428.8501807460564,30.571565769531038,653.8430696814148,100.0,100.0,True,,synthetic_normal_dataloader_stall,sim_user,normal_dataloader_stall,gpu:1,normal_dataloader_stall
91.1,2026-01-01 00:01:31.100000+00:00,,syn-normal-dataloader-104,syn-normal-dataloader-104,,,,,0,10.0,32.81937895321617,2.362456099539136,8.21691402856824,210.0,28.230174610112144,1133.238803792745,100.0,100.0,True,,synthetic_normal_dataloader_stall,sim_user,normal_dataloader_stall,gpu:1,normal_dataloader_stall
91.2,2026-01-01 00:01:31.200000+00:00,,syn-normal-dataloader-104,syn-normal-dataloader-104,,,,,0,10.0,39.18580652833532,10.271901081048618,6.448597078873517,428.2087734998256,30.41410458759678,843.3054840200297,100.0,100.0,True,,synthetic_normal_dataloader_stall,sim_user,normal_dataloader_stall,gpu:1,normal_dataloader_stall
91.3,2026-01-01 00:01:31.300000+00:00,,syn-normal-dataloader-104,syn-normal-dataloader-104,,,,,0,10.0,60.07686499910375,22.406091104015783,17.264954156110665,720.8817976330255,33.82577171172693,1841.2557386758983,100.0,100.0,True,,synthetic_normal_dataloader_stall,sim_user,normal_dataloader_stall,gpu:1,normal_dataloader_stall
91.4,2026-01-01 00:01:31.400000+00:00,,syn-normal-dataloader-104,syn-normal-dataloader-104,,,,,0,10.0,56.23637817470011,16.529392416311396,4.8395495113160525,636.3683891461867,32.39672640571436,854.5977790860395,100.0,100.0,True,,synthetic_normal_dataloader_stall,sim_user,normal_dataloader_stall,gpu:1,normal_dataloader_stall
91.5,2026-01-01 00:01:31.500000+00:00,,syn-normal-dataloader-104,syn-normal-dataloader-104,,,,,0,10.0,38.684037401026686,9.664110196635823,6.04329028777706,422.5033866537887,30.241693821082677,891.4030307998884,100.0,100.0,True,,synthetic_normal_dataloader_stall,sim_user,normal_dataloader_stall,gpu:1,normal_dataloader_stall
91.6,2026-01-01 00:01:31.600000+00:00,,syn-normal-dataloader-104,syn-normal-dataloader-104,,,,,0,10.0,50.382141390167234,15.452264566452207,10.09035071189228,544.6254907521234,32.1265260375994,1079.9359652796738,100.0,100.0,True,,synthetic_normal_dataloader_stall,sim_user,normal_dataloader_stall,gpu:1,normal_dataloader_stall
91.7,2026-01-01 00:01:31.700000+00:00,,syn-normal-dataloader-104,syn-normal-dataloader-104,,,,,0,10.0,42.94553482931527,11.963581389250514,9.130010280037062,515.2576871146703,31.14758811610735,979.2890692097369,100.0,100.0,True,,synthetic_normal_dataloader_stall,sim_user,normal_dataloader_stall,gpu:1,normal_dataloader_stall
91.8,2026-01-01 00:01:31.800000+00:00,,syn-normal-dataloader-104,syn-normal-dataloader-104,,,,,0,10.0,52.12597953365525,16.541314843435266,9.421370116064848,605.970522261643,32.204703520774956,1082.1295706433586,100.0,100.0,True,,synthetic_normal_dataloader_stall,sim_user,normal_dataloader_stall,gpu:1,normal_dataloader_stall
91.9,2026-01-01 00:01:31.900000+00:00,,syn-normal-dataloader-104,syn-normal-dataloader-104,,,,,0,10.0,34.93249975660969,4.66678859260217,1.9354252130153655,325.4805413112766,28.8795790316702,478.07924332333243,100.0,100.0,True,,synthetic_normal_dataloader_stall,sim_user,normal_dataloader_stall,gpu:1,normal_dataloader_stall
92.0,2026-01-01 00:01:32+00:00,,syn-normal-dataloader-104,syn-normal-dataloader-104,,,,,0,10.0,36.894447758576476,8.343028871109441,9.577202756068335,438.5032752023687,30.32402820607101,1260.3830040394475,100.0,100.0,True,,synthetic_normal_dataloader_stall,sim_user,normal_dataloader_stall,gpu:1,normal_dataloader_stall
92.1,2026-01-01 00:01:32.100000+00:00,,syn-normal-dataloader-104,syn-normal-dataloader-104,,,,,0,10.0,45.80354721604512,9.118331662822358,2.103963545852931,453.6335327957378,30.977202084882883,719.3383165851087,100.0,100.0,True,,synthetic_normal_dataloader_stall,sim_user,normal_dataloader_stall,gpu:1,normal_dataloader_stall
92.2,2026-01-01 00:01:32.200000+00:00,,syn-normal-dataloader-104,syn-normal-dataloader-104,,,,,0,10.0,43.30619202301859,14.447946863229209,17.060141940356303,519.0520480198003,32.34609938738224,1773.3116239689284,100.0,100.0,True,,synthetic_normal_dataloader_stall,sim_user,normal_dataloader_stall,gpu:1,normal_dataloader_stall
92.3,2026-01-01 00:01:32.300000+00:00,,syn-normal-dataloader-104,syn-normal-dataloader-104,,,,,0,10.0,50.826279419437824,13.990302157847402,10.687121808290199,499.416262519574,32.14490406397151,1047.6253137273263,100.0,100.0,True,,synthetic_normal_dataloader_stall,sim_user,normal_dataloader_stall,gpu:1,normal_dataloader_stall
92.4,2026-01-01 00:01:32.400000+00:00,,syn-normal-dataloader-104,syn-normal-dataloader-104,,,,,0,10.0,183.2429996233682,91.65079503513009,50.241909597700264,2520.0,53.97044345685495,4041.467627737788,100.0,100.0,True,,synthetic_normal_dataloader_stall,sim_user,normal_dataloader_stall,gpu:1,normal_dataloader_stall
92.5,2026-01-01 00:01:32.500000+00:00,,syn-normal-dataloader-104,syn-normal-dataloader-104,,,,,0,10.0,187.720444346322,97.16727875489141,56.25921475736327,2520.0,55.49560185214765,4351.164927448752,100.0,100.0,True,,synthetic_normal_dataloader_stall,sim_user,normal_dataloader_stall,gpu:1,normal_dataloader_stall
92.6,2026-01-01 00:01:32.600000+00:00,,syn-normal-dataloader-104,syn-normal-dataloader-104,,,,,0,10.0,185.21720885365573,94.22921568529608,52.482563239727654,2502.572083995039,54.938518027931536,4033.156515097601,100.0,100.0,True,,synthetic_normal_dataloader_stall,sim_user,normal_dataloader_stall,gpu:1,normal_dataloader_stall
92.7,2026-01-01 00:01:32.700000+00:00,,syn-normal-dataloader-104,syn-normal-dataloader-104,,,,,0,10.0,182.2430542606949,94.22847606468123,53.57153533771941,2520.0,55.13195364360564,3990.969256563183,100.0,100.0,True,,synthetic_normal_dataloader_stall,sim_user,normal_dataloader_stall,gpu:1,normal_dataloader_stall
92.8,2026-01-01 00:01:32.800000+00:00,,syn-normal-dataloader-104,syn-normal-dataloader-104,,,,,0,10.0,179.4823820971316,94.8665386986907,47.603143337304694,2520.0,55.315308018966384,3746.5413575800176,100.0,100.0,True,,synthetic_normal_dataloader_stall,sim_user,normal_dataloader_stall,gpu:1,normal_dataloader_stall
92.9,2026-01-01 00:01:32.900000+00:00,,syn-normal-dataloader-104,syn-normal-dataloader-104,,,,,0,10.0,170.42557549703753,87.13640654249838,49.65417142120074,2413.5148060601086,52.77424499908461,3831.6272152257397,100.0,100.0,True,,synthetic_normal_dataloader_stall,sim_user,normal_dataloader_stall,gpu:1,normal_dataloader_stall
93.0,2026-01-01 00:01:33+00:00,,syn-normal-dataloader-104,syn-normal-dataloader-104,,,,,0,10.0,168.8748866472275,84.47210044741126,47.6176506292229,2319.6261385156863,51.508233170438636,3842.070455504143,100.0,100.0,True,,synthetic_normal_dataloader_stall,sim_user,normal_dataloader_stall,gpu:1,normal_dataloader_stall
93.1,2026-01-01 00:01:33.100000+00:00,,syn-normal-dataloader-104,syn-normal-dataloader-104,,,,,0,10.0,160.45203786961946,77.75658248370729,47.790846323338684,2120.0702842888527,49.73488265231812,3796.2879614881103,100.0,100.0,True,,synthetic_normal_dataloader_stall,sim_user,normal_dataloader_stall,gpu:1,normal_dataloader_stall
93.2,2026-01-01 00:01:33.200000+00:00,,syn-normal-dataloader-104,syn-normal-dataloader-104,,,,,0,10.0,161.21969789105344,80.08746424317347,44.09765185198032,2214.6636805875373,50.501135632525944,3570.7468174683336,100.0,100.0,True,,synthetic_normal_dataloader_stall,sim_user,normal_dataloader_stall,gpu:1,normal_dataloader_stall
93.3,2026-01-01 00:01:33.300000+00:00,,syn-normal-dataloader-104,syn-normal-dataloader-104,,,,,0,10.0,159.74949050937678,77.28314245802389,37.734707258962715,2125.276125223227,49.77147096749533,2957.8512539226745,100.0,100.0,True,,synthetic_normal_dataloader_stall,sim_user,normal_dataloader_stall,gpu:1,normal_dataloader_stall
93.4,2026-01-01 00:01:33.400000+00:00,,syn-normal-dataloader-104,syn-normal-dataloader-104,,,,,0,10.0,159.89327148134677,79.94026414436149,46.32899222712655,2216.574556165947,50.316462752595534,3867.3317098358684,100.0,100.0,True,,synthetic_normal_dataloader_stall,sim_user,normal_dataloader_stall,gpu:1,normal_dataloader_stall
93.5,2026-01-01 00:01:33.500000+00:00,,syn-normal-dataloader-104,syn-normal-dataloader-104,,,,,0,10.0,161.23408176331532,74.38630644317202,44.38348695574065,2048.3207400168185,48.62716565314152,3551.4217980336343,100.0,100.0,True,,synthetic_normal_dataloader_stall,sim_user,normal_dataloader_stall,gpu:1,normal_dataloader_stall
93.6,2026-01-01 00:01:33.600000+00:00,,syn-normal-dataloader-104,syn-normal-dataloader-104,,,,,0,10.0,172.468027780882,85.29879601762018,34.64111841640196,2300.2145939589673,51.28812385411589,2804.117957144523,100.0,100.0,True,,synthetic_normal_dataloader_stall,sim_user,normal_dataloader_stall,gpu:1,normal_dataloader_stall
93.7,2026-01-01 00:01:33.700000+00:00,,syn-normal-dataloader-104,syn-normal-dataloader-104,,,,,0,10.0,168.5906194588978,83.41998134073752,44.7463659235677,2305.1951198049132,50.94520850627506,3537.1326236296077,100.0,100.0,True,,synthetic_normal_dataloader_stall,sim_user,normal_dataloader_stall,gpu:1,normal_dataloader_stall
93.8,2026-01-01 00:01:33.800000+00:00,,syn-normal-dataloader-104,syn-normal-dataloader-104,,,,,0,10.0,174.19677028105363,85.83196095074823,48.44163693499645,2353.664204310594,51.634063423837304,3835.3940836324855,100.0,100.0,True,,synthetic_normal_dataloader_stall,sim_user,normal_dataloader_stall,gpu:1,normal_dataloader_stall
93.9,2026-01-01 00:01:33.900000+00:00,,syn-normal-dataloader-104,syn-normal-dataloader-104,,,,,0,10.0,175.9515588893095,90.22968725831473,42.68400041106053,2431.3239741889834,52.94146926300965,3565.1438885952507,100.0,100.0,True,,synthetic_normal_dataloader_stall,sim_user,normal_dataloader_stall,gpu:1,normal_dataloader_stall
94.0,2026-01-01 00:01:34+00:00,,syn-normal-dataloader-104,syn-normal-dataloader-104,,,,,0,10.0,174.6692607532012,89.73639786161726,50.41967361597438,2457.604425584163,53.01599239029534,3933.544326127104,100.0,100.0,True,,synthetic_normal_dataloader_stall,sim_user,normal_dataloader_stall,gpu:1,normal_dataloader_stall
94.1,2026-01-01 00:01:34.100000+00:00,,syn-normal-dataloader-104,syn-normal-dataloader-104,,,,,0,10.0,173.75907432013125,83.46923605546584,44.38105336735645,2267.550424745571,50.85524766461515,3432.6152719878432,100.0,100.0,True,,synthetic_normal_dataloader_stall,sim_user,normal_dataloader_stall,gpu:1,normal_dataloader_stall
94.2,2026-01-01 00:01:34.200000+00:00,,syn-normal-dataloader-104,syn-normal-dataloader-104,,,,,0,10.0,178.7453198803101,93.09883282069652,56.492081650389146,2520.0,53.46061776627654,4451.340660286693,100.0,100.0,True,,synthetic_normal_dataloader_stall,sim_user,normal_dataloader_stall,gpu:1,normal_dataloader_stall
94.3,2026-01-01 00:01:34.300000+00:00,,syn-normal-dataloader-104,syn-normal-dataloader-104,,,,,0,10.0,175.11160042618437,87.5370783464905,43.0025002293119,2422.8039662210635,52.059626441137446,3394.499750852591,100.0,100.0,True,,synthetic_normal_dataloader_stall,sim_user,normal_dataloader_stall,gpu:1,normal_dataloader_stall
94.4,2026-01-01 00:01:34.400000+00:00,,syn-normal-dataloader-104,syn-normal-dataloader-104,,,,,0,10.0,178.2867473653926,90.74111816322235,52.015318752348406,2462.4750986112276,52.99683226721079,3994.436765327136,100.0,100.0,True,,synthetic_normal_dataloader_stall,sim_user,normal_dataloader_stall,gpu:1,normal_dataloader_stall
94.5,2026-01-01 00:01:34.500000+00:00,,syn-normal-dataloader-104,syn-normal-dataloader-104,,,,,0,10.0,175.62724250264392,89.6901128186717,53.463854552169664,2410.769681948952,53.14478592299593,4242.7870097552795,100.0,100.0,True,,synthetic_normal_dataloader_stall,sim_user,normal_dataloader_stall,gpu:1,normal_dataloader_stall
94.6,2026-01-01 00:01:34.600000+00:00,,syn-normal-dataloader-104,syn-normal-dataloader-104,,,,,0,10.0,174.83268020799363,87.42155624657026,44.115511860405306,2374.9969683497043,52.07423917372716,3674.559068324624,100.0,100.0,True,,synthetic_normal_dataloader_stall,sim_user,normal_dataloader_stall,gpu:1,normal_dataloader_stall
94.7,2026-01-01 00:01:34.700000+00:00,,syn-normal-dataloader-104,syn-normal-dataloader-104,,,,,0,10.0,178.914126374541,90.77512024163524,40.96714361856449,2446.279276360575,53.06339516988973,3258.6683113763556,100.0,100.0,True,,synthetic_normal_dataloader_stall,sim_user,normal_dataloader_stall,gpu:1,normal_dataloader_stall
94.8,2026-01-01 00:01:34.800000+00:00,,syn-normal-dataloader-104,syn-normal-dataloader-104,,,,,0,10.0,178.34208293752198,91.54396723509464,46.43857021102687,2506.6789003223935,53.58026535663926,3644.6040342273177,100.0,100.0,True,,synthetic_normal_dataloader_stall,sim_user,normal_dataloader_stall,gpu:1,normal_dataloader_stall
94.9,2026-01-01 00:01:34.900000+00:00,,syn-normal-dataloader-104,syn-normal-dataloader-104,,,,,0,10.0,175.79491763627536,87.51016930106623,45.51847724870022,2362.4500511522306,52.31917528064684,3692.660273902485,100.0,100.0,True,,synthetic_normal_dataloader_stall,sim_user,normal_dataloader_stall,gpu:1,normal_dataloader_stall
95.0,2026-01-01 00:01:35+00:00,,syn-normal-dataloader-104,syn-normal-dataloader-104,,,,,0,10.0,176.3279081498304,89.57035735684521,47.725308771823734,2496.492029013561,53.13986037777753,3894.530970045305,100.0,100.0,True,,synthetic_normal_dataloader_stall,sim_user,normal_dataloader_stall,gpu:1,normal_dataloader_stall
95.1,2026-01-01 00:01:35.100000+00:00,,syn-normal-dataloader-104,syn-normal-dataloader-104,,,,,0,10.0,173.93741391659714,89.61870865678097,40.14728514204493,2453.1898603405025,52.88840784752644,3124.311052408024,100.0,100.0,True,,synthetic_normal_dataloader_stall,sim_user,normal_dataloader_stall,gpu:1,normal_dataloader_stall
95.2,2026-01-01 00:01:35.200000+00:00,,syn-normal-dataloader-104,syn-normal-dataloader-104,,,,,0,10.0,170.22982334363297,85.31265572988937,43.40706243577081,2335.673821752572,51.67522913049153,3505.435238568942,100.0,100.0,True,,synthetic_normal_dataloader_stall,sim_user,normal_dataloader_stall,gpu:1,normal_dataloader_stall
95.3,2026-01-01 00:01:35.300000+00:00,,syn-normal-dataloader-104,syn-normal-dataloader-104,,,,,0,10.0,166.45995816524638,82.893740053937,42.80945920320057,2261.5026599400962,50.82781247684546,3415.2512706097027,100.0,100.0,True,,synthetic_normal_dataloader_stall,sim_user,normal_dataloader_stall,gpu:1,normal_dataloader_stall
95.4,2026-01-01 00:01:35.400000+00:00,,syn-normal-dataloader-104,syn-normal-dataloader-104,,,,,0,10.0,166.94033640486015,82.68476595148596,47.24526610351835,2251.10080177181,50.699303178659115,3857.6715773621468,100.0,100.0,True,,synthetic_normal_dataloader_stall,sim_user,normal_dataloader_stall,gpu:1,normal_dataloader_stall
95.5,2026-01-01 00:01:35.500000+00:00,,syn-normal-dataloader-104,syn-normal-dataloader-104,,,,,0,10.0,166.26292584666925,82.08777014468836,52.12857505864023,2203.4022478567435,51.00499412213586,3901.5273125200015,100.0,100.0,True,,synthetic_normal_dataloader_stall,sim_user,normal_dataloader_stall,gpu:1,normal_dataloader_stall
95.6,2026-01-01 00:01:35.600000+00:00,,syn-normal-dataloader-104,syn-normal-dataloader-104,,,,,0,10.0,168.95274864410257,84.23050187523629,44.84672493340755,2304.1910322962312,51.68407983854895,3709.6656891416333,100.0,100.0,True,,synthetic_normal_dataloader_stall,sim_user,normal_dataloader_stall,gpu:1,normal_dataloader_stall
95.7,2026-01-01 00:01:35.700000+00:00,,syn-normal-dataloader-104,syn-normal-dataloader-104,,,,,0,10.0,175.05676677845548,85.62361047950583,46.52478860795278,2284.502339750144,51.65421630739988,3753.8834737997577,100.0,100.0,True,,synthetic_normal_dataloader_stall,sim_user,normal_dataloader_stall,gpu:1,normal_dataloader_stall
95.8,2026-01-01 00:01:35.800000+00:00,,syn-normal-dataloader-104,syn-normal-dataloader-104,,,,,0,10.0,181.98289287835942,92.29631209095733,50.27837280731819,2520.0,53.3682030622514,3920.3664467395006,100.0,100.0,True,,synthetic_normal_dataloader_stall,sim_user,normal_dataloader_stall,gpu:1,normal_dataloader_stall
95.9,2026-01-01 00:01:35.900000+00:00,,syn-normal-dataloader-104,syn-normal-dataloader-104,,,,,0,10.0,180.78411959230232,90.33302337413414,44.12498917233699,2486.237540326099,52.80134836617103,3495.597212777415,100.0,100.0,True,,synthetic_normal_dataloader_stall,sim_user,normal_dataloader_stall,gpu:1,normal_dataloader_stall
96.0,2026-01-01 00:01:36+00:00,,syn-normal-dataloader-104,syn-normal-dataloader-104,,,,,0,10.0,184.4488787983575,94.52141159181208,59.68053299950526,2520.0,54.488813522455565,4590.176760211078,100.0,100.0,True,,synthetic_normal_dataloader_stall,sim_user,normal_dataloader_stall,gpu:1,normal_dataloader_stall
96.1,2026-01-01 00:01:36.100000+00:00,,syn-normal-dataloader-104,syn-normal-dataloader-104,,,,,0,10.0,183.4646761677433,96.79063658775868,51.361015863447314,2520.0,54.94387820285299,4027.2569036273303,100.0,100.0,True,,synthetic_normal_dataloader_stall,sim_user,normal_dataloader_stall,gpu:1,normal_dataloader_stall
96.2,2026-01-01 00:01:36.200000+00:00,,syn-normal-dataloader-104,syn-normal-dataloader-104,,,,,0,10.0,175.7823260582815,90.66554563920153,52.31459475741484,2442.034596930596,53.28433515641636,4070.989672739722,100.0,100.0,True,,synthetic_normal_dataloader_stall,sim_user,normal_dataloader_stall,gpu:1,normal_dataloader_stall
96.3,2026-01-01 00:01:36.300000+00:00,,syn-normal-dataloader-104,syn-normal-dataloader-104,,,,,0,10.0,174.7823847767974,87.28418182915928,58.32929071394066,2417.31071299494,52.46195578164823,4591.984332499694,100.0,100.0,True,,synthetic_normal_dataloader_stall,sim_user,normal_dataloader_stall,gpu:1,normal_dataloader_stall
96.4,2026-01-01 00:01:36.400000+00:00,,syn-normal-dataloader-104,syn-normal-dataloader-104,,,,,0,10.0,179.77096944360264,92.18341176567006,46.6963755803373,2520.0,53.334922050594955,3870.2492984309392,100.0,100.0,True,,synthetic_normal_dataloader_stall,sim_user,normal_dataloader_stall,gpu:1,normal_dataloader_stall
96.5,2026-01-01 00:01:36.500000+00:00,,syn-normal-dataloader-104,syn-normal-dataloader-104,,,,,0,10.0,180.24619318556125,91.40632555348289,52.342125756380426,2501.233594036666,52.667164717509785,4128.921574886436,100.0,100.0,True,,synthetic_normal_dataloader_stall,sim_user,normal_dataloader_stall,gpu:1,normal_dataloader_stall
96.6,2026-01-01 00:01:36.600000+00:00,,syn-normal-dataloader-104,syn-normal-dataloader-104,,,,,0,10.0,180.47627121818516,89.92058283993599,40.54307545677809,2409.4028341591306,52.548794572828925,3374.6413104319035,100.0,100.0,True,,synthetic_normal_dataloader_stall,sim_user,normal_dataloader_stall,gpu:1,normal_dataloader_stall
96.7,2026-01-01 00:01:36.700000+00:00,,syn-normal-dataloader-104,syn-normal-dataloader-104,,,,,0,10.0,179.9861817565536,92.45855367522898,52.21649674078672,2520.0,53.29756642278874,4271.023828298755,100.0,100.0,True,,synthetic_normal_dataloader_stall,sim_user,normal_dataloader_stall,gpu:1,normal_dataloader_stall
96.8,2026-01-01 00:01:36.800000+00:00,,syn-normal-dataloader-104,syn-normal-dataloader-104,,,,,0,10.0,177.32661503347805,92.09850960563284,53.89767945198556,2520.0,53.231506481893526,4307.444873999569,100.0,100.0,True,,synthetic_normal_dataloader_stall,sim_user,normal_dataloader_stall,gpu:1,normal_dataloader_stall
96.9,2026-01-01 00:01:36.900000+00:00,,syn-normal-dataloader-104,syn-normal-dataloader-104,,,,,0,10.0,175.6651647040251,90.0979607099851,49.496622093725435,2465.367983970269,52.44296349225194,3885.695819861102,100.0,100.0,True,,synthetic_normal_dataloader_stall,sim_user,normal_dataloader_stall,gpu:1,normal_dataloader_stall
97.0,2026-01-01 00:01:37+00:00,,syn-normal-dataloader-104,syn-normal-dataloader-104,,,,,0,10.0,174.526280358286,88.2130448993621,46.673426644359125,2445.546952744394,52.15848232886102,3663.57093235633,100.0,100.0,True,,synthetic_normal_dataloader_stall,sim_user,normal_dataloader_stall,gpu:1,normal_dataloader_stall
97.1,2026-01-01 00:01:37.100000+00:00,,syn-normal-dataloader-104,syn-normal-dataloader-104,,,,,0,10.0,176.76847771195182,87.42446219503624,60.59710848233287,2385.1589522249224,52.03121081330652,4683.637390724843,100.0,100.0,True,,synthetic_normal_dataloader_stall,sim_user,normal_dataloader_stall,gpu:1,normal_dataloader_stall
97.2,2026-01-01 00:01:37.200000+00:00,,syn-normal-dataloader-104,syn-normal-dataloader-104,,,,,0,10.0,178.17728051965264,89.62713846859779,52.32677227616382,2441.653339635957,52.60453864069004,4025.9970461360763,100.0,100.0,True,,synthetic_normal_dataloader_stall,sim_user,normal_dataloader_stall,gpu:1,normal_dataloader_stall
97.3,2026-01-01 00:01:37.300000+00:00,,syn-normal-dataloader-104,syn-normal-dataloader-104,,,,,0,10.0,171.03449894045303,87.30941941331201,47.58938948238814,2421.093222803991,52.109224026005364,3797.28979050353,100.0,100.0,True,,synthetic_normal_dataloader_stall,sim_user,normal_dataloader_stall,gpu:1,normal_dataloader_stall
97.4,2026-01-01 00:01:37.400000+00:00,,syn-normal-dataloader-104,syn-normal-dataloader-104,,,,,0,10.0,171.98942831531858,87.188066453644,43.82755499386195,2409.2572516926775,52.66639690372877,3515.637409236548,100.0,100.0,True,,synthetic_normal_dataloader_stall,sim_user,normal_dataloader_stall,gpu:1,normal_dataloader_stall
97.5,2026-01-01 00:01:37.500000+00:00,,syn-normal-dataloader-104,syn-normal-dataloader-104,,,,,0,10.0,38.51528435235088,10.129116857978563,0.7881388023836928,429.9170035271076,30.99938679937245,614.9576064369029,100.0,100.0,True,,synthetic_normal_dataloader_stall,sim_user,normal_dataloader_stall,gpu:1,normal_dataloader_stall
97.6,2026-01-01 00:01:37.600000+00:00,,syn-normal-dataloader-104,syn-normal-dataloader-104,,,,,0,10.0,45.34069852577289,11.466533892040728,2.1893162097388013,528.4735499486785,31.362877824213633,419.7434358801697,100.0,100.0,True,,synthetic_normal_dataloader_stall,sim_user,normal_dataloader_stall,gpu:1,normal_dataloader_stall
97.7,2026-01-01 00:01:37.700000+00:00,,syn-normal-dataloader-104,syn-normal-dataloader-104,,,,,0,10.0,43.18964056783887,5.885313594956738,0.3653560381894079,394.7392635975416,29.862010127069404,566.9846653307034,100.0,100.0,True,,synthetic_normal_dataloader_stall,sim_user,normal_dataloader_stall,gpu:1,normal_dataloader_stall
97.8,2026-01-01 00:01:37.800000+00:00,,syn-normal-dataloader-104,syn-normal-dataloader-104,,,,,0,10.0,38.94350091300769,10.66086585331691,3.314296466514861,421.83349621425737,31.246706592562223,768.237481168491,100.0,100.0,True,,synthetic_normal_dataloader_stall,sim_user,normal_dataloader_stall,gpu:1,normal_dataloader_stall
97.9,2026-01-01 00:01:37.900000+00:00,,syn-normal-dataloader-104,syn-normal-dataloader-104,,,,,0,10.0,55.49591559596459,19.957804718710545,9.953877016185004,666.0785039661051,33.828565972880014,1166.2046455856334,100.0,100.0,True,,synthetic_normal_dataloader_stall,sim_user,normal_dataloader_stall,gpu:1,normal_dataloader_stall
98.0,2026-01-01 00:01:38+00:00,,syn-normal-dataloader-104,syn-normal-dataloader-104,,,,,0,10.0,56.08164625586706,21.90900404744454,7.153111305892376,739.4468054950562,34.454197222059,771.8036464011745,100.0,100.0,True,,synthetic_normal_dataloader_stall,sim_user,normal_dataloader_stall,gpu:1,normal_dataloader_stall
98.1,2026-01-01 00:01:38.100000+00:00,,syn-normal-dataloader-104,syn-normal-dataloader-104,,,,,0,10.0,51.10920946793371,18.864762544765558,11.383531229734652,669.1045003889138,33.45832583227848,1311.106245263058,100.0,100.0,True,,synthetic_normal_dataloader_stall,sim_user,normal_dataloader_stall,gpu:1,normal_dataloader_stall
98.2,2026-01-01 00:01:38.200000+00:00,,syn-normal-dataloader-104,syn-normal-dataloader-104,,,,,0,10.0,46.918312547227636,15.28348694954443,10.784814537787678,609.8041224514421,32.42913515763508,1269.4033174021013,100.0,100.0,True,,synthetic_normal_dataloader_stall,sim_user,normal_dataloader_stall,gpu:1,normal_dataloader_stall
98.3,2026-01-01 00:01:38.300000+00:00,,syn-normal-dataloader-104,syn-normal-dataloader-104,,,,,0,10.0,38.494437417659825,7.528797249140471,11.022219976914663,385.1632254077092,29.970584326528677,1265.5627404186603,100.0,100.0,True,,synthetic_normal_dataloader_stall,sim_user,normal_dataloader_stall,gpu:1,normal_dataloader_stall
98.4,2026-01-01 00:01:38.400000+00:00,,syn-normal-dataloader-104,syn-normal-dataloader-104,,,,,0,10.0,35.16330691983482,3.5936247427158046,0.0,267.69046926853497,28.847331122613358,446.9905323364849,100.0,100.0,True,,synthetic_normal_dataloader_stall,sim_user,normal_dataloader_stall,gpu:1,normal_dataloader_stall
98.5,2026-01-01 00:01:38.500000+00:00,,syn-normal-dataloader-104,syn-normal-dataloader-104,,,,,0,10.0,51.01747673594563,14.42922164250661,0.40975660764245614,544.4607471035621,31.952885792594014,527.8783637266054,100.0,100.0,True,,synthetic_normal_dataloader_stall,sim_user,normal_dataloader_stall,gpu:1,normal_dataloader_stall
98.6,2026-01-01 00:01:38.600000+00:00,,syn-normal-dataloader-104,syn-normal-dataloader-104,,,,,0,10.0,53.890393126699095,15.643046229373098,7.103175546899794,615.6358410147129,32.24504852940815,972.6535550777068,100.0,100.0,True,,synthetic_normal_dataloader_stall,sim_user,normal_dataloader_stall,gpu:1,normal_dataloader_stall
98.7,2026-01-01 00:01:38.700000+00:00,,syn-normal-dataloader-104,syn-normal-dataloader-104,,,,,0,10.0,51.75858301402567,13.298787808037206,7.787387989299341,552.9389654154138,31.65209571125554,1071.9384039381114,100.0,100.0,True,,synthetic_normal_dataloader_stall,sim_user,normal_dataloader_stall,gpu:1,normal_dataloader_stall
98.8,2026-01-01 00:01:38.800000+00:00,,syn-normal-dataloader-104,syn-normal-dataloader-104,,,,,0,10.0,47.90164165098962,13.044186417722516,11.094788484092492,540.7176893165354,31.626145739789255,1318.890636840714,100.0,100.0,True,,synthetic_normal_dataloader_stall,sim_user,normal_dataloader_stall,gpu:1,normal_dataloader_stall
98.9,2026-01-01 00:01:38.900000+00:00,,syn-normal-dataloader-104,syn-normal-dataloader-104,,,,,0,10.0,175.61778797388456,90.69329476400111,45.993337694053075,2471.3585580965587,53.33225994512383,3639.494903955061,100.0,100.0,True,,synthetic_normal_dataloader_stall,sim_user,normal_dataloader_stall,gpu:1,normal_dataloader_stall
99.0,2026-01-01 00:01:39+00:00,,syn-normal-dataloader-104,syn-normal-dataloader-104,,,,,0,10.0,171.46815473848804,84.93039221292986,53.38837881998361,2281.8955494698635,51.9064710322784,4069.8053319431783,100.0,100.0,True,,synthetic_normal_dataloader_stall,sim_user,normal_dataloader_stall,gpu:1,normal_dataloader_stall
99.1,2026-01-01 00:01:39.100000+00:00,,syn-normal-dataloader-104,syn-normal-dataloader-104,,,,,0,10.0,171.3071464626186,86.32347377384761,47.438932957485,2388.7608836062523,52.4092720334685,3749.3208283138083,100.0,100.0,True,,synthetic_normal_dataloader_stall,sim_user,normal_dataloader_stall,gpu:1,normal_dataloader_stall
99.2,2026-01-01 00:01:39.200000+00:00,,syn-normal-dataloader-104,syn-normal-dataloader-104,,,,,0,10.0,166.24429396776026,84.55182430796683,46.89802520316851,2336.749495219025,52.08049373812435,3717.695467386861,100.0,100.0,True,,synthetic_normal_dataloader_stall,sim_user,normal_dataloader_stall,gpu:1,normal_dataloader_stall
99.3,2026-01-01 00:01:39.300000+00:00,,syn-normal-dataloader-104,syn-normal-dataloader-104,,,,,0,10.0,165.7931385053579,81.08053883204651,43.50222444068681,2254.1490463909813,51.034994641953745,3649.5212478034323,100.0,100.0,True,,synthetic_normal_dataloader_stall,sim_user,normal_dataloader_stall,gpu:1,normal_dataloader_stall
99.4,2026-01-01 00:01:39.400000+00:00,,syn-normal-dataloader-104,syn-normal-dataloader-104,,,,,0,10.0,170.94233375949582,85.19130929179224,52.447280424618064,2310.7507478400685,52.111369668554396,3963.7717462467276,100.0,100.0,True,,synthetic_normal_dataloader_stall,sim_user,normal_dataloader_stall,gpu:1,normal_dataloader_stall
99.5,2026-01-01 00:01:39.500000+00:00,,syn-normal-dataloader-104,syn-normal-dataloader-104,,,,,0,10.0,174.50040692908237,86.59719496975451,48.848541853065875,2453.428685358209,52.38316221782379,3935.8564700542343,100.0,100.0,True,,synthetic_normal_dataloader_stall,sim_user,normal_dataloader_stall,gpu:1,normal_dataloader_stall
99.6,2026-01-01 00:01:39.600000+00:00,,syn-normal-dataloader-104,syn-normal-dataloader-104,,,,,0,10.0,176.66085132538296,86.08064002683348,49.764021223619025,2392.8760145640576,52.17906244899592,3988.7345378152168,100.0,100.0,True,,synthetic_normal_dataloader_stall,sim_user,normal_dataloader_stall,gpu:1,normal_dataloader_stall
99.7,2026-01-01 00:01:39.700000+00:00,,syn-normal-dataloader-104,syn-normal-dataloader-104,,,,,0,10.0,178.69572966555327,91.53626932970839,50.533116323658994,2518.8727001351463,53.6932207423211,4041.46112101685,100.0,100.0,True,,synthetic_normal_dataloader_stall,sim_user,normal_dataloader_stall,gpu:1,normal_dataloader_stall
99.8,2026-01-01 00:01:39.800000+00:00,,syn-normal-dataloader-104,syn-normal-dataloader-104,,,,,0,10.0,181.0996610331236,93.46903485615934,46.369886779163124,2520.0,54.269173289266085,3640.82320652911,100.0,100.0,True,,synthetic_normal_dataloader_stall,sim_user,normal_dataloader_stall,gpu:1,normal_dataloader_stall
99.9,2026-01-01 00:01:39.900000+00:00,,syn-normal-dataloader-104,syn-normal-dataloader-104,,,,,0,10.0,172.7446194825643,88.61785812254955,49.51163702596137,2404.8742624659594,52.89191624790226,4015.866767502319,100.0,100.0,True,,synthetic_normal_dataloader_stall,sim_user,normal_dataloader_stall,gpu:1,normal_dataloader_stall
100.0,2026-01-01 00:01:40+00:00,,syn-normal-dataloader-104,syn-normal-dataloader-104,,,,,0,10.0,170.97281713396032,85.9735323558663,46.35593434984742,2383.7533989920807,52.231150305655646,3752.1775726402075,100.0,100.0,True,,synthetic_normal_dataloader_stall,sim_user,normal_dataloader_stall,gpu:1,normal_dataloader_stall
100.1,2026-01-01 00:01:40.100000+00:00,,syn-normal-dataloader-104,syn-normal-dataloader-104,,,,,0,10.0,169.91700048756695,83.49146329098424,42.391989097075864,2308.085803287911,51.53836945531687,3347.0378071208643,100.0,100.0,True,,synthetic_normal_dataloader_stall,sim_user,normal_dataloader_stall,gpu:1,normal_dataloader_stall
100.2,2026-01-01 00:01:40.200000+00:00,,syn-normal-dataloader-104,syn-normal-dataloader-104,,,,,0,10.0,168.68146216842936,87.27963859690698,50.119727454537966,2454.3424901956123,52.67913208639124,3850.603144572838,100.0,100.0,True,,synthetic_normal_dataloader_stall,sim_user,normal_dataloader_stall,gpu:1,normal_dataloader_stall
100.3,2026-01-01 00:01:40.300000+00:00,,syn-normal-dataloader-104,syn-normal-dataloader-104,,,,,0,10.0,167.78886089415062,80.11098595238981,41.46482703980244,2253.9977881799055,50.84789952877163,3351.8674268613754,100.0,100.0,True,,synthetic_normal_dataloader_stall,sim_user,normal_dataloader_stall,gpu:1,normal_dataloader_stall
100.4,2026-01-01 00:01:40.400000+00:00,,syn-normal-dataloader-104,syn-normal-dataloader-104,,,,,0,10.0,178.4700832114408,90.78657034518248,53.790194638900594,2383.004319873028,53.86411730411798,4302.053534716989,100.0,100.0,True,,synthetic_normal_dataloader_stall,sim_user,normal_dataloader_stall,gpu:1,normal_dataloader_stall
100.5,2026-01-01 00:01:40.500000+00:00,,syn-normal-dataloader-104,syn-normal-dataloader-104,,,,,0,10.0,176.52989766407063,88.5210489890577,50.60379066373206,2399.9554108374914,53.08831955370479,3854.0522043791707,100.0,100.0,True,,synthetic_normal_dataloader_stall,sim_user,normal_dataloader_stall,gpu:1,normal_dataloader_stall
100.6,2026-01-01 00:01:40.600000+00:00,,syn-normal-dataloader-104,syn-normal-dataloader-104,,,,,0,10.0,176.08341078400628,86.27567846441686,52.79828695732064,2337.383906553604,52.39866324725599,4060.9659317975684,100.0,100.0,True,,synthetic_normal_dataloader_stall,sim_user,normal_dataloader_stall,gpu:1,normal_dataloader_stall
100.7,2026-01-01 00:01:40.700000+00:00,,syn-normal-dataloader-104,syn-normal-dataloader-104,,,,,0,10.0,180.51285474261442,93.60700513963815,46.26345909260409,2520.0,54.40259168855418,3775.8608286430913,100.0,100.0,True,,synthetic_normal_dataloader_stall,sim_user,normal_dataloader_stall,gpu:1,normal_dataloader_stall
100.8,2026-01-01 00:01:40.800000+00:00,,syn-normal-dataloader-104,syn-normal-dataloader-104,,,,,0,10.0,176.4844250310475,92.31949181584312,50.64190055646283,2485.425452232246,53.90892918877005,3942.141713750989,100.0,100.0,True,,synthetic_normal_dataloader_stall,sim_user,normal_dataloader_stall,gpu:1,normal_dataloader_stall
100.9,2026-01-01 00:01:40.900000+00:00,,syn-normal-dataloader-104,syn-normal-dataloader-104,,,,,0,10.0,177.7683872368762,89.08255774435102,40.50037005239721,2396.613091241758,52.86604279710097,3140.6424507352776,100.0,100.0,True,,synthetic_normal_dataloader_stall,sim_user,normal_dataloader_stall,gpu:1,normal_dataloader_stall
101.0,2026-01-01 00:01:41+00:00,,syn-normal-dataloader-104,syn-normal-dataloader-104,,,,,0,10.0,175.68332904463094,87.72807190792076,54.723263446988824,2342.484857482013,52.482583987540494,4182.461808667714,100.0,100.0,True,,synthetic_normal_dataloader_stall,sim_user,normal_dataloader_stall,gpu:1,normal_dataloader_stall
101.1,2026-01-01 00:01:41.100000+00:00,,syn-normal-dataloader-104,syn-normal-dataloader-104,,,,,0,10.0,174.45688337800374,88.2769755541908,46.54262706762956,2336.9948603230077,52.515330414595844,3512.8316124818725,100.0,100.0,True,,synthetic_normal_dataloader_stall,sim_user,normal_dataloader_stall,gpu:1,normal_dataloader_stall
101.2,2026-01-01 00:01:41.200000+00:00,,syn-normal-dataloader-104,syn-normal-dataloader-104,,,,,0,10.0,175.08002224440588,87.74268726353145,51.62486427350648,2390.112796606898,52.29680643769501,3971.481073119144,100.0,100.0,True,,synthetic_normal_dataloader_stall,sim_user,normal_dataloader_stall,gpu:1,normal_dataloader_stall
101.3,2026-01-01 00:01:41.300000+00:00,,syn-normal-dataloader-104,syn-normal-dataloader-104,,,,,0,10.0,174.07940250877988,91.76831106164754,53.18141556981754,2520.0,53.43804092763691,4171.18444405026,100.0,100.0,True,,synthetic_normal_dataloader_stall,sim_user,normal_dataloader_stall,gpu:1,normal_dataloader_stall
101.4,2026-01-01 00:01:41.400000+00:00,,syn-normal-dataloader-104,syn-normal-dataloader-104,,,,,0,10.0,166.06410540454004,80.84445616373267,49.56879731157562,2212.6642701769765,50.40042817122941,3756.767330680128,100.0,100.0,True,,synthetic_normal_dataloader_stall,sim_user,normal_dataloader_stall,gpu:1,normal_dataloader_stall
101.5,2026-01-01 00:01:41.500000+00:00,,syn-normal-dataloader-104,syn-normal-dataloader-104,,,,,0,10.0,167.75215506757718,82.26998781261575,40.57072379278873,2251.813801011637,50.76006619501835,3335.544924558073,100.0,100.0,True,,synthetic_normal_dataloader_stall,sim_user,normal_dataloader_stall,gpu:1,normal_dataloader_stall
101.6,2026-01-01 00:01:41.600000+00:00,,syn-normal-dataloader-104,syn-normal-dataloader-104,,,,,0,10.0,169.77012811305167,85.95022601380113,44.46498229203305,2324.143319392747,51.68118051821994,3463.2183313662754,100.0,100.0,True,,synthetic_normal_dataloader_stall,sim_user,normal_dataloader_stall,gpu:1,normal_dataloader_stall
101.7,2026-01-01 00:01:41.700000+00:00,,syn-normal-dataloader-104,syn-normal-dataloader-104,,,,,0,10.0,171.94610345175292,85.24198168084216,39.65053525657618,2340.1774016044674,51.39135525990003,3247.0839970478955,100.0,100.0,True,,synthetic_normal_dataloader_stall,sim_user,normal_dataloader_stall,gpu:1,normal_dataloader_stall
101.8,2026-01-01 00:01:41.800000+00:00,,syn-normal-dataloader-104,syn-normal-dataloader-104,,,,,0,10.0,170.47393490018484,84.31525522071574,44.72305704851659,2293.969342816139,51.142986099416575,3557.9485247097173,100.0,100.0,True,,synthetic_normal_dataloader_stall,sim_user,normal_dataloader_stall,gpu:1,normal_dataloader_stall
101.9,2026-01-01 00:01:41.900000+00:00,,syn-normal-dataloader-104,syn-normal-dataloader-104,,,,,0,10.0,175.01670456099941,87.20790231006261,46.23122396908573,2423.835049713566,51.745584461797414,3625.762359601811,100.0,100.0,True,,synthetic_normal_dataloader_stall,sim_user,normal_dataloader_stall,gpu:1,normal_dataloader_stall
102.0,2026-01-01 00:01:42+00:00,,syn-normal-dataloader-104,syn-normal-dataloader-104,,,,,0,10.0,173.5445807764471,87.004395775417,46.98109510499503,2377.1456659060023,51.83559221676423,3627.2587504168278,100.0,100.0,True,,synthetic_normal_dataloader_stall,sim_user,normal_dataloader_stall,gpu:1,normal_dataloader_stall
102.1,2026-01-01 00:01:42.100000+00:00,,syn-normal-dataloader-104,syn-normal-dataloader-104,,,,,0,10.0,170.87765888439714,88.04888184712348,47.72781454041832,2415.8036276778075,51.88872340208058,3827.1440052668295,100.0,100.0,True,,synthetic_normal_dataloader_stall,sim_user,normal_dataloader_stall,gpu:1,normal_dataloader_stall
102.2,2026-01-01 00:01:42.200000+00:00,,syn-normal-dataloader-104,syn-normal-dataloader-104,,,,,0,10.0,170.19549006555414,83.23626891633546,38.72557489982509,2301.338886377628,50.62727845289668,3156.0327554330697,100.0,100.0,True,,synthetic_normal_dataloader_stall,sim_user,normal_dataloader_stall,gpu:1,normal_dataloader_stall
102.3,2026-01-01 00:01:42.300000+00:00,,syn-normal-dataloader-104,syn-normal-dataloader-104,,,,,0,10.0,174.90487419495307,89.93626831427721,51.669928169468264,2454.5074815398875,52.30586071697954,4076.3680457126193,100.0,100.0,True,,synthetic_normal_dataloader_stall,sim_user,normal_dataloader_stall,gpu:1,normal_dataloader_stall
102.4,2026-01-01 00:01:42.400000+00:00,,syn-normal-dataloader-104,syn-normal-dataloader-104,,,,,0,10.0,174.82297326837906,86.11313613673852,48.93199742088565,2373.880833820592,51.058733890084355,4012.9299192808794,100.0,100.0,True,,synthetic_normal_dataloader_stall,sim_user,normal_dataloader_stall,gpu:1,normal_dataloader_stall
102.5,2026-01-01 00:01:42.500000+00:00,,syn-normal-dataloader-104,syn-normal-dataloader-104,,,,,0,10.0,180.63785031249085,89.37665166468618,56.06205901949215,2447.2111045402257,52.19630358336278,4347.668244079523,100.0,100.0,True,,synthetic_normal_dataloader_stall,sim_user,normal_dataloader_stall,gpu:1,normal_dataloader_stall
102.6,2026-01-01 00:01:42.600000+00:00,,syn-normal-dataloader-104,syn-normal-dataloader-104,,,,,0,10.0,182.23424945665542,94.23873460646536,50.10569353429213,2520.0,53.728671361182364,4132.949560713571,100.0,100.0,True,,synthetic_normal_dataloader_stall,sim_user,normal_dataloader_stall,gpu:1,normal_dataloader_stall
102.7,2026-01-01 00:01:42.700000+00:00,,syn-normal-dataloader-104,syn-normal-dataloader-104,,,,,0,10.0,176.83173514572235,90.25866153752158,49.92228246636564,2424.977269427787,52.41930546801676,3821.7004418488486,100.0,100.0,True,,synthetic_normal_dataloader_stall,sim_user,normal_dataloader_stall,gpu:1,normal_dataloader_stall
102.8,2026-01-01 00:01:42.800000+00:00,,syn-normal-dataloader-104,syn-normal-dataloader-104,,,,,0,10.0,176.20677293991326,90.64339613696797,51.86328260673445,2476.717382558393,52.60653771764446,4246.882623375468,100.0,100.0,True,,synthetic_normal_dataloader_stall,sim_user,normal_dataloader_stall,gpu:1,normal_dataloader_stall
102.9,2026-01-01 00:01:42.900000+00:00,,syn-normal-dataloader-104,syn-normal-dataloader-104,,,,,0,10.0,170.91571139231934,87.70361946998962,52.91172255658782,2408.8987186514796,51.96342624179376,4031.886716216949,100.0,100.0,True,,synthetic_normal_dataloader_stall,sim_user,normal_dataloader_stall,gpu:1,normal_dataloader_stall
103.0,2026-01-01 00:01:43+00:00,,syn-normal-dataloader-104,syn-normal-dataloader-104,,,,,0,10.0,167.74958449884556,82.90011732928807,37.63010942056835,2242.5344210505427,50.71173694873014,2950.9281857270894,100.0,100.0,True,,synthetic_normal_dataloader_stall,sim_user,normal_dataloader_stall,gpu:1,normal_dataloader_stall
103.1,2026-01-01 00:01:43.100000+00:00,,syn-normal-dataloader-104,syn-normal-dataloader-104,,,,,0,10.0,174.74273221793916,86.25384367943137,49.48599124181411,2361.3302145300477,51.55318040134337,4006.8771231959786,100.0,100.0,True,,synthetic_normal_dataloader_stall,sim_user,normal_dataloader_stall,gpu:1,normal_dataloader_stall
103.2,2026-01-01 00:01:43.200000+00:00,,syn-normal-dataloader-104,syn-normal-dataloader-104,,,,,0,10.0,173.44519916067384,87.86059041720469,41.368251407752616,2451.382270679532,52.10743586612576,3350.555583899832,100.0,100.0,True,,synthetic_normal_dataloader_stall,sim_user,normal_dataloader_stall,gpu:1,normal_dataloader_stall
103.3,2026-01-01 00:01:43.300000+00:00,,syn-normal-dataloader-104,syn-normal-dataloader-104,,,,,0,10.0,169.2507030385806,83.04609214195989,49.82660726549006,2220.093177939668,50.83214900686711,4011.999758769945,100.0,100.0,True,,synthetic_normal_dataloader_stall,sim_user,normal_dataloader_stall,gpu:1,normal_dataloader_stall
103.4,2026-01-01 00:01:43.400000+00:00,,syn-normal-dataloader-104,syn-normal-dataloader-104,,,,,0,10.0,174.44730698471434,87.65917083923867,47.616614285310554,2394.710990085329,52.01058343926969,3669.9847259717712,100.0,100.0,True,,synthetic_normal_dataloader_stall,sim_user,normal_dataloader_stall,gpu:1,normal_dataloader_stall
103.5,2026-01-01 00:01:43.500000+00:00,,syn-normal-dataloader-104,syn-normal-dataloader-104,,,,,0,10.0,177.81413457320892,93.45088730577062,52.52704504461516,2520.0,53.589837890113,4141.518439866605,100.0,100.0,True,,synthetic_normal_dataloader_stall,sim_user,normal_dataloader_stall,gpu:1,normal_dataloader_stall
103.6,2026-01-01 00:01:43.600000+00:00,,syn-normal-dataloader-104,syn-normal-dataloader-104,,,,,0,10.0,171.86437859512586,83.70472460641814,43.03450011246086,2264.457307646929,51.17998582544593,3291.072842291605,100.0,100.0,True,,synthetic_normal_dataloader_stall,sim_user,normal_dataloader_stall,gpu:1,normal_dataloader_stall
103.7,2026-01-01 00:01:43.700000+00:00,,syn-normal-dataloader-104,syn-normal-dataloader-104,,,,,0,10.0,176.7371022757415,86.9903205364085,39.88228742693882,2362.640565291562,52.03633903326598,3319.957949438826,100.0,100.0,True,,synthetic_normal_dataloader_stall,sim_user,normal_dataloader_stall,gpu:1,normal_dataloader_stall
103.8,2026-01-01 00:01:43.800000+00:00,,syn-normal-dataloader-104,syn-normal-dataloader-104,,,,,0,10.0,178.94516855207948,92.18263335089682,52.19727743148319,2513.333014559699,53.19059178971373,4101.375150722307,100.0,100.0,True,,synthetic_normal_dataloader_stall,sim_user,normal_dataloader_stall,gpu:1,normal_dataloader_stall
103.9,2026-01-01 00:01:43.900000+00:00,,syn-normal-dataloader-104,syn-normal-dataloader-104,,,,,0,10.0,174.9006781687728,90.16898568639641,58.01469114221412,2493.0197964550216,52.58047693222314,4448.557729883368,100.0,100.0,True,,synthetic_normal_dataloader_stall,sim_user,normal_dataloader_stall,gpu:1,normal_dataloader_stall
104.0,2026-01-01 00:01:44+00:00,,syn-normal-dataloader-104,syn-normal-dataloader-104,,,,,0,10.0,172.354844422628,86.2902051339232,53.5406928218143,2354.4874024826045,51.54945912984331,4124.725410295537,100.0,100.0,True,,synthetic_normal_dataloader_stall,sim_user,normal_dataloader_stall,gpu:1,normal_dataloader_stall
104.1,2026-01-01 00:01:44.100000+00:00,,syn-normal-dataloader-104,syn-normal-dataloader-104,,,,,0,10.0,175.28303919994997,88.95343251615327,41.627903980400184,2430.516757981353,52.55142235723342,3361.2021570115653,100.0,100.0,True,,synthetic_normal_dataloader_stall,sim_user,normal_dataloader_stall,gpu:1,normal_dataloader_stall
104.2,2026-01-01 00:01:44.200000+00:00,,syn-normal-dataloader-104,syn-normal-dataloader-104,,,,,0,10.0,170.0944398692306,84.57580680309418,46.81021850725141,2317.0083714652947,51.35042418981021,3839.3602789881747,100.0,100.0,True,,synthetic_normal_dataloader_stall,sim_user,normal_dataloader_stall,gpu:1,normal_dataloader_stall
104.3,2026-01-01 00:01:44.300000+00:00,,syn-normal-dataloader-104,syn-normal-dataloader-104,,,,,0,10.0,166.30410065020573,82.09013911902635,43.47874343155102,2279.4404141647233,50.778787348318296,3548.7777844384523,100.0,100.0,True,,synthetic_normal_dataloader_stall,sim_user,normal_dataloader_stall,gpu:1,normal_dataloader_stall
104.4,2026-01-01 00:01:44.400000+00:00,,syn-normal-dataloader-104,syn-normal-dataloader-104,,,,,0,10.0,168.59573171213614,84.7827996272046,47.472103600101825,2311.9042105842855,51.47183675799865,3671.647800801985,100.0,100.0,True,,synthetic_normal_dataloader_stall,sim_user,normal_dataloader_stall,gpu:1,normal_dataloader_stall
104.5,2026-01-01 00:01:44.500000+00:00,,syn-normal-dataloader-104,syn-normal-dataloader-104,,,,,0,10.0,166.34950586344758,84.72866912435329,45.129008132961715,2314.427126950027,51.196044455228254,3468.4035771506537,100.0,100.0,True,,synthetic_normal_dataloader_stall,sim_user,normal_dataloader_stall,gpu:1,normal_dataloader_stall
104.6,2026-01-01 00:01:44.600000+00:00,,syn-normal-dataloader-104,syn-normal-dataloader-104,,,,,0,10.0,166.21736328493265,80.1901264669533,48.42214403740734,2216.982810065009,50.115552088158296,3650.3861196096977,100.0,100.0,True,,synthetic_normal_dataloader_stall,sim_user,normal_dataloader_stall,gpu:1,normal_dataloader_stall
104.7,2026-01-01 00:01:44.700000+00:00,,syn-normal-dataloader-104,syn-normal-dataloader-104,,,,,0,10.0,170.86281991205928,82.49848576696367,46.07375825781507,2280.6200809785237,50.757251241837565,3755.9273480936986,100.0,100.0,True,,synthetic_normal_dataloader_stall,sim_user,normal_dataloader_stall,gpu:1,normal_dataloader_stall
104.8,2026-01-01 00:01:44.800000+00:00,,syn-normal-dataloader-104,syn-normal-dataloader-104,,,,,0,10.0,174.80427179727272,88.59126158555404,49.78885961540492,2423.324666778223,52.490956320854835,3860.231093993633,100.0,100.0,True,,synthetic_normal_dataloader_stall,sim_user,normal_dataloader_stall,gpu:1,normal_dataloader_stall
104.9,2026-01-01 00:01:44.900000+00:00,,syn-normal-dataloader-104,syn-normal-dataloader-104,,,,,0,10.0,174.21011996939254,86.57024032578138,48.37632817158109,2388.7893994936994,51.88770892721416,3874.9720439742405,100.0,100.0,True,,synthetic_normal_dataloader_stall,sim_user,normal_dataloader_stall,gpu:1,normal_dataloader_stall
105.0,2026-01-01 00:01:45+00:00,,syn-normal-dataloader-104,syn-normal-dataloader-104,,,,,0,10.0,185.4808171575575,95.83412039918119,51.92297122588919,2520.0,54.38079291306634,3950.1049659003465,100.0,100.0,True,,synthetic_normal_dataloader_stall,sim_user,normal_dataloader_stall,gpu:1,normal_dataloader_stall
105.1,2026-01-01 00:01:45.100000+00:00,,syn-normal-dataloader-104,syn-normal-dataloader-104,,,,,0,10.0,183.2111248190398,93.22998406275565,48.50058445873559,2476.4577078118114,53.77684487314681,3924.3772228176294,100.0,100.0,True,,synthetic_normal_dataloader_stall,sim_user,normal_dataloader_stall,gpu:1,normal_dataloader_stall
105.2,2026-01-01 00:01:45.200000+00:00,,syn-normal-dataloader-104,syn-normal-dataloader-104,,,,,0,10.0,180.94087804190704,91.02269528760259,49.1025701644983,2520.0,52.9608928824814,3778.9645441273774,100.0,100.0,True,,synthetic_normal_dataloader_stall,sim_user,normal_dataloader_stall,gpu:1,normal_dataloader_stall
105.3,2026-01-01 00:01:45.300000+00:00,,syn-normal-dataloader-104,syn-normal-dataloader-104,,,,,0,10.0,177.17989375959388,89.58511394005421,52.43674156952728,2461.7477788853303,52.31816413584772,4203.06837204831,100.0,100.0,True,,synthetic_normal_dataloader_stall,sim_user,normal_dataloader_stall,gpu:1,normal_dataloader_stall
105.4,2026-01-01 00:01:45.400000+00:00,,syn-normal-dataloader-104,syn-normal-dataloader-104,,,,,0,10.0,179.11253548229465,96.9523946404634,57.891907655724026,2520.0,54.38153627587072,4751.216151657016,100.0,100.0,True,,synthetic_normal_dataloader_stall,sim_user,normal_dataloader_stall,gpu:1,normal_dataloader_stall
105.5,2026-01-01 00:01:45.500000+00:00,,syn-normal-dataloader-104,syn-normal-dataloader-104,,,,,0,10.0,174.44263646653607,87.86265876220779,46.85892296688861,2444.735975180997,51.770725383302306,3765.7043840389215,100.0,100.0,True,,synthetic_normal_dataloader_stall,sim_user,normal_dataloader_stall,gpu:1,normal_dataloader_stall
105.6,2026-01-01 00:01:45.600000+00:00,,syn-normal-dataloader-104,syn-normal-dataloader-104,,,,,0,10.0,175.14698759228583,86.99823704123497,50.16490236762471,2405.4517466600428,51.68797980766489,3982.284618498495,100.0,100.0,True,,synthetic_normal_dataloader_stall,sim_user,normal_dataloader_stall,gpu:1,normal_dataloader_stall
105.7,2026-01-01 00:01:45.700000+00:00,,syn-normal-dataloader-104,syn-normal-dataloader-104,,,,,0,10.0,177.64692569836768,86.58811258158178,46.236286848347085,2336.3826424206454,51.63966847391736,3720.96724018817,100.0,100.0,True,,synthetic_normal_dataloader_stall,sim_user,normal_dataloader_stall,gpu:1,normal_dataloader_stall
105.8,2026-01-01 00:01:45.800000+00:00,,syn-normal-dataloader-104,syn-normal-dataloader-104,,,,,0,10.0,182.2502294061994,93.84014640042531,51.50571315476263,2518.875995935865,53.7965892403888,3956.061756061984,100.0,100.0,True,,synthetic_normal_dataloader_stall,sim_user,normal_dataloader_stall,gpu:1,normal_dataloader_stall
105.9,2026-01-01 00:01:45.900000+00:00,,syn-normal-dataloader-104,syn-normal-dataloader-104,,,,,0,10.0,181.23425122308626,95.08052411365101,55.605711193710064,2520.0,54.16040410391342,4332.810592605376,100.0,100.0,True,,synthetic_normal_dataloader_stall,sim_user,normal_dataloader_stall,gpu:1,normal_dataloader_stall
106.0,2026-01-01 00:01:46+00:00,,syn-normal-dataloader-104,syn-normal-dataloader-104,,,,,0,10.0,175.81649447720713,89.13605729439755,49.504576320245356,2412.3323911896323,52.51050413843941,3830.4578695695786,100.0,100.0,True,,synthetic_normal_dataloader_stall,sim_user,normal_dataloader_stall,gpu:1,normal_dataloader_stall
106.1,2026-01-01 00:01:46.100000+00:00,,syn-normal-dataloader-104,syn-normal-dataloader-104,,,,,0,10.0,176.51049005889627,89.4626346310317,45.45362471320755,2477.973834980552,52.770586293148696,3523.6073035585327,100.0,100.0,True,,synthetic_normal_dataloader_stall,sim_user,normal_dataloader_stall,gpu:1,normal_dataloader_stall
106.2,2026-01-01 00:01:46.200000+00:00,,syn-normal-dataloader-104,syn-normal-dataloader-104,,,,,0,10.0,177.2479057296146,89.4235189722336,50.05753547723923,2391.980345656809,52.97307491541272,4038.77498022042,100.0,100.0,True,,synthetic_normal_dataloader_stall,sim_user,normal_dataloader_stall,gpu:1,normal_dataloader_stall
106.3,2026-01-01 00:01:46.300000+00:00,,syn-normal-dataloader-104,syn-normal-dataloader-104,,,,,0,10.0,47.53840690810329,14.34423526488752,6.844345218774867,631.2253169129563,32.12184968174829,868.8013436604873,100.0,100.0,True,,synthetic_normal_dataloader_stall,sim_user,normal_dataloader_stall,gpu:1,normal_dataloader_stall
106.4,2026-01-01 00:01:46.400000+00:00,,syn-normal-dataloader-104,syn-normal-dataloader-104,,,,,0,10.0,47.15256134658242,13.018778475641396,0.0,580.8143431760916,31.76430750702178,553.9889423113505,100.0,100.0,True,,synthetic_normal_dataloader_stall,sim_user,normal_dataloader_stall,gpu:1,normal_dataloader_stall
106.5,2026-01-01 00:01:46.500000+00:00,,syn-normal-dataloader-104,syn-normal-dataloader-104,,,,,0,10.0,35.83988229060793,7.699750832880582,8.374369535103309,358.8406892450297,29.880647144155244,941.7935304445513,100.0,100.0,True,,synthetic_normal_dataloader_stall,sim_user,normal_dataloader_stall,gpu:1,normal_dataloader_stall
106.6,2026-01-01 00:01:46.600000+00:00,,syn-normal-dataloader-104,syn-normal-dataloader-104,,,,,0,10.0,46.64813836785728,13.973031482192544,8.716250192559183,511.7656414234594,31.708484265924785,962.9804414784268,100.0,100.0,True,,synthetic_normal_dataloader_stall,sim_user,normal_dataloader_stall,gpu:1,normal_dataloader_stall
106.7,2026-01-01 00:01:46.700000+00:00,,syn-normal-dataloader-104,syn-normal-dataloader-104,,,,,0,10.0,30.617709517752253,4.1997568232670925,0.0,318.16894571455674,28.890932923261946,475.32914526358576,100.0,100.0,True,,synthetic_normal_dataloader_stall,sim_user,normal_dataloader_stall,gpu:1,normal_dataloader_stall
106.8,2026-01-01 00:01:46.800000+00:00,,syn-normal-dataloader-104,syn-normal-dataloader-104,,,,,0,10.0,35.2254832333184,10.124915581280291,4.001392522429292,457.57415252580137,30.558222666393565,767.7962694320922,100.0,100.0,True,,synthetic_normal_dataloader_stall,sim_user,normal_dataloader_stall,gpu:1,normal_dataloader_stall
106.9,2026-01-01 00:01:46.900000+00:00,,syn-normal-dataloader-104,syn-normal-dataloader-104,,,,,0,10.0,46.0726831691472,11.84167792399354,11.13746750312893,538.8148524689024,30.855980664285894,1322.7776588642234,100.0,100.0,True,,synthetic_normal_dataloader_stall,sim_user,normal_dataloader_stall,gpu:1,normal_dataloader_stall
107.0,2026-01-01 00:01:47+00:00,,syn-normal-dataloader-104,syn-normal-dataloader-104,,,,,0,10.0,50.199541269278704,14.719526269048899,8.491146481126878,583.367634606413,31.29147906684105,1005.1306724317839,100.0,100.0,True,,synthetic_normal_dataloader_stall,sim_user,normal_dataloader_stall,gpu:1,normal_dataloader_stall
107.1,2026-01-01 00:01:47.100000+00:00,,syn-normal-dataloader-104,syn-normal-dataloader-104,,,,,0,10.0,36.12394992601099,5.425684613754049,0.0,384.9717618829373,28.754466801556635,615.2611290634457,100.0,100.0,True,,synthetic_normal_dataloader_stall,sim_user,normal_dataloader_stall,gpu:1,normal_dataloader_stall
107.2,2026-01-01 00:01:47.200000+00:00,,syn-normal-dataloader-104,syn-normal-dataloader-104,,,,,0,10.0,51.23978859064924,15.523881732002373,6.535888566293119,568.3633971044941,31.339678920736617,837.5287821850706,100.0,100.0,True,,synthetic_normal_dataloader_stall,sim_user,normal_dataloader_stall,gpu:1,normal_dataloader_stall
107.3,2026-01-01 00:01:47.300000+00:00,,syn-normal-dataloader-104,syn-normal-dataloader-104,,,,,0,10.0,42.58356594701158,11.090517918281835,14.031305428286352,513.374237120751,29.98967811872668,1384.3356643718068,100.0,100.0,True,,synthetic_normal_dataloader_stall,sim_user,normal_dataloader_stall,gpu:1,normal_dataloader_stall
107.4,2026-01-01 00:01:47.400000+00:00,,syn-normal-dataloader-104,syn-normal-dataloader-104,,,,,0,10.0,35.45814786980927,10.161003714363556,8.238028212669722,461.5378808366682,30.02627800680788,880.8165737626488,100.0,100.0,True,,synthetic_normal_dataloader_stall,sim_user,normal_dataloader_stall,gpu:1,normal_dataloader_stall
107.5,2026-01-01 00:01:47.500000+00:00,,syn-normal-dataloader-104,syn-normal-dataloader-104,,,,,0,10.0,47.083785046057685,13.028338353239231,2.6202528498311546,439.9472992263726,30.567183254263497,729.2591110919981,100.0,100.0,True,,synthetic_normal_dataloader_stall,sim_user,normal_dataloader_stall,gpu:1,normal_dataloader_stall
107.6,2026-01-01 00:01:47.600000+00:00,,syn-normal-dataloader-104,syn-normal-dataloader-104,,,,,0,10.0,48.22694532690273,13.706672849314822,5.034666733485675,496.01651045499136,30.702533899115867,795.9517849292379,100.0,100.0,True,,synthetic_normal_dataloader_stall,sim_user,normal_dataloader_stall,gpu:1,normal_dataloader_stall
107.7,2026-01-01 00:01:47.700000+00:00,,syn-normal-dataloader-104,syn-normal-dataloader-104,,,,,0,10.0,42.54474842151563,11.038043492899597,2.9353565064971887,471.1450664372441,29.70933554795701,826.3321455389438,100.0,100.0,True,,synthetic_normal_dataloader_stall,sim_user,normal_dataloader_stall,gpu:1,normal_dataloader_stall
107.8,2026-01-01 00:01:47.800000+00:00,,syn-normal-dataloader-104,syn-normal-dataloader-104,,,,,0,10.0,44.79132262090114,10.30009619763964,5.6013178395344,492.70575382042637,29.8088912139228,1048.7250153687296,100.0,100.0,True,,synthetic_normal_dataloader_stall,sim_user,normal_dataloader_stall,gpu:1,normal_dataloader_stall
107.9,2026-01-01 00:01:47.900000+00:00,,syn-normal-dataloader-104,syn-normal-dataloader-104,,,,,0,10.0,60.028021301637885,20.767063038468528,8.447842366181916,715.3674123366604,33.08244174604081,1072.892492703355,100.0,100.0,True,,synthetic_normal_dataloader_stall,sim_user,normal_dataloader_stall,gpu:1,normal_dataloader_stall
108.0,2026-01-01 00:01:48+00:00,,syn-normal-dataloader-104,syn-normal-dataloader-104,,,,,0,10.0,39.91656928622176,5.1886577070470175,5.45650421928049,308.5556236213639,28.600504890448754,922.009284865508,100.0,100.0,True,,synthetic_normal_dataloader_stall,sim_user,normal_dataloader_stall,gpu:1,normal_dataloader_stall
108.1,2026-01-01 00:01:48.100000+00:00,,syn-normal-dataloader-104,syn-normal-dataloader-104,,,,,0,10.0,36.08605915906489,8.348924824039031,7.942794778274924,431.8141867902698,29.82484024079016,870.7562522053393,100.0,100.0,True,,synthetic_normal_dataloader_stall,sim_user,normal_dataloader_stall,gpu:1,normal_dataloader_stall
108.2,2026-01-01 00:01:48.200000+00:00,,syn-normal-dataloader-104,syn-normal-dataloader-104,,,,,0,10.0,42.13371909860747,11.946382391417952,4.034652411854419,485.72430262091,30.987523967663787,543.7417824802596,100.0,100.0,True,,synthetic_normal_dataloader_stall,sim_user,normal_dataloader_stall,gpu:1,normal_dataloader_stall
108.3,2026-01-01 00:01:48.300000+00:00,,syn-normal-dataloader-104,syn-normal-dataloader-104,,,,,0,10.0,47.68926356967782,15.355234011177798,12.733116186321737,599.7771466995165,32.32679616058366,1165.4411565275177,100.0,100.0,True,,synthetic_normal_dataloader_stall,sim_user,normal_dataloader_stall,gpu:1,normal_dataloader_stall
108.4,2026-01-01 00:01:48.400000+00:00,,syn-normal-dataloader-104,syn-normal-dataloader-104,,,,,0,10.0,44.191550841603934,15.090460087325239,4.201042951505972,577.2431259241278,32.558840884673614,827.3286035183268,100.0,100.0,True,,synthetic_normal_dataloader_stall,sim_user,normal_dataloader_stall,gpu:1,normal_dataloader_stall
108.5,2026-01-01 00:01:48.500000+00:00,,syn-normal-dataloader-104,syn-normal-dataloader-104,,,,,0,10.0,51.624794315971045,17.56244405217311,11.967068584015308,754.751292581999,33.43431896699761,1221.5122326490537,100.0,100.0,True,,synthetic_normal_dataloader_stall,sim_user,normal_dataloader_stall,gpu:1,normal_dataloader_stall
108.6,2026-01-01 00:01:48.600000+00:00,,syn-normal-dataloader-104,syn-normal-dataloader-104,,,,,0,10.0,47.29093198970118,16.13623550150424,11.039266460485244,613.7587360379596,33.27186326293622,1265.7197190946288,100.0,100.0,True,,synthetic_normal_dataloader_stall,sim_user,normal_dataloader_stall,gpu:1,normal_dataloader_stall
108.7,2026-01-01 00:01:48.700000+00:00,,syn-normal-dataloader-104,syn-normal-dataloader-104,,,,,0,10.0,47.553417231431396,15.264736799496749,13.130293254203036,624.4252983827532,32.85051279815303,1489.8323828353998,100.0,100.0,True,,synthetic_normal_dataloader_stall,sim_user,normal_dataloader_stall,gpu:1,normal_dataloader_stall
108.8,2026-01-01 00:01:48.800000+00:00,,syn-normal-dataloader-104,syn-normal-dataloader-104,,,,,0,10.0,38.784827281404034,9.03246224236656,0.10013405944769094,443.966584949944,31.08299901549483,644.3294003994885,100.0,100.0,True,,synthetic_normal_dataloader_stall,sim_user,normal_dataloader_stall,gpu:1,normal_dataloader_stall
108.9,2026-01-01 00:01:48.900000+00:00,,syn-normal-dataloader-104,syn-normal-dataloader-104,,,,,0,10.0,173.45515931102452,88.27334003543997,47.07646865857051,2422.5886242035676,53.32381450353493,3724.0012735002206,100.0,100.0,True,,synthetic_normal_dataloader_stall,sim_user,normal_dataloader_stall,gpu:1,normal_dataloader_stall
109.0,2026-01-01 00:01:49+00:00,,syn-normal-dataloader-104,syn-normal-dataloader-104,,,,,0,10.0,170.08481433925974,86.99414126060374,48.02948711617659,2379.349944152764,52.78413345803035,3971.8407778716773,100.0,100.0,True,,synthetic_normal_dataloader_stall,sim_user,normal_dataloader_stall,gpu:1,normal_dataloader_stall
109.1,2026-01-01 00:01:49.100000+00:00,,syn-normal-dataloader-104,syn-normal-dataloader-104,,,,,0,10.0,163.87630668973034,83.21799626191219,42.655669043852136,2327.6875226823554,52.00624900977892,3453.341391849288,100.0,100.0,True,,synthetic_normal_dataloader_stall,sim_user,normal_dataloader_stall,gpu:1,normal_dataloader_stall
109.2,2026-01-01 00:01:49.200000+00:00,,syn-normal-dataloader-104,syn-normal-dataloader-104,,,,,0,10.0,159.683044550261,76.64460053981033,49.75351896460567,2099.9755983167124,49.90242284133163,3798.5364290806365,100.0,100.0,True,,synthetic_normal_dataloader_stall,sim_user,normal_dataloader_stall,gpu:1,normal_dataloader_stall
109.3,2026-01-01 00:01:49.300000+00:00,,syn-normal-dataloader-104,syn-normal-dataloader-104,,,,,0,10.0,161.04451168447258,77.96796815859926,38.90097620655231,2100.8168054602265,50.362928401034594,3068.6055380547336,100.0,100.0,True,,synthetic_normal_dataloader_stall,sim_user,normal_dataloader_stall,gpu:1,normal_dataloader_stall
109.4,2026-01-01 00:01:49.400000+00:00,,syn-normal-dataloader-104,syn-normal-dataloader-104,,,,,0,10.0,160.77527473198316,78.60756481326818,37.45788266625763,2212.141636613611,50.30346117331636,2967.6954788832522,100.0,100.0,True,,synthetic_normal_dataloader_stall,sim_user,normal_dataloader_stall,gpu:1,normal_dataloader_stall
109.5,2026-01-01 00:01:49.500000+00:00,,syn-normal-dataloader-104,syn-normal-dataloader-104,,,,,0,10.0,162.49722486160107,78.41571049771802,48.93618424411026,2181.6904708033826,50.007672660533075,3788.4348877068755,100.0,100.0,True,,synthetic_normal_dataloader_stall,sim_user,normal_dataloader_stall,gpu:1,normal_dataloader_stall
109.6,2026-01-01 00:01:49.600000+00:00,,syn-normal-dataloader-104,syn-normal-dataloader-104,,,,,0,10.0,169.82226962102018,83.90141392095501,43.97318188846931,2285.559280899872,51.7081343658636,3629.658262372456,100.0,100.0,True,,synthetic_normal_dataloader_stall,sim_user,normal_dataloader_stall,gpu:1,normal_dataloader_stall
109.7,2026-01-01 00:01:49.700000+00:00,,syn-normal-dataloader-104,syn-normal-dataloader-104,,,,,0,10.0,176.00054804853505,87.09945973116588,46.22268878085503,2412.6241387856066,52.51173537005287,3603.536307536351,100.0,100.0,True,,synthetic_normal_dataloader_stall,sim_user,normal_dataloader_stall,gpu:1,normal_dataloader_stall
109.8,2026-01-01 00:01:49.800000+00:00,,syn-normal-dataloader-104,syn-normal-dataloader-104,,,,,0,10.0,183.46882455694603,90.9087267516916,52.712045865092065,2492.340282148346,53.622493076086734,4168.209920794007,100.0,100.0,True,,synthetic_normal_dataloader_stall,sim_user,normal_dataloader_stall,gpu:1,normal_dataloader_stall
109.9,2026-01-01 00:01:49.900000+00:00,,syn-normal-dataloader-104,syn-normal-dataloader-104,,,,,0,10.0,191.10027983434225,97.49840053474132,49.395423161216286,2520.0,55.498943612146284,3839.4154813056484,100.0,100.0,True,,synthetic_normal_dataloader_stall,sim_user,normal_dataloader_stall,gpu:1,normal_dataloader_stall
110.0,2026-01-01 00:01:50+00:00,,syn-normal-dataloader-104,syn-normal-dataloader-104,,,,,0,10.0,183.83872974576786,95.78578302058823,50.161352135349475,2520.0,54.452882575425875,4157.251450004666,100.0,100.0,True,,synthetic_normal_dataloader_stall,sim_user,normal_dataloader_stall,gpu:1,normal_dataloader_stall
110.1,2026-01-01 00:01:50.100000+00:00,,syn-normal-dataloader-104,syn-normal-dataloader-104,,,,,0,10.0,185.66417272624528,97.28921142319571,52.19547983975,2520.0,54.806528445238,3953.659429567659,100.0,100.0,True,,synthetic_normal_dataloader_stall,sim_user,normal_dataloader_stall,gpu:1,normal_dataloader_stall
110.2,2026-01-01 00:01:50.200000+00:00,,syn-normal-dataloader-104,syn-normal-dataloader-104,,,,,0,10.0,37.89132787847831,11.271933671602063,9.504061456966976,470.13547506426863,30.827362431520093,1034.1557065239092,100.0,100.0,True,,synthetic_normal_dataloader_stall,sim_user,normal_dataloader_stall,gpu:1,normal_dataloader_stall
110.3,2026-01-01 00:01:50.300000+00:00,,syn-normal-dataloader-104,syn-normal-dataloader-104,,,,,0,10.0,49.64355359895153,17.696484040107304,12.80639915579469,637.4647916775665,32.654216752055106,1443.7475915376253,100.0,100.0,True,,synthetic_normal_dataloader_stall,sim_user,normal_dataloader_stall,gpu:1,normal_dataloader_stall
110.4,2026-01-01 00:01:50.400000+00:00,,syn-normal-dataloader-104,syn-normal-dataloader-104,,,,,0,10.0,47.056155943275805,8.37853496278662,1.0038623750652893,446.51563605964213,29.9763759341542,512.0081884342407,100.0,100.0,True,,synthetic_normal_dataloader_stall,sim_user,normal_dataloader_stall,gpu:1,normal_dataloader_stall
110.5,2026-01-01 00:01:50.500000+00:00,,syn-normal-dataloader-104,syn-normal-dataloader-104,,,,,0,10.0,42.137545041679246,14.094744023417435,6.535342250747037,592.5082038218355,31.283963803654746,1010.0416685615879,100.0,100.0,True,,synthetic_normal_dataloader_stall,sim_user,normal_dataloader_stall,gpu:1,normal_dataloader_stall
110.6,2026-01-01 00:01:50.600000+00:00,,syn-normal-dataloader-104,syn-normal-dataloader-104,,,,,0,10.0,47.595049283023826,14.298614047969396,5.028209255422107,567.8087868127584,31.50101809872833,834.8479896838523,100.0,100.0,True,,synthetic_normal_dataloader_stall,sim_user,normal_dataloader_stall,gpu:1,normal_dataloader_stall
110.7,2026-01-01 00:01:50.700000+00:00,,syn-normal-dataloader-104,syn-normal-dataloader-104,,,,,0,10.0,40.58345914631744,6.615987206806192,6.222844426216112,415.32966498321775,29.346748571694427,1090.3619546187188,100.0,100.0,True,,synthetic_normal_dataloader_stall,sim_user,normal_dataloader_stall,gpu:1,normal_dataloader_stall
110.8,2026-01-01 00:01:50.800000+00:00,,syn-normal-dataloader-104,syn-normal-dataloader-104,,,,,0,10.0,47.1752344796247,11.796167758828092,1.991524857936474,501.2059286494821,30.996541284460193,516.0971152765488,100.0,100.0,True,,synthetic_normal_dataloader_stall,sim_user,normal_dataloader_stall,gpu:1,normal_dataloader_stall
110.9,2026-01-01 00:01:50.900000+00:00,,syn-normal-dataloader-104,syn-normal-dataloader-104,,,,,0,10.0,43.545761690144815,10.340717834540838,7.809281043319489,507.9286512272819,30.93029962422513,1200.5697758177475,100.0,100.0,True,,synthetic_normal_dataloader_stall,sim_user,normal_dataloader_stall,gpu:1,normal_dataloader_stall
111.0,2026-01-01 00:01:51+00:00,,syn-normal-dataloader-104,syn-normal-dataloader-104,,,,,0,10.0,68.62695956175946,24.352848882183803,14.651281460620368,869.8052846549364,34.86893849771317,1383.636957669271,100.0,100.0,True,,synthetic_normal_dataloader_stall,sim_user,normal_dataloader_stall,gpu:1,normal_dataloader_stall
111.1,2026-01-01 00:01:51.100000+00:00,,syn-normal-dataloader-104,syn-normal-dataloader-104,,,,,0,10.0,35.373849656227506,8.690845718147639,9.741308963530482,444.15926049586403,30.210977716909532,1206.8563674900108,100.0,100.0,True,,synthetic_normal_dataloader_stall,sim_user,normal_dataloader_stall,gpu:1,normal_dataloader_stall
111.2,2026-01-01 00:01:51.200000+00:00,,syn-normal-dataloader-104,syn-normal-dataloader-104,,,,,0,10.0,49.15396160956442,14.1565997529638,12.072827969977308,545.5132229316525,31.757188898097642,1165.4153429341488,100.0,100.0,True,,synthetic_normal_dataloader_stall,sim_user,normal_dataloader_stall,gpu:1,normal_dataloader_stall
111.3,2026-01-01 00:01:51.300000+00:00,,syn-normal-dataloader-104,syn-normal-dataloader-104,,,,,0,10.0,41.718536086284104,14.291624159949764,10.171596309574342,563.4206725036383,32.17290104390464,1150.5428790683964,100.0,100.0,True,,synthetic_normal_dataloader_stall,sim_user,normal_dataloader_stall,gpu:1,normal_dataloader_stall
111.4,2026-01-01 00:01:51.400000+00:00,,syn-normal-dataloader-104,syn-normal-dataloader-104,,,,,0,10.0,58.021202503624224,23.242230513537706,10.326578963186078,778.0462928373191,34.886980165075244,1092.3221208138068,100.0,100.0,True,,synthetic_normal_dataloader_stall,sim_user,normal_dataloader_stall,gpu:1,normal_dataloader_stall
111.5,2026-01-01 00:01:51.500000+00:00,,syn-normal-dataloader-104,syn-normal-dataloader-104,,,,,0,10.0,54.323322436518204,14.139770076953107,0.0,557.2646978987631,32.371545331341316,451.17407108876387,100.0,100.0,True,,synthetic_normal_dataloader_stall,sim_user,normal_dataloader_stall,gpu:1,normal_dataloader_stall
111.6,2026-01-01 00:01:51.600000+00:00,,syn-normal-dataloader-104,syn-normal-dataloader-104,,,,,0,10.0,46.5388032336313,12.13742823366651,10.223292063340285,487.66094998724014,31.661058254157037,1202.1793090642966,100.0,100.0,True,,synthetic_normal_dataloader_stall,sim_user,normal_dataloader_stall,gpu:1,normal_dataloader_stall
111.7,2026-01-01 00:01:51.700000+00:00,,syn-normal-dataloader-104,syn-normal-dataloader-104,,,,,0,10.0,53.19090936243262,18.833005995772034,12.544510009556436,687.9978632823512,33.46941903742854,1361.065190770291,100.0,100.0,True,,synthetic_normal_dataloader_stall,sim_user,normal_dataloader_stall,gpu:1,normal_dataloader_stall
111.8,2026-01-01 00:01:51.800000+00:00,,syn-normal-dataloader-104,syn-normal-dataloader-104,,,,,0,10.0,38.399135027266624,9.2357255770245,2.6202447855618,385.5277245777013,30.553447828188286,748.0703716187103,100.0,100.0,True,,synthetic_normal_dataloader_stall,sim_user,normal_dataloader_stall,gpu:1,normal_dataloader_stall
111.9,2026-01-01 00:01:51.900000+00:00,,syn-normal-dataloader-104,syn-normal-dataloader-104,,,,,0,10.0,43.06888981587067,11.009073898053332,2.622726608248977,436.5272826803482,31.143138596061604,474.5409588191043,100.0,100.0,True,,synthetic_normal_dataloader_stall,sim_user,normal_dataloader_stall,gpu:1,normal_dataloader_stall
112.0,2026-01-01 00:01:52+00:00,,syn-normal-dataloader-104,syn-normal-dataloader-104,,,,,0,10.0,54.126564654582886,17.47589752745494,10.94432340518152,641.9632072304419,32.840244898155944,1298.306946771604,100.0,100.0,True,,synthetic_normal_dataloader_stall,sim_user,normal_dataloader_stall,gpu:1,normal_dataloader_stall
112.1,2026-01-01 00:01:52.100000+00:00,,syn-normal-dataloader-104,syn-normal-dataloader-104,,,,,0,10.0,37.527840380698414,7.03892050105409,3.6964840629074613,382.17049809583375,30.282388721866926,737.9100370082288,100.0,100.0,True,,synthetic_normal_dataloader_stall,sim_user,normal_dataloader_stall,gpu:1,normal_dataloader_stall
112.2,2026-01-01 00:01:52.200000+00:00,,syn-normal-dataloader-104,syn-normal-dataloader-104,,,,,0,10.0,52.023266930523995,15.145508250496759,5.828117915560021,533.4118996734077,32.653002626457535,960.0516529689227,100.0,100.0,True,,synthetic_normal_dataloader_stall,sim_user,normal_dataloader_stall,gpu:1,normal_dataloader_stall
112.3,2026-01-01 00:01:52.300000+00:00,,syn-normal-dataloader-104,syn-normal-dataloader-104,,,,,0,10.0,52.566576557999426,17.93338250361508,7.882589506830066,662.7148170576481,33.53359739965801,1010.800091798889,100.0,100.0,True,,synthetic_normal_dataloader_stall,sim_user,normal_dataloader_stall,gpu:1,normal_dataloader_stall
112.4,2026-01-01 00:01:52.400000+00:00,,syn-normal-dataloader-104,syn-normal-dataloader-104,,,,,0,10.0,167.41707736693724,83.94636026436753,40.747366487951695,2316.7840982356615,51.80714734510431,3179.1685467622883,100.0,100.0,True,,synthetic_normal_dataloader_stall,sim_user,normal_dataloader_stall,gpu:1,normal_dataloader_stall
112.5,2026-01-01 00:01:52.500000+00:00,,syn-normal-dataloader-104,syn-normal-dataloader-104,,,,,0,10.0,159.37469787946569,77.53304864624124,39.45180072182955,2154.16401657796,50.29659465099347,3003.2523861792356,100.0,100.0,True,,synthetic_normal_dataloader_stall,sim_user,normal_dataloader_stall,gpu:1,normal_dataloader_stall
112.6,2026-01-01 00:01:52.600000+00:00,,syn-normal-dataloader-104,syn-normal-dataloader-104,,,,,0,10.0,162.1931433128888,77.06856683472613,41.980313331965306,2108.8847864533395,50.39048989873053,3273.3986514710073,100.0,100.0,True,,synthetic_normal_dataloader_stall,sim_user,normal_dataloader_stall,gpu:1,normal_dataloader_stall
112.7,2026-01-01 00:01:52.700000+00:00,,syn-normal-dataloader-104,syn-normal-dataloader-104,,,,,0,10.0,164.07585884277498,82.51670197940354,41.038902743279436,2284.8219371362,52.061054476291204,3333.0710771259833,100.0,100.0,True,,synthetic_normal_dataloader_stall,sim_user,normal_dataloader_stall,gpu:1,normal_dataloader_stall
112.8,2026-01-01 00:01:52.800000+00:00,,syn-normal-dataloader-104,syn-normal-dataloader-104,,,,,0,10.0,163.56635883843123,81.26966991440635,39.54808386151686,2243.0924217442885,51.85003159131418,3186.476508428357,100.0,100.0,True,,synthetic_normal_dataloader_stall,sim_user,normal_dataloader_stall,gpu:1,normal_dataloader_stall
112.9,2026-01-01 00:01:52.900000+00:00,,syn-normal-dataloader-104,syn-normal-dataloader-104,,,,,0,10.0,163.50532800980346,76.29604699452517,37.143881157322255,2097.203593354516,50.6132981534863,3266.137207480462,100.0,100.0,True,,synthetic_normal_dataloader_stall,sim_user,normal_dataloader_stall,gpu:1,normal_dataloader_stall
113.0,2026-01-01 00:01:53+00:00,,syn-normal-dataloader-104,syn-normal-dataloader-104,,,,,0,10.0,174.75776777591744,88.41249858610564,47.41264953455006,2404.7739358761664,53.72785673332769,3694.765246948947,100.0,100.0,True,,synthetic_normal_dataloader_stall,sim_user,normal_dataloader_stall,gpu:1,normal_dataloader_stall
113.1,2026-01-01 00:01:53.100000+00:00,,syn-normal-dataloader-104,syn-normal-dataloader-104,,,,,0,10.0,170.74807221420681,83.32911718217876,46.131212221128806,2216.373571616381,52.28760723303308,3599.889186755792,100.0,100.0,True,,synthetic_normal_dataloader_stall,sim_user,normal_dataloader_stall,gpu:1,normal_dataloader_stall
113.2,2026-01-01 00:01:53.200000+00:00,,syn-normal-dataloader-104,syn-normal-dataloader-104,,,,,0,10.0,38.73242252008797,8.839795655140055,6.755843499955109,425.629762865777,31.431945113689334,711.5935892450714,100.0,100.0,True,,synthetic_normal_dataloader_stall,sim_user,normal_dataloader_stall,gpu:1,normal_dataloader_stall
113.3,2026-01-01 00:01:53.300000+00:00,,syn-normal-dataloader-104,syn-normal-dataloader-104,,,,,0,10.0,48.323306746052616,13.801380757873522,7.567629810206864,533.0325427497027,32.95292350985674,735.0062213563053,100.0,100.0,True,,synthetic_normal_dataloader_stall,sim_user,normal_dataloader_stall,gpu:1,normal_dataloader_stall
113.4,2026-01-01 00:01:53.400000+00:00,,syn-normal-dataloader-104,syn-normal-dataloader-104,,,,,0,10.0,46.11052056633448,15.111100196914482,9.692821746569662,569.206160205096,33.090252170388844,1222.622673801246,100.0,100.0,True,,synthetic_normal_dataloader_stall,sim_user,normal_dataloader_stall,gpu:1,normal_dataloader_stall
113.5,2026-01-01 00:01:53.500000+00:00,,syn-normal-dataloader-104,syn-normal-dataloader-104,,,,,0,10.0,49.4415041859951,12.4180270616576,13.864362085028688,552.5942126896837,31.89762762684921,1359.139441311786,100.0,100.0,True,,synthetic_normal_dataloader_stall,sim_user,normal_dataloader_stall,gpu:1,normal_dataloader_stall
113.6,2026-01-01 00:01:53.600000+00:00,,syn-normal-dataloader-104,syn-normal-dataloader-104,,,,,0,10.0,55.444004939667835,21.55416698994209,17.388209734075932,736.2544992034569,34.49539684199055,1483.9737235957682,100.0,100.0,True,,synthetic_normal_dataloader_stall,sim_user,normal_dataloader_stall,gpu:1,normal_dataloader_stall
113.7,2026-01-01 00:01:53.700000+00:00,,syn-normal-dataloader-104,syn-normal-dataloader-104,,,,,0,10.0,46.976330185213186,13.669980128518304,7.753971891602358,493.4077178357335,31.986006225740958,927.2175076426132,100.0,100.0,True,,synthetic_normal_dataloader_stall,sim_user,normal_dataloader_stall,gpu:1,normal_dataloader_stall
113.8,2026-01-01 00:01:53.800000+00:00,,syn-normal-dataloader-104,syn-normal-dataloader-104,,,,,0,10.0,41.09526196799676,14.131592448270727,2.6228475527916038,539.266100755536,32.15258312694937,413.77843608878845,100.0,100.0,True,,synthetic_normal_dataloader_stall,sim_user,normal_dataloader_stall,gpu:1,normal_dataloader_stall
113.9,2026-01-01 00:01:53.900000+00:00,,syn-normal-dataloader-104,syn-normal-dataloader-104,,,,,0,10.0,46.6831547562319,14.194890748449733,3.94176942076551,588.9599973066798,32.19363182114432,759.3024305043161,100.0,100.0,True,,synthetic_normal_dataloader_stall,sim_user,normal_dataloader_stall,gpu:1,normal_dataloader_stall
114.0,2026-01-01 00:01:54+00:00,,syn-normal-dataloader-104,syn-normal-dataloader-104,,,,,0,10.0,50.116453733528836,15.528568536121387,5.52055748851855,563.9528439268893,32.19158351523703,829.946494095392,100.0,100.0,True,,synthetic_normal_dataloader_stall,sim_user,normal_dataloader_stall,gpu:1,normal_dataloader_stall
114.1,2026-01-01 00:01:54.100000+00:00,,syn-normal-dataloader-104,syn-normal-dataloader-104,,,,,0,10.0,53.468394075025785,15.567072797400417,2.6000794046508826,604.2208126113158,32.032776382921774,646.7073671623237,100.0,100.0,True,,synthetic_normal_dataloader_stall,sim_user,normal_dataloader_stall,gpu:1,normal_dataloader_stall
114.2,2026-01-01 00:01:54.200000+00:00,,syn-normal-dataloader-104,syn-normal-dataloader-104,,,,,0,10.0,44.54296117298926,15.876695349107889,0.1371997484234786,615.4142635814374,32.239591436117315,468.1683623012504,100.0,100.0,True,,synthetic_normal_dataloader_stall,sim_user,normal_dataloader_stall,gpu:1,normal_dataloader_stall
114.3,2026-01-01 00:01:54.300000+00:00,,syn-normal-dataloader-104,syn-normal-dataloader-104,,,,,0,10.0,49.35628648530766,17.832153510823897,12.021534754422735,681.8176071588591,32.887705067589366,1397.537500839346,100.0,100.0,True,,synthetic_normal_dataloader_stall,sim_user,normal_dataloader_stall,gpu:1,normal_dataloader_stall
114.4,2026-01-01 00:01:54.400000+00:00,,syn-normal-dataloader-104,syn-normal-dataloader-104,,,,,0,10.0,38.56166774900515,9.207290614293372,2.9185451660462505,428.8539017406706,30.63191101521245,549.979706536889,100.0,100.0,True,,synthetic_normal_dataloader_stall,sim_user,normal_dataloader_stall,gpu:1,normal_dataloader_stall
114.5,2026-01-01 00:01:54.500000+00:00,,syn-normal-dataloader-104,syn-normal-dataloader-104,,,,,0,10.0,39.74784618376218,8.743851354465104,2.98115232698524,419.73718592281944,30.34196516017765,734.5368078820592,100.0,100.0,True,,synthetic_normal_dataloader_stall,sim_user,normal_dataloader_stall,gpu:1,normal_dataloader_stall
114.6,2026-01-01 00:01:54.600000+00:00,,syn-normal-dataloader-104,syn-normal-dataloader-104,,,,,0,10.0,36.37803601020727,6.546868881685769,1.1003726230410034,299.1172009116181,29.515300205481488,490.8422298337879,100.0,100.0,True,,synthetic_normal_dataloader_stall,sim_user,normal_dataloader_stall,gpu:1,normal_dataloader_stall
114.7,2026-01-01 00:01:54.700000+00:00,,syn-normal-dataloader-104,syn-normal-dataloader-104,,,,,0,10.0,47.91199892682675,13.564019009295908,7.523868555215251,546.6859640191601,31.495028588285223,917.6787250112413,100.0,100.0,True,,synthetic_normal_dataloader_stall,sim_user,normal_dataloader_stall,gpu:1,normal_dataloader_stall
114.8,2026-01-01 00:01:54.800000+00:00,,syn-normal-dataloader-104,syn-normal-dataloader-104,,,,,0,10.0,37.224944276922805,8.242352220240459,2.5246710733987934,445.6694889479584,29.822281901502894,763.1294301700341,100.0,100.0,True,,synthetic_normal_dataloader_stall,sim_user,normal_dataloader_stall,gpu:1,normal_dataloader_stall
114.9,2026-01-01 00:01:54.900000+00:00,,syn-normal-dataloader-104,syn-normal-dataloader-104,,,,,0,10.0,43.21969281259184,9.60419501564792,7.5487209370500175,436.02188429702846,30.612856458143323,1027.8146260128615,100.0,100.0,True,,synthetic_normal_dataloader_stall,sim_user,normal_dataloader_stall,gpu:1,normal_dataloader_stall
115.0,2026-01-01 00:01:55+00:00,,syn-normal-dataloader-104,syn-normal-dataloader-104,,,,,0,10.0,45.8089374301455,11.765848369110481,0.0,517.4524483264653,31.22575804153167,303.33210850817983,100.0,100.0,True,,synthetic_normal_dataloader_stall,sim_user,normal_dataloader_stall,gpu:1,normal_dataloader_stall
115.1,2026-01-01 00:01:55.100000+00:00,,syn-normal-dataloader-104,syn-normal-dataloader-104,,,,,0,10.0,37.23191996477306,8.530357589508084,0.0,480.2661502385687,30.109605546966684,557.0275125656925,100.0,100.0,True,,synthetic_normal_dataloader_stall,sim_user,normal_dataloader_stall,gpu:1,normal_dataloader_stall
115.2,2026-01-01 00:01:55.200000+00:00,,syn-normal-dataloader-104,syn-normal-dataloader-104,,,,,0,10.0,34.724071048644646,5.532484861854172,6.236391390407544,274.8699616740521,29.219642433849423,877.7803193112921,100.0,100.0,True,,synthetic_normal_dataloader_stall,sim_user,normal_dataloader_stall,gpu:1,normal_dataloader_stall
115.3,2026-01-01 00:01:55.300000+00:00,,syn-normal-dataloader-104,syn-normal-dataloader-104,,,,,0,10.0,51.52757703473515,15.154572091453733,8.358880992007974,601.7467667738194,32.01505677772531,962.9718734476589,100.0,100.0,True,,synthetic_normal_dataloader_stall,sim_user,normal_dataloader_stall,gpu:1,normal_dataloader_stall
115.4,2026-01-01 00:01:55.400000+00:00,,syn-normal-dataloader-104,syn-normal-dataloader-104,,,,,0,10.0,48.82865712241586,16.757058524209455,12.677689699087594,662.8049571114875,32.652737338528894,1273.697607403584,100.0,100.0,True,,synthetic_normal_dataloader_stall,sim_user,normal_dataloader_stall,gpu:1,normal_dataloader_stall
115.5,2026-01-01 00:01:55.500000+00:00,,syn-normal-dataloader-104,syn-normal-dataloader-104,,,,,0,10.0,51.53651986777007,19.20282622571655,4.912778110641221,682.6211739861785,33.56704584982199,653.60219742038,100.0,100.0,True,,synthetic_normal_dataloader_stall,sim_user,normal_dataloader_stall,gpu:1,normal_dataloader_stall
115.6,2026-01-01 00:01:55.600000+00:00,,syn-normal-dataloader-104,syn-normal-dataloader-104,,,,,0,10.0,46.47487775514675,14.251004173261904,12.379798167493453,553.7576529457388,32.18050591803792,1256.7488236483066,100.0,100.0,True,,synthetic_normal_dataloader_stall,sim_user,normal_dataloader_stall,gpu:1,normal_dataloader_stall
115.7,2026-01-01 00:01:55.700000+00:00,,syn-normal-dataloader-104,syn-normal-dataloader-104,,,,,0,10.0,54.01525193091318,18.445160287916956,9.23121495789725,618.2372221332205,33.62114431990536,1001.6360173290567,100.0,100.0,True,,synthetic_normal_dataloader_stall,sim_user,normal_dataloader_stall,gpu:1,normal_dataloader_stall
115.8,2026-01-01 00:01:55.800000+00:00,,syn-normal-dataloader-104,syn-normal-dataloader-104,,,,,0,10.0,48.33066614632151,14.971957770277145,11.99309742633556,538.4061481210388,32.388104189812125,1230.885569156167,100.0,100.0,True,,synthetic_normal_dataloader_stall,sim_user,normal_dataloader_stall,gpu:1,normal_dataloader_stall
115.9,2026-01-01 00:01:55.900000+00:00,,syn-normal-dataloader-104,syn-normal-dataloader-104,,,,,0,10.0,36.28307506016353,7.238237473430607,1.5112997256947112,348.1232442363993,30.309860981570704,595.5996840903083,100.0,100.0,True,,synthetic_normal_dataloader_stall,sim_user,normal_dataloader_stall,gpu:1,normal_dataloader_stall
116.0,2026-01-01 00:01:56+00:00,,syn-normal-dataloader-104,syn-normal-dataloader-104,,,,,0,10.0,48.71348372410167,14.909153368471838,7.893549451240033,586.8965778720753,32.48973788319338,845.1410666767663,100.0,100.0,True,,synthetic_normal_dataloader_stall,sim_user,normal_dataloader_stall,gpu:1,normal_dataloader_stall
116.1,2026-01-01 00:01:56.100000+00:00,,syn-normal-dataloader-104,syn-normal-dataloader-104,,,,,0,10.0,46.53911372147021,14.286097459357714,0.0,512.3648215480287,32.22572544517749,499.6822500353061,100.0,100.0,True,,synthetic_normal_dataloader_stall,sim_user,normal_dataloader_stall,gpu:1,normal_dataloader_stall
116.2,2026-01-01 00:01:56.200000+00:00,,syn-normal-dataloader-104,syn-normal-dataloader-104,,,,,0,10.0,37.1509999690863,6.009333434645863,0.0,306.935373650635,29.76295051000149,398.95836931003925,100.0,100.0,True,,synthetic_normal_dataloader_stall,sim_user,normal_dataloader_stall,gpu:1,normal_dataloader_stall
116.3,2026-01-01 00:01:56.300000+00:00,,syn-normal-dataloader-104,syn-normal-dataloader-104,,,,,0,10.0,39.862305325283465,6.755323680072042,1.5517965594208833,303.92952548521083,29.73646508027552,415.17514182135733,100.0,100.0,True,,synthetic_normal_dataloader_stall,sim_user,normal_dataloader_stall,gpu:1,normal_dataloader_stall
116.4,2026-01-01 00:01:56.400000+00:00,,syn-normal-dataloader-104,syn-normal-dataloader-104,,,,,0,10.0,47.02419127872126,12.140427340112458,1.9941659423121791,556.6583887342692,31.262096016314526,630.2275921912052,100.0,100.0,True,,synthetic_normal_dataloader_stall,sim_user,normal_dataloader_stall,gpu:1,normal_dataloader_stall
116.5,2026-01-01 00:01:56.500000+00:00,,syn-normal-dataloader-104,syn-normal-dataloader-104,,,,,0,10.0,30.5137169094453,2.418641373491079,0.0,260.5968856887503,28.44481980858853,569.6182217295758,100.0,100.0,True,,synthetic_normal_dataloader_stall,sim_user,normal_dataloader_stall,gpu:1,normal_dataloader_stall
116.6,2026-01-01 00:01:56.600000+00:00,,syn-normal-dataloader-104,syn-normal-dataloader-104,,,,,0,10.0,172.74618684536773,88.18135894391598,48.162199827619844,2390.2870188109496,52.290322509776395,3957.2220947330475,100.0,100.0,True,,synthetic_normal_dataloader_stall,sim_user,normal_dataloader_stall,gpu:1,normal_dataloader_stall
116.7,2026-01-01 00:01:56.700000+00:00,,syn-normal-dataloader-104,syn-normal-dataloader-104,,,,,0,10.0,165.7611248940984,84.71837345960215,48.020637904686325,2269.8546189966746,51.46185883478202,3722.623308439506,100.0,100.0,True,,synthetic_normal_dataloader_stall,sim_user,normal_dataloader_stall,gpu:1,normal_dataloader_stall
116.8,2026-01-01 00:01:56.800000+00:00,,syn-normal-dataloader-104,syn-normal-dataloader-104,,,,,0,10.0,162.96448468293895,81.45211924902137,39.90825015762539,2311.2619074577583,50.5332418729494,3168.850639461076,100.0,100.0,True,,synthetic_normal_dataloader_stall,sim_user,normal_dataloader_stall,gpu:1,normal_dataloader_stall
116.9,2026-01-01 00:01:56.900000+00:00,,syn-normal-dataloader-104,syn-normal-dataloader-104,,,,,0,10.0,164.81497464849645,80.1455416768753,45.13271780952473,2194.9848663676025,50.200942515143524,3689.8030423928,100.0,100.0,True,,synthetic_normal_dataloader_stall,sim_user,normal_dataloader_stall,gpu:1,normal_dataloader_stall
117.0,2026-01-01 00:01:57+00:00,,syn-normal-dataloader-104,syn-normal-dataloader-104,,,,,0,10.0,166.17165205705194,80.65242773228547,43.96174788039722,2280.865634777423,50.437125912637654,3347.642865839667,100.0,100.0,True,,synthetic_normal_dataloader_stall,sim_user,normal_dataloader_stall,gpu:1,normal_dataloader_stall
117.1,2026-01-01 00:01:57.100000+00:00,,syn-normal-dataloader-104,syn-normal-dataloader-104,,,,,0,10.0,168.8132090259587,81.22350346233566,43.471712927928934,2268.849249010931,50.51950893983955,3533.8725693773026,100.0,100.0,True,,synthetic_normal_dataloader_stall,sim_user,normal_dataloader_stall,gpu:1,normal_dataloader_stall
117.2,2026-01-01 00:01:57.200000+00:00,,syn-normal-dataloader-104,syn-normal-dataloader-104,,,,,0,10.0,174.51549481079402,87.97604433387738,47.50345285611417,2425.533988873557,52.65897888449736,3968.1202204416177,100.0,100.0,True,,synthetic_normal_dataloader_stall,sim_user,normal_dataloader_stall,gpu:1,normal_dataloader_stall
117.3,2026-01-01 00:01:57.300000+00:00,,syn-normal-dataloader-104,syn-normal-dataloader-104,,,,,0,10.0,174.50875081224905,89.44021836225261,43.676572614962346,2485.5548292775406,53.24167189639244,3519.323767500783,100.0,100.0,True,,synthetic_normal_dataloader_stall,sim_user,normal_dataloader_stall,gpu:1,normal_dataloader_stall
117.4,2026-01-01 00:01:57.400000+00:00,,syn-normal-dataloader-104,syn-normal-dataloader-104,,,,,0,10.0,174.1138448372056,86.49067283911897,48.4195345035505,2411.7514129032006,52.15630532244406,3748.21754821989,100.0,100.0,True,,synthetic_normal_dataloader_stall,sim_user,normal_dataloader_stall,gpu:1,normal_dataloader_stall
117.5,2026-01-01 00:01:57.500000+00:00,,syn-normal-dataloader-104,syn-normal-dataloader-104,,,,,0,10.0,174.97120220367555,87.56199791148079,39.68907158024892,2452.974648302898,52.52085645682842,3095.6341901995997,100.0,100.0,True,,synthetic_normal_dataloader_stall,sim_user,normal_dataloader_stall,gpu:1,normal_dataloader_stall
117.6,2026-01-01 00:01:57.600000+00:00,,syn-normal-dataloader-104,syn-normal-dataloader-104,,,,,0,10.0,175.2809184429824,88.80922192412199,42.87355532072781,2439.0368795760346,52.84673696089511,3413.8788704373637,100.0,100.0,True,,synthetic_normal_dataloader_stall,sim_user,normal_dataloader_stall,gpu:1,normal_dataloader_stall
117.7,2026-01-01 00:01:57.700000+00:00,,syn-normal-dataloader-104,syn-normal-dataloader-104,,,,,0,10.0,174.35416783233185,87.87715747059991,48.47263987552024,2411.523086471594,52.51843673883063,3798.305231687769,100.0,100.0,True,,synthetic_normal_dataloader_stall,sim_user,normal_dataloader_stall,gpu:1,normal_dataloader_stall
117.8,2026-01-01 00:01:57.800000+00:00,,syn-normal-dataloader-104,syn-normal-dataloader-104,,,,,0,10.0,178.50610537092302,91.51576143757563,50.60454764239096,2466.3713760695837,53.69427034966664,3985.719689801594,100.0,100.0,True,,synthetic_normal_dataloader_stall,sim_user,normal_dataloader_stall,gpu:1,normal_dataloader_stall
117.9,2026-01-01 00:01:57.900000+00:00,,syn-normal-dataloader-104,syn-normal-dataloader-104,,,,,0,10.0,176.97204719981244,88.73455114297103,40.351519899959115,2396.7366925505403,52.89293396067932,3340.7522174783976,100.0,100.0,True,,synthetic_normal_dataloader_stall,sim_user,normal_dataloader_stall,gpu:1,normal_dataloader_stall
118.0,2026-01-01 00:01:58+00:00,,syn-normal-dataloader-104,syn-normal-dataloader-104,,,,,0,10.0,181.22286547984234,91.42626348943702,52.34130272791033,2474.5300370796067,53.64461917815513,4182.988686000978,100.0,100.0,True,,synthetic_normal_dataloader_stall,sim_user,normal_dataloader_stall,gpu:1,normal_dataloader_stall
118.1,2026-01-01 00:01:58.100000+00:00,,syn-normal-dataloader-104,syn-normal-dataloader-104,,,,,0,10.0,181.5802639104947,91.87707466055639,47.55034772582594,2497.4134284474985,53.77607009935329,3738.5985640001027,100.0,100.0,True,,synthetic_normal_dataloader_stall,sim_user,normal_dataloader_stall,gpu:1,normal_dataloader_stall
118.2,2026-01-01 00:01:58.200000+00:00,,syn-normal-dataloader-104,syn-normal-dataloader-104,,,,,0,10.0,185.10401953156935,96.93475071959534,57.179769111486124,2520.0,55.08647039900961,4491.741800855834,100.0,100.0,True,,synthetic_normal_dataloader_stall,sim_user,normal_dataloader_stall,gpu:1,normal_dataloader_stall
118.3,2026-01-01 00:01:58.300000+00:00,,syn-normal-dataloader-104,syn-normal-dataloader-104,,,,,0,10.0,181.32415275000312,92.14186842152598,46.0229674266594,2520.0,53.98552823115454,3684.8464285336145,100.0,100.0,True,,synthetic_normal_dataloader_stall,sim_user,normal_dataloader_stall,gpu:1,normal_dataloader_stall
118.4,2026-01-01 00:01:58.400000+00:00,,syn-normal-dataloader-104,syn-normal-dataloader-104,,,,,0,10.0,178.0151221621349,92.17872312960594,47.87435218419476,2520.0,54.00265794040715,3708.4876106800375,100.0,100.0,True,,synthetic_normal_dataloader_stall,sim_user,normal_dataloader_stall,gpu:1,normal_dataloader_stall
118.5,2026-01-01 00:01:58.500000+00:00,,syn-normal-dataloader-104,syn-normal-dataloader-104,,,,,0,10.0,170.39364964557942,85.32845902746844,43.90624465945901,2349.1034351401813,52.02868001629462,3655.0152201040846,100.0,100.0,True,,synthetic_normal_dataloader_stall,sim_user,normal_dataloader_stall,gpu:1,normal_dataloader_stall
118.6,2026-01-01 00:01:58.600000+00:00,,syn-normal-dataloader-104,syn-normal-dataloader-104,,,,,0,10.0,173.84364679374394,89.69962477239002,46.58610227048824,2482.7854264449975,53.3943320279235,3618.5043663960746,100.0,100.0,True,,synthetic_normal_dataloader_stall,sim_user,normal_dataloader_stall,gpu:1,normal_dataloader_stall
118.7,2026-01-01 00:01:58.700000+00:00,,syn-normal-dataloader-104,syn-normal-dataloader-104,,,,,0,10.0,168.33804069459183,84.60522648722831,50.281199229012564,2358.8215521490624,51.788007794839146,3912.109737526785,100.0,100.0,True,,synthetic_normal_dataloader_stall,sim_user,normal_dataloader_stall,gpu:1,normal_dataloader_stall
118.8,2026-01-01 00:01:58.800000+00:00,,syn-normal-dataloader-104,syn-normal-dataloader-104,,,,,0,10.0,167.98749297400232,82.13269660118317,48.392510940422575,2253.9185483623987,51.231266840956415,3709.7103220593985,100.0,100.0,True,,synthetic_normal_dataloader_stall,sim_user,normal_dataloader_stall,gpu:1,normal_dataloader_stall
118.9,2026-01-01 00:01:58.900000+00:00,,syn-normal-dataloader-104,syn-normal-dataloader-104,,,,,0,10.0,166.96301370576163,80.63125903898883,42.40975864120862,2196.736637360079,50.863225901246736,3376.850893418619,100.0,100.0,True,,synthetic_normal_dataloader_stall,sim_user,normal_dataloader_stall,gpu:1,normal_dataloader_stall
119.0,2026-01-01 00:01:59+00:00,,syn-normal-dataloader-104,syn-normal-dataloader-104,,,,,0,10.0,172.32866569230052,88.76061641369839,47.73574114523052,2453.4398859614253,52.80396611529121,3765.202344411294,100.0,100.0,True,,synthetic_normal_dataloader_stall,sim_user,normal_dataloader_stall,gpu:1,normal_dataloader_stall
119.1,2026-01-01 00:01:59.100000+00:00,,syn-normal-dataloader-104,syn-normal-dataloader-104,,,,,0,10.0,167.13316097458238,82.10297996199964,47.455939782472996,2260.3085917514213,51.12879073986125,3859.0536156159574,100.0,100.0,True,,synthetic_normal_dataloader_stall,sim_user,normal_dataloader_stall,gpu:1,normal_dataloader_stall
119.2,2026-01-01 00:01:59.200000+00:00,,syn-normal-dataloader-104,syn-normal-dataloader-104,,,,,0,10.0,174.76235562466306,88.13033291490397,48.02868822042756,2513.8478900169184,52.916664273745056,3541.085564104455,100.0,100.0,True,,synthetic_normal_dataloader_stall,sim_user,normal_dataloader_stall,gpu:1,normal_dataloader_stall
119.3,2026-01-01 00:01:59.300000+00:00,,syn-normal-dataloader-104,syn-normal-dataloader-104,,,,,0,10.0,172.94230919325707,84.34872576114897,46.35387963245581,2307.20364207605,51.835270511790014,3643.7484714963284,100.0,100.0,True,,synthetic_normal_dataloader_stall,sim_user,normal_dataloader_stall,gpu:1,normal_dataloader_stall
119.4,2026-01-01 00:01:59.400000+00:00,,syn-normal-dataloader-104,syn-normal-dataloader-104,,,,,0,10.0,179.41063559492,91.49134427058824,51.08700122949857,2514.7001583486376,53.74605011972756,3999.2912579097515,100.0,100.0,True,,synthetic_normal_dataloader_stall,sim_user,normal_dataloader_stall,gpu:1,normal_dataloader_stall
119.5,2026-01-01 00:01:59.500000+00:00,,syn-normal-dataloader-104,syn-normal-dataloader-104,,,,,0,10.0,186.41044170079545,93.53605837508003,51.654177940102564,2520.0,54.02326628379001,4118.645504382551,100.0,100.0,True,,synthetic_normal_dataloader_stall,sim_user,normal_dataloader_stall,gpu:1,normal_dataloader_stall
119.6,2026-01-01 00:01:59.600000+00:00,,syn-normal-dataloader-104,syn-normal-dataloader-104,,,,,0,10.0,193.19099632117366,100.0,44.071998461615294,2520.0,55.80776307774936,3527.3143990654926,100.0,100.0,True,,synthetic_normal_dataloader_stall,sim_user,normal_dataloader_stall,gpu:1,normal_dataloader_stall
119.7,2026-01-01 00:01:59.700000+00:00,,syn-normal-dataloader-104,syn-normal-dataloader-104,,,,,0,10.0,190.56467294149877,96.1627525802859,45.17269046442467,2520.0,54.629467043461105,3708.86211206945,100.0,100.0,True,,synthetic_normal_dataloader_stall,sim_user,normal_dataloader_stall,gpu:1,normal_dataloader_stall
119.8,2026-01-01 00:01:59.800000+00:00,,syn-normal-dataloader-104,syn-normal-dataloader-104,,,,,0,10.0,189.29347207120009,98.22785157694575,59.54530252599071,2520.0,55.16201982887099,4622.200724456046,100.0,100.0,True,,synthetic_normal_dataloader_stall,sim_user,normal_dataloader_stall,gpu:1,normal_dataloader_stall
119.9,2026-01-01 00:01:59.900000+00:00,,syn-normal-dataloader-104,syn-normal-dataloader-104,,,,,0,10.0,191.34671737211806,100.0,57.48614812079741,2520.0,55.71785720416525,4485.3176047637135,100.0,100.0,True,,synthetic_normal_dataloader_stall,sim_user,normal_dataloader_stall,gpu:1,normal_dataloader_stall
