timestamp,collection_timestamp,raw_timestamp,session_id,attack_id,waveform_kind,waveform_frequency_hz,waveform_amplitude_frac,waveform_duty_cycle,gpu_id,sample_hz,power_w,util_gpu_pct,mem_copy_util_pct,sm_clock_mhz,temp_c,fb_used_mb,requested_interval_ms,actual_interval_ms,value_changed,pid,process_name,id_user,job_type,gres_req,label
0.0,2026-01-01 00:00:00+00:00,,syn-normal-checkpoint-103,syn-normal-checkpoint-103,,,,,0,10.0,184.8503896348176,89.45698270070993,51.85319036745167,2510.971104925455,52.65624762851104,3885.6440842953793,100.0,100.0,True,,synthetic_normal_checkpoint,sim_user,normal_checkpoint,gpu:1,normal_checkpoint
0.1,2026-01-01 00:00:00.100000+00:00,,syn-normal-checkpoint-103,syn-normal-checkpoint-103,,,,,0,10.0,184.57197374939062,84.51589248443132,50.369273759403875,2323.976030169727,51.13912171424491,4155.56837797776,100.0,100.0,True,,synthetic_normal_checkpoint,sim_user,normal_checkpoint,gpu:1,normal_checkpoint
0.2,2026-01-01 00:00:00.200000+00:00,,syn-normal-checkpoint-103,syn-normal-checkpoint-103,,,,,0,10.0,184.27019320964817,88.18226832830317,56.62250888599123,2425.2049976438343,52.03913801207613,4293.277080411307,100.0,100.0,True,,synthetic_normal_checkpoint,sim_user,normal_checkpoint,gpu:1,normal_checkpoint
0.3,2026-01-01 00:00:00.300000+00:00,,syn-normal-checkpoint-103,syn-normal-checkpoint-103,,,,,0,10.0,182.09751136721152,83.12250870088823,45.25697230609641,2288.340746206405,50.8947121209441,3531.435918432767,100.0,100.0,True,,synthetic_normal_checkpoint,sim_user,normal_checkpoint,gpu:1,normal_checkpoint
0.4,2026-01-01 00:00:00.400000+00:00,,syn-normal-checkpoint-103,syn-normal-checkpoint-103,,,,,0,10.0,182.8029381185565,88.10823016764499,52.51507578590538,2400.8643208174344,52.54433330947207,3984.871658789284,100.0,100.0,True,,synthetic_normal_checkpoint,sim_user,normal_checkpoint,gpu:1,normal_checkpoint
0.5,2026-01-01 00:00:00.500000+00:00,,syn-normal-checkpoint-103,syn-normal-checkpoint-103,,,,,0,10.0,182.43897895079616,82.62394452978718,43.64335476420452,2243.6609039881737,51.089271392618734,3461.8567012217723,100.0,100.0,True,,synthetic_normal_checkpoint,sim_user,normal_checkpoint,gpu:1,normal_checkpoint
0.6,2026-01-01 00:00:00.600000+00:00,,syn-normal-checkpoint-103,syn-normal-checkpoint-103,,,,,0,10.0,183.26422819276624,84.83322509121575,44.105126983459314,2327.50010801968,51.812495649438375,3567.3085231351815,100.0,100.0,True,,synthetic_normal_checkpoint,sim_user,normal_checkpoint,gpu:1,normal_checkpoint
0.7,2026-01-01 00:00:00.700000+00:00,,syn-normal-checkpoint-103,syn-normal-checkpoint-103,,,,,0,10.0,186.26346621395723,86.92427922428013,45.770587928881156,2359.103153949724,52.327546669976996,3717.4506898040318,100.0,100.0,True,,synthetic_normal_checkpoint,sim_user,normal_checkpoint,gpu:1,normal_checkpoint
0.8,2026-01-01 00:00:00.800000+00:00,,syn-normal-checkpoint-103,syn-normal-checkpoint-103,,,,,0,10.0,186.90983162361448,84.33282855222798,47.399784426656694,2338.5375063236297,51.62134516529868,3822.6911948692054,100.0,100.0,True,,synthetic_normal_checkpoint,sim_user,normal_checkpoint,gpu:1,normal_checkpoint
0.9,2026-01-01 00:00:00.900000+00:00,,syn-normal-checkpoint-103,syn-normal-checkpoint-103,,,,,0,10.0,188.92790958614046,91.51623447676172,48.79649457659782,2492.158035696435,53.60097205549111,3820.3734276717787,100.0,100.0,True,,synthetic_normal_checkpoint,sim_user,normal_checkpoint,gpu:1,normal_checkpoint
1.0,2026-01-01 00:00:01+00:00,,syn-normal-checkpoint-103,syn-normal-checkpoint-103,,,,,0,10.0,188.47881958502902,86.42591634851445,48.279979164614176,2322.3799746636632,52.39943389477783,3740.0294745586484,100.0,100.0,True,,synthetic_normal_checkpoint,sim_user,normal_checkpoint,gpu:1,normal_checkpoint
1.1,2026-01-01 00:00:01.100000+00:00,,syn-normal-checkpoint-103,syn-normal-checkpoint-103,,,,,0,10.0,190.05683918545574,87.90505425559247,45.41915573839121,2410.421650233715,52.98648859795532,3422.9449029274524,100.0,100.0,True,,synthetic_normal_checkpoint,sim_user,normal_checkpoint,gpu:1,normal_checkpoint
1.2,2026-01-01 00:00:01.200000+00:00,,syn-normal-checkpoint-103,syn-normal-checkpoint-103,,,,,0,10.0,190.3341254432008,89.56430052897221,45.51383031825928,2432.9420122780703,53.063467640301496,3689.9123893633177,100.0,100.0,True,,synthetic_normal_checkpoint,sim_user,normal_checkpoint,gpu:1,normal_checkpoint
1.3,2026-01-01 00:00:01.300000+00:00,,syn-normal-checkpoint-103,syn-normal-checkpoint-103,,,,,0,10.0,190.35059985356176,92.19251294589736,53.86083258359302,2485.239605372871,53.62016821644176,4266.765995826004,100.0,100.0,True,,synthetic_normal_checkpoint,sim_user,normal_checkpoint,gpu:1,normal_checkpoint
1.4,2026-01-01 00:00:01.400000+00:00,,syn-normal-checkpoint-103,syn-normal-checkpoint-103,,,,,0,10.0,189.70894475977784,88.67442862024477,43.78143011607742,2425.2979182236827,52.3102857637321,3470.6859244945385,100.0,100.0,True,,synthetic_normal_checkpoint,sim_user,normal_checkpoint,gpu:1,normal_checkpoint
1.5,2026-01-01 00:00:01.500000+00:00,,syn-normal-checkpoint-103,syn-normal-checkpoint-103,,,,,0,10.0,192.36483754469785,95.94640645085194,51.40391528474092,2520.0,54.286907905702165,4132.151734635871,100.0,100.0,True,,synthetic_normal_checkpoint,sim_user,normal_checkpoint,gpu:1,normal_checkpoint
1.6,2026-01-01 00:00:01.600000+00:00,,syn-normal-checkpoint-103,syn-normal-checkpoint-103,,,,,0,10.0,190.44779599702753,90.71520651470549,54.98686221609645,2458.4371150791044,52.88103203556562,4021.5485338583535,100.0,100.0,True,,synthetic_normal_checkpoint,sim_user,normal_checkpoint,gpu:1,normal_checkpoint
1.7,2026-01-01 00:00:01.700000+00:00,,syn-normal-checkpoint-103,syn-normal-checkpoint-103,,,,,0,10.0,191.00387806800396,90.53614674862685,50.53413993151672,2497.4088631887653,52.983089511926146,3990.9327494482895,100.0,100.0,True,,synthetic_normal_checkpoint,sim_user,normal_checkpoint,gpu:1,normal_checkpoint
1.8,2026-01-01 00:00:01.800000+00:00,,syn-normal-checkpoint-103,syn-normal-checkpoint-103,,,,,0,10.0,188.83888080472707,90.65196856072102,51.014908571333514,2520.0,53.09639412855144,4111.766004028491,100.0,100.0,True,,synthetic_normal_checkpoint,sim_user,normal_checkpoint,gpu:1,normal_checkpoint
1.9,2026-01-01 00:00:01.900000+00:00,,syn-normal-checkpoint-103,syn-normal-checkpoint-103,,,,,0,10.0,188.04293339391506,88.99264526407755,47.257633528559765,2469.060272588721,52.57321719035147,3834.0470938841827,100.0,100.0,True,,synthetic_normal_checkpoint,sim_user,normal_checkpoint,gpu:1,normal_checkpoint
2.0,2026-01-01 00:00:02+00:00,,syn-normal-checkpoint-103,syn-normal-checkpoint-103,,,,,0,10.0,188.15765277703838,87.21161187652514,44.812040016451995,2397.5163713372526,52.07868393889698,3460.8986748302436,100.0,100.0,True,,synthetic_normal_checkpoint,sim_user,normal_checkpoint,gpu:1,normal_checkpoint
2.1,2026-01-01 00:00:02.100000+00:00,,syn-normal-checkpoint-103,syn-normal-checkpoint-103,,,,,0,10.0,191.28811117140933,90.19299149024057,53.10032311391193,2441.7137400323745,53.332905348072096,4122.844333342359,100.0,100.0,True,,synthetic_normal_checkpoint,sim_user,normal_checkpoint,gpu:1,normal_checkpoint
2.2,2026-01-01 00:00:02.200000+00:00,,syn-normal-checkpoint-103,syn-normal-checkpoint-103,,,,,0,10.0,193.67002881298887,93.12190546300582,50.34170526741758,2514.4593448453948,54.063153840638,4174.516822893843,100.0,100.0,True,,synthetic_normal_checkpoint,sim_user,normal_checkpoint,gpu:1,normal_checkpoint
2.3,2026-01-01 00:00:02.300000+00:00,,syn-normal-checkpoint-103,syn-normal-checkpoint-103,,,,,0,10.0,193.61650944445023,95.90871585617026,52.70167732612409,2520.0,55.02481169318817,4014.1991198718015,100.0,100.0,True,,synthetic_normal_checkpoint,sim_user,normal_checkpoint,gpu:1,normal_checkpoint
2.4,2026-01-01 00:00:02.400000+00:00,,syn-normal-checkpoint-103,syn-normal-checkpoint-103,,,,,0,10.0,192.45104454076971,92.54986369315519,53.17344810769754,2501.852484423451,54.242877721148766,4116.764133837811,100.0,100.0,True,,synthetic_normal_checkpoint,sim_user,normal_checkpoint,gpu:1,normal_checkpoint
2.5,2026-01-01 00:00:02.500000+00:00,,syn-normal-checkpoint-103,syn-normal-checkpoint-103,,,,,0,10.0,192.08105039330096,92.74172498402925,47.217450302355935,2505.388304484706,54.30444047124844,3731.1034733783504,100.0,100.0,True,,synthetic_normal_checkpoint,sim_user,normal_checkpoint,gpu:1,normal_checkpoint
2.6,2026-01-01 00:00:02.600000+00:00,,syn-normal-checkpoint-103,syn-normal-checkpoint-103,,,,,0,10.0,190.74091478006196,86.47402892665275,47.54685338294855,2360.1598086355593,52.578937600496445,3645.332744622849,100.0,100.0,True,,synthetic_normal_checkpoint,sim_user,normal_checkpoint,gpu:1,normal_checkpoint
2.7,2026-01-01 00:00:02.700000+00:00,,syn-normal-checkpoint-103,syn-normal-checkpoint-103,,,,,0,10.0,193.24488187444956,91.98592700292558,36.784480198224784,2514.4813723470547,54.087760927621126,2841.914844623984,100.0,100.0,True,,synthetic_normal_checkpoint,sim_user,normal_checkpoint,gpu:1,normal_checkpoint
2.8,2026-01-01 00:00:02.800000+00:00,,syn-normal-checkpoint-103,syn-normal-checkpoint-103,,,,,0,10.0,193.12313713263612,92.38915655746075,56.03742060632485,2517.35746828532,54.325318700771554,4451.381012724569,100.0,100.0,True,,synthetic_normal_checkpoint,sim_user,normal_checkpoint,gpu:1,normal_checkpoint
2.9,2026-01-01 00:00:02.900000+00:00,,syn-normal-checkpoint-103,syn-normal-checkpoint-103,,,,,0,10.0,193.51263949507822,96.20899808650557,56.66777150716311,2520.0,55.255608378204286,4266.920121855961,100.0,100.0,True,,synthetic_normal_checkpoint,sim_user,normal_checkpoint,gpu:1,normal_checkpoint
3.0,2026-01-01 00:00:03+00:00,,syn-normal-checkpoint-103,syn-normal-checkpoint-103,,,,,0,10.0,192.31516141984395,95.12535973042505,46.00160600076161,2520.0,54.67706498407044,3599.178512881056,100.0,100.0,True,,synthetic_normal_checkpoint,sim_user,normal_checkpoint,gpu:1,normal_checkpoint
3.1,2026-01-01 00:00:03.100000+00:00,,syn-normal-checkpoint-103,syn-normal-checkpoint-103,,,,,0,10.0,190.32056952087646,90.92234194285429,50.64206665379844,2520.0,53.92065995205183,4121.456045882472,100.0,100.0,True,,synthetic_normal_checkpoint,sim_user,normal_checkpoint,gpu:1,normal_checkpoint
3.2,2026-01-01 00:00:03.200000+00:00,,syn-normal-checkpoint-103,syn-normal-checkpoint-103,,,,,0,10.0,191.42712673278044,92.43609818933902,50.80086255316053,2500.215654122538,54.313075084099,4105.65966602822,100.0,100.0,True,,synthetic_normal_checkpoint,sim_user,normal_checkpoint,gpu:1,normal_checkpoint
3.3,2026-01-01 00:00:03.300000+00:00,,syn-normal-checkpoint-103,syn-normal-checkpoint-103,,,,,0,10.0,189.5835660793764,90.08329618011138,43.42663174363868,2425.384340666058,53.70887741792581,3584.8164621653414,100.0,100.0,True,,synthetic_normal_checkpoint,sim_user,normal_checkpoint,gpu:1,normal_checkpoint
3.4,2026-01-01 00:00:03.400000+00:00,,syn-normal-checkpoint-103,syn-normal-checkpoint-103,,,,,0,10.0,189.6750687196473,88.81869088026173,46.6446808536147,2423.1616392673623,53.40397834546431,3615.7476140155827,100.0,100.0,True,,synthetic_normal_checkpoint,sim_user,normal_checkpoint,gpu:1,normal_checkpoint
3.5,2026-01-01 00:00:03.500000+00:00,,syn-normal-checkpoint-103,syn-normal-checkpoint-103,,,,,0,10.0,190.70987248083918,90.96167728072933,46.18727692752037,2515.120805448437,53.90839701461072,3685.0583921007947,100.0,100.0,True,,synthetic_normal_checkpoint,sim_user,normal_checkpoint,gpu:1,normal_checkpoint
3.6,2026-01-01 00:00:03.600000+00:00,,syn-normal-checkpoint-103,syn-normal-checkpoint-103,,,,,0,10.0,188.64993130909613,88.88147547782307,45.00973529823851,2439.090130980118,53.68046029202512,3629.667235948415,100.0,100.0,True,,synthetic_normal_checkpoint,sim_user,normal_checkpoint,gpu:1,normal_checkpoint
3.7,2026-01-01 00:00:03.700000+00:00,,syn-normal-checkpoint-103,syn-normal-checkpoint-103,,,,,0,10.0,189.7613794241284,90.97930959861432,47.6303835660501,2465.145070319544,54.18984459401239,3789.8864744920106,100.0,100.0,True,,synthetic_normal_checkpoint,sim_user,normal_checkpoint,gpu:1,normal_checkpoint
3.8,2026-01-01 00:00:03.800000+00:00,,syn-normal-checkpoint-103,syn-normal-checkpoint-103,,,,,0,10.0,190.20111716496106,91.97413068124148,51.66670391828955,2489.0758909313213,54.50716780537827,4204.695676837027,100.0,100.0,True,,synthetic_normal_checkpoint,sim_user,normal_checkpoint,gpu:1,normal_checkpoint
3.9,2026-01-01 00:00:03.900000+00:00,,syn-normal-checkpoint-103,syn-normal-checkpoint-103,,,,,0,10.0,191.35683492031177,90.93333158565,46.12005502304761,2488.5422297889386,54.30432069550805,3765.711508632361,100.0,100.0,True,,synthetic_normal_checkpoint,sim_user,normal_checkpoint,gpu:1,normal_checkpoint
4.0,2026-01-01 00:00:04+00:00,,syn-normal-checkpoint-103,syn-normal-checkpoint-103,,,,,0,10.0,191.53068496058964,93.67401368184856,48.207729230922645,2520.0,54.860873270087545,3820.8883234799887,100.0,100.0,True,,synthetic_normal_checkpoint,sim_user,normal_checkpoint,gpu:1,normal_checkpoint
4.1,2026-01-01 00:00:04.100000+00:00,,syn-normal-checkpoint-103,syn-normal-checkpoint-103,,,,,0,10.0,190.9696401619662,88.8304191042759,45.01206596950363,2441.168036962026,53.4300997742884,3536.6917798390723,100.0,100.0,True,,synthetic_normal_checkpoint,sim_user,normal_checkpoint,gpu:1,normal_checkpoint
4.2,2026-01-01 00:00:04.200000+00:00,,syn-normal-checkpoint-103,syn-normal-checkpoint-103,,,,,0,10.0,192.9535403293368,92.36411156329844,43.79703694856533,2520.0,54.397458545262175,3640.3807897308534,100.0,100.0,True,,synthetic_normal_checkpoint,sim_user,normal_checkpoint,gpu:1,normal_checkpoint
4.3,2026-01-01 00:00:04.300000+00:00,,syn-normal-checkpoint-103,syn-normal-checkpoint-103,,,,,0,10.0,191.12223266958873,91.59005646891795,49.67653504101389,2498.481548331141,54.081050401537496,4021.875011533822,100.0,100.0,True,,synthetic_normal_checkpoint,sim_user,normal_checkpoint,gpu:1,normal_checkpoint
4.4,2026-01-01 00:00:04.400000+00:00,,syn-normal-checkpoint-103,syn-normal-checkpoint-103,,,,,0,10.0,191.23361366287997,87.58265639163643,54.181293098269904,2390.638592222079,52.867887190041095,4240.936262275853,100.0,100.0,True,,synthetic_normal_checkpoint,sim_user,normal_checkpoint,gpu:1,normal_checkpoint
4.5,2026-01-01 00:00:04.500000+00:00,,syn-normal-checkpoint-103,syn-normal-checkpoint-103,,,,,0,10.0,191.6722499693685,92.77988906261658,54.20247930986226,2520.0,54.1120843735661,4306.893347705255,100.0,100.0,True,,synthetic_normal_checkpoint,sim_user,normal_checkpoint,gpu:1,normal_checkpoint
4.6,2026-01-01 00:00:04.600000+00:00,,syn-normal-checkpoint-103,syn-normal-checkpoint-103,,,,,0,10.0,191.30203259714568,92.73826111337078,45.4010100556018,2520.0,54.04804861248914,3700.697078431181,100.0,100.0,True,,synthetic_normal_checkpoint,sim_user,normal_checkpoint,gpu:1,normal_checkpoint
4.7,2026-01-01 00:00:04.700000+00:00,,syn-normal-checkpoint-103,syn-normal-checkpoint-103,,,,,0,10.0,191.31593043403154,94.75444823007497,52.54287289220428,2520.0,54.78520421664965,4191.984725827995,100.0,100.0,True,,synthetic_normal_checkpoint,sim_user,normal_checkpoint,gpu:1,normal_checkpoint
4.8,2026-01-01 00:00:04.800000+00:00,,syn-normal-checkpoint-103,syn-normal-checkpoint-103,,,,,0,10.0,189.7087930451797,90.211405403137,45.54095326229728,2465.1287468228084,53.55201792083501,3706.243488044368,100.0,100.0,True,,synthetic_normal_checkpoint,sim_user,normal_checkpoint,gpu:1,normal_checkpoint
4.9,2026-01-01 00:00:04.900000+00:00,,syn-normal-checkpoint-103,syn-normal-checkpoint-103,,,,,0,10.0,187.47557173910224,90.11780255032325,52.66758055340231,2481.5831966964934,53.28177566544747,4000.2771877027967,100.0,100.0,True,,synthetic_normal_checkpoint,sim_user,normal_checkpoint,gpu:1,normal_checkpoint
5.0,2026-01-01 00:00:05+00:00,,syn-normal-checkpoint-103,syn-normal-checkpoint-103,,,,,0,10.0,188.42699391107467,90.80483350812906,42.056291377311105,2475.4061594445016,53.37039516344319,3198.107144012793,100.0,100.0,True,,synthetic_normal_checkpoint,sim_user,normal_checkpoint,gpu:1,normal_checkpoint
5.1,2026-01-01 00:00:05.100000+00:00,,syn-normal-checkpoint-103,syn-normal-checkpoint-103,,,,,0,10.0,188.04002107197633,85.98240769191396,51.70386096057629,2348.8594709686085,51.85024978664339,4112.195384437158,100.0,100.0,True,,synthetic_normal_checkpoint,sim_user,normal_checkpoint,gpu:1,normal_checkpoint
5.2,2026-01-01 00:00:05.200000+00:00,,syn-normal-checkpoint-103,syn-normal-checkpoint-103,,,,,0,10.0,190.97169020687952,91.69601200762314,43.65094475961897,2520.0,53.431072173488815,3271.6866320506833,100.0,100.0,True,,synthetic_normal_checkpoint,sim_user,normal_checkpoint,gpu:1,normal_checkpoint
5.3,2026-01-01 00:00:05.300000+00:00,,syn-normal-checkpoint-103,syn-normal-checkpoint-103,,,,,0,10.0,189.87586747479259,87.51963109164473,49.89032529418067,2427.8277710129105,52.2139338186467,3981.09950685446,100.0,100.0,True,,synthetic_normal_checkpoint,sim_user,normal_checkpoint,gpu:1,normal_checkpoint
5.4,2026-01-01 00:00:05.400000+00:00,,syn-normal-checkpoint-103,syn-normal-checkpoint-103,,,,,0,10.0,191.04739209320923,91.72113028582153,55.24695786980063,2520.0,53.339443803418895,4491.234993988073,100.0,100.0,True,,synthetic_normal_checkpoint,sim_user,normal_checkpoint,gpu:1,normal_checkpoint
5.5,2026-01-01 00:00:05.500000+00:00,,syn-normal-checkpoint-103,syn-normal-checkpoint-103,,,,,0,10.0,193.0466427406427,93.85877166490049,51.64223999254454,2520.0,53.90765675080159,4021.23150318232,100.0,100.0,True,,synthetic_normal_checkpoint,sim_user,normal_checkpoint,gpu:1,normal_checkpoint
5.6,2026-01-01 00:00:05.600000+00:00,,syn-normal-checkpoint-103,syn-normal-checkpoint-103,,,,,0,10.0,192.01736982162555,92.30205632676568,56.33883724160381,2517.957624059774,53.347323560473185,4484.7123463222915,100.0,100.0,True,,synthetic_normal_checkpoint,sim_user,normal_checkpoint,gpu:1,normal_checkpoint
5.7,2026-01-01 00:00:05.700000+00:00,,syn-normal-checkpoint-103,syn-normal-checkpoint-103,,,,,0,10.0,191.23496411394777,87.14993687413137,46.781032229425456,2434.83244441183,51.83581232937856,3751.3531721456493,100.0,100.0,True,,synthetic_normal_checkpoint,sim_user,normal_checkpoint,gpu:1,normal_checkpoint
5.8,2026-01-01 00:00:05.800000+00:00,,syn-normal-checkpoint-103,syn-normal-checkpoint-103,,,,,0,10.0,193.10580800844232,95.365761231256,58.6332805954851,2520.0,54.26636798178751,4543.75120224188,100.0,100.0,True,,synthetic_normal_checkpoint,sim_user,normal_checkpoint,gpu:1,normal_checkpoint
5.9,2026-01-01 00:00:05.900000+00:00,,syn-normal-checkpoint-103,syn-normal-checkpoint-103,,,,,0,10.0,192.5927370807073,92.7240808437274,48.73205160444625,2520.0,53.732275005681736,3939.763973104532,100.0,100.0,True,,synthetic_normal_checkpoint,sim_user,normal_checkpoint,gpu:1,normal_checkpoint
6.0,2026-01-01 00:00:06+00:00,,syn-normal-checkpoint-103,syn-normal-checkpoint-103,,,,,0,10.0,190.50323436093063,92.80613962872505,50.8025979072721,2520.0,54.108670791755934,4014.065705389639,100.0,100.0,True,,synthetic_normal_checkpoint,sim_user,normal_checkpoint,gpu:1,normal_checkpoint
6.1,2026-01-01 00:00:06.100000+00:00,,syn-normal-checkpoint-103,syn-normal-checkpoint-103,,,,,0,10.0,189.0349436905726,88.5073882982191,50.811194081411834,2484.548503869353,52.801316211352535,4117.970587719946,100.0,100.0,True,,synthetic_normal_checkpoint,sim_user,normal_checkpoint,gpu:1,normal_checkpoint
6.2,2026-01-01 00:00:06.200000+00:00,,syn-normal-checkpoint-103,syn-normal-checkpoint-103,,,,,0,10.0,188.8088396218886,88.95835575025009,58.49062032466821,2447.8440476475403,53.160590842355425,4418.204972096657,100.0,100.0,True,,synthetic_normal_checkpoint,sim_user,normal_checkpoint,gpu:1,normal_checkpoint
6.3,2026-01-01 00:00:06.300000+00:00,,syn-normal-checkpoint-103,syn-normal-checkpoint-103,,,,,0,10.0,192.02883877305047,95.93606205117999,49.99983717609771,2520.0,55.11028139825016,3803.3905606190083,100.0,100.0,True,,synthetic_normal_checkpoint,sim_user,normal_checkpoint,gpu:1,normal_checkpoint
6.4,2026-01-01 00:00:06.400000+00:00,,syn-normal-checkpoint-103,syn-normal-checkpoint-103,,,,,0,10.0,190.9163474854225,90.66840240433079,46.6081326044045,2490.4808883567794,53.54014884688491,3834.6640038919522,100.0,100.0,True,,synthetic_normal_checkpoint,sim_user,normal_checkpoint,gpu:1,normal_checkpoint
6.5,2026-01-01 00:00:06.500000+00:00,,syn-normal-checkpoint-103,syn-normal-checkpoint-103,,,,,0,10.0,191.24953516987787,90.41157902490778,54.77485092447813,2437.3236995568736,53.46744812734887,4126.418608421453,100.0,100.0,True,,synthetic_normal_checkpoint,sim_user,normal_checkpoint,gpu:1,normal_checkpoint
6.6,2026-01-01 00:00:06.600000+00:00,,syn-normal-checkpoint-103,syn-normal-checkpoint-103,,,,,0,10.0,191.98743163118098,90.98995341517215,50.62366431463866,2520.0,53.474696836393576,3925.9003565666153,100.0,100.0,True,,synthetic_normal_checkpoint,sim_user,normal_checkpoint,gpu:1,normal_checkpoint
6.7,2026-01-01 00:00:06.700000+00:00,,syn-normal-checkpoint-103,syn-normal-checkpoint-103,,,,,0,10.0,192.15005662316767,93.84208782825822,48.887529702511756,2520.0,54.499817912127305,3928.382786371007,100.0,100.0,True,,synthetic_normal_checkpoint,sim_user,normal_checkpoint,gpu:1,normal_checkpoint
6.8,2026-01-01 00:00:06.800000+00:00,,syn-normal-checkpoint-103,syn-normal-checkpoint-103,,,,,0,10.0,190.54787195348396,87.67894215050765,47.5144083657105,2417.525939362663,52.77792110367295,3908.197403958569,100.0,100.0,True,,synthetic_normal_checkpoint,sim_user,normal_checkpoint,gpu:1,normal_checkpoint
6.9,2026-01-01 00:00:06.900000+00:00,,syn-normal-checkpoint-103,syn-normal-checkpoint-103,,,,,0,10.0,192.11587647843882,91.17584407892781,53.768037960105126,2510.0358146328745,53.47415038531173,4191.274243971103,100.0,100.0,True,,synthetic_normal_checkpoint,sim_user,normal_checkpoint,gpu:1,normal_checkpoint
7.0,2026-01-01 00:00:07+00:00,,syn-normal-checkpoint-103,syn-normal-checkpoint-103,,,,,0,10.0,194.447290607776,91.49898031051676,47.389374628917864,2490.345719654116,53.77086185772646,3779.782739033575,100.0,100.0,True,,synthetic_normal_checkpoint,sim_user,normal_checkpoint,gpu:1,normal_checkpoint
7.1,2026-01-01 00:00:07.100000+00:00,,syn-normal-checkpoint-103,syn-normal-checkpoint-103,,,,,0,10.0,195.11137991844484,98.71191340016337,50.947423028371404,2520.0,55.63531607536335,3928.5069365817467,100.0,100.0,True,,synthetic_normal_checkpoint,sim_user,normal_checkpoint,gpu:1,normal_checkpoint
7.2,2026-01-01 00:00:07.200000+00:00,,syn-normal-checkpoint-103,syn-normal-checkpoint-103,,,,,0,10.0,192.0278333753711,93.9329464132794,53.658291822773606,2520.0,54.32990407325188,4119.096392757153,100.0,100.0,True,,synthetic_normal_checkpoint,sim_user,normal_checkpoint,gpu:1,normal_checkpoint
7.3,2026-01-01 00:00:07.300000+00:00,,syn-normal-checkpoint-103,syn-normal-checkpoint-103,,,,,0,10.0,191.1669482910734,91.4255002010166,52.98239904183164,2477.3317437002006,53.561772762954774,4254.749776079397,100.0,100.0,True,,synthetic_normal_checkpoint,sim_user,normal_checkpoint,gpu:1,normal_checkpoint
7.4,2026-01-01 00:00:07.400000+00:00,,syn-normal-checkpoint-103,syn-normal-checkpoint-103,,,,,0,10.0,192.7024552337158,92.65212591497496,48.94865859007716,2498.2945637303815,54.03584662480413,3896.304527110208,100.0,100.0,True,,synthetic_normal_checkpoint,sim_user,normal_checkpoint,gpu:1,normal_checkpoint
7.5,2026-01-01 00:00:07.500000+00:00,,syn-normal-checkpoint-103,syn-normal-checkpoint-103,,,,,0,10.0,192.979645845122,91.9057202670403,50.181564977757425,2516.9220410352073,53.58183358481596,3926.0306321526245,100.0,100.0,True,,synthetic_normal_checkpoint,sim_user,normal_checkpoint,gpu:1,normal_checkpoint
7.6,2026-01-01 00:00:07.600000+00:00,,syn-normal-checkpoint-103,syn-normal-checkpoint-103,,,,,0,10.0,192.04956039755845,90.89505074736618,55.027622712215766,2482.1533492842377,52.93386828101359,4354.132514572029,100.0,100.0,True,,synthetic_normal_checkpoint,sim_user,normal_checkpoint,gpu:1,normal_checkpoint
7.7,2026-01-01 00:00:07.700000+00:00,,syn-normal-checkpoint-103,syn-normal-checkpoint-103,,,,,0,10.0,192.60995193811442,91.79619383225177,45.88302532505918,2465.799196017498,52.94743068401986,3586.0982195359543,100.0,100.0,True,,synthetic_normal_checkpoint,sim_user,normal_checkpoint,gpu:1,normal_checkpoint
7.8,2026-01-01 00:00:07.800000+00:00,,syn-normal-checkpoint-103,syn-normal-checkpoint-103,,,,,0,10.0,192.82084419995599,95.81506045790596,49.042249657500875,2520.0,53.91470476843824,3871.2341571541037,100.0,100.0,True,,synthetic_normal_checkpoint,sim_user,normal_checkpoint,gpu:1,normal_checkpoint
7.9,2026-01-01 00:00:07.900000+00:00,,syn-normal-checkpoint-103,syn-normal-checkpoint-103,,,,,0,10.0,189.37260161191492,89.50778754286164,55.059952149869716,2453.6932198447894,52.04127120097039,4158.096047289893,100.0,100.0,True,,synthetic_normal_checkpoint,sim_user,normal_checkpoint,gpu:1,normal_checkpoint
8.0,2026-01-01 00:00:08+00:00,,syn-normal-checkpoint-103,syn-normal-checkpoint-103,,,,,0,10.0,188.87267248740122,89.24405306719099,52.98716853705315,2441.1208137715457,52.050227236878875,4295.935750905793,100.0,100.0,True,,synthetic_normal_checkpoint,sim_user,normal_checkpoint,gpu:1,normal_checkpoint
8.1,2026-01-01 00:00:08.100000+00:00,,syn-normal-checkpoint-103,syn-normal-checkpoint-103,,,,,0,10.0,189.55888254210225,90.83302298675999,57.18316387527164,2502.4110648458122,52.356426068797916,4414.149481660125,100.0,100.0,True,,synthetic_normal_checkpoint,sim_user,normal_checkpoint,gpu:1,normal_checkpoint
8.2,2026-01-01 00:00:08.200000+00:00,,syn-normal-checkpoint-103,syn-normal-checkpoint-103,,,,,0,10.0,188.73503324830926,92.66233833659302,52.95308884187139,2510.662647311284,52.93729776239908,3973.5482803141576,100.0,100.0,True,,synthetic_normal_checkpoint,sim_user,normal_checkpoint,gpu:1,normal_checkpoint
8.3,2026-01-01 00:00:08.300000+00:00,,syn-normal-checkpoint-103,syn-normal-checkpoint-103,,,,,0,10.0,188.96013970639478,90.80115382820499,51.207511663239664,2503.5566657577538,52.39147143001485,3985.552106567178,100.0,100.0,True,,synthetic_normal_checkpoint,sim_user,normal_checkpoint,gpu:1,normal_checkpoint
8.4,2026-01-01 00:00:08.400000+00:00,,syn-normal-checkpoint-103,syn-normal-checkpoint-103,,,,,0,10.0,188.81903776870686,87.61899249864871,50.83602468391093,2457.482166671068,51.496980263648176,4103.304028341969,100.0,100.0,True,,synthetic_normal_checkpoint,sim_user,normal_checkpoint,gpu:1,normal_checkpoint
8.5,2026-01-01 00:00:08.500000+00:00,,syn-normal-checkpoint-103,syn-normal-checkpoint-103,,,,,0,10.0,189.49273537549263,90.29824633580996,44.19636708941382,2516.7645128342483,52.60963809964631,3567.978922451449,100.0,100.0,True,,synthetic_normal_checkpoint,sim_user,normal_checkpoint,gpu:1,normal_checkpoint
8.6,2026-01-01 00:00:08.600000+00:00,,syn-normal-checkpoint-103,syn-normal-checkpoint-103,,,,,0,10.0,189.34285680613388,90.12429023984386,45.96707148908883,2453.9258629518304,52.696353913471725,3372.4836556680293,100.0,100.0,True,,synthetic_normal_checkpoint,sim_user,normal_checkpoint,gpu:1,normal_checkpoint
8.7,2026-01-01 00:00:08.700000+00:00,,syn-normal-checkpoint-103,syn-normal-checkpoint-103,,,,,0,10.0,188.30749045671624,86.77414996747645,50.65050709744497,2406.202338715747,51.875359464369666,4005.21937976787,100.0,100.0,True,,synthetic_normal_checkpoint,sim_user,normal_checkpoint,gpu:1,normal_checkpoint
8.8,2026-01-01 00:00:08.800000+00:00,,syn-normal-checkpoint-103,syn-normal-checkpoint-103,,,,,0,10.0,189.04997039683317,88.40532504136826,51.685734650127806,2436.687931456798,52.425219300289925,4066.4399656918126,100.0,100.0,True,,synthetic_normal_checkpoint,sim_user,normal_checkpoint,gpu:1,normal_checkpoint
8.9,2026-01-01 00:00:08.900000+00:00,,syn-normal-checkpoint-103,syn-normal-checkpoint-103,,,,,0,10.0,190.74424975290373,91.6544521774312,54.3226934171461,2458.095194982027,53.16446893116758,4300.473118439564,100.0,100.0,True,,synthetic_normal_checkpoint,sim_user,normal_checkpoint,gpu:1,normal_checkpoint
9.0,2026-01-01 00:00:09+00:00,,syn-normal-checkpoint-103,syn-normal-checkpoint-103,,,,,0,10.0,190.29116904358366,89.8099195074937,52.439987936097815,2433.693394900532,52.657329325754745,4122.126747624482,100.0,100.0,True,,synthetic_normal_checkpoint,sim_user,normal_checkpoint,gpu:1,normal_checkpoint
9.1,2026-01-01 00:00:09.100000+00:00,,syn-normal-checkpoint-103,syn-normal-checkpoint-103,,,,,0,10.0,188.6404960148462,93.0081671203981,52.389320440970195,2520.0,53.469994452167164,4171.779199724368,100.0,100.0,True,,synthetic_normal_checkpoint,sim_user,normal_checkpoint,gpu:1,normal_checkpoint
9.2,2026-01-01 00:00:09.200000+00:00,,syn-normal-checkpoint-103,syn-normal-checkpoint-103,,,,,0,10.0,185.27882637993224,88.23556031392374,44.643409279160196,2449.415021596296,52.02549613008424,3548.620195413737,100.0,100.0,True,,synthetic_normal_checkpoint,sim_user,normal_checkpoint,gpu:1,normal_checkpoint
9.3,2026-01-01 00:00:09.300000+00:00,,syn-normal-checkpoint-103,syn-normal-checkpoint-103,,,,,0,10.0,185.54359523092106,86.7748969339254,50.29442153480532,2367.1434984130883,51.83231532468474,3951.9952624536454,100.0,100.0,True,,synthetic_normal_checkpoint,sim_user,normal_checkpoint,gpu:1,normal_checkpoint
9.4,2026-01-01 00:00:09.400000+00:00,,syn-normal-checkpoint-103,syn-normal-checkpoint-103,,,,,0,10.0,184.79242804077194,87.07699716052845,49.489851620792194,2383.42493239801,51.626911376094846,3935.514480020488,100.0,100.0,True,,synthetic_normal_checkpoint,sim_user,normal_checkpoint,gpu:1,normal_checkpoint
9.5,2026-01-01 00:00:09.500000+00:00,,syn-normal-checkpoint-103,syn-normal-checkpoint-103,,,,,0,10.0,184.5365779338748,85.24262026798864,41.22880812995898,2274.875381453502,51.114071824652044,3462.4976187156276,100.0,100.0,True,,synthetic_normal_checkpoint,sim_user,normal_checkpoint,gpu:1,normal_checkpoint
9.6,2026-01-01 00:00:09.600000+00:00,,syn-normal-checkpoint-103,syn-normal-checkpoint-103,,,,,0,10.0,186.78137055508617,87.15231616717507,51.55908318593212,2390.334013563708,51.68595358127797,4264.0749771267,100.0,100.0,True,,synthetic_normal_checkpoint,sim_user,normal_checkpoint,gpu:1,normal_checkpoint
9.7,2026-01-01 00:00:09.700000+00:00,,syn-normal-checkpoint-103,syn-normal-checkpoint-103,,,,,0,10.0,187.2751511116031,90.34056418658896,51.33042947429357,2446.898308432273,52.63528542199815,4034.7652044795764,100.0,100.0,True,,synthetic_normal_checkpoint,sim_user,normal_checkpoint,gpu:1,normal_checkpoint
9.8,2026-01-01 00:00:09.800000+00:00,,syn-normal-checkpoint-103,syn-normal-checkpoint-103,,,,,0,10.0,186.11323926011335,87.93095277169117,51.427574566520605,2408.8809140659487,52.06482874131654,3801.5270532223067,100.0,100.0,True,,synthetic_normal_checkpoint,sim_user,normal_checkpoint,gpu:1,normal_checkpoint
9.9,2026-01-01 00:00:09.900000+00:00,,syn-normal-checkpoint-103,syn-normal-checkpoint-103,,,,,0,10.0,185.75382234199645,83.98956830625313,43.192459808875405,2310.4576708983036,50.795410475909975,3403.92765747899,100.0,100.0,True,,synthetic_normal_checkpoint,sim_user,normal_checkpoint,gpu:1,normal_checkpoint
10.0,2026-01-01 00:00:10+00:00,,syn-normal-checkpoint-103,syn-normal-checkpoint-103,,,,,0,10.0,189.09350018395463,87.24161704839452,46.41485601445348,2366.377193087281,51.82122828455109,3608.828755071299,100.0,100.0,True,,synthetic_normal_checkpoint,sim_user,normal_checkpoint,gpu:1,normal_checkpoint
10.1,2026-01-01 00:00:10.100000+00:00,,syn-normal-checkpoint-103,syn-normal-checkpoint-103,,,,,0,10.0,189.82888515723596,91.56926629910596,62.093443615871024,2520.0,52.93750157161159,4857.70442320137,100.0,100.0,True,,synthetic_normal_checkpoint,sim_user,normal_checkpoint,gpu:1,normal_checkpoint
10.2,2026-01-01 00:00:10.200000+00:00,,syn-normal-checkpoint-103,syn-normal-checkpoint-103,,,,,0,10.0,187.82456043200835,86.85508429781633,46.340714966771024,2357.004073623677,51.68120765136324,3617.534548045123,100.0,100.0,True,,synthetic_normal_checkpoint,sim_user,normal_checkpoint,gpu:1,normal_checkpoint
10.3,2026-01-01 00:00:10.300000+00:00,,syn-normal-checkpoint-103,syn-normal-checkpoint-103,,,,,0,10.0,189.20050675695407,89.3844353679857,48.536231817358654,2518.8089280737336,52.30167324211616,3815.261274184076,100.0,100.0,True,,synthetic_normal_checkpoint,sim_user,normal_checkpoint,gpu:1,normal_checkpoint
10.4,2026-01-01 00:00:10.400000+00:00,,syn-normal-checkpoint-103,syn-normal-checkpoint-103,,,,,0,10.0,191.38231071354585,93.58189345510276,55.47663548014999,2520.0,53.509344361305644,4219.383528834539,100.0,100.0,True,,synthetic_normal_checkpoint,sim_user,normal_checkpoint,gpu:1,normal_checkpoint
10.5,2026-01-01 00:00:10.500000+00:00,,syn-normal-checkpoint-103,syn-normal-checkpoint-103,,,,,0,10.0,190.58666718690304,90.43058413161131,41.55844354223867,2415.149178256823,52.78470999622419,3276.651012540585,100.0,100.0,True,,synthetic_normal_checkpoint,sim_user,normal_checkpoint,gpu:1,normal_checkpoint
10.6,2026-01-01 00:00:10.600000+00:00,,syn-normal-checkpoint-103,syn-normal-checkpoint-103,,,,,0,10.0,192.58588738511773,91.58389773693735,51.48655112953873,2500.765744418868,53.07744208671006,4011.6116273956004,100.0,100.0,True,,synthetic_normal_checkpoint,sim_user,normal_checkpoint,gpu:1,normal_checkpoint
10.7,2026-01-01 00:00:10.700000+00:00,,syn-normal-checkpoint-103,syn-normal-checkpoint-103,,,,,0,10.0,194.2856375569373,92.41570292908476,53.75487016518953,2512.2467966857935,53.555719392686,4295.086731795507,100.0,100.0,True,,synthetic_normal_checkpoint,sim_user,normal_checkpoint,gpu:1,normal_checkpoint
10.8,2026-01-01 00:00:10.800000+00:00,,syn-normal-checkpoint-103,syn-normal-checkpoint-103,,,,,0,10.0,193.50699151208036,94.8694421503542,56.022895708697746,2520.0,54.481345418233616,4440.919294556812,100.0,100.0,True,,synthetic_normal_checkpoint,sim_user,normal_checkpoint,gpu:1,normal_checkpoint
10.9,2026-01-01 00:00:10.900000+00:00,,syn-normal-checkpoint-103,syn-normal-checkpoint-103,,,,,0,10.0,192.41584243367495,90.65151103092825,52.85074191003592,2446.7413986785,53.28828922593382,3870.6464000296432,100.0,100.0,True,,synthetic_normal_checkpoint,sim_user,normal_checkpoint,gpu:1,normal_checkpoint
11.0,2026-01-01 00:00:11+00:00,,syn-normal-checkpoint-103,syn-normal-checkpoint-103,,,,,0,10.0,193.1033291303,90.01760602108823,43.99079652534936,2515.658323634588,53.234858835843085,3448.6927727925213,100.0,100.0,True,,synthetic_normal_checkpoint,sim_user,normal_checkpoint,gpu:1,normal_checkpoint
11.1,2026-01-01 00:00:11.100000+00:00,,syn-normal-checkpoint-103,syn-normal-checkpoint-103,,,,,0,10.0,194.50797866498942,93.52851184830777,52.79913581282052,2496.31861355197,53.90888450393103,4188.707793174769,100.0,100.0,True,,synthetic_normal_checkpoint,sim_user,normal_checkpoint,gpu:1,normal_checkpoint
11.2,2026-01-01 00:00:11.200000+00:00,,syn-normal-checkpoint-103,syn-normal-checkpoint-103,,,,,0,10.0,195.81382545354182,97.46438899739096,56.0152170454506,2520.0,55.026952979120544,4455.088796699889,100.0,100.0,True,,synthetic_normal_checkpoint,sim_user,normal_checkpoint,gpu:1,normal_checkpoint
11.3,2026-01-01 00:00:11.300000+00:00,,syn-normal-checkpoint-103,syn-normal-checkpoint-103,,,,,0,10.0,195.59347705824973,94.79405616383525,43.44095531050316,2520.0,54.351395299587615,3484.736932761241,100.0,100.0,True,,synthetic_normal_checkpoint,sim_user,normal_checkpoint,gpu:1,normal_checkpoint
11.4,2026-01-01 00:00:11.400000+00:00,,syn-normal-checkpoint-103,syn-normal-checkpoint-103,,,,,0,10.0,196.0357816005372,97.45084726781734,55.817010985741796,2520.0,55.05619961772344,4324.702232710727,100.0,100.0,True,,synthetic_normal_checkpoint,sim_user,normal_checkpoint,gpu:1,normal_checkpoint
11.5,2026-01-01 00:00:11.500000+00:00,,syn-normal-checkpoint-103,syn-normal-checkpoint-103,,,,,0,10.0,195.68634815985962,96.59032286449202,51.73678980666223,2520.0,54.509731807835394,3964.74332209818,100.0,100.0,True,,synthetic_normal_checkpoint,sim_user,normal_checkpoint,gpu:1,normal_checkpoint
11.6,2026-01-01 00:00:11.600000+00:00,,syn-normal-checkpoint-103,syn-normal-checkpoint-103,,,,,0,10.0,193.67679744679901,90.63183059019879,50.97982527397916,2450.8614679605143,52.44568441047714,3910.6485885278307,100.0,100.0,True,,synthetic_normal_checkpoint,sim_user,normal_checkpoint,gpu:1,normal_checkpoint
11.7,2026-01-01 00:00:11.700000+00:00,,syn-normal-checkpoint-103,syn-normal-checkpoint-103,,,,,0,10.0,195.8584967949046,94.3819564054235,52.69964853351132,2520.0,53.594716637447696,4162.906376653919,100.0,100.0,True,,synthetic_normal_checkpoint,sim_user,normal_checkpoint,gpu:1,normal_checkpoint
11.8,2026-01-01 00:00:11.800000+00:00,,syn-normal-checkpoint-103,syn-normal-checkpoint-103,,,,,0,10.0,194.63176224549818,93.28043138761969,51.272847584179715,2520.0,53.24829564117698,4001.106542227618,100.0,100.0,True,,synthetic_normal_checkpoint,sim_user,normal_checkpoint,gpu:1,normal_checkpoint
11.9,2026-01-01 00:00:11.900000+00:00,,syn-normal-checkpoint-103,syn-normal-checkpoint-103,,,,,0,10.0,194.37902739625247,93.34702541771973,53.88557992958152,2520.0,53.38779996751966,4135.682212191729,100.0,100.0,True,,synthetic_normal_checkpoint,sim_user,normal_checkpoint,gpu:1,normal_checkpoint
12.0,2026-01-01 00:00:12+00:00,,syn-normal-checkpoint-103,syn-normal-checkpoint-103,,,,,0,10.0,193.00346250895507,94.93430403247045,54.19303156897156,2520.0,54.04951397252065,4304.061182715471,100.0,100.0,True,,synthetic_normal_checkpoint,sim_user,normal_checkpoint,gpu:1,normal_checkpoint
12.1,2026-01-01 00:00:12.100000+00:00,,syn-normal-checkpoint-103,syn-normal-checkpoint-103,,,,,0,10.0,193.02349729096028,95.31562888720852,56.81250724732046,2520.0,54.35076907510675,4481.304467121483,100.0,100.0,True,,synthetic_normal_checkpoint,sim_user,normal_checkpoint,gpu:1,normal_checkpoint
12.2,2026-01-01 00:00:12.200000+00:00,,syn-normal-checkpoint-103,syn-normal-checkpoint-103,,,,,0,10.0,190.99578543581038,92.70317215594231,53.10701635772684,2520.0,53.70698820339729,4056.4136250155398,100.0,100.0,True,,synthetic_normal_checkpoint,sim_user,normal_checkpoint,gpu:1,normal_checkpoint
12.3,2026-01-01 00:00:12.300000+00:00,,syn-normal-checkpoint-103,syn-normal-checkpoint-103,,,,,0,10.0,191.04720315259738,93.68938501308409,48.780159923406714,2474.226039746579,53.79240887089809,3743.8490601951066,100.0,100.0,True,,synthetic_normal_checkpoint,sim_user,normal_checkpoint,gpu:1,normal_checkpoint
12.4,2026-01-01 00:00:12.400000+00:00,,syn-normal-checkpoint-103,syn-normal-checkpoint-103,,,,,0,10.0,188.26248047500053,88.31145639785024,55.47935917091418,2396.5755760357247,52.46944550153009,4505.620040882195,100.0,100.0,True,,synthetic_normal_checkpoint,sim_user,normal_checkpoint,gpu:1,normal_checkpoint
12.5,2026-01-01 00:00:12.500000+00:00,,syn-normal-checkpoint-103,syn-normal-checkpoint-103,,,,,0,10.0,189.2118476426985,91.75520990911679,51.70968005980922,2488.512414454062,53.75466344967433,4085.36387367346,100.0,100.0,True,,synthetic_normal_checkpoint,sim_user,normal_checkpoint,gpu:1,normal_checkpoint
12.6,2026-01-01 00:00:12.600000+00:00,,syn-normal-checkpoint-103,syn-normal-checkpoint-103,,,,,0,10.0,189.23598984873522,88.01535812403075,42.7509323409675,2424.4723692033917,52.808278692855204,3358.752215510177,100.0,100.0,True,,synthetic_normal_checkpoint,sim_user,normal_checkpoint,gpu:1,normal_checkpoint
12.7,2026-01-01 00:00:12.700000+00:00,,syn-normal-checkpoint-103,syn-normal-checkpoint-103,,,,,0,10.0,190.54694424807312,90.26052562122115,52.20565190888249,2435.25490995037,53.63006640661983,4133.034745435028,100.0,100.0,True,,synthetic_normal_checkpoint,sim_user,normal_checkpoint,gpu:1,normal_checkpoint
12.8,2026-01-01 00:00:12.800000+00:00,,syn-normal-checkpoint-103,syn-normal-checkpoint-103,,,,,0,10.0,191.17795515133432,88.8609567612303,50.71673378053204,2447.498984797683,52.94497186260179,4077.6611372302423,100.0,100.0,True,,synthetic_normal_checkpoint,sim_user,normal_checkpoint,gpu:1,normal_checkpoint
12.9,2026-01-01 00:00:12.900000+00:00,,syn-normal-checkpoint-103,syn-normal-checkpoint-103,,,,,0,10.0,192.7684262821751,94.8227801538939,56.04416637537276,2520.0,54.90388176935442,4293.394680500933,100.0,100.0,True,,synthetic_normal_checkpoint,sim_user,normal_checkpoint,gpu:1,normal_checkpoint
13.0,2026-01-01 00:00:13+00:00,,syn-normal-checkpoint-103,syn-normal-checkpoint-103,,,,,0,10.0,191.3684998095505,90.62652365350294,55.79380164969852,2491.6023591132553,53.52194609535183,4284.846251140924,100.0,100.0,True,,synthetic_normal_checkpoint,sim_user,normal_checkpoint,gpu:1,normal_checkpoint
13.1,2026-01-01 00:00:13.100000+00:00,,syn-normal-checkpoint-103,syn-normal-checkpoint-103,,,,,0,10.0,191.4671272353158,93.09169407994723,52.63686517150345,2477.2239118482184,54.060321751298865,4166.888815836931,100.0,100.0,True,,synthetic_normal_checkpoint,sim_user,normal_checkpoint,gpu:1,normal_checkpoint
13.2,2026-01-01 00:00:13.200000+00:00,,syn-normal-checkpoint-103,syn-normal-checkpoint-103,,,,,0,10.0,189.69731668996778,87.82924890544237,45.7077086712717,2480.9254101928623,52.62109834367934,3698.595489544957,100.0,100.0,True,,synthetic_normal_checkpoint,sim_user,normal_checkpoint,gpu:1,normal_checkpoint
13.3,2026-01-01 00:00:13.300000+00:00,,syn-normal-checkpoint-103,syn-normal-checkpoint-103,,,,,0,10.0,192.3291805123074,92.57392351225025,55.33683676827753,2496.5109836666993,54.17618966319223,4308.467246221664,100.0,100.0,True,,synthetic_normal_checkpoint,sim_user,normal_checkpoint,gpu:1,normal_checkpoint
13.4,2026-01-01 00:00:13.400000+00:00,,syn-normal-checkpoint-103,syn-normal-checkpoint-103,,,,,0,10.0,192.10509027159873,93.61542204192702,50.02565365917272,2498.222104506222,54.01280989212981,3980.019825243509,100.0,100.0,True,,synthetic_normal_checkpoint,sim_user,normal_checkpoint,gpu:1,normal_checkpoint
13.5,2026-01-01 00:00:13.500000+00:00,,syn-normal-checkpoint-103,syn-normal-checkpoint-103,,,,,0,10.0,191.29782091089317,91.66976327357676,50.194697980067275,2430.0192289218476,53.3282209110482,3935.0300826103703,100.0,100.0,True,,synthetic_normal_checkpoint,sim_user,normal_checkpoint,gpu:1,normal_checkpoint
13.6,2026-01-01 00:00:13.600000+00:00,,syn-normal-checkpoint-103,syn-normal-checkpoint-103,,,,,0,10.0,191.57498659683495,92.04188470278586,53.28807871828032,2516.3415635038514,53.65178173903106,4125.571844472442,100.0,100.0,True,,synthetic_normal_checkpoint,sim_user,normal_checkpoint,gpu:1,normal_checkpoint
13.7,2026-01-01 00:00:13.700000+00:00,,syn-normal-checkpoint-103,syn-normal-checkpoint-103,,,,,0,10.0,189.97854360363502,90.97065734266452,48.55391079725289,2495.2305069891013,53.53537243718112,3824.8132269256007,100.0,100.0,True,,synthetic_normal_checkpoint,sim_user,normal_checkpoint,gpu:1,normal_checkpoint
13.8,2026-01-01 00:00:13.800000+00:00,,syn-normal-checkpoint-103,syn-normal-checkpoint-103,,,,,0,10.0,188.29963621262587,89.49682157453762,47.58052617729325,2440.859409826525,52.89182713000919,3778.581530556764,100.0,100.0,True,,synthetic_normal_checkpoint,sim_user,normal_checkpoint,gpu:1,normal_checkpoint
13.9,2026-01-01 00:00:13.900000+00:00,,syn-normal-checkpoint-103,syn-normal-checkpoint-103,,,,,0,10.0,186.87504358474,87.98247345261342,54.39595606633229,2347.246563613098,52.95056409176924,4235.974102115468,100.0,100.0,True,,synthetic_normal_checkpoint,sim_user,normal_checkpoint,gpu:1,normal_checkpoint
14.0,2026-01-01 00:00:14+00:00,,syn-normal-checkpoint-103,syn-normal-checkpoint-103,,,,,0,10.0,189.28410730809574,88.5352496464517,49.60539100265293,2420.844748940393,53.238540377699074,3944.8401776756555,100.0,100.0,True,,synthetic_normal_checkpoint,sim_user,normal_checkpoint,gpu:1,normal_checkpoint
14.1,2026-01-01 00:00:14.100000+00:00,,syn-normal-checkpoint-103,syn-normal-checkpoint-103,,,,,0,10.0,189.926776955128,92.71068895379244,53.318518120160256,2520.0,54.673995806887746,4111.288385733112,100.0,100.0,True,,synthetic_normal_checkpoint,sim_user,normal_checkpoint,gpu:1,normal_checkpoint
14.2,2026-01-01 00:00:14.200000+00:00,,syn-normal-checkpoint-103,syn-normal-checkpoint-103,,,,,0,10.0,189.57685348946507,90.44229016643973,49.1563838180915,2396.133023666389,53.879178573853636,3858.26952362871,100.0,100.0,True,,synthetic_normal_checkpoint,sim_user,normal_checkpoint,gpu:1,normal_checkpoint
14.3,2026-01-01 00:00:14.300000+00:00,,syn-normal-checkpoint-103,syn-normal-checkpoint-103,,,,,0,10.0,53.07820701797358,4.86307500705797,2.760012214302641,318.10096644088856,30.127509785684456,549.8988415623708,100.0,100.0,True,,synthetic_normal_checkpoint,sim_user,normal_checkpoint,gpu:1,normal_checkpoint
14.4,2026-01-01 00:00:14.400000+00:00,,syn-normal-checkpoint-103,syn-normal-checkpoint-103,,,,,0,10.0,55.93215646616403,7.168391382601257,2.196139676616724,385.6847309666077,30.81156221744514,568.3645978413983,100.0,100.0,True,,synthetic_normal_checkpoint,sim_user,normal_checkpoint,gpu:1,normal_checkpoint
14.5,2026-01-01 00:00:14.500000+00:00,,syn-normal-checkpoint-103,syn-normal-checkpoint-103,,,,,0,10.0,51.33921987226918,1.109929962998275,1.7020422144223013,296.746737822478,28.971963434318592,583.5720467083424,100.0,100.0,True,,synthetic_normal_checkpoint,sim_user,normal_checkpoint,gpu:1,normal_checkpoint
14.6,2026-01-01 00:00:14.600000+00:00,,syn-normal-checkpoint-103,syn-normal-checkpoint-103,,,,,0,10.0,50.3168312841557,0.25073312932133396,0.0,210.0,28.639115728959712,363.1477323343805,100.0,100.0,True,,synthetic_normal_checkpoint,sim_user,normal_checkpoint,gpu:1,normal_checkpoint
14.7,2026-01-01 00:00:14.700000+00:00,,syn-normal-checkpoint-103,syn-normal-checkpoint-103,,,,,0,10.0,58.94368807918684,5.705970696824392,3.0835049939861605,393.1744028009799,30.237840809321078,722.7489354234913,100.0,100.0,True,,synthetic_normal_checkpoint,sim_user,normal_checkpoint,gpu:1,normal_checkpoint
14.8,2026-01-01 00:00:14.800000+00:00,,syn-normal-checkpoint-103,syn-normal-checkpoint-103,,,,,0,10.0,48.76311796867849,5.594056051446559,1.215781525202982,396.7629844911973,29.965058191802363,612.745907374325,100.0,100.0,True,,synthetic_normal_checkpoint,sim_user,normal_checkpoint,gpu:1,normal_checkpoint
14.9,2026-01-01 00:00:14.900000+00:00,,syn-normal-checkpoint-103,syn-normal-checkpoint-103,,,,,0,10.0,53.29173967096543,4.298258647738899,12.889219431599663,314.6599550141751,29.544423909187998,1348.702288650475,100.0,100.0,True,,synthetic_normal_checkpoint,sim_user,normal_checkpoint,gpu:1,normal_checkpoint
15.0,2026-01-01 00:00:15+00:00,,syn-normal-checkpoint-103,syn-normal-checkpoint-103,,,,,0,10.0,61.36687329126053,11.354103409625415,10.763281502647832,497.21344761725885,31.300362301849738,1065.3379700137307,100.0,100.0,True,,synthetic_normal_checkpoint,sim_user,normal_checkpoint,gpu:1,normal_checkpoint
15.1,2026-01-01 00:00:15.100000+00:00,,syn-normal-checkpoint-103,syn-normal-checkpoint-103,,,,,0,10.0,55.92407402471493,2.829294702332774,0.0,329.73457307707855,28.798321182670225,443.4083304656375,100.0,100.0,True,,synthetic_normal_checkpoint,sim_user,normal_checkpoint,gpu:1,normal_checkpoint
15.2,2026-01-01 00:00:15.200000+00:00,,syn-normal-checkpoint-103,syn-normal-checkpoint-103,,,,,0,10.0,56.44540732867119,6.0454688796530816,0.0,320.33281793982246,29.658022706970947,395.69785950240237,100.0,100.0,True,,synthetic_normal_checkpoint,sim_user,normal_checkpoint,gpu:1,normal_checkpoint
15.3,2026-01-01 00:00:15.300000+00:00,,syn-normal-checkpoint-103,syn-normal-checkpoint-103,,,,,0,10.0,52.88959829164639,4.794172965686004,6.099697339786024,323.7736261876357,29.036164380788275,920.9850355719716,100.0,100.0,True,,synthetic_normal_checkpoint,sim_user,normal_checkpoint,gpu:1,normal_checkpoint
15.4,2026-01-01 00:00:15.400000+00:00,,syn-normal-checkpoint-103,syn-normal-checkpoint-103,,,,,0,10.0,51.05706685545395,2.300567797807892,1.5115986386537104,286.0483604075872,28.196195492481802,496.9543979048273,100.0,100.0,True,,synthetic_normal_checkpoint,sim_user,normal_checkpoint,gpu:1,normal_checkpoint
15.5,2026-01-01 00:00:15.500000+00:00,,syn-normal-checkpoint-103,syn-normal-checkpoint-103,,,,,0,10.0,59.36772224284952,10.87539813694988,3.7803551014519745,441.65977298163693,30.60179467795033,797.9804700714997,100.0,100.0,True,,synthetic_normal_checkpoint,sim_user,normal_checkpoint,gpu:1,normal_checkpoint
15.6,2026-01-01 00:00:15.600000+00:00,,syn-normal-checkpoint-103,syn-normal-checkpoint-103,,,,,0,10.0,53.90582157845547,4.537255861985558,4.730046006493467,335.9111493705685,28.842190987026925,742.6543458067935,100.0,100.0,True,,synthetic_normal_checkpoint,sim_user,normal_checkpoint,gpu:1,normal_checkpoint
15.7,2026-01-01 00:00:15.700000+00:00,,syn-normal-checkpoint-103,syn-normal-checkpoint-103,,,,,0,10.0,54.93985450653805,5.71789799061008,0.4921581905750423,341.48438799453754,29.454719230527896,379.32165601667464,100.0,100.0,True,,synthetic_normal_checkpoint,sim_user,normal_checkpoint,gpu:1,normal_checkpoint
15.8,2026-01-01 00:00:15.800000+00:00,,syn-normal-checkpoint-103,syn-normal-checkpoint-103,,,,,0,10.0,57.83877884557772,9.96692734180354,12.341043446098105,474.9309413933664,30.6557909742095,1550.1117529372939,100.0,100.0,True,,synthetic_normal_checkpoint,sim_user,normal_checkpoint,gpu:1,normal_checkpoint
15.9,2026-01-01 00:00:15.900000+00:00,,syn-normal-checkpoint-103,syn-normal-checkpoint-103,,,,,0,10.0,191.46535587098992,94.84919035148262,52.278583146894285,2520.0,54.48489406933491,4232.958530540487,100.0,100.0,True,,synthetic_normal_checkpoint,sim_user,normal_checkpoint,gpu:1,normal_checkpoint
16.0,2026-01-01 00:00:16+00:00,,syn-normal-checkpoint-103,syn-normal-checkpoint-103,,,,,0,10.0,190.1180219742623,91.44980330656908,46.0499396642862,2490.3115403028514,53.714715380350576,3734.601218941193,100.0,100.0,True,,synthetic_normal_checkpoint,sim_user,normal_checkpoint,gpu:1,normal_checkpoint
16.1,2026-01-01 00:00:16.100000+00:00,,syn-normal-checkpoint-103,syn-normal-checkpoint-103,,,,,0,10.0,188.70946786613052,88.97714699879826,42.63419737306466,2495.2947378083604,53.119944670124795,3420.7391660511967,100.0,100.0,True,,synthetic_normal_checkpoint,sim_user,normal_checkpoint,gpu:1,normal_checkpoint
16.2,2026-01-01 00:00:16.200000+00:00,,syn-normal-checkpoint-103,syn-normal-checkpoint-103,,,,,0,10.0,188.3433557595635,89.08921371772003,55.8798678949682,2419.2359039794082,53.173321306845004,4355.648718906402,100.0,100.0,True,,synthetic_normal_checkpoint,sim_user,normal_checkpoint,gpu:1,normal_checkpoint
16.3,2026-01-01 00:00:16.300000+00:00,,syn-normal-checkpoint-103,syn-normal-checkpoint-103,,,,,0,10.0,188.59753371744026,92.23737300347256,48.76924637690625,2498.5334007345555,54.3276284887654,3865.4247129949176,100.0,100.0,True,,synthetic_normal_checkpoint,sim_user,normal_checkpoint,gpu:1,normal_checkpoint
16.4,2026-01-01 00:00:16.400000+00:00,,syn-normal-checkpoint-103,syn-normal-checkpoint-103,,,,,0,10.0,186.61117676030852,86.40259243277126,46.3064278618948,2400.357939636776,52.62002109198932,3926.2804720584154,100.0,100.0,True,,synthetic_normal_checkpoint,sim_user,normal_checkpoint,gpu:1,normal_checkpoint
16.5,2026-01-01 00:00:16.500000+00:00,,syn-normal-checkpoint-103,syn-normal-checkpoint-103,,,,,0,10.0,186.5846007496055,86.50588688365654,48.72627357200208,2368.904175387498,52.50792461062956,4048.3964320923187,100.0,100.0,True,,synthetic_normal_checkpoint,sim_user,normal_checkpoint,gpu:1,normal_checkpoint
16.6,2026-01-01 00:00:16.600000+00:00,,syn-normal-checkpoint-103,syn-normal-checkpoint-103,,,,,0,10.0,186.72198212927748,86.68638029770905,44.42222382227658,2366.304844335863,52.40419976262653,3463.002717122855,100.0,100.0,True,,synthetic_normal_checkpoint,sim_user,normal_checkpoint,gpu:1,normal_checkpoint
16.7,2026-01-01 00:00:16.700000+00:00,,syn-normal-checkpoint-103,syn-normal-checkpoint-103,,,,,0,10.0,187.51567245314976,91.16706608426625,45.203724763455895,2520.0,53.494830721488825,3639.6017456567124,100.0,100.0,True,,synthetic_normal_checkpoint,sim_user,normal_checkpoint,gpu:1,normal_checkpoint
16.8,2026-01-01 00:00:16.800000+00:00,,syn-normal-checkpoint-103,syn-normal-checkpoint-103,,,,,0,10.0,185.6329162345668,88.76162084369876,46.02461833820051,2435.9354726506363,53.010696815377884,3755.9215574576706,100.0,100.0,True,,synthetic_normal_checkpoint,sim_user,normal_checkpoint,gpu:1,normal_checkpoint
16.9,2026-01-01 00:00:16.900000+00:00,,syn-normal-checkpoint-103,syn-normal-checkpoint-103,,,,,0,10.0,185.0714606789209,85.74551463459531,48.32576355599116,2342.4231857503382,52.1897546641254,3870.5301175033974,100.0,100.0,True,,synthetic_normal_checkpoint,sim_user,normal_checkpoint,gpu:1,normal_checkpoint
17.0,2026-01-01 00:00:17+00:00,,syn-normal-checkpoint-103,syn-normal-checkpoint-103,,,,,0,10.0,185.61879838143173,86.37741864129947,47.649367511099584,2345.2895053236953,52.323422796561715,3675.236894394459,100.0,100.0,True,,synthetic_normal_checkpoint,sim_user,normal_checkpoint,gpu:1,normal_checkpoint
17.1,2026-01-01 00:00:17.100000+00:00,,syn-normal-checkpoint-103,syn-normal-checkpoint-103,,,,,0,10.0,185.59765649735468,87.82262490440785,45.02931047820989,2385.3287746187416,53.02705501012052,3588.6043973576056,100.0,100.0,True,,synthetic_normal_checkpoint,sim_user,normal_checkpoint,gpu:1,normal_checkpoint
17.2,2026-01-01 00:00:17.200000+00:00,,syn-normal-checkpoint-103,syn-normal-checkpoint-103,,,,,0,10.0,186.061566334318,87.0695184500108,46.52480287424212,2378.4658146175525,52.53844686948606,3738.1997114213045,100.0,100.0,True,,synthetic_normal_checkpoint,sim_user,normal_checkpoint,gpu:1,normal_checkpoint
17.3,2026-01-01 00:00:17.300000+00:00,,syn-normal-checkpoint-103,syn-normal-checkpoint-103,,,,,0,10.0,187.14171834497066,86.68789901581664,53.795318330803795,2395.307790383814,52.545999841259295,4266.931798606416,100.0,100.0,True,,synthetic_normal_checkpoint,sim_user,normal_checkpoint,gpu:1,normal_checkpoint
17.4,2026-01-01 00:00:17.400000+00:00,,syn-normal-checkpoint-103,syn-normal-checkpoint-103,,,,,0,10.0,186.07752733208474,86.43476634975032,51.83388918073781,2428.3787981853466,52.535712420256075,4105.245828051567,100.0,100.0,True,,synthetic_normal_checkpoint,sim_user,normal_checkpoint,gpu:1,normal_checkpoint
17.5,2026-01-01 00:00:17.500000+00:00,,syn-normal-checkpoint-103,syn-normal-checkpoint-103,,,,,0,10.0,187.2817058352309,88.46649063579227,47.33693296871613,2430.337900183149,52.63304068461949,3915.6226495120536,100.0,100.0,True,,synthetic_normal_checkpoint,sim_user,normal_checkpoint,gpu:1,normal_checkpoint
17.6,2026-01-01 00:00:17.600000+00:00,,syn-normal-checkpoint-103,syn-normal-checkpoint-103,,,,,0,10.0,186.95382068247366,87.42530085831757,49.31401150246727,2383.2509210085773,52.29254524972304,3863.5674828405804,100.0,100.0,True,,synthetic_normal_checkpoint,sim_user,normal_checkpoint,gpu:1,normal_checkpoint
17.7,2026-01-01 00:00:17.700000+00:00,,syn-normal-checkpoint-103,syn-normal-checkpoint-103,,,,,0,10.0,186.474449821916,88.27942570325165,48.44001392101575,2384.3668108151983,52.43813690061326,3768.4103291872184,100.0,100.0,True,,synthetic_normal_checkpoint,sim_user,normal_checkpoint,gpu:1,normal_checkpoint
17.8,2026-01-01 00:00:17.800000+00:00,,syn-normal-checkpoint-103,syn-normal-checkpoint-103,,,,,0,10.0,187.32726642809618,88.14721241047802,50.51863146721081,2419.678579085868,52.329960868088364,3975.7628066172047,100.0,100.0,True,,synthetic_normal_checkpoint,sim_user,normal_checkpoint,gpu:1,normal_checkpoint
17.9,2026-01-01 00:00:17.900000+00:00,,syn-normal-checkpoint-103,syn-normal-checkpoint-103,,,,,0,10.0,187.99987681814696,87.83451574037568,56.85681364215747,2403.809681912202,52.44685704605808,4269.188831316141,100.0,100.0,True,,synthetic_normal_checkpoint,sim_user,normal_checkpoint,gpu:1,normal_checkpoint
18.0,2026-01-01 00:00:18+00:00,,syn-normal-checkpoint-103,syn-normal-checkpoint-103,,,,,0,10.0,189.42582761087323,91.06148916526894,48.32522671303727,2520.0,53.15800584950701,3936.9905636024196,100.0,100.0,True,,synthetic_normal_checkpoint,sim_user,normal_checkpoint,gpu:1,normal_checkpoint
18.1,2026-01-01 00:00:18.100000+00:00,,syn-normal-checkpoint-103,syn-normal-checkpoint-103,,,,,0,10.0,188.31470184316674,90.42860525440126,51.92789238545961,2478.3899924431526,52.97900575161882,4087.112442855026,100.0,100.0,True,,synthetic_normal_checkpoint,sim_user,normal_checkpoint,gpu:1,normal_checkpoint
18.2,2026-01-01 00:00:18.200000+00:00,,syn-normal-checkpoint-103,syn-normal-checkpoint-103,,,,,0,10.0,189.78221797499884,86.43040624079435,48.26909768113763,2394.957802061514,52.079698570324794,3719.7128343307363,100.0,100.0,True,,synthetic_normal_checkpoint,sim_user,normal_checkpoint,gpu:1,normal_checkpoint
18.3,2026-01-01 00:00:18.300000+00:00,,syn-normal-checkpoint-103,syn-normal-checkpoint-103,,,,,0,10.0,192.5401855232587,92.6603897910843,52.481947912008664,2520.0,54.06446872218081,4039.8345858959933,100.0,100.0,True,,synthetic_normal_checkpoint,sim_user,normal_checkpoint,gpu:1,normal_checkpoint
18.4,2026-01-01 00:00:18.400000+00:00,,syn-normal-checkpoint-103,syn-normal-checkpoint-103,,,,,0,10.0,191.55200941468996,90.55775250871754,49.88187246505962,2499.9835830975376,53.870302757605174,3861.0034803230715,100.0,100.0,True,,synthetic_normal_checkpoint,sim_user,normal_checkpoint,gpu:1,normal_checkpoint
18.5,2026-01-01 00:00:18.500000+00:00,,syn-normal-checkpoint-103,syn-normal-checkpoint-103,,,,,0,10.0,194.20008167132764,91.11258377753084,46.78416059998391,2503.3870795469716,54.410450899188724,3768.2244230257834,100.0,100.0,True,,synthetic_normal_checkpoint,sim_user,normal_checkpoint,gpu:1,normal_checkpoint
18.6,2026-01-01 00:00:18.600000+00:00,,syn-normal-checkpoint-103,syn-normal-checkpoint-103,,,,,0,10.0,194.39215432280986,94.78626612504851,49.87230985482679,2520.0,55.38268256262409,3870.966483981582,100.0,100.0,True,,synthetic_normal_checkpoint,sim_user,normal_checkpoint,gpu:1,normal_checkpoint
18.7,2026-01-01 00:00:18.700000+00:00,,syn-normal-checkpoint-103,syn-normal-checkpoint-103,,,,,0,10.0,195.23948307527337,94.32623565086104,43.811355577717414,2520.0,55.344942558657245,3491.841432899446,100.0,100.0,True,,synthetic_normal_checkpoint,sim_user,normal_checkpoint,gpu:1,normal_checkpoint
18.8,2026-01-01 00:00:18.800000+00:00,,syn-normal-checkpoint-103,syn-normal-checkpoint-103,,,,,0,10.0,194.60647614944745,94.54971437839475,47.77953053346634,2520.0,55.00313536207831,3915.431365352016,100.0,100.0,True,,synthetic_normal_checkpoint,sim_user,normal_checkpoint,gpu:1,normal_checkpoint
18.9,2026-01-01 00:00:18.900000+00:00,,syn-normal-checkpoint-103,syn-normal-checkpoint-103,,,,,0,10.0,193.27015492332157,91.47543431266219,48.89284728059898,2505.539143067329,54.17009623233051,3871.6455422965046,100.0,100.0,True,,synthetic_normal_checkpoint,sim_user,normal_checkpoint,gpu:1,normal_checkpoint
19.0,2026-01-01 00:00:19+00:00,,syn-normal-checkpoint-103,syn-normal-checkpoint-103,,,,,0,10.0,193.04098963931318,96.03791597409268,56.15016854982753,2520.0,55.45869985638054,4605.814503607478,100.0,100.0,True,,synthetic_normal_checkpoint,sim_user,normal_checkpoint,gpu:1,normal_checkpoint
19.1,2026-01-01 00:00:19.100000+00:00,,syn-normal-checkpoint-103,syn-normal-checkpoint-103,,,,,0,10.0,189.87928423499073,91.45569872206535,53.823940040444384,2489.932611904424,53.89797781899087,4283.608836778208,100.0,100.0,True,,synthetic_normal_checkpoint,sim_user,normal_checkpoint,gpu:1,normal_checkpoint
19.2,2026-01-01 00:00:19.200000+00:00,,syn-normal-checkpoint-103,syn-normal-checkpoint-103,,,,,0,10.0,188.25766384693705,88.19254552842058,48.592122602545714,2454.2903770230905,53.01131250006574,3778.2417483948366,100.0,100.0,True,,synthetic_normal_checkpoint,sim_user,normal_checkpoint,gpu:1,normal_checkpoint
19.3,2026-01-01 00:00:19.300000+00:00,,syn-normal-checkpoint-103,syn-normal-checkpoint-103,,,,,0,10.0,189.32889541451755,93.9283208154451,49.375608428253855,2520.0,54.225957681655096,3918.498084347781,100.0,100.0,True,,synthetic_normal_checkpoint,sim_user,normal_checkpoint,gpu:1,normal_checkpoint
19.4,2026-01-01 00:00:19.400000+00:00,,syn-normal-checkpoint-103,syn-normal-checkpoint-103,,,,,0,10.0,187.07543513381765,86.98452954184806,43.45591430864882,2354.6279913192434,52.05177983636487,3611.6104795605343,100.0,100.0,True,,synthetic_normal_checkpoint,sim_user,normal_checkpoint,gpu:1,normal_checkpoint
19.5,2026-01-01 00:00:19.500000+00:00,,syn-normal-checkpoint-103,syn-normal-checkpoint-103,,,,,0,10.0,186.16199294937417,91.14348605450402,43.95209598281388,2475.893385858802,53.37312935594948,3615.125924129775,100.0,100.0,True,,synthetic_normal_checkpoint,sim_user,normal_checkpoint,gpu:1,normal_checkpoint
19.6,2026-01-01 00:00:19.600000+00:00,,syn-normal-checkpoint-103,syn-normal-checkpoint-103,,,,,0,10.0,184.6809541572622,86.55679766171237,48.15184174849677,2366.6156999079344,51.603425317743685,3923.8333556672096,100.0,100.0,True,,synthetic_normal_checkpoint,sim_user,normal_checkpoint,gpu:1,normal_checkpoint
19.7,2026-01-01 00:00:19.700000+00:00,,syn-normal-checkpoint-103,syn-normal-checkpoint-103,,,,,0,10.0,183.32667648734432,85.06140253250813,49.341160177126696,2299.2500849155585,51.157883047840016,3864.4363384149533,100.0,100.0,True,,synthetic_normal_checkpoint,sim_user,normal_checkpoint,gpu:1,normal_checkpoint
19.8,2026-01-01 00:00:19.800000+00:00,,syn-normal-checkpoint-103,syn-normal-checkpoint-103,,,,,0,10.0,184.5717811584111,85.60095999437189,46.99973300747431,2382.3309149461825,51.111915788874384,3608.468943748433,100.0,100.0,True,,synthetic_normal_checkpoint,sim_user,normal_checkpoint,gpu:1,normal_checkpoint
19.9,2026-01-01 00:00:19.900000+00:00,,syn-normal-checkpoint-103,syn-normal-checkpoint-103,,,,,0,10.0,184.85863369904652,85.20889292528352,42.82745300022669,2338.80810406112,51.15370246518591,3283.3836268166538,100.0,100.0,True,,synthetic_normal_checkpoint,sim_user,normal_checkpoint,gpu:1,normal_checkpoint
20.0,2026-01-01 00:00:20+00:00,,syn-normal-checkpoint-103,syn-normal-checkpoint-103,,,,,0,10.0,185.73128767574786,85.93212722087348,43.34917427796041,2320.715345692568,51.28328364069203,3509.783555169839,100.0,100.0,True,,synthetic_normal_checkpoint,sim_user,normal_checkpoint,gpu:1,normal_checkpoint
20.1,2026-01-01 00:00:20.100000+00:00,,syn-normal-checkpoint-103,syn-normal-checkpoint-103,,,,,0,10.0,188.09245257892496,90.01702110618035,55.84130349188841,2458.9360833279297,52.17214383881176,4318.468533267716,100.0,100.0,True,,synthetic_normal_checkpoint,sim_user,normal_checkpoint,gpu:1,normal_checkpoint
20.2,2026-01-01 00:00:20.200000+00:00,,syn-normal-checkpoint-103,syn-normal-checkpoint-103,,,,,0,10.0,185.38261515479377,87.39410138505612,49.79553920828105,2444.212665959513,51.621509031474965,3929.6856476114817,100.0,100.0,True,,synthetic_normal_checkpoint,sim_user,normal_checkpoint,gpu:1,normal_checkpoint
20.3,2026-01-01 00:00:20.300000+00:00,,syn-normal-checkpoint-103,syn-normal-checkpoint-103,,,,,0,10.0,187.97353287044166,85.90427684113696,45.781377681649154,2393.3388172812092,51.050905118069906,3689.6409287746424,100.0,100.0,True,,synthetic_normal_checkpoint,sim_user,normal_checkpoint,gpu:1,normal_checkpoint
20.4,2026-01-01 00:00:20.400000+00:00,,syn-normal-checkpoint-103,syn-normal-checkpoint-103,,,,,0,10.0,193.26710102224732,92.93913243330027,55.059140606972896,2520.0,52.809731598175006,4331.399869887172,100.0,100.0,True,,synthetic_normal_checkpoint,sim_user,normal_checkpoint,gpu:1,normal_checkpoint
20.5,2026-01-01 00:00:20.500000+00:00,,syn-normal-checkpoint-103,syn-normal-checkpoint-103,,,,,0,10.0,194.2651226888583,90.13729248045237,50.32492216575374,2478.938628037474,52.46271798606384,3821.864615767947,100.0,100.0,True,,synthetic_normal_checkpoint,sim_user,normal_checkpoint,gpu:1,normal_checkpoint
20.6,2026-01-01 00:00:20.600000+00:00,,syn-normal-checkpoint-103,syn-normal-checkpoint-103,,,,,0,10.0,196.5815268178328,95.62571972783876,46.41695225543904,2520.0,54.4022236565993,3829.9196779817667,100.0,100.0,True,,synthetic_normal_checkpoint,sim_user,normal_checkpoint,gpu:1,normal_checkpoint
20.7,2026-01-01 00:00:20.700000+00:00,,syn-normal-checkpoint-103,syn-normal-checkpoint-103,,,,,0,10.0,195.24629878540557,92.82015297313617,52.263635760235786,2482.6756278637204,53.93144742607032,3973.6479599087043,100.0,100.0,True,,synthetic_normal_checkpoint,sim_user,normal_checkpoint,gpu:1,normal_checkpoint
20.8,2026-01-01 00:00:20.800000+00:00,,syn-normal-checkpoint-103,syn-normal-checkpoint-103,,,,,0,10.0,197.00216404241118,94.40496682088556,53.168257493128934,2520.0,53.959157651371996,4331.47420865309,100.0,100.0,True,,synthetic_normal_checkpoint,sim_user,normal_checkpoint,gpu:1,normal_checkpoint
20.9,2026-01-01 00:00:20.900000+00:00,,syn-normal-checkpoint-103,syn-normal-checkpoint-103,,,,,0,10.0,197.0510363256674,97.29024288537778,58.82105831315499,2520.0,54.84106293895961,4690.722705385866,100.0,100.0,True,,synthetic_normal_checkpoint,sim_user,normal_checkpoint,gpu:1,normal_checkpoint
21.0,2026-01-01 00:00:21+00:00,,syn-normal-checkpoint-103,syn-normal-checkpoint-103,,,,,0,10.0,195.40294594985266,89.7297977020979,46.553243439096754,2464.5305039283217,52.899085073760716,3604.27053508344,100.0,100.0,True,,synthetic_normal_checkpoint,sim_user,normal_checkpoint,gpu:1,normal_checkpoint
21.1,2026-01-01 00:00:21.100000+00:00,,syn-normal-checkpoint-103,syn-normal-checkpoint-103,,,,,0,10.0,196.80614738169072,99.23094101664759,57.70309080856279,2520.0,55.75759329335865,4450.879537484754,100.0,100.0,True,,synthetic_normal_checkpoint,sim_user,normal_checkpoint,gpu:1,normal_checkpoint
21.2,2026-01-01 00:00:21.200000+00:00,,syn-normal-checkpoint-103,syn-normal-checkpoint-103,,,,,0,10.0,195.8921575049612,100.0,57.97974358237563,2520.0,56.12733570352975,4426.575363829947,100.0,100.0,True,,synthetic_normal_checkpoint,sim_user,normal_checkpoint,gpu:1,normal_checkpoint
21.3,2026-01-01 00:00:21.300000+00:00,,syn-normal-checkpoint-103,syn-normal-checkpoint-103,,,,,0,10.0,193.3938758851442,94.81517727442709,53.68471815039655,2520.0,54.53866079701571,4322.378424425814,100.0,100.0,True,,synthetic_normal_checkpoint,sim_user,normal_checkpoint,gpu:1,normal_checkpoint
21.4,2026-01-01 00:00:21.400000+00:00,,syn-normal-checkpoint-103,syn-normal-checkpoint-103,,,,,0,10.0,190.55573798117447,91.97758300126333,50.872688705052724,2514.6170676387987,53.557600718459994,3999.3119229261492,100.0,100.0,True,,synthetic_normal_checkpoint,sim_user,normal_checkpoint,gpu:1,normal_checkpoint
21.5,2026-01-01 00:00:21.500000+00:00,,syn-normal-checkpoint-103,syn-normal-checkpoint-103,,,,,0,10.0,189.80331148674688,88.96605908611899,49.22919997571343,2452.5668677605277,52.69291255601742,3858.495564936198,100.0,100.0,True,,synthetic_normal_checkpoint,sim_user,normal_checkpoint,gpu:1,normal_checkpoint
21.6,2026-01-01 00:00:21.600000+00:00,,syn-normal-checkpoint-103,syn-normal-checkpoint-103,,,,,0,10.0,189.10421767985028,92.12390852628458,50.32743779721093,2508.18964359424,53.61750600531317,3930.6870331736154,100.0,100.0,True,,synthetic_normal_checkpoint,sim_user,normal_checkpoint,gpu:1,normal_checkpoint
21.7,2026-01-01 00:00:21.700000+00:00,,syn-normal-checkpoint-103,syn-normal-checkpoint-103,,,,,0,10.0,188.92061474189066,89.41828320377712,49.94088281307276,2447.0526265136846,52.91104322889651,3807.783081176769,100.0,100.0,True,,synthetic_normal_checkpoint,sim_user,normal_checkpoint,gpu:1,normal_checkpoint
21.8,2026-01-01 00:00:21.800000+00:00,,syn-normal-checkpoint-103,syn-normal-checkpoint-103,,,,,0,10.0,188.11424219807296,88.71199191248063,51.6600027903934,2419.9407305355,53.06376959442647,3953.6217139296937,100.0,100.0,True,,synthetic_normal_checkpoint,sim_user,normal_checkpoint,gpu:1,normal_checkpoint
21.9,2026-01-01 00:00:21.900000+00:00,,syn-normal-checkpoint-103,syn-normal-checkpoint-103,,,,,0,10.0,188.36131773415255,87.83390503238142,48.09852076201669,2425.6833637829454,52.56128222314884,3742.9871427596286,100.0,100.0,True,,synthetic_normal_checkpoint,sim_user,normal_checkpoint,gpu:1,normal_checkpoint
22.0,2026-01-01 00:00:22+00:00,,syn-normal-checkpoint-103,syn-normal-checkpoint-103,,,,,0,10.0,189.8960434360934,93.24669213180843,48.80466073986427,2520.0,53.983105113095384,3859.523093988169,100.0,100.0,True,,synthetic_normal_checkpoint,sim_user,normal_checkpoint,gpu:1,normal_checkpoint
22.1,2026-01-01 00:00:22.100000+00:00,,syn-normal-checkpoint-103,syn-normal-checkpoint-103,,,,,0,10.0,188.10146329415684,91.016124052174,48.6257094058005,2462.198575744533,53.20316286952937,3906.1803616297716,100.0,100.0,True,,synthetic_normal_checkpoint,sim_user,normal_checkpoint,gpu:1,normal_checkpoint
22.2,2026-01-01 00:00:22.200000+00:00,,syn-normal-checkpoint-103,syn-normal-checkpoint-103,,,,,0,10.0,185.74685460199515,84.90472884639073,45.5512934449585,2341.562215887758,51.45209385540799,3621.87214789797,100.0,100.0,True,,synthetic_normal_checkpoint,sim_user,normal_checkpoint,gpu:1,normal_checkpoint
22.3,2026-01-01 00:00:22.300000+00:00,,syn-normal-checkpoint-103,syn-normal-checkpoint-103,,,,,0,10.0,186.85543814049052,88.2996830677642,47.523717300638424,2515.7638418858605,52.48069730433217,3691.1077648289433,100.0,100.0,True,,synthetic_normal_checkpoint,sim_user,normal_checkpoint,gpu:1,normal_checkpoint
22.4,2026-01-01 00:00:22.400000+00:00,,syn-normal-checkpoint-103,syn-normal-checkpoint-103,,,,,0,10.0,185.4533269945675,84.97620098645442,46.883315493433315,2363.344539661405,51.503591249857344,3919.88690742591,100.0,100.0,True,,synthetic_normal_checkpoint,sim_user,normal_checkpoint,gpu:1,normal_checkpoint
22.5,2026-01-01 00:00:22.500000+00:00,,syn-normal-checkpoint-103,syn-normal-checkpoint-103,,,,,0,10.0,188.53530922885224,91.43618809852977,44.39574825405663,2492.715795150565,53.06082993071187,3629.7416867182155,100.0,100.0,True,,synthetic_normal_checkpoint,sim_user,normal_checkpoint,gpu:1,normal_checkpoint
22.6,2026-01-01 00:00:22.600000+00:00,,syn-normal-checkpoint-103,syn-normal-checkpoint-103,,,,,0,10.0,188.54029099257093,87.72799562829103,49.676437337506535,2390.290817182902,52.21725082453339,3737.5913750629657,100.0,100.0,True,,synthetic_normal_checkpoint,sim_user,normal_checkpoint,gpu:1,normal_checkpoint
22.7,2026-01-01 00:00:22.700000+00:00,,syn-normal-checkpoint-103,syn-normal-checkpoint-103,,,,,0,10.0,187.57695040466683,88.81934581112837,56.690276033070575,2436.0506519666296,52.35264922054367,4257.478906915211,100.0,100.0,True,,synthetic_normal_checkpoint,sim_user,normal_checkpoint,gpu:1,normal_checkpoint
22.8,2026-01-01 00:00:22.800000+00:00,,syn-normal-checkpoint-103,syn-normal-checkpoint-103,,,,,0,10.0,186.34747896423636,89.33185990365457,52.71095878078217,2477.4760744466334,52.549682660501695,4153.7071278462045,100.0,100.0,True,,synthetic_normal_checkpoint,sim_user,normal_checkpoint,gpu:1,normal_checkpoint
22.9,2026-01-01 00:00:22.900000+00:00,,syn-normal-checkpoint-103,syn-normal-checkpoint-103,,,,,0,10.0,188.23954420459293,88.97628098674926,46.75044017522561,2368.449308886732,52.46663868632172,3791.737996114707,100.0,100.0,True,,synthetic_normal_checkpoint,sim_user,normal_checkpoint,gpu:1,normal_checkpoint
23.0,2026-01-01 00:00:23+00:00,,syn-normal-checkpoint-103,syn-normal-checkpoint-103,,,,,0,10.0,189.20157011197742,87.46861936176944,42.31659468346693,2404.350771060127,52.26068184529025,3444.4440916562035,100.0,100.0,True,,synthetic_normal_checkpoint,sim_user,normal_checkpoint,gpu:1,normal_checkpoint
23.1,2026-01-01 00:00:23.100000+00:00,,syn-normal-checkpoint-103,syn-normal-checkpoint-103,,,,,0,10.0,190.23767148980053,89.72010146194921,48.47961896181024,2450.6695038300036,53.32037076951729,3825.216676625672,100.0,100.0,True,,synthetic_normal_checkpoint,sim_user,normal_checkpoint,gpu:1,normal_checkpoint
23.2,2026-01-01 00:00:23.200000+00:00,,syn-normal-checkpoint-103,syn-normal-checkpoint-103,,,,,0,10.0,191.78808662594358,88.87324492046267,47.78536781004596,2483.151872004101,53.11579896919036,3734.3333104632047,100.0,100.0,True,,synthetic_normal_checkpoint,sim_user,normal_checkpoint,gpu:1,normal_checkpoint
23.3,2026-01-01 00:00:23.300000+00:00,,syn-normal-checkpoint-103,syn-normal-checkpoint-103,,,,,0,10.0,193.69800740821782,95.70085778569991,52.79128346384879,2520.0,55.23588013300407,4107.1656464143325,100.0,100.0,True,,synthetic_normal_checkpoint,sim_user,normal_checkpoint,gpu:1,normal_checkpoint
23.4,2026-01-01 00:00:23.400000+00:00,,syn-normal-checkpoint-103,syn-normal-checkpoint-103,,,,,0,10.0,192.97834663378313,94.23507531052935,48.17015599542179,2520.0,54.882049657463554,3785.524090881182,100.0,100.0,True,,synthetic_normal_checkpoint,sim_user,normal_checkpoint,gpu:1,normal_checkpoint
23.5,2026-01-01 00:00:23.500000+00:00,,syn-normal-checkpoint-103,syn-normal-checkpoint-103,,,,,0,10.0,191.50174934118397,87.85357348353946,44.72354421491529,2360.5254950935296,53.22403468986214,3522.989839338151,100.0,100.0,True,,synthetic_normal_checkpoint,sim_user,normal_checkpoint,gpu:1,normal_checkpoint
23.6,2026-01-01 00:00:23.600000+00:00,,syn-normal-checkpoint-103,syn-normal-checkpoint-103,,,,,0,10.0,195.33119462560597,91.47542600447467,52.74581366080494,2474.3385017468386,54.09294877452134,4058.1721000178386,100.0,100.0,True,,synthetic_normal_checkpoint,sim_user,normal_checkpoint,gpu:1,normal_checkpoint
23.7,2026-01-01 00:00:23.700000+00:00,,syn-normal-checkpoint-103,syn-normal-checkpoint-103,,,,,0,10.0,196.9248203517556,99.37941578800859,53.48414156387978,2520.0,56.43032829119156,4233.962187331742,100.0,100.0,True,,synthetic_normal_checkpoint,sim_user,normal_checkpoint,gpu:1,normal_checkpoint
23.8,2026-01-01 00:00:23.800000+00:00,,syn-normal-checkpoint-103,syn-normal-checkpoint-103,,,,,0,10.0,193.06278019680724,93.73658606086387,55.77482920274972,2520.0,54.82471146333426,4416.768276674718,100.0,100.0,True,,synthetic_normal_checkpoint,sim_user,normal_checkpoint,gpu:1,normal_checkpoint
23.9,2026-01-01 00:00:23.900000+00:00,,syn-normal-checkpoint-103,syn-normal-checkpoint-103,,,,,0,10.0,192.27074485746863,91.26083119871768,45.904548125908775,2511.7501398765135,54.094939277007455,3568.3355781092164,100.0,100.0,True,,synthetic_normal_checkpoint,sim_user,normal_checkpoint,gpu:1,normal_checkpoint
24.0,2026-01-01 00:00:24+00:00,,syn-normal-checkpoint-103,syn-normal-checkpoint-103,,,,,0,10.0,192.26617258668324,93.78460702594626,44.850469908103285,2520.0,54.73109584691213,3605.9105546850747,100.0,100.0,True,,synthetic_normal_checkpoint,sim_user,normal_checkpoint,gpu:1,normal_checkpoint
24.1,2026-01-01 00:00:24.100000+00:00,,syn-normal-checkpoint-103,syn-normal-checkpoint-103,,,,,0,10.0,191.67003215013048,92.23697228697728,52.52511192726119,2494.3224632843253,54.14620468729548,4163.466144081942,100.0,100.0,True,,synthetic_normal_checkpoint,sim_user,normal_checkpoint,gpu:1,normal_checkpoint
24.2,2026-01-01 00:00:24.200000+00:00,,syn-normal-checkpoint-103,syn-normal-checkpoint-103,,,,,0,10.0,191.5966953988885,93.08598985819147,47.36191609862588,2520.0,54.13477562084501,3587.0145052969597,100.0,100.0,True,,synthetic_normal_checkpoint,sim_user,normal_checkpoint,gpu:1,normal_checkpoint
24.3,2026-01-01 00:00:24.300000+00:00,,syn-normal-checkpoint-103,syn-normal-checkpoint-103,,,,,0,10.0,190.83576431715116,90.23180675319568,46.49800863682449,2496.06430746263,53.45887529479078,3745.0165784173505,100.0,100.0,True,,synthetic_normal_checkpoint,sim_user,normal_checkpoint,gpu:1,normal_checkpoint
24.4,2026-01-01 00:00:24.400000+00:00,,syn-normal-checkpoint-103,syn-normal-checkpoint-103,,,,,0,10.0,190.31410678308592,94.00081765248916,54.45397822074562,2520.0,54.299682222615104,4181.815258423232,100.0,100.0,True,,synthetic_normal_checkpoint,sim_user,normal_checkpoint,gpu:1,normal_checkpoint
24.5,2026-01-01 00:00:24.500000+00:00,,syn-normal-checkpoint-103,syn-normal-checkpoint-103,,,,,0,10.0,188.71546626871782,90.18973270408098,47.939532693504304,2432.3409445807747,53.335792121441955,3838.614925949418,100.0,100.0,True,,synthetic_normal_checkpoint,sim_user,normal_checkpoint,gpu:1,normal_checkpoint
24.6,2026-01-01 00:00:24.600000+00:00,,syn-normal-checkpoint-103,syn-normal-checkpoint-103,,,,,0,10.0,187.77996141106084,86.68540490788558,50.577223876572184,2359.0718683324767,52.331705845720954,4123.770756755254,100.0,100.0,True,,synthetic_normal_checkpoint,sim_user,normal_checkpoint,gpu:1,normal_checkpoint
24.7,2026-01-01 00:00:24.700000+00:00,,syn-normal-checkpoint-103,syn-normal-checkpoint-103,,,,,0,10.0,190.948040745376,90.98301241205162,47.469082619793575,2470.2417150148276,53.510735269058955,3770.8367328117465,100.0,100.0,True,,synthetic_normal_checkpoint,sim_user,normal_checkpoint,gpu:1,normal_checkpoint
24.8,2026-01-01 00:00:24.800000+00:00,,syn-normal-checkpoint-103,syn-normal-checkpoint-103,,,,,0,10.0,189.70546351593103,89.64178194328616,49.648273216172576,2446.516750062017,53.11462677218406,4035.785225542692,100.0,100.0,True,,synthetic_normal_checkpoint,sim_user,normal_checkpoint,gpu:1,normal_checkpoint
24.9,2026-01-01 00:00:24.900000+00:00,,syn-normal-checkpoint-103,syn-normal-checkpoint-103,,,,,0,10.0,189.75431809441875,91.13428343640149,51.77671556786337,2518.0904461305613,53.53833643733065,3901.720369926188,100.0,100.0,True,,synthetic_normal_checkpoint,sim_user,normal_checkpoint,gpu:1,normal_checkpoint
25.0,2026-01-01 00:00:25+00:00,,syn-normal-checkpoint-103,syn-normal-checkpoint-103,,,,,0,10.0,188.72936276035884,90.25842924884671,53.36814421738573,2420.004280120696,53.5842390989176,4168.619278276921,100.0,100.0,True,,synthetic_normal_checkpoint,sim_user,normal_checkpoint,gpu:1,normal_checkpoint
25.1,2026-01-01 00:00:25.100000+00:00,,syn-normal-checkpoint-103,syn-normal-checkpoint-103,,,,,0,10.0,187.28262401597678,89.00737561128847,51.76957942335495,2417.4884329356278,53.100643145920394,4045.163323258924,100.0,100.0,True,,synthetic_normal_checkpoint,sim_user,normal_checkpoint,gpu:1,normal_checkpoint
25.2,2026-01-01 00:00:25.200000+00:00,,syn-normal-checkpoint-103,syn-normal-checkpoint-103,,,,,0,10.0,187.61193824521493,87.26848350369498,46.41918551110021,2418.5735834948664,52.492163834421945,3844.156435986659,100.0,100.0,True,,synthetic_normal_checkpoint,sim_user,normal_checkpoint,gpu:1,normal_checkpoint
25.3,2026-01-01 00:00:25.300000+00:00,,syn-normal-checkpoint-103,syn-normal-checkpoint-103,,,,,0,10.0,188.90933350455316,90.2411643163755,48.25665425625101,2457.254396702805,53.43006777957447,3826.3114775435424,100.0,100.0,True,,synthetic_normal_checkpoint,sim_user,normal_checkpoint,gpu:1,normal_checkpoint
25.4,2026-01-01 00:00:25.400000+00:00,,syn-normal-checkpoint-103,syn-normal-checkpoint-103,,,,,0,10.0,188.87903314601164,88.60853264060238,52.251978772870494,2418.853568382264,52.85547399140171,4003.4392465806795,100.0,100.0,True,,synthetic_normal_checkpoint,sim_user,normal_checkpoint,gpu:1,normal_checkpoint
25.5,2026-01-01 00:00:25.500000+00:00,,syn-normal-checkpoint-103,syn-normal-checkpoint-103,,,,,0,10.0,191.24494795741782,94.5637194877497,56.029945788177216,2520.0,54.589200310882106,4350.509820031697,100.0,100.0,True,,synthetic_normal_checkpoint,sim_user,normal_checkpoint,gpu:1,normal_checkpoint
25.6,2026-01-01 00:00:25.600000+00:00,,syn-normal-checkpoint-103,syn-normal-checkpoint-103,,,,,0,10.0,188.7751033373217,87.38191907151915,51.841192334062534,2354.976424029127,52.7068840527418,4118.272534126141,100.0,100.0,True,,synthetic_normal_checkpoint,sim_user,normal_checkpoint,gpu:1,normal_checkpoint
25.7,2026-01-01 00:00:25.700000+00:00,,syn-normal-checkpoint-103,syn-normal-checkpoint-103,,,,,0,10.0,190.5891740901562,90.28462927343953,44.08514260777784,2505.645837703994,53.54727454329034,3456.299635347866,100.0,100.0,True,,synthetic_normal_checkpoint,sim_user,normal_checkpoint,gpu:1,normal_checkpoint
25.8,2026-01-01 00:00:25.800000+00:00,,syn-normal-checkpoint-103,syn-normal-checkpoint-103,,,,,0,10.0,191.01337898012187,90.07996694577484,43.402174794527454,2483.6699687881946,53.35030478509409,3467.2214796741764,100.0,100.0,True,,synthetic_normal_checkpoint,sim_user,normal_checkpoint,gpu:1,normal_checkpoint
25.9,2026-01-01 00:00:25.900000+00:00,,syn-normal-checkpoint-103,syn-normal-checkpoint-103,,,,,0,10.0,191.90622129062456,89.64914683107213,49.637268169372604,2456.6128917373767,52.95371874174893,3814.897773950472,100.0,100.0,True,,synthetic_normal_checkpoint,sim_user,normal_checkpoint,gpu:1,normal_checkpoint
26.0,2026-01-01 00:00:26+00:00,,syn-normal-checkpoint-103,syn-normal-checkpoint-103,,,,,0,10.0,191.5933367579824,92.30697052961794,46.57853601433441,2512.067029337654,53.789058051876715,3602.6875095633586,100.0,100.0,True,,synthetic_normal_checkpoint,sim_user,normal_checkpoint,gpu:1,normal_checkpoint
26.1,2026-01-01 00:00:26.100000+00:00,,syn-normal-checkpoint-103,syn-normal-checkpoint-103,,,,,0,10.0,189.77300370490437,90.96079453598712,48.20434997516551,2471.7305707328524,53.27907813231385,3691.7530037621564,100.0,100.0,True,,synthetic_normal_checkpoint,sim_user,normal_checkpoint,gpu:1,normal_checkpoint
26.2,2026-01-01 00:00:26.200000+00:00,,syn-normal-checkpoint-103,syn-normal-checkpoint-103,,,,,0,10.0,190.37275020031706,91.10554808921714,50.35671867781708,2513.8648367939613,53.470046620367334,3936.3743119825212,100.0,100.0,True,,synthetic_normal_checkpoint,sim_user,normal_checkpoint,gpu:1,normal_checkpoint
26.3,2026-01-01 00:00:26.300000+00:00,,syn-normal-checkpoint-103,syn-normal-checkpoint-103,,,,,0,10.0,188.8249874669251,92.83324235456496,49.86493496092223,2520.0,54.16255926589959,4055.530156011378,100.0,100.0,True,,synthetic_normal_checkpoint,sim_user,normal_checkpoint,gpu:1,normal_checkpoint
26.4,2026-01-01 00:00:26.400000+00:00,,syn-normal-checkpoint-103,syn-normal-checkpoint-103,,,,,0,10.0,188.36207384736224,88.30775372197758,49.11028489469192,2412.3577200247037,52.95867023047186,3737.6914051657986,100.0,100.0,True,,synthetic_normal_checkpoint,sim_user,normal_checkpoint,gpu:1,normal_checkpoint
26.5,2026-01-01 00:00:26.500000+00:00,,syn-normal-checkpoint-103,syn-normal-checkpoint-103,,,,,0,10.0,190.72187064169708,91.86968157974901,56.897515013172935,2444.928573830674,53.99810072735575,4390.063612760002,100.0,100.0,True,,synthetic_normal_checkpoint,sim_user,normal_checkpoint,gpu:1,normal_checkpoint
26.6,2026-01-01 00:00:26.600000+00:00,,syn-normal-checkpoint-103,syn-normal-checkpoint-103,,,,,0,10.0,189.56502569260084,90.40510375158395,45.32951991627133,2476.914802948267,53.5123074996219,3619.0077744859614,100.0,100.0,True,,synthetic_normal_checkpoint,sim_user,normal_checkpoint,gpu:1,normal_checkpoint
26.7,2026-01-01 00:00:26.700000+00:00,,syn-normal-checkpoint-103,syn-normal-checkpoint-103,,,,,0,10.0,189.84834793524493,90.95552422728228,50.40486867819253,2453.2638414866624,53.59611449109005,3883.7958462161,100.0,100.0,True,,synthetic_normal_checkpoint,sim_user,normal_checkpoint,gpu:1,normal_checkpoint
26.8,2026-01-01 00:00:26.800000+00:00,,syn-normal-checkpoint-103,syn-normal-checkpoint-103,,,,,0,10.0,189.7479583422255,87.7307148899928,45.453032044569895,2414.719848468101,52.660787855721864,3570.2431156993825,100.0,100.0,True,,synthetic_normal_checkpoint,sim_user,normal_checkpoint,gpu:1,normal_checkpoint
26.9,2026-01-01 00:00:26.900000+00:00,,syn-normal-checkpoint-103,syn-normal-checkpoint-103,,,,,0,10.0,192.9105465903377,89.85748765941715,47.87120728973717,2437.679441468097,53.36312420404347,3849.750591345814,100.0,100.0,True,,synthetic_normal_checkpoint,sim_user,normal_checkpoint,gpu:1,normal_checkpoint
27.0,2026-01-01 00:00:27+00:00,,syn-normal-checkpoint-103,syn-normal-checkpoint-103,,,,,0,10.0,196.69098842750705,96.38435391707478,48.5541667284104,2520.0,55.44902144124476,3716.2844202661586,100.0,100.0,True,,synthetic_normal_checkpoint,sim_user,normal_checkpoint,gpu:1,normal_checkpoint
27.1,2026-01-01 00:00:27.100000+00:00,,syn-normal-checkpoint-103,syn-normal-checkpoint-103,,,,,0,10.0,196.67149949041357,92.2747538572101,52.32993710976337,2520.0,53.845104997068034,3990.371745078913,100.0,100.0,True,,synthetic_normal_checkpoint,sim_user,normal_checkpoint,gpu:1,normal_checkpoint
27.2,2026-01-01 00:00:27.200000+00:00,,syn-normal-checkpoint-103,syn-normal-checkpoint-103,,,,,0,10.0,199.00163259243735,98.39022676623615,52.6706763629325,2520.0,55.39323206284615,4039.9921071691997,100.0,100.0,True,,synthetic_normal_checkpoint,sim_user,normal_checkpoint,gpu:1,normal_checkpoint
27.3,2026-01-01 00:00:27.300000+00:00,,syn-normal-checkpoint-103,syn-normal-checkpoint-103,,,,,0,10.0,199.1678562058988,99.34067152544341,61.064140165936166,2520.0,55.64833290775891,4619.369251399837,100.0,100.0,True,,synthetic_normal_checkpoint,sim_user,normal_checkpoint,gpu:1,normal_checkpoint
27.4,2026-01-01 00:00:27.400000+00:00,,syn-normal-checkpoint-103,syn-normal-checkpoint-103,,,,,0,10.0,196.38756258795792,93.34502315437304,55.13485577983508,2496.918573000846,53.854404528270045,4468.741980905366,100.0,100.0,True,,synthetic_normal_checkpoint,sim_user,normal_checkpoint,gpu:1,normal_checkpoint
27.5,2026-01-01 00:00:27.500000+00:00,,syn-normal-checkpoint-103,syn-normal-checkpoint-103,,,,,0,10.0,196.96500923861967,95.56176138503876,46.56954320029687,2520.0,54.574962066167195,3675.1668673873346,100.0,100.0,True,,synthetic_normal_checkpoint,sim_user,normal_checkpoint,gpu:1,normal_checkpoint
27.6,2026-01-01 00:00:27.600000+00:00,,syn-normal-checkpoint-103,syn-normal-checkpoint-103,,,,,0,10.0,197.58477273568894,95.63276238298063,54.9483631864251,2520.0,54.42070923076106,4425.436631624769,100.0,100.0,True,,synthetic_normal_checkpoint,sim_user,normal_checkpoint,gpu:1,normal_checkpoint
27.7,2026-01-01 00:00:27.700000+00:00,,syn-normal-checkpoint-103,syn-normal-checkpoint-103,,,,,0,10.0,196.84014372620794,97.87677538680406,52.73490456778606,2520.0,55.04236948251616,4146.626615232197,100.0,100.0,True,,synthetic_normal_checkpoint,sim_user,normal_checkpoint,gpu:1,normal_checkpoint
27.8,2026-01-01 00:00:27.800000+00:00,,syn-normal-checkpoint-103,syn-normal-checkpoint-103,,,,,0,10.0,197.01614353731708,99.24031374651938,53.45173202421779,2520.0,55.32360857340087,4332.903682646834,100.0,100.0,True,,synthetic_normal_checkpoint,sim_user,normal_checkpoint,gpu:1,normal_checkpoint
27.9,2026-01-01 00:00:27.900000+00:00,,syn-normal-checkpoint-103,syn-normal-checkpoint-103,,,,,0,10.0,193.5587249114516,94.38242909119465,56.392596226407264,2520.0,53.84163870710512,4322.599166060185,100.0,100.0,True,,synthetic_normal_checkpoint,sim_user,normal_checkpoint,gpu:1,normal_checkpoint
28.0,2026-01-01 00:00:28+00:00,,syn-normal-checkpoint-103,syn-normal-checkpoint-103,,,,,0,10.0,192.4344826486271,93.80844006081968,60.29555915267818,2520.0,53.8738843105925,4755.158275017835,100.0,100.0,True,,synthetic_normal_checkpoint,sim_user,normal_checkpoint,gpu:1,normal_checkpoint
28.1,2026-01-01 00:00:28.100000+00:00,,syn-normal-checkpoint-103,syn-normal-checkpoint-103,,,,,0,10.0,191.5690628210921,94.02228977919495,47.12832698403245,2520.0,53.766779138708415,3685.214075144958,100.0,100.0,True,,synthetic_normal_checkpoint,sim_user,normal_checkpoint,gpu:1,normal_checkpoint
28.2,2026-01-01 00:00:28.200000+00:00,,syn-normal-checkpoint-103,syn-normal-checkpoint-103,,,,,0,10.0,190.91591406551066,89.15449437372851,45.119361629831516,2460.5227946540526,52.42710989712446,3575.3025517654773,100.0,100.0,True,,synthetic_normal_checkpoint,sim_user,normal_checkpoint,gpu:1,normal_checkpoint
28.3,2026-01-01 00:00:28.300000+00:00,,syn-normal-checkpoint-103,syn-normal-checkpoint-103,,,,,0,10.0,190.93444473922548,90.9602464659359,46.67384964850327,2511.1311058176634,52.83347943814989,3599.7157858931337,100.0,100.0,True,,synthetic_normal_checkpoint,sim_user,normal_checkpoint,gpu:1,normal_checkpoint
28.4,2026-01-01 00:00:28.400000+00:00,,syn-normal-checkpoint-103,syn-normal-checkpoint-103,,,,,0,10.0,190.56156174393283,92.65641376417554,52.99394083744073,2519.0596929548733,53.32747687968222,4069.545905065592,100.0,100.0,True,,synthetic_normal_checkpoint,sim_user,normal_checkpoint,gpu:1,normal_checkpoint
28.5,2026-01-01 00:00:28.500000+00:00,,syn-normal-checkpoint-103,syn-normal-checkpoint-103,,,,,0,10.0,189.95358764457723,89.50057399777748,46.73481880059189,2414.659596673453,52.449987101587915,3738.9281793764535,100.0,100.0,True,,synthetic_normal_checkpoint,sim_user,normal_checkpoint,gpu:1,normal_checkpoint
28.6,2026-01-01 00:00:28.600000+00:00,,syn-normal-checkpoint-103,syn-normal-checkpoint-103,,,,,0,10.0,190.57375896669333,94.2587190443198,55.23097320561955,2520.0,54.1381202447103,4300.696553325934,100.0,100.0,True,,synthetic_normal_checkpoint,sim_user,normal_checkpoint,gpu:1,normal_checkpoint
28.7,2026-01-01 00:00:28.700000+00:00,,syn-normal-checkpoint-103,syn-normal-checkpoint-103,,,,,0,10.0,189.3115628315398,88.17901668470488,39.03351090408316,2463.689613597913,52.354024138953996,3216.4243136018686,100.0,100.0,True,,synthetic_normal_checkpoint,sim_user,normal_checkpoint,gpu:1,normal_checkpoint
28.8,2026-01-01 00:00:28.800000+00:00,,syn-normal-checkpoint-103,syn-normal-checkpoint-103,,,,,0,10.0,189.40128073095815,89.74820576303428,45.404108501461,2433.3270257367913,53.02856456258891,3676.9377052362197,100.0,100.0,True,,synthetic_normal_checkpoint,sim_user,normal_checkpoint,gpu:1,normal_checkpoint
28.9,2026-01-01 00:00:28.900000+00:00,,syn-normal-checkpoint-103,syn-normal-checkpoint-103,,,,,0,10.0,188.31623530770452,89.66471001905555,52.5662523206435,2496.353759391,53.06345176737233,4063.1915949190548,100.0,100.0,True,,synthetic_normal_checkpoint,sim_user,normal_checkpoint,gpu:1,normal_checkpoint
29.0,2026-01-01 00:00:29+00:00,,syn-normal-checkpoint-103,syn-normal-checkpoint-103,,,,,0,10.0,184.92459494288667,88.67435598103934,53.40904300306614,2426.920919613787,53.25423612864631,4119.180439496405,100.0,100.0,True,,synthetic_normal_checkpoint,sim_user,normal_checkpoint,gpu:1,normal_checkpoint
29.1,2026-01-01 00:00:29.100000+00:00,,syn-normal-checkpoint-103,syn-normal-checkpoint-103,,,,,0,10.0,182.59390973059033,83.96220673704948,41.428160722099435,2368.7320991468773,51.70906231849394,3334.349585709998,100.0,100.0,True,,synthetic_normal_checkpoint,sim_user,normal_checkpoint,gpu:1,normal_checkpoint
29.2,2026-01-01 00:00:29.200000+00:00,,syn-normal-checkpoint-103,syn-normal-checkpoint-103,,,,,0,10.0,182.97322674218645,85.28996307924044,41.33200022592675,2391.3396645843904,52.27308877648203,3408.9764042900597,100.0,100.0,True,,synthetic_normal_checkpoint,sim_user,normal_checkpoint,gpu:1,normal_checkpoint
29.3,2026-01-01 00:00:29.300000+00:00,,syn-normal-checkpoint-103,syn-normal-checkpoint-103,,,,,0,10.0,181.60992163147148,85.94104983773323,45.392130151674955,2328.696816106353,52.428705125718686,3694.487260745539,100.0,100.0,True,,synthetic_normal_checkpoint,sim_user,normal_checkpoint,gpu:1,normal_checkpoint
29.4,2026-01-01 00:00:29.400000+00:00,,syn-normal-checkpoint-103,syn-normal-checkpoint-103,,,,,0,10.0,180.60993664540115,84.7497161198222,44.698278917897674,2370.128847340022,52.33225723312486,3522.359091983492,100.0,100.0,True,,synthetic_normal_checkpoint,sim_user,normal_checkpoint,gpu:1,normal_checkpoint
29.5,2026-01-01 00:00:29.500000+00:00,,syn-normal-checkpoint-103,syn-normal-checkpoint-103,,,,,0,10.0,181.31249510221812,86.1713331627779,45.481864535931834,2367.052259374498,52.61011642612781,3570.980427077075,100.0,100.0,True,,synthetic_normal_checkpoint,sim_user,normal_checkpoint,gpu:1,normal_checkpoint
29.6,2026-01-01 00:00:29.600000+00:00,,syn-normal-checkpoint-103,syn-normal-checkpoint-103,,,,,0,10.0,179.97599323710452,82.47841720884708,42.291272513145486,2225.719405118905,51.653802829354944,3472.547258437485,100.0,100.0,True,,synthetic_normal_checkpoint,sim_user,normal_checkpoint,gpu:1,normal_checkpoint
29.7,2026-01-01 00:00:29.700000+00:00,,syn-normal-checkpoint-103,syn-normal-checkpoint-103,,,,,0,10.0,181.79942338206405,83.02168362570755,55.783701719294804,2304.102606065494,51.48155511847275,4169.085892304158,100.0,100.0,True,,synthetic_normal_checkpoint,sim_user,normal_checkpoint,gpu:1,normal_checkpoint
29.8,2026-01-01 00:00:29.800000+00:00,,syn-normal-checkpoint-103,syn-normal-checkpoint-103,,,,,0,10.0,183.76331830164548,80.70084053910885,48.169755758458095,2215.399717367021,51.00750479992858,3862.673677116361,100.0,100.0,True,,synthetic_normal_checkpoint,sim_user,normal_checkpoint,gpu:1,normal_checkpoint
29.9,2026-01-01 00:00:29.900000+00:00,,syn-normal-checkpoint-103,syn-normal-checkpoint-103,,,,,0,10.0,186.89946671950844,85.7192054158078,44.03152632310313,2315.231925369817,52.10762283822778,3453.5251547054336,100.0,100.0,True,,synthetic_normal_checkpoint,sim_user,normal_checkpoint,gpu:1,normal_checkpoint
30.0,2026-01-01 00:00:30+00:00,,syn-normal-checkpoint-103,syn-normal-checkpoint-103,,,,,0,10.0,189.12818064964654,88.74804733118644,46.06625539771793,2462.8515162603303,53.05625775255652,3534.8922193925723,100.0,100.0,True,,synthetic_normal_checkpoint,sim_user,normal_checkpoint,gpu:1,normal_checkpoint
30.1,2026-01-01 00:00:30.100000+00:00,,syn-normal-checkpoint-103,syn-normal-checkpoint-103,,,,,0,10.0,190.65661567355167,87.66065044732538,48.21451301715523,2423.622706343462,52.75692417746471,3760.749049413302,100.0,100.0,True,,synthetic_normal_checkpoint,sim_user,normal_checkpoint,gpu:1,normal_checkpoint
30.2,2026-01-01 00:00:30.200000+00:00,,syn-normal-checkpoint-103,syn-normal-checkpoint-103,,,,,0,10.0,190.7760759302418,89.89678747528016,51.44383180184519,2440.6456707002844,53.477892513518825,4026.43662471507,100.0,100.0,True,,synthetic_normal_checkpoint,sim_user,normal_checkpoint,gpu:1,normal_checkpoint
30.3,2026-01-01 00:00:30.300000+00:00,,syn-normal-checkpoint-103,syn-normal-checkpoint-103,,,,,0,10.0,193.0434321428718,93.82169613116146,58.17898803451425,2520.0,54.581020499312615,4497.580916073063,100.0,100.0,True,,synthetic_normal_checkpoint,sim_user,normal_checkpoint,gpu:1,normal_checkpoint
30.4,2026-01-01 00:00:30.400000+00:00,,syn-normal-checkpoint-103,syn-normal-checkpoint-103,,,,,0,10.0,190.1305079512048,89.30273167856384,54.088718352127685,2402.2685360454884,53.28665883847621,4176.636254975135,100.0,100.0,True,,synthetic_normal_checkpoint,sim_user,normal_checkpoint,gpu:1,normal_checkpoint
30.5,2026-01-01 00:00:30.500000+00:00,,syn-normal-checkpoint-103,syn-normal-checkpoint-103,,,,,0,10.0,191.00422170486067,92.68555580701668,52.13466500682469,2520.0,54.210643948962996,4139.8186442112865,100.0,100.0,True,,synthetic_normal_checkpoint,sim_user,normal_checkpoint,gpu:1,normal_checkpoint
30.6,2026-01-01 00:00:30.600000+00:00,,syn-normal-checkpoint-103,syn-normal-checkpoint-103,,,,,0,10.0,189.3216076763691,91.28010569142454,48.38676552368048,2447.061436833011,53.713073072421025,3904.1424825906406,100.0,100.0,True,,synthetic_normal_checkpoint,sim_user,normal_checkpoint,gpu:1,normal_checkpoint
30.7,2026-01-01 00:00:30.700000+00:00,,syn-normal-checkpoint-103,syn-normal-checkpoint-103,,,,,0,10.0,187.90393664959362,88.94592948782793,53.158213553978406,2411.9483004523663,53.28129960541887,4132.247714951366,100.0,100.0,True,,synthetic_normal_checkpoint,sim_user,normal_checkpoint,gpu:1,normal_checkpoint
30.8,2026-01-01 00:00:30.800000+00:00,,syn-normal-checkpoint-103,syn-normal-checkpoint-103,,,,,0,10.0,188.14214379312284,90.51120570048656,53.318912589975106,2458.3778981553055,53.709807910313835,4304.485114505163,100.0,100.0,True,,synthetic_normal_checkpoint,sim_user,normal_checkpoint,gpu:1,normal_checkpoint
30.9,2026-01-01 00:00:30.900000+00:00,,syn-normal-checkpoint-103,syn-normal-checkpoint-103,,,,,0,10.0,186.93278572895392,90.12067428278088,45.83794650104942,2489.572036388032,53.57602258453519,3790.893445919033,100.0,100.0,True,,synthetic_normal_checkpoint,sim_user,normal_checkpoint,gpu:1,normal_checkpoint
31.0,2026-01-01 00:00:31+00:00,,syn-normal-checkpoint-103,syn-normal-checkpoint-103,,,,,0,10.0,185.73826260797804,84.7872935284657,40.01539740619244,2380.305376895614,51.81889421399755,3296.5547435973053,100.0,100.0,True,,synthetic_normal_checkpoint,sim_user,normal_checkpoint,gpu:1,normal_checkpoint
31.1,2026-01-01 00:00:31.100000+00:00,,syn-normal-checkpoint-103,syn-normal-checkpoint-103,,,,,0,10.0,187.26577162248742,91.7738004616959,49.46454877310426,2467.9811598433976,53.598545331559336,3946.7060707534697,100.0,100.0,True,,synthetic_normal_checkpoint,sim_user,normal_checkpoint,gpu:1,normal_checkpoint
31.2,2026-01-01 00:00:31.200000+00:00,,syn-normal-checkpoint-103,syn-normal-checkpoint-103,,,,,0,10.0,184.49991760101872,83.21369665508863,46.94583671131472,2321.3641386251074,51.18488132603801,3878.7314802544374,100.0,100.0,True,,synthetic_normal_checkpoint,sim_user,normal_checkpoint,gpu:1,normal_checkpoint
31.3,2026-01-01 00:00:31.300000+00:00,,syn-normal-checkpoint-103,syn-normal-checkpoint-103,,,,,0,10.0,186.79422778229497,88.78046335575368,48.08184464184762,2445.659496437166,52.79393227757483,4095.251092855677,100.0,100.0,True,,synthetic_normal_checkpoint,sim_user,normal_checkpoint,gpu:1,normal_checkpoint
31.4,2026-01-01 00:00:31.400000+00:00,,syn-normal-checkpoint-103,syn-normal-checkpoint-103,,,,,0,10.0,185.32899463129758,86.09320067260849,45.07147079988268,2412.0080655196275,52.14186128772805,3675.945061398978,100.0,100.0,True,,synthetic_normal_checkpoint,sim_user,normal_checkpoint,gpu:1,normal_checkpoint
31.5,2026-01-01 00:00:31.500000+00:00,,syn-normal-checkpoint-103,syn-normal-checkpoint-103,,,,,0,10.0,186.70000297674557,87.0821115038434,44.02905781802749,2405.995384917494,52.55420054646048,3681.6607743647746,100.0,100.0,True,,synthetic_normal_checkpoint,sim_user,normal_checkpoint,gpu:1,normal_checkpoint
31.6,2026-01-01 00:00:31.600000+00:00,,syn-normal-checkpoint-103,syn-normal-checkpoint-103,,,,,0,10.0,186.05990806237284,88.21677999802682,54.43351945719405,2387.5743904447163,52.737431929637694,4486.161623000156,100.0,100.0,True,,synthetic_normal_checkpoint,sim_user,normal_checkpoint,gpu:1,normal_checkpoint
31.7,2026-01-01 00:00:31.700000+00:00,,syn-normal-checkpoint-103,syn-normal-checkpoint-103,,,,,0,10.0,186.20337136080684,87.11694625827221,47.23914615683134,2385.886414713437,52.45917161713032,3705.8038940242946,100.0,100.0,True,,synthetic_normal_checkpoint,sim_user,normal_checkpoint,gpu:1,normal_checkpoint
31.8,2026-01-01 00:00:31.800000+00:00,,syn-normal-checkpoint-103,syn-normal-checkpoint-103,,,,,0,10.0,186.16659488598867,87.48941783515214,44.070732843740146,2344.1475261121577,52.56902647600641,3390.553522690201,100.0,100.0,True,,synthetic_normal_checkpoint,sim_user,normal_checkpoint,gpu:1,normal_checkpoint
31.9,2026-01-01 00:00:31.900000+00:00,,syn-normal-checkpoint-103,syn-normal-checkpoint-103,,,,,0,10.0,188.1521082433887,89.05253777832635,44.643337443364395,2465.9588423314904,53.02273591614232,3480.3456412947953,100.0,100.0,True,,synthetic_normal_checkpoint,sim_user,normal_checkpoint,gpu:1,normal_checkpoint
32.0,2026-01-01 00:00:32+00:00,,syn-normal-checkpoint-103,syn-normal-checkpoint-103,,,,,0,10.0,187.25329175176404,86.78742672783045,49.19939878366287,2411.870475562996,52.25393497215305,3960.8726763033346,100.0,100.0,True,,synthetic_normal_checkpoint,sim_user,normal_checkpoint,gpu:1,normal_checkpoint
32.1,2026-01-01 00:00:32.100000+00:00,,syn-normal-checkpoint-103,syn-normal-checkpoint-103,,,,,0,10.0,189.7324412193845,90.62911772920656,45.400524637712564,2512.5808396381367,53.34804871678503,3365.9793834369193,100.0,100.0,True,,synthetic_normal_checkpoint,sim_user,normal_checkpoint,gpu:1,normal_checkpoint
32.2,2026-01-01 00:00:32.200000+00:00,,syn-normal-checkpoint-103,syn-normal-checkpoint-103,,,,,0,10.0,189.18653229267784,87.64524537180539,53.807330310301474,2411.2544617076223,52.32100560801518,4169.999583332859,100.0,100.0,True,,synthetic_normal_checkpoint,sim_user,normal_checkpoint,gpu:1,normal_checkpoint
32.3,2026-01-01 00:00:32.300000+00:00,,syn-normal-checkpoint-103,syn-normal-checkpoint-103,,,,,0,10.0,188.74835422004006,90.7081369004618,43.730271045396485,2489.8837658675243,53.022140036048256,3604.5924117153586,100.0,100.0,True,,synthetic_normal_checkpoint,sim_user,normal_checkpoint,gpu:1,normal_checkpoint
32.4,2026-01-01 00:00:32.400000+00:00,,syn-normal-checkpoint-103,syn-normal-checkpoint-103,,,,,0,10.0,189.841112376905,87.90234000017679,44.48538576397914,2374.0707248309445,52.250842621303015,3501.6369213627063,100.0,100.0,True,,synthetic_normal_checkpoint,sim_user,normal_checkpoint,gpu:1,normal_checkpoint
32.5,2026-01-01 00:00:32.500000+00:00,,syn-normal-checkpoint-103,syn-normal-checkpoint-103,,,,,0,10.0,192.426784535529,92.47297177994656,43.989637973269,2520.0,53.22865221822019,3547.687342719777,100.0,100.0,True,,synthetic_normal_checkpoint,sim_user,normal_checkpoint,gpu:1,normal_checkpoint
32.6,2026-01-01 00:00:32.600000+00:00,,syn-normal-checkpoint-103,syn-normal-checkpoint-103,,,,,0,10.0,194.17680552089075,92.05751350381625,52.3810629721407,2483.0551524314214,53.086964221120994,3916.543215430498,100.0,100.0,True,,synthetic_normal_checkpoint,sim_user,normal_checkpoint,gpu:1,normal_checkpoint
32.7,2026-01-01 00:00:32.700000+00:00,,syn-normal-checkpoint-103,syn-normal-checkpoint-103,,,,,0,10.0,194.39984532746814,96.23325342442259,46.468059119249794,2520.0,54.187337832729625,3648.5330961661534,100.0,100.0,True,,synthetic_normal_checkpoint,sim_user,normal_checkpoint,gpu:1,normal_checkpoint
32.8,2026-01-01 00:00:32.800000+00:00,,syn-normal-checkpoint-103,syn-normal-checkpoint-103,,,,,0,10.0,193.89186961468596,91.03884104980452,43.77555633747879,2492.752360393346,52.89045588036135,3400.374655591723,100.0,100.0,True,,synthetic_normal_checkpoint,sim_user,normal_checkpoint,gpu:1,normal_checkpoint
32.9,2026-01-01 00:00:32.900000+00:00,,syn-normal-checkpoint-103,syn-normal-checkpoint-103,,,,,0,10.0,196.7983242696053,97.2435156856678,55.293255773559586,2520.0,54.76786934642851,4199.879677927931,100.0,100.0,True,,synthetic_normal_checkpoint,sim_user,normal_checkpoint,gpu:1,normal_checkpoint
33.0,2026-01-01 00:00:33+00:00,,syn-normal-checkpoint-103,syn-normal-checkpoint-103,,,,,0,10.0,195.7924672349859,93.45175865222141,55.13294068576273,2480.909991060274,53.6063548872594,4396.448732787382,100.0,100.0,True,,synthetic_normal_checkpoint,sim_user,normal_checkpoint,gpu:1,normal_checkpoint
33.1,2026-01-01 00:00:33.100000+00:00,,syn-normal-checkpoint-103,syn-normal-checkpoint-103,,,,,0,10.0,199.5711675198513,93.37735715911327,48.41236122889631,2520.0,53.67526212831886,3697.0855662790127,100.0,100.0,True,,synthetic_normal_checkpoint,sim_user,normal_checkpoint,gpu:1,normal_checkpoint
33.2,2026-01-01 00:00:33.200000+00:00,,syn-normal-checkpoint-103,syn-normal-checkpoint-103,,,,,0,10.0,201.27454906950643,100.0,60.06947503976928,2520.0,55.62429898819762,4714.644340214533,100.0,100.0,True,,synthetic_normal_checkpoint,sim_user,normal_checkpoint,gpu:1,normal_checkpoint
33.3,2026-01-01 00:00:33.300000+00:00,,syn-normal-checkpoint-103,syn-normal-checkpoint-103,,,,,0,10.0,200.99859083218305,99.56267427115836,58.00891226507692,2520.0,55.53988330683567,4455.5159148636585,100.0,100.0,True,,synthetic_normal_checkpoint,sim_user,normal_checkpoint,gpu:1,normal_checkpoint
33.4,2026-01-01 00:00:33.400000+00:00,,syn-normal-checkpoint-103,syn-normal-checkpoint-103,,,,,0,10.0,199.093205109691,99.80906036566657,46.91447016628654,2520.0,55.672575642287924,3767.199317416297,100.0,100.0,True,,synthetic_normal_checkpoint,sim_user,normal_checkpoint,gpu:1,normal_checkpoint
33.5,2026-01-01 00:00:33.500000+00:00,,syn-normal-checkpoint-103,syn-normal-checkpoint-103,,,,,0,10.0,196.5619500747331,93.95669088625571,53.972363640215754,2520.0,54.13345187526876,4111.349549050511,100.0,100.0,True,,synthetic_normal_checkpoint,sim_user,normal_checkpoint,gpu:1,normal_checkpoint
33.6,2026-01-01 00:00:33.600000+00:00,,syn-normal-checkpoint-103,syn-normal-checkpoint-103,,,,,0,10.0,196.8218387754822,96.83974142765433,59.07047885489452,2520.0,54.76710240242811,4708.66423121044,100.0,100.0,True,,synthetic_normal_checkpoint,sim_user,normal_checkpoint,gpu:1,normal_checkpoint
33.7,2026-01-01 00:00:33.700000+00:00,,syn-normal-checkpoint-103,syn-normal-checkpoint-103,,,,,0,10.0,195.90416653181606,97.53404264402447,54.03354281739259,2520.0,54.994378539039005,4183.015878316623,100.0,100.0,True,,synthetic_normal_checkpoint,sim_user,normal_checkpoint,gpu:1,normal_checkpoint
33.8,2026-01-01 00:00:33.800000+00:00,,syn-normal-checkpoint-103,syn-normal-checkpoint-103,,,,,0,10.0,194.65115899230207,94.08470181053171,48.02760263801586,2520.0,54.02902803875484,3900.289426846495,100.0,100.0,True,,synthetic_normal_checkpoint,sim_user,normal_checkpoint,gpu:1,normal_checkpoint
33.9,2026-01-01 00:00:33.900000+00:00,,syn-normal-checkpoint-103,syn-normal-checkpoint-103,,,,,0,10.0,195.1827163855796,99.87053782559737,53.749459430921426,2520.0,55.64954564750114,4147.673640519154,100.0,100.0,True,,synthetic_normal_checkpoint,sim_user,normal_checkpoint,gpu:1,normal_checkpoint
34.0,2026-01-01 00:00:34+00:00,,syn-normal-checkpoint-103,syn-normal-checkpoint-103,,,,,0,10.0,189.7293433633062,90.26345942090023,46.305061578860425,2452.824440115019,52.79366231177037,3628.5369542937547,100.0,100.0,True,,synthetic_normal_checkpoint,sim_user,normal_checkpoint,gpu:1,normal_checkpoint
34.1,2026-01-01 00:00:34.100000+00:00,,syn-normal-checkpoint-103,syn-normal-checkpoint-103,,,,,0,10.0,190.21670511637436,93.10039951037031,52.19995246482263,2493.0853070049234,53.628802424343334,4100.724893202421,100.0,100.0,True,,synthetic_normal_checkpoint,sim_user,normal_checkpoint,gpu:1,normal_checkpoint
34.2,2026-01-01 00:00:34.200000+00:00,,syn-normal-checkpoint-103,syn-normal-checkpoint-103,,,,,0,10.0,188.5355027017714,88.30702305589257,52.94661924152112,2391.4889468775295,52.130761685554226,4078.9233284860643,100.0,100.0,True,,synthetic_normal_checkpoint,sim_user,normal_checkpoint,gpu:1,normal_checkpoint
34.3,2026-01-01 00:00:34.300000+00:00,,syn-normal-checkpoint-103,syn-normal-checkpoint-103,,,,,0,10.0,187.54166578861305,87.99923396211257,49.69479171653791,2363.8029060375225,52.059775878608384,3878.6883250963715,100.0,100.0,True,,synthetic_normal_checkpoint,sim_user,normal_checkpoint,gpu:1,normal_checkpoint
34.4,2026-01-01 00:00:34.400000+00:00,,syn-normal-checkpoint-103,syn-normal-checkpoint-103,,,,,0,10.0,187.54769184856406,88.76416015769372,50.40431939771656,2464.1665993630677,52.1441123383815,4000.029958770156,100.0,100.0,True,,synthetic_normal_checkpoint,sim_user,normal_checkpoint,gpu:1,normal_checkpoint
34.5,2026-01-01 00:00:34.500000+00:00,,syn-normal-checkpoint-103,syn-normal-checkpoint-103,,,,,0,10.0,188.681347773261,90.07626635211437,57.67218182449349,2503.7378616171654,52.742524026940764,4406.769905703806,100.0,100.0,True,,synthetic_normal_checkpoint,sim_user,normal_checkpoint,gpu:1,normal_checkpoint
34.6,2026-01-01 00:00:34.600000+00:00,,syn-normal-checkpoint-103,syn-normal-checkpoint-103,,,,,0,10.0,189.27861228181504,91.11823948450167,50.770837214535106,2516.5619987971572,52.96674749926364,4129.898094606112,100.0,100.0,True,,synthetic_normal_checkpoint,sim_user,normal_checkpoint,gpu:1,normal_checkpoint
34.7,2026-01-01 00:00:34.700000+00:00,,syn-normal-checkpoint-103,syn-normal-checkpoint-103,,,,,0,10.0,187.2168249453514,90.37325778416512,55.29280037949237,2463.429813644695,52.79578086110154,4141.3659873863935,100.0,100.0,True,,synthetic_normal_checkpoint,sim_user,normal_checkpoint,gpu:1,normal_checkpoint
34.8,2026-01-01 00:00:34.800000+00:00,,syn-normal-checkpoint-103,syn-normal-checkpoint-103,,,,,0,10.0,185.84528288372994,84.1912042858184,42.22978861660621,2302.6847781378697,51.395868725704965,3307.7859976010745,100.0,100.0,True,,synthetic_normal_checkpoint,sim_user,normal_checkpoint,gpu:1,normal_checkpoint
34.9,2026-01-01 00:00:34.900000+00:00,,syn-normal-checkpoint-103,syn-normal-checkpoint-103,,,,,0,10.0,187.51703989149027,89.75153708493463,47.20641628537031,2463.742694431613,53.13766450947705,3923.026799099405,100.0,100.0,True,,synthetic_normal_checkpoint,sim_user,normal_checkpoint,gpu:1,normal_checkpoint
35.0,2026-01-01 00:00:35+00:00,,syn-normal-checkpoint-103,syn-normal-checkpoint-103,,,,,0,10.0,188.68703142131668,89.11370593521896,52.51742629347689,2471.298996885874,52.888849715339084,4022.901520301162,100.0,100.0,True,,synthetic_normal_checkpoint,sim_user,normal_checkpoint,gpu:1,normal_checkpoint
35.1,2026-01-01 00:00:35.100000+00:00,,syn-normal-checkpoint-103,syn-normal-checkpoint-103,,,,,0,10.0,188.80665306985216,86.68838028007397,53.359674532589615,2378.5160043004926,52.27604401396174,4110.168936368636,100.0,100.0,True,,synthetic_normal_checkpoint,sim_user,normal_checkpoint,gpu:1,normal_checkpoint
35.2,2026-01-01 00:00:35.200000+00:00,,syn-normal-checkpoint-103,syn-normal-checkpoint-103,,,,,0,10.0,189.74499571918963,89.39361959857288,53.989768904885864,2416.5246823988987,53.115482210979586,4123.618825033256,100.0,100.0,True,,synthetic_normal_checkpoint,sim_user,normal_checkpoint,gpu:1,normal_checkpoint
35.3,2026-01-01 00:00:35.300000+00:00,,syn-normal-checkpoint-103,syn-normal-checkpoint-103,,,,,0,10.0,190.29485308786005,92.52976798008211,54.985661622295474,2464.7313863426675,53.98557460780956,4359.051549485429,100.0,100.0,True,,synthetic_normal_checkpoint,sim_user,normal_checkpoint,gpu:1,normal_checkpoint
35.4,2026-01-01 00:00:35.400000+00:00,,syn-normal-checkpoint-103,syn-normal-checkpoint-103,,,,,0,10.0,186.53912797646439,89.80617667422723,50.93175884742213,2482.535632494837,53.335667046059115,4109.767805644373,100.0,100.0,True,,synthetic_normal_checkpoint,sim_user,normal_checkpoint,gpu:1,normal_checkpoint
35.5,2026-01-01 00:00:35.500000+00:00,,syn-normal-checkpoint-103,syn-normal-checkpoint-103,,,,,0,10.0,185.84816658384167,85.25293976336893,50.44958255027971,2371.5318627027937,52.053179491323284,3956.3494887636357,100.0,100.0,True,,synthetic_normal_checkpoint,sim_user,normal_checkpoint,gpu:1,normal_checkpoint
35.6,2026-01-01 00:00:35.600000+00:00,,syn-normal-checkpoint-103,syn-normal-checkpoint-103,,,,,0,10.0,188.39791211166443,88.6461230838409,53.406878084198375,2426.99666571364,52.88967349280841,3986.852023718652,100.0,100.0,True,,synthetic_normal_checkpoint,sim_user,normal_checkpoint,gpu:1,normal_checkpoint
35.7,2026-01-01 00:00:35.700000+00:00,,syn-normal-checkpoint-103,syn-normal-checkpoint-103,,,,,0,10.0,189.31924754300954,89.38177631152425,49.11001205969845,2412.201865213797,52.58368520633147,3945.769201178616,100.0,100.0,True,,synthetic_normal_checkpoint,sim_user,normal_checkpoint,gpu:1,normal_checkpoint
35.8,2026-01-01 00:00:35.800000+00:00,,syn-normal-checkpoint-103,syn-normal-checkpoint-103,,,,,0,10.0,187.66062561503932,91.94768373704686,43.410413708495106,2520.0,53.51183173023657,3416.6190122043813,100.0,100.0,True,,synthetic_normal_checkpoint,sim_user,normal_checkpoint,gpu:1,normal_checkpoint
35.9,2026-01-01 00:00:35.900000+00:00,,syn-normal-checkpoint-103,syn-normal-checkpoint-103,,,,,0,10.0,188.72858676282746,89.3551187814706,45.964617538178935,2483.8796265044525,52.74367188280645,3449.228472738947,100.0,100.0,True,,synthetic_normal_checkpoint,sim_user,normal_checkpoint,gpu:1,normal_checkpoint
36.0,2026-01-01 00:00:36+00:00,,syn-normal-checkpoint-103,syn-normal-checkpoint-103,,,,,0,10.0,189.568451536928,88.85575377064234,57.19013429988294,2475.9647542040743,52.664270789169024,4359.1004975510405,100.0,100.0,True,,synthetic_normal_checkpoint,sim_user,normal_checkpoint,gpu:1,normal_checkpoint
36.1,2026-01-01 00:00:36.100000+00:00,,syn-normal-checkpoint-103,syn-normal-checkpoint-103,,,,,0,10.0,190.16621248213968,90.64785784160499,49.969780464122664,2519.3361179902126,52.87846457121405,3889.966270845931,100.0,100.0,True,,synthetic_normal_checkpoint,sim_user,normal_checkpoint,gpu:1,normal_checkpoint
36.2,2026-01-01 00:00:36.200000+00:00,,syn-normal-checkpoint-103,syn-normal-checkpoint-103,,,,,0,10.0,190.00823293300033,85.58948515609748,46.25212957817052,2361.2168748155723,51.494858578308744,3772.9414158275013,100.0,100.0,True,,synthetic_normal_checkpoint,sim_user,normal_checkpoint,gpu:1,normal_checkpoint
36.3,2026-01-01 00:00:36.300000+00:00,,syn-normal-checkpoint-103,syn-normal-checkpoint-103,,,,,0,10.0,193.64175716112996,93.0224058018459,48.325026474476914,2503.7660349962625,53.4771347417257,3763.5731879817986,100.0,100.0,True,,synthetic_normal_checkpoint,sim_user,normal_checkpoint,gpu:1,normal_checkpoint
36.4,2026-01-01 00:00:36.400000+00:00,,syn-normal-checkpoint-103,syn-normal-checkpoint-103,,,,,0,10.0,193.33339486656206,94.54268710595787,53.00364001736286,2520.0,53.90274257587419,4065.0372351574806,100.0,100.0,True,,synthetic_normal_checkpoint,sim_user,normal_checkpoint,gpu:1,normal_checkpoint
36.5,2026-01-01 00:00:36.500000+00:00,,syn-normal-checkpoint-103,syn-normal-checkpoint-103,,,,,0,10.0,192.07719599451585,92.6148625365524,48.85542550741067,2520.0,53.703904633984415,3949.412787807798,100.0,100.0,True,,synthetic_normal_checkpoint,sim_user,normal_checkpoint,gpu:1,normal_checkpoint
36.6,2026-01-01 00:00:36.600000+00:00,,syn-normal-checkpoint-103,syn-normal-checkpoint-103,,,,,0,10.0,192.29039789885223,88.2619336645183,52.593668515713965,2452.5738330722834,52.69586204467949,4046.862454703873,100.0,100.0,True,,synthetic_normal_checkpoint,sim_user,normal_checkpoint,gpu:1,normal_checkpoint
36.7,2026-01-01 00:00:36.700000+00:00,,syn-normal-checkpoint-103,syn-normal-checkpoint-103,,,,,0,10.0,193.10336517551053,97.28767761583121,55.609018374223446,2520.0,55.040518220594166,4352.475963807985,100.0,100.0,True,,synthetic_normal_checkpoint,sim_user,normal_checkpoint,gpu:1,normal_checkpoint
36.8,2026-01-01 00:00:36.800000+00:00,,syn-normal-checkpoint-103,syn-normal-checkpoint-103,,,,,0,10.0,191.23267435455608,92.43926910252523,43.36797221543767,2520.0,54.00662098701418,3705.5239064938582,100.0,100.0,True,,synthetic_normal_checkpoint,sim_user,normal_checkpoint,gpu:1,normal_checkpoint
36.9,2026-01-01 00:00:36.900000+00:00,,syn-normal-checkpoint-103,syn-normal-checkpoint-103,,,,,0,10.0,189.50518908902265,89.89199903242618,46.73491154545201,2440.4829256208313,53.62864146692144,3799.9084213521473,100.0,100.0,True,,synthetic_normal_checkpoint,sim_user,normal_checkpoint,gpu:1,normal_checkpoint
37.0,2026-01-01 00:00:37+00:00,,syn-normal-checkpoint-103,syn-normal-checkpoint-103,,,,,0,10.0,190.1392491548745,90.34656354946237,49.3089246440058,2490.47334049002,53.96441567250127,3732.1777839480756,100.0,100.0,True,,synthetic_normal_checkpoint,sim_user,normal_checkpoint,gpu:1,normal_checkpoint
37.1,2026-01-01 00:00:37.100000+00:00,,syn-normal-checkpoint-103,syn-normal-checkpoint-103,,,,,0,10.0,191.42236374999976,93.01780506360828,48.80172921669799,2520.0,54.76357746973048,3947.297679059561,100.0,100.0,True,,synthetic_normal_checkpoint,sim_user,normal_checkpoint,gpu:1,normal_checkpoint
37.2,2026-01-01 00:00:37.200000+00:00,,syn-normal-checkpoint-103,syn-normal-checkpoint-103,,,,,0,10.0,191.0826889748623,90.8604359351723,49.182479601728886,2514.931153441156,54.024845068266146,3968.5978883571124,100.0,100.0,True,,synthetic_normal_checkpoint,sim_user,normal_checkpoint,gpu:1,normal_checkpoint
37.3,2026-01-01 00:00:37.300000+00:00,,syn-normal-checkpoint-103,syn-normal-checkpoint-103,,,,,0,10.0,192.15263833929464,91.54009574412107,51.712061500305985,2444.7553006430107,54.574759179451554,4195.681681616065,100.0,100.0,True,,synthetic_normal_checkpoint,sim_user,normal_checkpoint,gpu:1,normal_checkpoint
37.4,2026-01-01 00:00:37.400000+00:00,,syn-normal-checkpoint-103,syn-normal-checkpoint-103,,,,,0,10.0,191.89001925608176,92.88109192503262,49.57045236746088,2520.0,54.90079365807905,3850.322576021307,100.0,100.0,True,,synthetic_normal_checkpoint,sim_user,normal_checkpoint,gpu:1,normal_checkpoint
37.5,2026-01-01 00:00:37.500000+00:00,,syn-normal-checkpoint-103,syn-normal-checkpoint-103,,,,,0,10.0,190.3411065637896,88.50125469276388,44.26116654168834,2402.6034355472266,53.88613578916289,3618.9433617576487,100.0,100.0,True,,synthetic_normal_checkpoint,sim_user,normal_checkpoint,gpu:1,normal_checkpoint
37.6,2026-01-01 00:00:37.600000+00:00,,syn-normal-checkpoint-103,syn-normal-checkpoint-103,,,,,0,10.0,192.70965713863197,93.673212735089,52.12746587517018,2520.0,55.267664604279126,3971.5831063212254,100.0,100.0,True,,synthetic_normal_checkpoint,sim_user,normal_checkpoint,gpu:1,normal_checkpoint
37.7,2026-01-01 00:00:37.700000+00:00,,syn-normal-checkpoint-103,syn-normal-checkpoint-103,,,,,0,10.0,191.72352528329978,89.63801604150603,47.56416115151757,2520.0,53.93666864156389,3873.730482384897,100.0,100.0,True,,synthetic_normal_checkpoint,sim_user,normal_checkpoint,gpu:1,normal_checkpoint
37.8,2026-01-01 00:00:37.800000+00:00,,syn-normal-checkpoint-103,syn-normal-checkpoint-103,,,,,0,10.0,191.84789129059536,92.50436202129549,47.86393564640386,2520.0,54.39206670972174,3845.2079129155372,100.0,100.0,True,,synthetic_normal_checkpoint,sim_user,normal_checkpoint,gpu:1,normal_checkpoint
37.9,2026-01-01 00:00:37.900000+00:00,,syn-normal-checkpoint-103,syn-normal-checkpoint-103,,,,,0,10.0,190.76670354164224,93.05016775646844,48.36044281010393,2520.0,54.5551832410935,3894.166470302628,100.0,100.0,True,,synthetic_normal_checkpoint,sim_user,normal_checkpoint,gpu:1,normal_checkpoint
38.0,2026-01-01 00:00:38+00:00,,syn-normal-checkpoint-103,syn-normal-checkpoint-103,,,,,0,10.0,188.80174549122893,90.76082354557046,56.92809493497397,2437.3835039772653,53.869021498662356,4578.47982668321,100.0,100.0,True,,synthetic_normal_checkpoint,sim_user,normal_checkpoint,gpu:1,normal_checkpoint
38.1,2026-01-01 00:00:38.100000+00:00,,syn-normal-checkpoint-103,syn-normal-checkpoint-103,,,,,0,10.0,189.02638501104357,91.49512819570104,50.66760197300055,2479.228323475628,54.20901031827225,3927.7254820377243,100.0,100.0,True,,synthetic_normal_checkpoint,sim_user,normal_checkpoint,gpu:1,normal_checkpoint
38.2,2026-01-01 00:00:38.200000+00:00,,syn-normal-checkpoint-103,syn-normal-checkpoint-103,,,,,0,10.0,188.76671442503957,88.94125547815948,45.3834856310511,2424.7381684254774,53.13110941920503,3427.8220258238566,100.0,100.0,True,,synthetic_normal_checkpoint,sim_user,normal_checkpoint,gpu:1,normal_checkpoint
38.3,2026-01-01 00:00:38.300000+00:00,,syn-normal-checkpoint-103,syn-normal-checkpoint-103,,,,,0,10.0,190.80336505833392,89.41070543792027,47.5020283883206,2454.23997283595,53.04875833160229,3606.5626808663046,100.0,100.0,True,,synthetic_normal_checkpoint,sim_user,normal_checkpoint,gpu:1,normal_checkpoint
38.4,2026-01-01 00:00:38.400000+00:00,,syn-normal-checkpoint-103,syn-normal-checkpoint-103,,,,,0,10.0,54.98267184161192,7.768915367283457,1.2450383131264418,420.51794927402653,30.141687265186746,539.9033990232781,100.0,100.0,True,,synthetic_normal_checkpoint,sim_user,normal_checkpoint,gpu:1,normal_checkpoint
38.5,2026-01-01 00:00:38.500000+00:00,,syn-normal-checkpoint-103,syn-normal-checkpoint-103,,,,,0,10.0,37.740275433269645,0.0,0.0,262.55436771464935,27.946411427779395,573.2540224903219,100.0,100.0,True,,synthetic_normal_checkpoint,sim_user,normal_checkpoint,gpu:1,normal_checkpoint
38.6,2026-01-01 00:00:38.600000+00:00,,syn-normal-checkpoint-103,syn-normal-checkpoint-103,,,,,0,10.0,61.529230624651795,8.108867101886988,2.003183822995454,399.49044998872006,30.135432105973795,353.1317018592123,100.0,100.0,True,,synthetic_normal_checkpoint,sim_user,normal_checkpoint,gpu:1,normal_checkpoint
38.7,2026-01-01 00:00:38.700000+00:00,,syn-normal-checkpoint-103,syn-normal-checkpoint-103,,,,,0,10.0,59.6910281994813,7.5728591522796425,6.3817311082746695,433.41137988569926,30.015693092821703,761.0143039455384,100.0,100.0,True,,synthetic_normal_checkpoint,sim_user,normal_checkpoint,gpu:1,normal_checkpoint
38.8,2026-01-01 00:00:38.800000+00:00,,syn-normal-checkpoint-103,syn-normal-checkpoint-103,,,,,0,10.0,47.103322686284784,0.0,0.0,220.1021674271931,27.894316527696994,445.95231804176206,100.0,100.0,True,,synthetic_normal_checkpoint,sim_user,normal_checkpoint,gpu:1,normal_checkpoint
38.9,2026-01-01 00:00:38.900000+00:00,,syn-normal-checkpoint-103,syn-normal-checkpoint-103,,,,,0,10.0,55.793473231535714,7.645183718987337,1.1615697121803783,417.0749783300643,29.758399501952308,369.69954542612675,100.0,100.0,True,,synthetic_normal_checkpoint,sim_user,normal_checkpoint,gpu:1,normal_checkpoint
39.0,2026-01-01 00:00:39+00:00,,syn-normal-checkpoint-103,syn-normal-checkpoint-103,,,,,0,10.0,54.95126068628009,6.837820906694997,7.934542660766191,389.2956107642933,29.662144313578278,917.3059181717293,100.0,100.0,True,,synthetic_normal_checkpoint,sim_user,normal_checkpoint,gpu:1,normal_checkpoint
39.1,2026-01-01 00:00:39.100000+00:00,,syn-normal-checkpoint-103,syn-normal-checkpoint-103,,,,,0,10.0,47.35102355572178,3.807958552527764,2.818696689900909,289.23005123623295,28.841156311837747,787.885338739887,100.0,100.0,True,,synthetic_normal_checkpoint,sim_user,normal_checkpoint,gpu:1,normal_checkpoint
39.2,2026-01-01 00:00:39.200000+00:00,,syn-normal-checkpoint-103,syn-normal-checkpoint-103,,,,,0,10.0,52.24300108683844,1.741012626313013,0.7971648696432997,296.9867060293721,28.230613303070477,569.9301241000418,100.0,100.0,True,,synthetic_normal_checkpoint,sim_user,normal_checkpoint,gpu:1,normal_checkpoint
39.3,2026-01-01 00:00:39.300000+00:00,,syn-normal-checkpoint-103,syn-normal-checkpoint-103,,,,,0,10.0,50.19794302889905,2.787736882692417,1.9710700673765327,247.3275200472784,28.356947429525547,527.4692101482383,100.0,100.0,True,,synthetic_normal_checkpoint,sim_user,normal_checkpoint,gpu:1,normal_checkpoint
39.4,2026-01-01 00:00:39.400000+00:00,,syn-normal-checkpoint-103,syn-normal-checkpoint-103,,,,,0,10.0,50.15615473179477,2.4866366512155897,0.5264835606967437,282.63829228708903,28.421026689660884,562.1244515874716,100.0,100.0,True,,synthetic_normal_checkpoint,sim_user,normal_checkpoint,gpu:1,normal_checkpoint
39.5,2026-01-01 00:00:39.500000+00:00,,syn-normal-checkpoint-103,syn-normal-checkpoint-103,,,,,0,10.0,51.98970410851527,0.0,2.4446914471734593,210.0,27.83116411538356,686.6415547722697,100.0,100.0,True,,synthetic_normal_checkpoint,sim_user,normal_checkpoint,gpu:1,normal_checkpoint
39.6,2026-01-01 00:00:39.600000+00:00,,syn-normal-checkpoint-103,syn-normal-checkpoint-103,,,,,0,10.0,56.35116505450842,6.409642536312433,0.3466659170835489,403.4250738810448,29.71459224131427,586.760834418415,100.0,100.0,True,,synthetic_normal_checkpoint,sim_user,normal_checkpoint,gpu:1,normal_checkpoint
39.7,2026-01-01 00:00:39.700000+00:00,,syn-normal-checkpoint-103,syn-normal-checkpoint-103,,,,,0,10.0,50.133403313675146,3.8536901450594288,0.0,290.7398802083531,29.08210461615417,398.22049814222254,100.0,100.0,True,,synthetic_normal_checkpoint,sim_user,normal_checkpoint,gpu:1,normal_checkpoint
39.8,2026-01-01 00:00:39.800000+00:00,,syn-normal-checkpoint-103,syn-normal-checkpoint-103,,,,,0,10.0,189.5193888130038,88.51064536327176,49.69020904104401,2370.7284535696517,53.079278593739545,3876.2703620815314,100.0,100.0,True,,synthetic_normal_checkpoint,sim_user,normal_checkpoint,gpu:1,normal_checkpoint
39.9,2026-01-01 00:00:39.900000+00:00,,syn-normal-checkpoint-103,syn-normal-checkpoint-103,,,,,0,10.0,192.05168525070596,89.24613503001187,43.790210503735636,2444.217567944737,53.44966958239659,3464.5036832776673,100.0,100.0,True,,synthetic_normal_checkpoint,sim_user,normal_checkpoint,gpu:1,normal_checkpoint
40.0,2026-01-01 00:00:40+00:00,,syn-normal-checkpoint-103,syn-normal-checkpoint-103,,,,,0,10.0,195.52727872219836,98.60714127319022,50.03913305337514,2520.0,55.890789181894206,3941.714640074225,100.0,100.0,True,,synthetic_normal_checkpoint,sim_user,normal_checkpoint,gpu:1,normal_checkpoint
40.1,2026-01-01 00:00:40.100000+00:00,,syn-normal-checkpoint-103,syn-normal-checkpoint-103,,,,,0,10.0,192.01141844713413,89.03087467686609,49.66848212215454,2445.3451237539975,53.25504685150633,3899.2808214131155,100.0,100.0,True,,synthetic_normal_checkpoint,sim_user,normal_checkpoint,gpu:1,normal_checkpoint
40.2,2026-01-01 00:00:40.200000+00:00,,syn-normal-checkpoint-103,syn-normal-checkpoint-103,,,,,0,10.0,194.86430197941016,96.52358698009769,60.8804538632711,2520.0,55.5465438874593,4681.141832938947,100.0,100.0,True,,synthetic_normal_checkpoint,sim_user,normal_checkpoint,gpu:1,normal_checkpoint
40.3,2026-01-01 00:00:40.300000+00:00,,syn-normal-checkpoint-103,syn-normal-checkpoint-103,,,,,0,10.0,193.2095532035339,93.11889733289657,50.79757093974395,2520.0,54.42172981783829,3963.3936451361556,100.0,100.0,True,,synthetic_normal_checkpoint,sim_user,normal_checkpoint,gpu:1,normal_checkpoint
40.4,2026-01-01 00:00:40.400000+00:00,,syn-normal-checkpoint-103,syn-normal-checkpoint-103,,,,,0,10.0,193.7405224795439,93.67383599905025,52.92827387021138,2500.9147205472896,54.66155516284952,4266.0289109111845,100.0,100.0,True,,synthetic_normal_checkpoint,sim_user,normal_checkpoint,gpu:1,normal_checkpoint
40.5,2026-01-01 00:00:40.500000+00:00,,syn-normal-checkpoint-103,syn-normal-checkpoint-103,,,,,0,10.0,193.0454771754947,91.33204134025044,45.48694268305314,2520.0,54.14700025538329,3686.8693666255635,100.0,100.0,True,,synthetic_normal_checkpoint,sim_user,normal_checkpoint,gpu:1,normal_checkpoint
40.6,2026-01-01 00:00:40.600000+00:00,,syn-normal-checkpoint-103,syn-normal-checkpoint-103,,,,,0,10.0,192.8663167986404,90.29782741634966,47.471932886468124,2399.8712606369136,53.91485233440841,4036.424926949485,100.0,100.0,True,,synthetic_normal_checkpoint,sim_user,normal_checkpoint,gpu:1,normal_checkpoint
40.7,2026-01-01 00:00:40.700000+00:00,,syn-normal-checkpoint-103,syn-normal-checkpoint-103,,,,,0,10.0,192.242927998425,94.77897309385475,60.089559965520124,2520.0,55.31034379981633,4810.0489371858,100.0,100.0,True,,synthetic_normal_checkpoint,sim_user,normal_checkpoint,gpu:1,normal_checkpoint
40.8,2026-01-01 00:00:40.800000+00:00,,syn-normal-checkpoint-103,syn-normal-checkpoint-103,,,,,0,10.0,188.7107951921798,93.40435550762741,51.80575925655225,2488.5251471634397,54.5012343902579,4116.4722101903035,100.0,100.0,True,,synthetic_normal_checkpoint,sim_user,normal_checkpoint,gpu:1,normal_checkpoint
40.9,2026-01-01 00:00:40.900000+00:00,,syn-normal-checkpoint-103,syn-normal-checkpoint-103,,,,,0,10.0,186.49339372191082,86.60593813216761,48.4072052586913,2353.6120564884573,52.683481798569844,3790.30045813368,100.0,100.0,True,,synthetic_normal_checkpoint,sim_user,normal_checkpoint,gpu:1,normal_checkpoint
41.0,2026-01-01 00:00:41+00:00,,syn-normal-checkpoint-103,syn-normal-checkpoint-103,,,,,0,10.0,187.1438546901169,91.10957182527366,47.153969472660826,2485.3072240761535,54.04552065296469,3868.9135141793595,100.0,100.0,True,,synthetic_normal_checkpoint,sim_user,normal_checkpoint,gpu:1,normal_checkpoint
41.1,2026-01-01 00:00:41.100000+00:00,,syn-normal-checkpoint-103,syn-normal-checkpoint-103,,,,,0,10.0,184.4612573712622,87.01264704812016,51.25425908717749,2417.3552420234355,52.802031384424886,3956.0960633868804,100.0,100.0,True,,synthetic_normal_checkpoint,sim_user,normal_checkpoint,gpu:1,normal_checkpoint
41.2,2026-01-01 00:00:41.200000+00:00,,syn-normal-checkpoint-103,syn-normal-checkpoint-103,,,,,0,10.0,182.62130619437895,87.42595560227142,49.9136810397675,2391.0935661124004,53.02892973555827,3866.0572542772184,100.0,100.0,True,,synthetic_normal_checkpoint,sim_user,normal_checkpoint,gpu:1,normal_checkpoint
41.3,2026-01-01 00:00:41.300000+00:00,,syn-normal-checkpoint-103,syn-normal-checkpoint-103,,,,,0,10.0,180.82109516481697,84.31024810736932,49.5532414405214,2315.7349717328375,52.186849361746816,3827.3577736938346,100.0,100.0,True,,synthetic_normal_checkpoint,sim_user,normal_checkpoint,gpu:1,normal_checkpoint
41.4,2026-01-01 00:00:41.400000+00:00,,syn-normal-checkpoint-103,syn-normal-checkpoint-103,,,,,0,10.0,181.45437365958418,83.73114174472411,49.4253732273239,2313.747227317388,51.76505650775135,4033.699757633473,100.0,100.0,True,,synthetic_normal_checkpoint,sim_user,normal_checkpoint,gpu:1,normal_checkpoint
41.5,2026-01-01 00:00:41.500000+00:00,,syn-normal-checkpoint-103,syn-normal-checkpoint-103,,,,,0,10.0,183.1533799617279,83.07667536624703,44.02220425151948,2355.0986282383933,51.24803765857375,3544.194527704171,100.0,100.0,True,,synthetic_normal_checkpoint,sim_user,normal_checkpoint,gpu:1,normal_checkpoint
41.6,2026-01-01 00:00:41.600000+00:00,,syn-normal-checkpoint-103,syn-normal-checkpoint-103,,,,,0,10.0,185.94190873230912,84.46452996665448,43.50639237962727,2314.567743497631,51.494842630701505,3297.164560673588,100.0,100.0,True,,synthetic_normal_checkpoint,sim_user,normal_checkpoint,gpu:1,normal_checkpoint
41.7,2026-01-01 00:00:41.700000+00:00,,syn-normal-checkpoint-103,syn-normal-checkpoint-103,,,,,0,10.0,187.8867042245799,88.89556075962139,48.43112549983191,2385.497122478281,53.07736878663047,3876.440421978493,100.0,100.0,True,,synthetic_normal_checkpoint,sim_user,normal_checkpoint,gpu:1,normal_checkpoint
41.8,2026-01-01 00:00:41.800000+00:00,,syn-normal-checkpoint-103,syn-normal-checkpoint-103,,,,,0,10.0,188.79262307172888,89.22052480264314,49.19793647832431,2445.9811977326094,53.32845789415026,3885.854980326002,100.0,100.0,True,,synthetic_normal_checkpoint,sim_user,normal_checkpoint,gpu:1,normal_checkpoint
41.9,2026-01-01 00:00:41.900000+00:00,,syn-normal-checkpoint-103,syn-normal-checkpoint-103,,,,,0,10.0,187.65423008198448,86.60137708004795,49.841235458507924,2376.549450861616,52.67535238997013,3828.1543412517926,100.0,100.0,True,,synthetic_normal_checkpoint,sim_user,normal_checkpoint,gpu:1,normal_checkpoint
42.0,2026-01-01 00:00:42+00:00,,syn-normal-checkpoint-103,syn-normal-checkpoint-103,,,,,0,10.0,190.68289488446445,87.6074927579839,47.533746028094576,2430.4120379077117,52.9020628105412,3631.458922339552,100.0,100.0,True,,synthetic_normal_checkpoint,sim_user,normal_checkpoint,gpu:1,normal_checkpoint
42.1,2026-01-01 00:00:42.100000+00:00,,syn-normal-checkpoint-103,syn-normal-checkpoint-103,,,,,0,10.0,192.56546738587883,90.42982085300069,43.27489252005243,2467.0407368829465,53.70271036044768,3422.1645080536427,100.0,100.0,True,,synthetic_normal_checkpoint,sim_user,normal_checkpoint,gpu:1,normal_checkpoint
42.2,2026-01-01 00:00:42.200000+00:00,,syn-normal-checkpoint-103,syn-normal-checkpoint-103,,,,,0,10.0,192.52592042574065,92.7999697015955,57.51607647771448,2502.784472422451,54.25346695074613,4442.576482243441,100.0,100.0,True,,synthetic_normal_checkpoint,sim_user,normal_checkpoint,gpu:1,normal_checkpoint
42.3,2026-01-01 00:00:42.300000+00:00,,syn-normal-checkpoint-103,syn-normal-checkpoint-103,,,,,0,10.0,190.9889965522467,92.77643648042499,53.886756397877605,2520.0,54.24825496182995,4176.687031721157,100.0,100.0,True,,synthetic_normal_checkpoint,sim_user,normal_checkpoint,gpu:1,normal_checkpoint
42.4,2026-01-01 00:00:42.400000+00:00,,syn-normal-checkpoint-103,syn-normal-checkpoint-103,,,,,0,10.0,188.76159997539614,91.61760123961282,45.3227757340962,2483.4349465298187,54.18648088170752,3718.8017610751026,100.0,100.0,True,,synthetic_normal_checkpoint,sim_user,normal_checkpoint,gpu:1,normal_checkpoint
42.5,2026-01-01 00:00:42.500000+00:00,,syn-normal-checkpoint-103,syn-normal-checkpoint-103,,,,,0,10.0,187.2484909961077,88.78560510044323,55.738111403162236,2352.278354135139,53.24465412282385,4312.642036337065,100.0,100.0,True,,synthetic_normal_checkpoint,sim_user,normal_checkpoint,gpu:1,normal_checkpoint
42.6,2026-01-01 00:00:42.600000+00:00,,syn-normal-checkpoint-103,syn-normal-checkpoint-103,,,,,0,10.0,188.0611653188489,90.6357641791869,44.88721619801737,2473.89563984737,53.502947980680446,3652.745112128521,100.0,100.0,True,,synthetic_normal_checkpoint,sim_user,normal_checkpoint,gpu:1,normal_checkpoint
42.7,2026-01-01 00:00:42.700000+00:00,,syn-normal-checkpoint-103,syn-normal-checkpoint-103,,,,,0,10.0,186.3813665824608,85.65731520197109,40.04420873769501,2356.7961266411044,52.13096984852261,3209.8791601922503,100.0,100.0,True,,synthetic_normal_checkpoint,sim_user,normal_checkpoint,gpu:1,normal_checkpoint
42.8,2026-01-01 00:00:42.800000+00:00,,syn-normal-checkpoint-103,syn-normal-checkpoint-103,,,,,0,10.0,188.7125262713632,92.7175104985835,45.77619424858658,2520.0,53.73265985888028,3658.39289018582,100.0,100.0,True,,synthetic_normal_checkpoint,sim_user,normal_checkpoint,gpu:1,normal_checkpoint
42.9,2026-01-01 00:00:42.900000+00:00,,syn-normal-checkpoint-103,syn-normal-checkpoint-103,,,,,0,10.0,187.0833832631291,88.73587904432445,54.0471652024042,2449.3146020631084,52.72355870982962,4192.777758535476,100.0,100.0,True,,synthetic_normal_checkpoint,sim_user,normal_checkpoint,gpu:1,normal_checkpoint
43.0,2026-01-01 00:00:43+00:00,,syn-normal-checkpoint-103,syn-normal-checkpoint-103,,,,,0,10.0,185.0661690626502,85.64959592043515,47.64469963969751,2348.3050983101048,51.85842089632956,3657.3945085561736,100.0,100.0,True,,synthetic_normal_checkpoint,sim_user,normal_checkpoint,gpu:1,normal_checkpoint
43.1,2026-01-01 00:00:43.100000+00:00,,syn-normal-checkpoint-103,syn-normal-checkpoint-103,,,,,0,10.0,184.6807844572875,85.10730421534898,44.697228557704804,2325.2437103009397,51.67060330835305,3617.107599728434,100.0,100.0,True,,synthetic_normal_checkpoint,sim_user,normal_checkpoint,gpu:1,normal_checkpoint
43.2,2026-01-01 00:00:43.200000+00:00,,syn-normal-checkpoint-103,syn-normal-checkpoint-103,,,,,0,10.0,184.6699729329255,84.7992130782023,45.66204585137623,2369.5039539027844,51.82342345507079,3555.00190028473,100.0,100.0,True,,synthetic_normal_checkpoint,sim_user,normal_checkpoint,gpu:1,normal_checkpoint
43.3,2026-01-01 00:00:43.300000+00:00,,syn-normal-checkpoint-103,syn-normal-checkpoint-103,,,,,0,10.0,185.36091071696043,86.75860754631432,51.67289946287811,2301.272493845512,52.181048453221855,4109.879715822547,100.0,100.0,True,,synthetic_normal_checkpoint,sim_user,normal_checkpoint,gpu:1,normal_checkpoint
43.4,2026-01-01 00:00:43.400000+00:00,,syn-normal-checkpoint-103,syn-normal-checkpoint-103,,,,,0,10.0,187.70722240141245,90.53647046023217,47.222449778840826,2501.6210460843567,53.26057851338703,3750.243170842335,100.0,100.0,True,,synthetic_normal_checkpoint,sim_user,normal_checkpoint,gpu:1,normal_checkpoint
43.5,2026-01-01 00:00:43.500000+00:00,,syn-normal-checkpoint-103,syn-normal-checkpoint-103,,,,,0,10.0,189.38893949765247,88.44587675755709,50.13646997976131,2457.7489359946358,52.35947383517819,3845.648080875064,100.0,100.0,True,,synthetic_normal_checkpoint,sim_user,normal_checkpoint,gpu:1,normal_checkpoint
43.6,2026-01-01 00:00:43.600000+00:00,,syn-normal-checkpoint-103,syn-normal-checkpoint-103,,,,,0,10.0,190.49128556229354,92.43414735974507,50.86753545216855,2518.8445876531623,53.11331671931713,4037.035422564227,100.0,100.0,True,,synthetic_normal_checkpoint,sim_user,normal_checkpoint,gpu:1,normal_checkpoint
43.7,2026-01-01 00:00:43.700000+00:00,,syn-normal-checkpoint-103,syn-normal-checkpoint-103,,,,,0,10.0,189.78827411717617,90.46054829044019,49.74061049369373,2478.9006270549357,52.650275893473825,3979.861677178608,100.0,100.0,True,,synthetic_normal_checkpoint,sim_user,normal_checkpoint,gpu:1,normal_checkpoint
43.8,2026-01-01 00:00:43.800000+00:00,,syn-normal-checkpoint-103,syn-normal-checkpoint-103,,,,,0,10.0,188.76099574431544,86.15831803282637,50.50372187610071,2342.2412791248757,51.36481518714703,3847.779633337361,100.0,100.0,True,,synthetic_normal_checkpoint,sim_user,normal_checkpoint,gpu:1,normal_checkpoint
43.9,2026-01-01 00:00:43.900000+00:00,,syn-normal-checkpoint-103,syn-normal-checkpoint-103,,,,,0,10.0,191.8525717984818,89.2172949377544,49.169863577115265,2494.7173127980554,52.185415811588726,3978.496084893012,100.0,100.0,True,,synthetic_normal_checkpoint,sim_user,normal_checkpoint,gpu:1,normal_checkpoint
44.0,2026-01-01 00:00:44+00:00,,syn-normal-checkpoint-103,syn-normal-checkpoint-103,,,,,0,10.0,192.15550452661353,89.78145043314979,51.472221322429036,2451.1325452873707,52.44259681211097,4032.267495774004,100.0,100.0,True,,synthetic_normal_checkpoint,sim_user,normal_checkpoint,gpu:1,normal_checkpoint
44.1,2026-01-01 00:00:44.100000+00:00,,syn-normal-checkpoint-103,syn-normal-checkpoint-103,,,,,0,10.0,192.65694916781422,91.0581694755636,50.009081442812835,2468.51389921823,53.02765032029022,4050.673898123897,100.0,100.0,True,,synthetic_normal_checkpoint,sim_user,normal_checkpoint,gpu:1,normal_checkpoint
44.2,2026-01-01 00:00:44.200000+00:00,,syn-normal-checkpoint-103,syn-normal-checkpoint-103,,,,,0,10.0,193.23983157386047,95.9293856643552,47.57635185648411,2520.0,54.542955993006196,3778.1399186540143,100.0,100.0,True,,synthetic_normal_checkpoint,sim_user,normal_checkpoint,gpu:1,normal_checkpoint
44.3,2026-01-01 00:00:44.300000+00:00,,syn-normal-checkpoint-103,syn-normal-checkpoint-103,,,,,0,10.0,192.20194136597271,96.38593371391396,50.77941575882086,2520.0,54.68902491547382,3942.9162276323905,100.0,100.0,True,,synthetic_normal_checkpoint,sim_user,normal_checkpoint,gpu:1,normal_checkpoint
44.4,2026-01-01 00:00:44.400000+00:00,,syn-normal-checkpoint-103,syn-normal-checkpoint-103,,,,,0,10.0,189.89206433495718,90.74602725608823,51.5634631569713,2520.0,53.33298851323591,4013.601839788929,100.0,100.0,True,,synthetic_normal_checkpoint,sim_user,normal_checkpoint,gpu:1,normal_checkpoint
44.5,2026-01-01 00:00:44.500000+00:00,,syn-normal-checkpoint-103,syn-normal-checkpoint-103,,,,,0,10.0,187.0473101819479,89.00614853874403,58.967975989212356,2488.515367411995,53.16844412000754,4606.176617760628,100.0,100.0,True,,synthetic_normal_checkpoint,sim_user,normal_checkpoint,gpu:1,normal_checkpoint
44.6,2026-01-01 00:00:44.600000+00:00,,syn-normal-checkpoint-103,syn-normal-checkpoint-103,,,,,0,10.0,187.1379760828234,86.94724345124082,46.21931327639466,2386.245318264648,52.82402340681197,3873.714920740328,100.0,100.0,True,,synthetic_normal_checkpoint,sim_user,normal_checkpoint,gpu:1,normal_checkpoint
44.7,2026-01-01 00:00:44.700000+00:00,,syn-normal-checkpoint-103,syn-normal-checkpoint-103,,,,,0,10.0,187.58174922781325,90.98266972044179,54.30318155105927,2452.9674659639036,54.05467278708161,4419.555120422857,100.0,100.0,True,,synthetic_normal_checkpoint,sim_user,normal_checkpoint,gpu:1,normal_checkpoint
44.8,2026-01-01 00:00:44.800000+00:00,,syn-normal-checkpoint-103,syn-normal-checkpoint-103,,,,,0,10.0,186.7382768140302,86.55115050138582,44.86476630849021,2387.957694294092,52.60151305443356,3664.8457643541788,100.0,100.0,True,,synthetic_normal_checkpoint,sim_user,normal_checkpoint,gpu:1,normal_checkpoint
44.9,2026-01-01 00:00:44.900000+00:00,,syn-normal-checkpoint-103,syn-normal-checkpoint-103,,,,,0,10.0,189.19263209606945,88.82357192823535,51.06738105181407,2426.1129687989974,53.2918796393741,4064.632825165071,100.0,100.0,True,,synthetic_normal_checkpoint,sim_user,normal_checkpoint,gpu:1,normal_checkpoint
45.0,2026-01-01 00:00:45+00:00,,syn-normal-checkpoint-103,syn-normal-checkpoint-103,,,,,0,10.0,187.99748456975757,89.18153646836647,53.56756786218299,2516.3435352995875,53.00747010877232,4085.815826082263,100.0,100.0,True,,synthetic_normal_checkpoint,sim_user,normal_checkpoint,gpu:1,normal_checkpoint
45.1,2026-01-01 00:00:45.100000+00:00,,syn-normal-checkpoint-103,syn-normal-checkpoint-103,,,,,0,10.0,188.1670730612049,90.87584197316414,50.80549026096106,2492.0522607660537,53.41118524118582,3966.136214859215,100.0,100.0,True,,synthetic_normal_checkpoint,sim_user,normal_checkpoint,gpu:1,normal_checkpoint
45.2,2026-01-01 00:00:45.200000+00:00,,syn-normal-checkpoint-103,syn-normal-checkpoint-103,,,,,0,10.0,188.2573727559977,89.75123893055483,50.251388798238466,2482.3231824486156,53.14844376136142,3949.4082583719405,100.0,100.0,True,,synthetic_normal_checkpoint,sim_user,normal_checkpoint,gpu:1,normal_checkpoint
45.3,2026-01-01 00:00:45.300000+00:00,,syn-normal-checkpoint-103,syn-normal-checkpoint-103,,,,,0,10.0,186.2888442258912,83.36289689079429,44.54618962117991,2264.9825387379806,51.650790950737665,3727.192436428358,100.0,100.0,True,,synthetic_normal_checkpoint,sim_user,normal_checkpoint,gpu:1,normal_checkpoint
45.4,2026-01-01 00:00:45.400000+00:00,,syn-normal-checkpoint-103,syn-normal-checkpoint-103,,,,,0,10.0,190.35739180311126,91.2478493646347,51.72061076478231,2500.678788644052,53.840154398852796,3973.831463201961,100.0,100.0,True,,synthetic_normal_checkpoint,sim_user,normal_checkpoint,gpu:1,normal_checkpoint
45.5,2026-01-01 00:00:45.500000+00:00,,syn-normal-checkpoint-103,syn-normal-checkpoint-103,,,,,0,10.0,190.6838677028679,89.97260967805857,51.2049867380432,2478.123601892118,53.51234456961746,4068.9212135784924,100.0,100.0,True,,synthetic_normal_checkpoint,sim_user,normal_checkpoint,gpu:1,normal_checkpoint
45.6,2026-01-01 00:00:45.600000+00:00,,syn-normal-checkpoint-103,syn-normal-checkpoint-103,,,,,0,10.0,191.4554351587833,91.89682608574684,54.27184690704618,2511.610358261032,54.08036188695848,4130.008948392664,100.0,100.0,True,,synthetic_normal_checkpoint,sim_user,normal_checkpoint,gpu:1,normal_checkpoint
45.7,2026-01-01 00:00:45.700000+00:00,,syn-normal-checkpoint-103,syn-normal-checkpoint-103,,,,,0,10.0,190.2420434569571,93.16911300426182,51.38696481085723,2520.0,54.45213974996015,4090.917011231531,100.0,100.0,True,,synthetic_normal_checkpoint,sim_user,normal_checkpoint,gpu:1,normal_checkpoint
45.8,2026-01-01 00:00:45.800000+00:00,,syn-normal-checkpoint-103,syn-normal-checkpoint-103,,,,,0,10.0,189.23637143273555,86.69977165758941,46.289900198281906,2374.1068114814943,52.5613847330995,3471.730452274054,100.0,100.0,True,,synthetic_normal_checkpoint,sim_user,normal_checkpoint,gpu:1,normal_checkpoint
45.9,2026-01-01 00:00:45.900000+00:00,,syn-normal-checkpoint-103,syn-normal-checkpoint-103,,,,,0,10.0,191.80234964988523,91.87598773107946,49.838731731534644,2475.9561051411865,54.29672355003851,3985.8502301183657,100.0,100.0,True,,synthetic_normal_checkpoint,sim_user,normal_checkpoint,gpu:1,normal_checkpoint
46.0,2026-01-01 00:00:46+00:00,,syn-normal-checkpoint-103,syn-normal-checkpoint-103,,,,,0,10.0,190.7122856301143,92.63659879133414,50.7988507885174,2493.03297913138,54.321731839710004,4062.430468727634,100.0,100.0,True,,synthetic_normal_checkpoint,sim_user,normal_checkpoint,gpu:1,normal_checkpoint
46.1,2026-01-01 00:00:46.100000+00:00,,syn-normal-checkpoint-103,syn-normal-checkpoint-103,,,,,0,10.0,189.01518613414203,86.68374193803864,50.03925428647848,2389.445230825665,52.75650974703546,3964.9918878333306,100.0,100.0,True,,synthetic_normal_checkpoint,sim_user,normal_checkpoint,gpu:1,normal_checkpoint
46.2,2026-01-01 00:00:46.200000+00:00,,syn-normal-checkpoint-103,syn-normal-checkpoint-103,,,,,0,10.0,189.74859486009007,92.85876651737081,55.56628362749602,2520.0,54.33891591350633,4273.283319345412,100.0,100.0,True,,synthetic_normal_checkpoint,sim_user,normal_checkpoint,gpu:1,normal_checkpoint
46.3,2026-01-01 00:00:46.300000+00:00,,syn-normal-checkpoint-103,syn-normal-checkpoint-103,,,,,0,10.0,188.54629317847338,90.69826137383016,46.40822220022872,2508.4938883354394,53.762957590965115,3603.4802005758866,100.0,100.0,True,,synthetic_normal_checkpoint,sim_user,normal_checkpoint,gpu:1,normal_checkpoint
46.4,2026-01-01 00:00:46.400000+00:00,,syn-normal-checkpoint-103,syn-normal-checkpoint-103,,,,,0,10.0,188.20715881120597,89.80622930010044,53.48499807503694,2456.2014523681155,53.281263039663735,4147.657302996064,100.0,100.0,True,,synthetic_normal_checkpoint,sim_user,normal_checkpoint,gpu:1,normal_checkpoint
46.5,2026-01-01 00:00:46.500000+00:00,,syn-normal-checkpoint-103,syn-normal-checkpoint-103,,,,,0,10.0,188.8693084901227,88.08881243148089,49.57056730246182,2409.2499946821463,52.806703782164995,3947.8808869427994,100.0,100.0,True,,synthetic_normal_checkpoint,sim_user,normal_checkpoint,gpu:1,normal_checkpoint
46.6,2026-01-01 00:00:46.600000+00:00,,syn-normal-checkpoint-103,syn-normal-checkpoint-103,,,,,0,10.0,190.10766229211512,91.27452128816165,47.018328080695866,2498.6002536436763,53.8832573952664,3744.17611071867,100.0,100.0,True,,synthetic_normal_checkpoint,sim_user,normal_checkpoint,gpu:1,normal_checkpoint
46.7,2026-01-01 00:00:46.700000+00:00,,syn-normal-checkpoint-103,syn-normal-checkpoint-103,,,,,0,10.0,189.19757585840782,91.29417151238934,48.35074870274468,2515.651795456776,53.80784230897405,3895.7380991462787,100.0,100.0,True,,synthetic_normal_checkpoint,sim_user,normal_checkpoint,gpu:1,normal_checkpoint
46.8,2026-01-01 00:00:46.800000+00:00,,syn-normal-checkpoint-103,syn-normal-checkpoint-103,,,,,0,10.0,188.42696810772867,87.7943664594714,43.95889057972069,2428.317452487455,52.51666764726344,3504.037597080542,100.0,100.0,True,,synthetic_normal_checkpoint,sim_user,normal_checkpoint,gpu:1,normal_checkpoint
46.9,2026-01-01 00:00:46.900000+00:00,,syn-normal-checkpoint-103,syn-normal-checkpoint-103,,,,,0,10.0,188.34906319143832,88.09787953932361,43.59451871400264,2397.17801543936,52.9041002570012,3462.6217622763224,100.0,100.0,True,,synthetic_normal_checkpoint,sim_user,normal_checkpoint,gpu:1,normal_checkpoint
47.0,2026-01-01 00:00:47+00:00,,syn-normal-checkpoint-103,syn-normal-checkpoint-103,,,,,0,10.0,190.1190350318073,88.69701836742651,47.4681539715125,2450.1232980241075,52.9820907168181,3810.5304825585326,100.0,100.0,True,,synthetic_normal_checkpoint,sim_user,normal_checkpoint,gpu:1,normal_checkpoint
47.1,2026-01-01 00:00:47.100000+00:00,,syn-normal-checkpoint-103,syn-normal-checkpoint-103,,,,,0,10.0,190.04744979436157,90.88228370877144,51.08123728976001,2485.4374663662884,53.54269520733202,3976.681919492342,100.0,100.0,True,,synthetic_normal_checkpoint,sim_user,normal_checkpoint,gpu:1,normal_checkpoint
47.2,2026-01-01 00:00:47.200000+00:00,,syn-normal-checkpoint-103,syn-normal-checkpoint-103,,,,,0,10.0,188.85231010512695,90.27997696667397,48.71240036510499,2450.1966286221755,53.232813575055395,3752.8926180549774,100.0,100.0,True,,synthetic_normal_checkpoint,sim_user,normal_checkpoint,gpu:1,normal_checkpoint
47.3,2026-01-01 00:00:47.300000+00:00,,syn-normal-checkpoint-103,syn-normal-checkpoint-103,,,,,0,10.0,188.58785030215523,91.23714663506094,52.56192020284696,2486.933162199837,53.221777321915795,4020.900105452661,100.0,100.0,True,,synthetic_normal_checkpoint,sim_user,normal_checkpoint,gpu:1,normal_checkpoint
47.4,2026-01-01 00:00:47.400000+00:00,,syn-normal-checkpoint-103,syn-normal-checkpoint-103,,,,,0,10.0,185.57422999604452,88.2487679963631,50.629610038040006,2396.3067315262256,52.00143130491037,3957.7314491220113,100.0,100.0,True,,synthetic_normal_checkpoint,sim_user,normal_checkpoint,gpu:1,normal_checkpoint
47.5,2026-01-01 00:00:47.500000+00:00,,syn-normal-checkpoint-103,syn-normal-checkpoint-103,,,,,0,10.0,185.7302834626075,86.88767471205176,49.818547155566264,2392.591655290018,51.46584521224976,3946.7693029079114,100.0,100.0,True,,synthetic_normal_checkpoint,sim_user,normal_checkpoint,gpu:1,normal_checkpoint
47.6,2026-01-01 00:00:47.600000+00:00,,syn-normal-checkpoint-103,syn-normal-checkpoint-103,,,,,0,10.0,187.66955846373875,88.9475883743308,50.72121028585375,2449.088985938148,51.91822532674646,3990.055644768797,100.0,100.0,True,,synthetic_normal_checkpoint,sim_user,normal_checkpoint,gpu:1,normal_checkpoint
47.7,2026-01-01 00:00:47.700000+00:00,,syn-normal-checkpoint-103,syn-normal-checkpoint-103,,,,,0,10.0,188.38233096267192,87.6261085718914,49.7054318023037,2432.1504055342357,51.618005376603335,3923.26556707675,100.0,100.0,True,,synthetic_normal_checkpoint,sim_user,normal_checkpoint,gpu:1,normal_checkpoint
47.8,2026-01-01 00:00:47.800000+00:00,,syn-normal-checkpoint-103,syn-normal-checkpoint-103,,,,,0,10.0,190.16040703664757,92.42122744390413,43.51867582784402,2520.0,52.871575552645,3556.1413804413573,100.0,100.0,True,,synthetic_normal_checkpoint,sim_user,normal_checkpoint,gpu:1,normal_checkpoint
47.9,2026-01-01 00:00:47.900000+00:00,,syn-normal-checkpoint-103,syn-normal-checkpoint-103,,,,,0,10.0,189.67263533789944,88.28785682258662,49.56560970715422,2399.3179644447937,51.67918650175509,3859.2205157997714,100.0,100.0,True,,synthetic_normal_checkpoint,sim_user,normal_checkpoint,gpu:1,normal_checkpoint
48.0,2026-01-01 00:00:48+00:00,,syn-normal-checkpoint-103,syn-normal-checkpoint-103,,,,,0,10.0,190.80501458642993,89.20673053497067,41.87661474623146,2488.6548946123335,52.13506714487608,3419.1164212643794,100.0,100.0,True,,synthetic_normal_checkpoint,sim_user,normal_checkpoint,gpu:1,normal_checkpoint
48.1,2026-01-01 00:00:48.100000+00:00,,syn-normal-checkpoint-103,syn-normal-checkpoint-103,,,,,0,10.0,191.74034275199566,91.61743397507789,54.56165346756737,2520.0,52.83743324177772,4203.79920154822,100.0,100.0,True,,synthetic_normal_checkpoint,sim_user,normal_checkpoint,gpu:1,normal_checkpoint
48.2,2026-01-01 00:00:48.200000+00:00,,syn-normal-checkpoint-103,syn-normal-checkpoint-103,,,,,0,10.0,190.46159546678481,86.98921238647569,44.970819908040895,2406.096722780114,51.809697250416164,3635.4603602531474,100.0,100.0,True,,synthetic_normal_checkpoint,sim_user,normal_checkpoint,gpu:1,normal_checkpoint
48.3,2026-01-01 00:00:48.300000+00:00,,syn-normal-checkpoint-103,syn-normal-checkpoint-103,,,,,0,10.0,192.93454859711755,93.15143499221375,49.25895087303279,2520.0,53.890114436725135,3882.5960611672053,100.0,100.0,True,,synthetic_normal_checkpoint,sim_user,normal_checkpoint,gpu:1,normal_checkpoint
48.4,2026-01-01 00:00:48.400000+00:00,,syn-normal-checkpoint-103,syn-normal-checkpoint-103,,,,,0,10.0,193.43202818102668,95.21453244553082,48.808857662151574,2520.0,54.59153831987137,3927.195070233749,100.0,100.0,True,,synthetic_normal_checkpoint,sim_user,normal_checkpoint,gpu:1,normal_checkpoint
48.5,2026-01-01 00:00:48.500000+00:00,,syn-normal-checkpoint-103,syn-normal-checkpoint-103,,,,,0,10.0,194.1016659904639,94.26949730487779,53.97329193424649,2520.0,54.214369712368104,3997.0045742474204,100.0,100.0,True,,synthetic_normal_checkpoint,sim_user,normal_checkpoint,gpu:1,normal_checkpoint
48.6,2026-01-01 00:00:48.600000+00:00,,syn-normal-checkpoint-103,syn-normal-checkpoint-103,,,,,0,10.0,193.00049344062168,93.72653196975918,47.82245261802493,2520.0,53.95577646598451,3738.053455837078,100.0,100.0,True,,synthetic_normal_checkpoint,sim_user,normal_checkpoint,gpu:1,normal_checkpoint
48.7,2026-01-01 00:00:48.700000+00:00,,syn-normal-checkpoint-103,syn-normal-checkpoint-103,,,,,0,10.0,192.65807429332716,93.11160058770012,50.06736875001297,2488.3341379564786,53.85782432226812,3947.017632853016,100.0,100.0,True,,synthetic_normal_checkpoint,sim_user,normal_checkpoint,gpu:1,normal_checkpoint
48.8,2026-01-01 00:00:48.800000+00:00,,syn-normal-checkpoint-103,syn-normal-checkpoint-103,,,,,0,10.0,192.66071491906084,92.20244667529951,47.09371112724826,2518.7907659939406,53.71444148443126,3807.1412150906426,100.0,100.0,True,,synthetic_normal_checkpoint,sim_user,normal_checkpoint,gpu:1,normal_checkpoint
48.9,2026-01-01 00:00:48.900000+00:00,,syn-normal-checkpoint-103,syn-normal-checkpoint-103,,,,,0,10.0,192.22319741810315,91.78084191468686,50.6462960566874,2499.0280340059985,53.45464304151735,3996.5028232513646,100.0,100.0,True,,synthetic_normal_checkpoint,sim_user,normal_checkpoint,gpu:1,normal_checkpoint
49.0,2026-01-01 00:00:49+00:00,,syn-normal-checkpoint-103,syn-normal-checkpoint-103,,,,,0,10.0,191.8013397337311,89.35399074530848,44.856887046271034,2370.6817208353186,52.85058112453704,3807.472632940853,100.0,100.0,True,,synthetic_normal_checkpoint,sim_user,normal_checkpoint,gpu:1,normal_checkpoint
49.1,2026-01-01 00:00:49.100000+00:00,,syn-normal-checkpoint-103,syn-normal-checkpoint-103,,,,,0,10.0,192.62600178924197,92.79962541719226,52.11643377582852,2520.0,54.072207668796246,4036.9967352869276,100.0,100.0,True,,synthetic_normal_checkpoint,sim_user,normal_checkpoint,gpu:1,normal_checkpoint
49.2,2026-01-01 00:00:49.200000+00:00,,syn-normal-checkpoint-103,syn-normal-checkpoint-103,,,,,0,10.0,191.96925400681906,93.44076003779911,50.51684419588849,2520.0,54.02353031897896,4130.975475537522,100.0,100.0,True,,synthetic_normal_checkpoint,sim_user,normal_checkpoint,gpu:1,normal_checkpoint
49.3,2026-01-01 00:00:49.300000+00:00,,syn-normal-checkpoint-103,syn-normal-checkpoint-103,,,,,0,10.0,192.78137258193908,96.01131381089708,49.41116570328644,2520.0,54.85849853454239,3949.108476794291,100.0,100.0,True,,synthetic_normal_checkpoint,sim_user,normal_checkpoint,gpu:1,normal_checkpoint
49.4,2026-01-01 00:00:49.400000+00:00,,syn-normal-checkpoint-103,syn-normal-checkpoint-103,,,,,0,10.0,188.85913291665827,88.99543872196743,48.018381540337145,2447.58736042067,53.22738635928672,3858.5800919001063,100.0,100.0,True,,synthetic_normal_checkpoint,sim_user,normal_checkpoint,gpu:1,normal_checkpoint
49.5,2026-01-01 00:00:49.500000+00:00,,syn-normal-checkpoint-103,syn-normal-checkpoint-103,,,,,0,10.0,188.01291763836028,89.9783250352196,46.73636115861928,2472.2903010267223,53.58660864907672,3840.1758306111024,100.0,100.0,True,,synthetic_normal_checkpoint,sim_user,normal_checkpoint,gpu:1,normal_checkpoint
49.6,2026-01-01 00:00:49.600000+00:00,,syn-normal-checkpoint-103,syn-normal-checkpoint-103,,,,,0,10.0,186.0670981523756,88.9776767853415,44.27945387870054,2469.761757123228,53.195574717906716,3569.486034046135,100.0,100.0,True,,synthetic_normal_checkpoint,sim_user,normal_checkpoint,gpu:1,normal_checkpoint
49.7,2026-01-01 00:00:49.700000+00:00,,syn-normal-checkpoint-103,syn-normal-checkpoint-103,,,,,0,10.0,185.89648697946814,87.1674481041716,45.7635410965099,2398.638598747904,52.60694724068283,3832.8064951057663,100.0,100.0,True,,synthetic_normal_checkpoint,sim_user,normal_checkpoint,gpu:1,normal_checkpoint
49.8,2026-01-01 00:00:49.800000+00:00,,syn-normal-checkpoint-103,syn-normal-checkpoint-103,,,,,0,10.0,186.94216675226667,87.70537626581583,38.41892874496229,2433.260431732822,52.518218038140105,2923.196996743663,100.0,100.0,True,,synthetic_normal_checkpoint,sim_user,normal_checkpoint,gpu:1,normal_checkpoint
49.9,2026-01-01 00:00:49.900000+00:00,,syn-normal-checkpoint-103,syn-normal-checkpoint-103,,,,,0,10.0,186.36583408311395,87.42526102727265,46.85035554496535,2413.4364567143693,52.30223853761795,3891.69036479862,100.0,100.0,True,,synthetic_normal_checkpoint,sim_user,normal_checkpoint,gpu:1,normal_checkpoint
50.0,2026-01-01 00:00:50+00:00,,syn-normal-checkpoint-103,syn-normal-checkpoint-103,,,,,0,10.0,187.80645960475636,88.59114042365496,49.63003327515049,2436.220563425204,52.39197117349253,3730.5209346506476,100.0,100.0,True,,synthetic_normal_checkpoint,sim_user,normal_checkpoint,gpu:1,normal_checkpoint
50.1,2026-01-01 00:00:50.100000+00:00,,syn-normal-checkpoint-103,syn-normal-checkpoint-103,,,,,0,10.0,186.9728258986505,91.76516236806526,46.59806156552252,2520.0,53.5801678589758,3742.986051794875,100.0,100.0,True,,synthetic_normal_checkpoint,sim_user,normal_checkpoint,gpu:1,normal_checkpoint
50.2,2026-01-01 00:00:50.200000+00:00,,syn-normal-checkpoint-103,syn-normal-checkpoint-103,,,,,0,10.0,186.88494997419394,85.24873704127407,47.014211853252796,2313.8157482430584,51.61563509015812,3764.293579402511,100.0,100.0,True,,synthetic_normal_checkpoint,sim_user,normal_checkpoint,gpu:1,normal_checkpoint
50.3,2026-01-01 00:00:50.300000+00:00,,syn-normal-checkpoint-103,syn-normal-checkpoint-103,,,,,0,10.0,188.8140599617697,87.44394852435676,50.44587900720393,2344.4976593745528,52.323354457552924,4113.289830502914,100.0,100.0,True,,synthetic_normal_checkpoint,sim_user,normal_checkpoint,gpu:1,normal_checkpoint
50.4,2026-01-01 00:00:50.400000+00:00,,syn-normal-checkpoint-103,syn-normal-checkpoint-103,,,,,0,10.0,191.14652841602455,88.44354068662045,44.0790876661443,2414.213681763663,52.572807342652354,3590.0477420460857,100.0,100.0,True,,synthetic_normal_checkpoint,sim_user,normal_checkpoint,gpu:1,normal_checkpoint
50.5,2026-01-01 00:00:50.500000+00:00,,syn-normal-checkpoint-103,syn-normal-checkpoint-103,,,,,0,10.0,191.18099785077038,91.88175180882348,55.89689706791951,2510.25422264522,53.560427914978646,4148.254297618799,100.0,100.0,True,,synthetic_normal_checkpoint,sim_user,normal_checkpoint,gpu:1,normal_checkpoint
50.6,2026-01-01 00:00:50.600000+00:00,,syn-normal-checkpoint-103,syn-normal-checkpoint-103,,,,,0,10.0,191.82072919920984,92.76968585857577,47.824006065233945,2517.859026048416,53.866254857021985,3836.2150853966014,100.0,100.0,True,,synthetic_normal_checkpoint,sim_user,normal_checkpoint,gpu:1,normal_checkpoint
50.7,2026-01-01 00:00:50.700000+00:00,,syn-normal-checkpoint-103,syn-normal-checkpoint-103,,,,,0,10.0,191.35305414140902,89.43770951347518,50.953241184441325,2446.4169673459282,53.02881523880955,4151.919218046275,100.0,100.0,True,,synthetic_normal_checkpoint,sim_user,normal_checkpoint,gpu:1,normal_checkpoint
50.8,2026-01-01 00:00:50.800000+00:00,,syn-normal-checkpoint-103,syn-normal-checkpoint-103,,,,,0,10.0,191.79063837675105,93.42478867252225,51.366138568155385,2520.0,54.337219759196394,4202.740684070666,100.0,100.0,True,,synthetic_normal_checkpoint,sim_user,normal_checkpoint,gpu:1,normal_checkpoint
50.9,2026-01-01 00:00:50.900000+00:00,,syn-normal-checkpoint-103,syn-normal-checkpoint-103,,,,,0,10.0,189.06263849936212,87.87939317236693,51.994326649472356,2434.460011272977,53.04733791344626,4067.262456588191,100.0,100.0,True,,synthetic_normal_checkpoint,sim_user,normal_checkpoint,gpu:1,normal_checkpoint
51.0,2026-01-01 00:00:51+00:00,,syn-normal-checkpoint-103,syn-normal-checkpoint-103,,,,,0,10.0,191.07140363996874,94.18060890880635,49.72359097054671,2520.0,54.62360968296021,3862.450671416318,100.0,100.0,True,,synthetic_normal_checkpoint,sim_user,normal_checkpoint,gpu:1,normal_checkpoint
51.1,2026-01-01 00:00:51.100000+00:00,,syn-normal-checkpoint-103,syn-normal-checkpoint-103,,,,,0,10.0,190.18645173594004,90.79424966522738,49.335545056433475,2458.658150808137,53.85845433589023,3866.0673472276676,100.0,100.0,True,,synthetic_normal_checkpoint,sim_user,normal_checkpoint,gpu:1,normal_checkpoint
51.2,2026-01-01 00:00:51.200000+00:00,,syn-normal-checkpoint-103,syn-normal-checkpoint-103,,,,,0,10.0,189.71690175748077,92.20931391412599,53.754928834373565,2507.424943309453,54.049097222790074,4378.7648659356755,100.0,100.0,True,,synthetic_normal_checkpoint,sim_user,normal_checkpoint,gpu:1,normal_checkpoint
51.3,2026-01-01 00:00:51.300000+00:00,,syn-normal-checkpoint-103,syn-normal-checkpoint-103,,,,,0,10.0,189.72492478226408,87.61291696046976,53.08394874863394,2450.774893872687,52.583375655627,3976.031867640059,100.0,100.0,True,,synthetic_normal_checkpoint,sim_user,normal_checkpoint,gpu:1,normal_checkpoint
51.4,2026-01-01 00:00:51.400000+00:00,,syn-normal-checkpoint-103,syn-normal-checkpoint-103,,,,,0,10.0,192.31583078328433,93.74586478852189,52.749785542833486,2504.3440994846205,54.526809371176256,3913.1008083713386,100.0,100.0,True,,synthetic_normal_checkpoint,sim_user,normal_checkpoint,gpu:1,normal_checkpoint
51.5,2026-01-01 00:00:51.500000+00:00,,syn-normal-checkpoint-103,syn-normal-checkpoint-103,,,,,0,10.0,192.57150638067108,92.3993068715893,53.8505418919321,2516.9620617595174,53.92932232531691,4365.222155477503,100.0,100.0,True,,synthetic_normal_checkpoint,sim_user,normal_checkpoint,gpu:1,normal_checkpoint
51.6,2026-01-01 00:00:51.600000+00:00,,syn-normal-checkpoint-103,syn-normal-checkpoint-103,,,,,0,10.0,191.34878030591955,90.22267746414785,43.999304070373746,2520.0,53.53499858435437,3492.9532747502376,100.0,100.0,True,,synthetic_normal_checkpoint,sim_user,normal_checkpoint,gpu:1,normal_checkpoint
51.7,2026-01-01 00:00:51.700000+00:00,,syn-normal-checkpoint-103,syn-normal-checkpoint-103,,,,,0,10.0,192.7794254725655,89.13527876648341,44.95173254966481,2461.1944099084535,53.2383426043258,3509.075091493178,100.0,100.0,True,,synthetic_normal_checkpoint,sim_user,normal_checkpoint,gpu:1,normal_checkpoint
51.8,2026-01-01 00:00:51.800000+00:00,,syn-normal-checkpoint-103,syn-normal-checkpoint-103,,,,,0,10.0,194.74169267607303,95.06122346452804,51.40519166109128,2520.0,54.60916930723782,4096.037778332518,100.0,100.0,True,,synthetic_normal_checkpoint,sim_user,normal_checkpoint,gpu:1,normal_checkpoint
51.9,2026-01-01 00:00:51.900000+00:00,,syn-normal-checkpoint-103,syn-normal-checkpoint-103,,,,,0,10.0,193.15972724430347,93.89901819552655,52.438073717242716,2520.0,54.20766535947486,4315.897184135279,100.0,100.0,True,,synthetic_normal_checkpoint,sim_user,normal_checkpoint,gpu:1,normal_checkpoint
52.0,2026-01-01 00:00:52+00:00,,syn-normal-checkpoint-103,syn-normal-checkpoint-103,,,,,0,10.0,192.59945721461196,91.46426016745049,51.86586357024648,2447.1437278269204,53.536212599597555,4180.28637718809,100.0,100.0,True,,synthetic_normal_checkpoint,sim_user,normal_checkpoint,gpu:1,normal_checkpoint
52.1,2026-01-01 00:00:52.100000+00:00,,syn-normal-checkpoint-103,syn-normal-checkpoint-103,,,,,0,10.0,192.44045558850468,93.93395869788006,56.29987566484827,2473.2066619243024,54.502925370154195,4560.855114321251,100.0,100.0,True,,synthetic_normal_checkpoint,sim_user,normal_checkpoint,gpu:1,normal_checkpoint
52.2,2026-01-01 00:00:52.200000+00:00,,syn-normal-checkpoint-103,syn-normal-checkpoint-103,,,,,0,10.0,192.67062603585578,94.12624431048113,51.64049406430472,2520.0,54.79732412741067,3955.2894555882312,100.0,100.0,True,,synthetic_normal_checkpoint,sim_user,normal_checkpoint,gpu:1,normal_checkpoint
52.3,2026-01-01 00:00:52.300000+00:00,,syn-normal-checkpoint-103,syn-normal-checkpoint-103,,,,,0,10.0,191.49763619837057,93.69231128260036,53.52716489830044,2520.0,54.36740591274556,4046.763713130389,100.0,100.0,True,,synthetic_normal_checkpoint,sim_user,normal_checkpoint,gpu:1,normal_checkpoint
52.4,2026-01-01 00:00:52.400000+00:00,,syn-normal-checkpoint-103,syn-normal-checkpoint-103,,,,,0,10.0,190.73632058123425,89.04603024770059,50.66337711427025,2379.814646764122,53.24482924948622,3897.5331735426626,100.0,100.0,True,,synthetic_normal_checkpoint,sim_user,normal_checkpoint,gpu:1,normal_checkpoint
52.5,2026-01-01 00:00:52.500000+00:00,,syn-normal-checkpoint-103,syn-normal-checkpoint-103,,,,,0,10.0,192.82886931165032,93.72723223928176,48.388429468782896,2503.251111954853,54.54142621423249,3869.8545672802675,100.0,100.0,True,,synthetic_normal_checkpoint,sim_user,normal_checkpoint,gpu:1,normal_checkpoint
52.6,2026-01-01 00:00:52.600000+00:00,,syn-normal-checkpoint-103,syn-normal-checkpoint-103,,,,,0,10.0,194.15192903124438,93.52919699200672,44.138814870194636,2520.0,54.09320850813912,3339.834279591497,100.0,100.0,True,,synthetic_normal_checkpoint,sim_user,normal_checkpoint,gpu:1,normal_checkpoint
52.7,2026-01-01 00:00:52.700000+00:00,,syn-normal-checkpoint-103,syn-normal-checkpoint-103,,,,,0,10.0,194.7526826080995,92.22058660416499,49.842465076758096,2512.044960395073,53.93181648842981,3882.434661522001,100.0,100.0,True,,synthetic_normal_checkpoint,sim_user,normal_checkpoint,gpu:1,normal_checkpoint
52.8,2026-01-01 00:00:52.800000+00:00,,syn-normal-checkpoint-103,syn-normal-checkpoint-103,,,,,0,10.0,194.18925635048137,93.53700517855182,50.15307290091399,2520.0,54.51640073836334,3970.4685472537094,100.0,100.0,True,,synthetic_normal_checkpoint,sim_user,normal_checkpoint,gpu:1,normal_checkpoint
52.9,2026-01-01 00:00:52.900000+00:00,,syn-normal-checkpoint-103,syn-normal-checkpoint-103,,,,,0,10.0,195.68834483054994,93.117664915857,55.68116242506495,2520.0,54.249992818794254,4249.312896221002,100.0,100.0,True,,synthetic_normal_checkpoint,sim_user,normal_checkpoint,gpu:1,normal_checkpoint
53.0,2026-01-01 00:00:53+00:00,,syn-normal-checkpoint-103,syn-normal-checkpoint-103,,,,,0,10.0,196.5557769992748,96.93240257364843,54.4416577025926,2520.0,55.235154785428826,4131.280026378452,100.0,100.0,True,,synthetic_normal_checkpoint,sim_user,normal_checkpoint,gpu:1,normal_checkpoint
53.1,2026-01-01 00:00:53.100000+00:00,,syn-normal-checkpoint-103,syn-normal-checkpoint-103,,,,,0,10.0,196.6103761573518,94.48875305320782,54.5955839831417,2520.0,54.32530496992024,4068.813068140591,100.0,100.0,True,,synthetic_normal_checkpoint,sim_user,normal_checkpoint,gpu:1,normal_checkpoint
53.2,2026-01-01 00:00:53.200000+00:00,,syn-normal-checkpoint-103,syn-normal-checkpoint-103,,,,,0,10.0,196.9452885987833,95.74269190804112,51.088517354307,2520.0,54.725836697092134,4090.321513527366,100.0,100.0,True,,synthetic_normal_checkpoint,sim_user,normal_checkpoint,gpu:1,normal_checkpoint
53.3,2026-01-01 00:00:53.300000+00:00,,syn-normal-checkpoint-103,syn-normal-checkpoint-103,,,,,0,10.0,196.15196663648803,96.21326892877745,50.82203880800427,2520.0,55.054233154681995,4009.8992897693397,100.0,100.0,True,,synthetic_normal_checkpoint,sim_user,normal_checkpoint,gpu:1,normal_checkpoint
53.4,2026-01-01 00:00:53.400000+00:00,,syn-normal-checkpoint-103,syn-normal-checkpoint-103,,,,,0,10.0,193.66179461238227,96.63175918595435,54.8167862556449,2520.0,55.252581131598134,4326.793244785881,100.0,100.0,True,,synthetic_normal_checkpoint,sim_user,normal_checkpoint,gpu:1,normal_checkpoint
53.5,2026-01-01 00:00:53.500000+00:00,,syn-normal-checkpoint-103,syn-normal-checkpoint-103,,,,,0,10.0,191.78640077421866,93.12516537672177,56.249030141715764,2501.8801086480516,54.62123059311425,4317.097943102478,100.0,100.0,True,,synthetic_normal_checkpoint,sim_user,normal_checkpoint,gpu:1,normal_checkpoint
53.6,2026-01-01 00:00:53.600000+00:00,,syn-normal-checkpoint-103,syn-normal-checkpoint-103,,,,,0,10.0,191.90001229717097,89.41513978663757,44.13155468515512,2432.401964976298,53.50795732969028,3427.3678006035966,100.0,100.0,True,,synthetic_normal_checkpoint,sim_user,normal_checkpoint,gpu:1,normal_checkpoint
53.7,2026-01-01 00:00:53.700000+00:00,,syn-normal-checkpoint-103,syn-normal-checkpoint-103,,,,,0,10.0,192.6291076379483,95.25569901167019,51.29543703442394,2520.0,54.81686680616341,3990.7593523855735,100.0,100.0,True,,synthetic_normal_checkpoint,sim_user,normal_checkpoint,gpu:1,normal_checkpoint
53.8,2026-01-01 00:00:53.800000+00:00,,syn-normal-checkpoint-103,syn-normal-checkpoint-103,,,,,0,10.0,190.34015917906487,91.32075231861954,44.95929080240159,2471.221953977445,53.534030659086575,3577.868574650752,100.0,100.0,True,,synthetic_normal_checkpoint,sim_user,normal_checkpoint,gpu:1,normal_checkpoint
53.9,2026-01-01 00:00:53.900000+00:00,,syn-normal-checkpoint-103,syn-normal-checkpoint-103,,,,,0,10.0,189.2797363784101,92.46183104178293,46.75754515280695,2520.0,53.51503208624474,3900.0466431422233,100.0,100.0,True,,synthetic_normal_checkpoint,sim_user,normal_checkpoint,gpu:1,normal_checkpoint
54.0,2026-01-01 00:00:54+00:00,,syn-normal-checkpoint-103,syn-normal-checkpoint-103,,,,,0,10.0,187.81532554686424,89.56891227161151,51.47776452279507,2449.749652142444,52.83224700130937,3996.547824923746,100.0,100.0,True,,synthetic_normal_checkpoint,sim_user,normal_checkpoint,gpu:1,normal_checkpoint
54.1,2026-01-01 00:00:54.100000+00:00,,syn-normal-checkpoint-103,syn-normal-checkpoint-103,,,,,0,10.0,187.73251469239068,88.52972787587164,49.75196555510818,2439.446338888093,52.65368112247965,3881.6570752837397,100.0,100.0,True,,synthetic_normal_checkpoint,sim_user,normal_checkpoint,gpu:1,normal_checkpoint
54.2,2026-01-01 00:00:54.200000+00:00,,syn-normal-checkpoint-103,syn-normal-checkpoint-103,,,,,0,10.0,188.99724392113774,87.23828851858889,45.79949457128306,2354.4245819126213,51.93307939576158,3647.5028233111943,100.0,100.0,True,,synthetic_normal_checkpoint,sim_user,normal_checkpoint,gpu:1,normal_checkpoint
54.3,2026-01-01 00:00:54.300000+00:00,,syn-normal-checkpoint-103,syn-normal-checkpoint-103,,,,,0,10.0,190.13610539965146,91.04216142523384,49.71038014750932,2480.4711083411876,53.04558339389059,3919.1009271057133,100.0,100.0,True,,synthetic_normal_checkpoint,sim_user,normal_checkpoint,gpu:1,normal_checkpoint
54.4,2026-01-01 00:00:54.400000+00:00,,syn-normal-checkpoint-103,syn-normal-checkpoint-103,,,,,0,10.0,190.13652616125074,92.2936590304852,55.443953212177284,2520.0,53.32658888364439,4552.809842941629,100.0,100.0,True,,synthetic_normal_checkpoint,sim_user,normal_checkpoint,gpu:1,normal_checkpoint
54.5,2026-01-01 00:00:54.500000+00:00,,syn-normal-checkpoint-103,syn-normal-checkpoint-103,,,,,0,10.0,188.09678389400074,88.33934714180205,44.88681062015498,2383.0322858082236,52.23711244848411,3742.4733599759047,100.0,100.0,True,,synthetic_normal_checkpoint,sim_user,normal_checkpoint,gpu:1,normal_checkpoint
54.6,2026-01-01 00:00:54.600000+00:00,,syn-normal-checkpoint-103,syn-normal-checkpoint-103,,,,,0,10.0,189.73835314171708,89.32039799887615,52.16451610148785,2443.7994035771558,52.930703288623654,4215.090806269856,100.0,100.0,True,,synthetic_normal_checkpoint,sim_user,normal_checkpoint,gpu:1,normal_checkpoint
54.7,2026-01-01 00:00:54.700000+00:00,,syn-normal-checkpoint-103,syn-normal-checkpoint-103,,,,,0,10.0,190.34668009914824,89.41608596401325,48.91086514956737,2409.644643363442,53.04391981475164,3850.76127143564,100.0,100.0,True,,synthetic_normal_checkpoint,sim_user,normal_checkpoint,gpu:1,normal_checkpoint
54.8,2026-01-01 00:00:54.800000+00:00,,syn-normal-checkpoint-103,syn-normal-checkpoint-103,,,,,0,10.0,189.57419415417274,90.01079065204574,40.45490167567394,2506.4476025721747,53.14551087139559,3337.262947516197,100.0,100.0,True,,synthetic_normal_checkpoint,sim_user,normal_checkpoint,gpu:1,normal_checkpoint
54.9,2026-01-01 00:00:54.900000+00:00,,syn-normal-checkpoint-103,syn-normal-checkpoint-103,,,,,0,10.0,188.6896620947818,89.96887558258508,52.29214858446959,2452.487407317324,52.92501985725138,3957.201522318426,100.0,100.0,True,,synthetic_normal_checkpoint,sim_user,normal_checkpoint,gpu:1,normal_checkpoint
55.0,2026-01-01 00:00:55+00:00,,syn-normal-checkpoint-103,syn-normal-checkpoint-103,,,,,0,10.0,188.36073552813494,91.20071970031684,56.91903536187504,2520.0,53.317644204101235,4342.632613118254,100.0,100.0,True,,synthetic_normal_checkpoint,sim_user,normal_checkpoint,gpu:1,normal_checkpoint
55.1,2026-01-01 00:00:55.100000+00:00,,syn-normal-checkpoint-103,syn-normal-checkpoint-103,,,,,0,10.0,188.69548408216798,89.09875488246837,46.823541219350155,2431.61113885909,52.74264098423313,3828.578257562385,100.0,100.0,True,,synthetic_normal_checkpoint,sim_user,normal_checkpoint,gpu:1,normal_checkpoint
55.2,2026-01-01 00:00:55.200000+00:00,,syn-normal-checkpoint-103,syn-normal-checkpoint-103,,,,,0,10.0,189.11934394191158,90.40446295935531,48.17607408412113,2496.4051810648693,52.76376899755332,3550.129538299157,100.0,100.0,True,,synthetic_normal_checkpoint,sim_user,normal_checkpoint,gpu:1,normal_checkpoint
55.3,2026-01-01 00:00:55.300000+00:00,,syn-normal-checkpoint-103,syn-normal-checkpoint-103,,,,,0,10.0,190.68095221911483,88.96398484012751,45.71696367629795,2422.3801642565786,52.18799488638327,3675.3259497859226,100.0,100.0,True,,synthetic_normal_checkpoint,sim_user,normal_checkpoint,gpu:1,normal_checkpoint
55.4,2026-01-01 00:00:55.400000+00:00,,syn-normal-checkpoint-103,syn-normal-checkpoint-103,,,,,0,10.0,192.32049260033978,93.94636857957113,51.88350897934408,2520.0,53.5185635966254,3916.3955141209613,100.0,100.0,True,,synthetic_normal_checkpoint,sim_user,normal_checkpoint,gpu:1,normal_checkpoint
55.5,2026-01-01 00:00:55.500000+00:00,,syn-normal-checkpoint-103,syn-normal-checkpoint-103,,,,,0,10.0,190.3041271531286,90.77065345051899,50.11468485515867,2414.7308854355806,52.41790362393454,4017.2790211584625,100.0,100.0,True,,synthetic_normal_checkpoint,sim_user,normal_checkpoint,gpu:1,normal_checkpoint
55.6,2026-01-01 00:00:55.600000+00:00,,syn-normal-checkpoint-103,syn-normal-checkpoint-103,,,,,0,10.0,189.4691428411249,87.47457858957036,52.42165446929937,2449.8615757543507,51.61268455791423,4025.3152688415835,100.0,100.0,True,,synthetic_normal_checkpoint,sim_user,normal_checkpoint,gpu:1,normal_checkpoint
55.7,2026-01-01 00:00:55.700000+00:00,,syn-normal-checkpoint-103,syn-normal-checkpoint-103,,,,,0,10.0,192.90348320442467,90.5091960857928,51.94807564130037,2484.9462385167476,52.69588673012726,4208.546121534818,100.0,100.0,True,,synthetic_normal_checkpoint,sim_user,normal_checkpoint,gpu:1,normal_checkpoint
55.8,2026-01-01 00:00:55.800000+00:00,,syn-normal-checkpoint-103,syn-normal-checkpoint-103,,,,,0,10.0,193.12865030132178,92.164185183537,50.71228598742973,2488.8449416058315,53.40451956003458,3882.2440054268377,100.0,100.0,True,,synthetic_normal_checkpoint,sim_user,normal_checkpoint,gpu:1,normal_checkpoint
55.9,2026-01-01 00:00:55.900000+00:00,,syn-normal-checkpoint-103,syn-normal-checkpoint-103,,,,,0,10.0,192.44323654817555,94.36679523386726,50.723005458368704,2510.559390225837,54.10837165329607,4110.360472960977,100.0,100.0,True,,synthetic_normal_checkpoint,sim_user,normal_checkpoint,gpu:1,normal_checkpoint
56.0,2026-01-01 00:00:56+00:00,,syn-normal-checkpoint-103,syn-normal-checkpoint-103,,,,,0,10.0,190.18873726758451,90.7993622990749,53.81423878173338,2453.754323742772,53.31168729974691,4169.205114372697,100.0,100.0,True,,synthetic_normal_checkpoint,sim_user,normal_checkpoint,gpu:1,normal_checkpoint
56.1,2026-01-01 00:00:56.100000+00:00,,syn-normal-checkpoint-103,syn-normal-checkpoint-103,,,,,0,10.0,188.66532151610417,92.93026319273481,49.80960007449765,2520.0,53.97374870760449,3886.6992434707913,100.0,100.0,True,,synthetic_normal_checkpoint,sim_user,normal_checkpoint,gpu:1,normal_checkpoint
56.2,2026-01-01 00:00:56.200000+00:00,,syn-normal-checkpoint-103,syn-normal-checkpoint-103,,,,,0,10.0,187.72953557004448,90.06187210529555,48.447001708753874,2445.9055896953605,53.35717442629858,3691.1712338300654,100.0,100.0,True,,synthetic_normal_checkpoint,sim_user,normal_checkpoint,gpu:1,normal_checkpoint
56.3,2026-01-01 00:00:56.300000+00:00,,syn-normal-checkpoint-103,syn-normal-checkpoint-103,,,,,0,10.0,188.22375316835635,87.74444190088144,50.90576389931832,2319.9747884957633,52.544890036526574,4072.12176329038,100.0,100.0,True,,synthetic_normal_checkpoint,sim_user,normal_checkpoint,gpu:1,normal_checkpoint
56.4,2026-01-01 00:00:56.400000+00:00,,syn-normal-checkpoint-103,syn-normal-checkpoint-103,,,,,0,10.0,50.19416932768985,1.2883236197076948,4.004847243967317,228.5009261885415,28.262554115858734,619.8522194309476,100.0,100.0,True,,synthetic_normal_checkpoint,sim_user,normal_checkpoint,gpu:1,normal_checkpoint
56.5,2026-01-01 00:00:56.500000+00:00,,syn-normal-checkpoint-103,syn-normal-checkpoint-103,,,,,0,10.0,46.245969485938986,3.722149252496686,0.0,297.1602671929219,28.93426759527686,429.42946599649787,100.0,100.0,True,,synthetic_normal_checkpoint,sim_user,normal_checkpoint,gpu:1,normal_checkpoint
56.6,2026-01-01 00:00:56.600000+00:00,,syn-normal-checkpoint-103,syn-normal-checkpoint-103,,,,,0,10.0,54.12750497888627,3.7727856699126985,0.30921737825310713,332.6212008318637,29.05148789590633,397.4836448569912,100.0,100.0,True,,synthetic_normal_checkpoint,sim_user,normal_checkpoint,gpu:1,normal_checkpoint
56.7,2026-01-01 00:00:56.700000+00:00,,syn-normal-checkpoint-103,syn-normal-checkpoint-103,,,,,0,10.0,62.51354010358733,8.913189636519313,13.748362396643671,444.36444199486476,30.46959896622233,1322.4771683391516,100.0,100.0,True,,synthetic_normal_checkpoint,sim_user,normal_checkpoint,gpu:1,normal_checkpoint
56.8,2026-01-01 00:00:56.800000+00:00,,syn-normal-checkpoint-103,syn-normal-checkpoint-103,,,,,0,10.0,58.96692540677893,6.494809536587197,0.0,376.95008978935965,29.560943493988123,382.5582380152068,100.0,100.0,True,,synthetic_normal_checkpoint,sim_user,normal_checkpoint,gpu:1,normal_checkpoint
56.9,2026-01-01 00:00:56.900000+00:00,,syn-normal-checkpoint-103,syn-normal-checkpoint-103,,,,,0,10.0,47.99370805405984,0.0,1.184759849356744,230.40758741212673,27.711774063141064,564.9037993158646,100.0,100.0,True,,synthetic_normal_checkpoint,sim_user,normal_checkpoint,gpu:1,normal_checkpoint
57.0,2026-01-01 00:00:57+00:00,,syn-normal-checkpoint-103,syn-normal-checkpoint-103,,,,,0,10.0,55.5349079570788,7.649161243632265,2.8145342207613893,390.67062968519525,30.01260621520055,663.7199163278143,100.0,100.0,True,,synthetic_normal_checkpoint,sim_user,normal_checkpoint,gpu:1,normal_checkpoint
57.1,2026-01-01 00:00:57.100000+00:00,,syn-normal-checkpoint-103,syn-normal-checkpoint-103,,,,,0,10.0,49.90585036321491,4.407726710148324,9.269361304958146,352.07048735040684,28.898233762683276,1124.6217283612325,100.0,100.0,True,,synthetic_normal_checkpoint,sim_user,normal_checkpoint,gpu:1,normal_checkpoint
57.2,2026-01-01 00:00:57.200000+00:00,,syn-normal-checkpoint-103,syn-normal-checkpoint-103,,,,,0,10.0,58.87848643840565,6.139841030065513,1.7786189063556443,390.49951648494266,29.31143513352953,522.9984439220245,100.0,100.0,True,,synthetic_normal_checkpoint,sim_user,normal_checkpoint,gpu:1,normal_checkpoint
57.3,2026-01-01 00:00:57.300000+00:00,,syn-normal-checkpoint-103,syn-normal-checkpoint-103,,,,,0,10.0,45.14204118480015,3.0213383920700987,0.0,210.665805996698,28.64164079217953,414.53658852217654,100.0,100.0,True,,synthetic_normal_checkpoint,sim_user,normal_checkpoint,gpu:1,normal_checkpoint
57.4,2026-01-01 00:00:57.400000+00:00,,syn-normal-checkpoint-103,syn-normal-checkpoint-103,,,,,0,10.0,60.516920912529514,11.222264021933698,6.154756073086176,463.09559580460586,31.04397636058122,950.1886142816061,100.0,100.0,True,,synthetic_normal_checkpoint,sim_user,normal_checkpoint,gpu:1,normal_checkpoint
57.5,2026-01-01 00:00:57.500000+00:00,,syn-normal-checkpoint-103,syn-normal-checkpoint-103,,,,,0,10.0,46.522672694282804,0.0,0.0,269.1550856508479,27.85111937466246,311.369340149198,100.0,100.0,True,,synthetic_normal_checkpoint,sim_user,normal_checkpoint,gpu:1,normal_checkpoint
57.6,2026-01-01 00:00:57.600000+00:00,,syn-normal-checkpoint-103,syn-normal-checkpoint-103,,,,,0,10.0,57.19316024222008,4.298176133632198,6.575207572725903,288.09502434595214,29.09124111776422,838.7050129942354,100.0,100.0,True,,synthetic_normal_checkpoint,sim_user,normal_checkpoint,gpu:1,normal_checkpoint
57.7,2026-01-01 00:00:57.700000+00:00,,syn-normal-checkpoint-103,syn-normal-checkpoint-103,,,,,0,10.0,61.00042026574848,8.7488607217021,8.365114047873545,386.37316530466614,30.409598327073518,981.9116311419867,100.0,100.0,True,,synthetic_normal_checkpoint,sim_user,normal_checkpoint,gpu:1,normal_checkpoint
57.8,2026-01-01 00:00:57.800000+00:00,,syn-normal-checkpoint-103,syn-normal-checkpoint-103,,,,,0,10.0,55.02489447106158,4.988832414354922,4.925198759189181,347.1644406274595,29.23881071162141,710.2159234084429,100.0,100.0,True,,synthetic_normal_checkpoint,sim_user,normal_checkpoint,gpu:1,normal_checkpoint
57.9,2026-01-01 00:00:57.900000+00:00,,syn-normal-checkpoint-103,syn-normal-checkpoint-103,,,,,0,10.0,194.23287038667456,94.63528071076169,54.99238644506583,2520.0,54.08035384150209,4293.722071528537,100.0,100.0,True,,synthetic_normal_checkpoint,sim_user,normal_checkpoint,gpu:1,normal_checkpoint
58.0,2026-01-01 00:00:58+00:00,,syn-normal-checkpoint-103,syn-normal-checkpoint-103,,,,,0,10.0,192.80290289970554,91.48695363659945,47.992968261589354,2472.9010638560553,53.41052878600293,3812.3780073546127,100.0,100.0,True,,synthetic_normal_checkpoint,sim_user,normal_checkpoint,gpu:1,normal_checkpoint
58.1,2026-01-01 00:00:58.100000+00:00,,syn-normal-checkpoint-103,syn-normal-checkpoint-103,,,,,0,10.0,191.4330313731215,93.32420230497688,49.8925683090552,2520.0,54.24430171874839,4003.585567030839,100.0,100.0,True,,synthetic_normal_checkpoint,sim_user,normal_checkpoint,gpu:1,normal_checkpoint
58.2,2026-01-01 00:00:58.200000+00:00,,syn-normal-checkpoint-103,syn-normal-checkpoint-103,,,,,0,10.0,190.79718748174867,95.94985339377253,55.80412024858053,2520.0,54.83008456424492,4308.2311141546,100.0,100.0,True,,synthetic_normal_checkpoint,sim_user,normal_checkpoint,gpu:1,normal_checkpoint
58.3,2026-01-01 00:00:58.300000+00:00,,syn-normal-checkpoint-103,syn-normal-checkpoint-103,,,,,0,10.0,188.20690768291158,87.92014561660797,46.83902426173276,2392.5001205126714,52.30438815479906,3804.6566095610983,100.0,100.0,True,,synthetic_normal_checkpoint,sim_user,normal_checkpoint,gpu:1,normal_checkpoint
58.4,2026-01-01 00:00:58.400000+00:00,,syn-normal-checkpoint-103,syn-normal-checkpoint-103,,,,,0,10.0,188.1545130528227,88.18081824599548,47.30684141543608,2439.6545618081186,52.492932854564216,3737.7154934702744,100.0,100.0,True,,synthetic_normal_checkpoint,sim_user,normal_checkpoint,gpu:1,normal_checkpoint
58.5,2026-01-01 00:00:58.500000+00:00,,syn-normal-checkpoint-103,syn-normal-checkpoint-103,,,,,0,10.0,189.10167721544386,92.48652820908634,46.18546930867063,2520.0,53.74675585588221,3903.939561931716,100.0,100.0,True,,synthetic_normal_checkpoint,sim_user,normal_checkpoint,gpu:1,normal_checkpoint
58.6,2026-01-01 00:00:58.600000+00:00,,syn-normal-checkpoint-103,syn-normal-checkpoint-103,,,,,0,10.0,189.05122926571175,93.60293698069542,49.937195813858295,2520.0,54.09476665517619,4038.6488044259117,100.0,100.0,True,,synthetic_normal_checkpoint,sim_user,normal_checkpoint,gpu:1,normal_checkpoint
58.7,2026-01-01 00:00:58.700000+00:00,,syn-normal-checkpoint-103,syn-normal-checkpoint-103,,,,,0,10.0,183.48942081722686,82.67300380071467,44.0663506385716,2299.82392436332,51.19648298811998,3502.3747868889445,100.0,100.0,True,,synthetic_normal_checkpoint,sim_user,normal_checkpoint,gpu:1,normal_checkpoint
58.8,2026-01-01 00:00:58.800000+00:00,,syn-normal-checkpoint-103,syn-normal-checkpoint-103,,,,,0,10.0,183.75948042043726,85.48477508175358,47.14105296576096,2332.390120890883,52.42612941941147,3706.0262580806616,100.0,100.0,True,,synthetic_normal_checkpoint,sim_user,normal_checkpoint,gpu:1,normal_checkpoint
58.9,2026-01-01 00:00:58.900000+00:00,,syn-normal-checkpoint-103,syn-normal-checkpoint-103,,,,,0,10.0,183.4818351808119,83.16819936826465,46.3439457239764,2321.2882887315996,51.8080443120398,3711.715781920241,100.0,100.0,True,,synthetic_normal_checkpoint,sim_user,normal_checkpoint,gpu:1,normal_checkpoint
59.0,2026-01-01 00:00:59+00:00,,syn-normal-checkpoint-103,syn-normal-checkpoint-103,,,,,0,10.0,185.22932498793514,88.28418497983303,46.45201644754504,2407.0929037814417,53.01058310427964,3844.7689193611327,100.0,100.0,True,,synthetic_normal_checkpoint,sim_user,normal_checkpoint,gpu:1,normal_checkpoint
59.1,2026-01-01 00:00:59.100000+00:00,,syn-normal-checkpoint-103,syn-normal-checkpoint-103,,,,,0,10.0,185.2703377310488,87.81687056396329,50.88729618085147,2415.9285335387376,52.99053791582757,3907.012901152039,100.0,100.0,True,,synthetic_normal_checkpoint,sim_user,normal_checkpoint,gpu:1,normal_checkpoint
59.2,2026-01-01 00:00:59.200000+00:00,,syn-normal-checkpoint-103,syn-normal-checkpoint-103,,,,,0,10.0,185.3466324027747,86.02978033422528,47.60683256287622,2399.382037492242,52.773329484327796,3820.243447960366,100.0,100.0,True,,synthetic_normal_checkpoint,sim_user,normal_checkpoint,gpu:1,normal_checkpoint
59.3,2026-01-01 00:00:59.300000+00:00,,syn-normal-checkpoint-103,syn-normal-checkpoint-103,,,,,0,10.0,188.23582632599891,89.93677284748489,50.97279626296433,2444.1614956555563,53.580171863997876,4069.113693663201,100.0,100.0,True,,synthetic_normal_checkpoint,sim_user,normal_checkpoint,gpu:1,normal_checkpoint
59.4,2026-01-01 00:00:59.400000+00:00,,syn-normal-checkpoint-103,syn-normal-checkpoint-103,,,,,0,10.0,188.04710250705244,91.73352195803487,50.600996433446035,2520.0,53.89455721801016,4015.8872984547234,100.0,100.0,True,,synthetic_normal_checkpoint,sim_user,normal_checkpoint,gpu:1,normal_checkpoint
59.5,2026-01-01 00:00:59.500000+00:00,,syn-normal-checkpoint-103,syn-normal-checkpoint-103,,,,,0,10.0,185.8539641879124,81.58402055156763,42.69196024150914,2267.721829125653,50.743613385814015,3304.6859300852807,100.0,100.0,True,,synthetic_normal_checkpoint,sim_user,normal_checkpoint,gpu:1,normal_checkpoint
59.6,2026-01-01 00:00:59.600000+00:00,,syn-normal-checkpoint-103,syn-normal-checkpoint-103,,,,,0,10.0,188.4723482909603,86.28804472724615,48.19696932979783,2415.9656135932937,52.07082462079623,3938.782752546567,100.0,100.0,True,,synthetic_normal_checkpoint,sim_user,normal_checkpoint,gpu:1,normal_checkpoint
59.7,2026-01-01 00:00:59.700000+00:00,,syn-normal-checkpoint-103,syn-normal-checkpoint-103,,,,,0,10.0,187.97482154253203,87.63195617842925,47.38214894445446,2386.2847474060054,52.15154627295197,3773.058258796951,100.0,100.0,True,,synthetic_normal_checkpoint,sim_user,normal_checkpoint,gpu:1,normal_checkpoint
59.8,2026-01-01 00:00:59.800000+00:00,,syn-normal-checkpoint-103,syn-normal-checkpoint-103,,,,,0,10.0,188.67715361576782,89.57598148828097,47.66503261735874,2440.6459819525894,52.74472641895441,3775.2625491050558,100.0,100.0,True,,synthetic_normal_checkpoint,sim_user,normal_checkpoint,gpu:1,normal_checkpoint
59.9,2026-01-01 00:00:59.900000+00:00,,syn-normal-checkpoint-103,syn-normal-checkpoint-103,,,,,0,10.0,189.35265942687153,90.94717661517025,47.457528982959744,2421.7958384620133,53.49539262594219,3863.7555200822057,100.0,100.0,True,,synthetic_normal_checkpoint,sim_user,normal_checkpoint,gpu:1,normal_checkpoint
60.0,2026-01-01 00:01:00+00:00,,syn-normal-checkpoint-103,syn-normal-checkpoint-103,,,,,0,10.0,187.60939397164313,89.42296643220769,39.26381434534645,2442.889906336287,52.911124477155056,3322.2790339125295,100.0,100.0,True,,synthetic_normal_checkpoint,sim_user,normal_checkpoint,gpu:1,normal_checkpoint
60.1,2026-01-01 00:01:00.100000+00:00,,syn-normal-checkpoint-103,syn-normal-checkpoint-103,,,,,0,10.0,188.36258690710392,93.12414012422416,56.67335667356843,2520.0,53.67949572351431,4444.283199853884,100.0,100.0,True,,synthetic_normal_checkpoint,sim_user,normal_checkpoint,gpu:1,normal_checkpoint
60.2,2026-01-01 00:01:00.200000+00:00,,syn-normal-checkpoint-103,syn-normal-checkpoint-103,,,,,0,10.0,184.8647640551519,87.48027614085473,49.849875823492155,2385.0107048611317,52.362682561920245,4077.482903144668,100.0,100.0,True,,synthetic_normal_checkpoint,sim_user,normal_checkpoint,gpu:1,normal_checkpoint
60.3,2026-01-01 00:01:00.300000+00:00,,syn-normal-checkpoint-103,syn-normal-checkpoint-103,,,,,0,10.0,185.5126119366581,86.19438828915757,52.609526495071016,2371.273805670492,52.065477921620094,4251.414726859418,100.0,100.0,True,,synthetic_normal_checkpoint,sim_user,normal_checkpoint,gpu:1,normal_checkpoint
60.4,2026-01-01 00:01:00.400000+00:00,,syn-normal-checkpoint-103,syn-normal-checkpoint-103,,,,,0,10.0,186.1501322818912,86.48308500558693,47.223042907807,2425.4648106450186,52.52261581657391,3739.4145941476304,100.0,100.0,True,,synthetic_normal_checkpoint,sim_user,normal_checkpoint,gpu:1,normal_checkpoint
60.5,2026-01-01 00:01:00.500000+00:00,,syn-normal-checkpoint-103,syn-normal-checkpoint-103,,,,,0,10.0,188.98510763617844,85.71447396652547,49.57113784458739,2378.910568283091,52.319277724079015,3990.837629914103,100.0,100.0,True,,synthetic_normal_checkpoint,sim_user,normal_checkpoint,gpu:1,normal_checkpoint
60.6,2026-01-01 00:01:00.600000+00:00,,syn-normal-checkpoint-103,syn-normal-checkpoint-103,,,,,0,10.0,191.65642230345784,91.20794442564939,48.53742921801186,2498.0242475960495,53.773875348707556,3987.5995599295434,100.0,100.0,True,,synthetic_normal_checkpoint,sim_user,normal_checkpoint,gpu:1,normal_checkpoint
60.7,2026-01-01 00:01:00.700000+00:00,,syn-normal-checkpoint-103,syn-normal-checkpoint-103,,,,,0,10.0,192.13721174272897,92.9645690200247,44.96876207752702,2510.9075915717913,54.29894087944556,3670.5721848132594,100.0,100.0,True,,synthetic_normal_checkpoint,sim_user,normal_checkpoint,gpu:1,normal_checkpoint
60.8,2026-01-01 00:01:00.800000+00:00,,syn-normal-checkpoint-103,syn-normal-checkpoint-103,,,,,0,10.0,191.11476983278519,88.91578219469423,53.694983518045824,2366.2968272958137,52.7917279208313,4242.443995038287,100.0,100.0,True,,synthetic_normal_checkpoint,sim_user,normal_checkpoint,gpu:1,normal_checkpoint
60.9,2026-01-01 00:01:00.900000+00:00,,syn-normal-checkpoint-103,syn-normal-checkpoint-103,,,,,0,10.0,191.1493728436773,93.00157548527791,53.689511008130296,2520.0,54.12503556937326,4245.5622489507,100.0,100.0,True,,synthetic_normal_checkpoint,sim_user,normal_checkpoint,gpu:1,normal_checkpoint
61.0,2026-01-01 00:01:01+00:00,,syn-normal-checkpoint-103,syn-normal-checkpoint-103,,,,,0,10.0,189.49841627239886,87.54128123405249,54.26146015415957,2282.745846749255,52.375437164888965,4236.335957924841,100.0,100.0,True,,synthetic_normal_checkpoint,sim_user,normal_checkpoint,gpu:1,normal_checkpoint
61.1,2026-01-01 00:01:01.100000+00:00,,syn-normal-checkpoint-103,syn-normal-checkpoint-103,,,,,0,10.0,189.88980776306278,91.80178204898799,53.043403264401555,2520.0,53.5189391970724,4119.57754311554,100.0,100.0,True,,synthetic_normal_checkpoint,sim_user,normal_checkpoint,gpu:1,normal_checkpoint
61.2,2026-01-01 00:01:01.200000+00:00,,syn-normal-checkpoint-103,syn-normal-checkpoint-103,,,,,0,10.0,187.44756996027246,88.5569446525754,54.74095460547358,2467.2100760503176,52.70095352200097,4196.644625292438,100.0,100.0,True,,synthetic_normal_checkpoint,sim_user,normal_checkpoint,gpu:1,normal_checkpoint
61.3,2026-01-01 00:01:01.300000+00:00,,syn-normal-checkpoint-103,syn-normal-checkpoint-103,,,,,0,10.0,189.05347955984269,93.40914182562243,43.219811501333716,2504.604631655076,53.70772260222288,3454.466453474247,100.0,100.0,True,,synthetic_normal_checkpoint,sim_user,normal_checkpoint,gpu:1,normal_checkpoint
61.4,2026-01-01 00:01:01.400000+00:00,,syn-normal-checkpoint-103,syn-normal-checkpoint-103,,,,,0,10.0,188.30912554495393,90.09837039150926,56.12156343264659,2428.476397577388,52.87384589292275,4188.184762636211,100.0,100.0,True,,synthetic_normal_checkpoint,sim_user,normal_checkpoint,gpu:1,normal_checkpoint
61.5,2026-01-01 00:01:01.500000+00:00,,syn-normal-checkpoint-103,syn-normal-checkpoint-103,,,,,0,10.0,188.58432116331213,90.14429848613088,48.93412990564315,2423.7797309334455,52.90115303322219,3932.909642966847,100.0,100.0,True,,synthetic_normal_checkpoint,sim_user,normal_checkpoint,gpu:1,normal_checkpoint
61.6,2026-01-01 00:01:01.600000+00:00,,syn-normal-checkpoint-103,syn-normal-checkpoint-103,,,,,0,10.0,188.97793100323744,89.1403638962564,51.685213055838275,2386.666395119936,52.70161784365583,3872.347582506822,100.0,100.0,True,,synthetic_normal_checkpoint,sim_user,normal_checkpoint,gpu:1,normal_checkpoint
61.7,2026-01-01 00:01:01.700000+00:00,,syn-normal-checkpoint-103,syn-normal-checkpoint-103,,,,,0,10.0,187.8601641046026,86.9344004319103,44.176614296073325,2390.4986909666654,52.36996758377717,3728.0034126614405,100.0,100.0,True,,synthetic_normal_checkpoint,sim_user,normal_checkpoint,gpu:1,normal_checkpoint
61.8,2026-01-01 00:01:01.800000+00:00,,syn-normal-checkpoint-103,syn-normal-checkpoint-103,,,,,0,10.0,186.0499968384667,86.82779839655844,43.97021222077683,2377.225368663389,52.107501346690896,3426.0533873363042,100.0,100.0,True,,synthetic_normal_checkpoint,sim_user,normal_checkpoint,gpu:1,normal_checkpoint
61.9,2026-01-01 00:01:01.900000+00:00,,syn-normal-checkpoint-103,syn-normal-checkpoint-103,,,,,0,10.0,187.36391400320673,86.90546619725485,54.787804538864414,2382.314492299574,52.71234008422209,4165.409584661605,100.0,100.0,True,,synthetic_normal_checkpoint,sim_user,normal_checkpoint,gpu:1,normal_checkpoint
62.0,2026-01-01 00:01:02+00:00,,syn-normal-checkpoint-103,syn-normal-checkpoint-103,,,,,0,10.0,189.06172970303118,86.88577828429855,40.916176965575126,2387.3219544733543,52.616641341721014,3235.1028258227257,100.0,100.0,True,,synthetic_normal_checkpoint,sim_user,normal_checkpoint,gpu:1,normal_checkpoint
62.1,2026-01-01 00:01:02.100000+00:00,,syn-normal-checkpoint-103,syn-normal-checkpoint-103,,,,,0,10.0,191.4224122768946,93.94350785220229,54.251521311816084,2520.0,54.29445619843563,4190.255320679828,100.0,100.0,True,,synthetic_normal_checkpoint,sim_user,normal_checkpoint,gpu:1,normal_checkpoint
62.2,2026-01-01 00:01:02.200000+00:00,,syn-normal-checkpoint-103,syn-normal-checkpoint-103,,,,,0,10.0,191.0206269428139,93.304537031031,53.27438470139566,2520.0,54.12514693877232,4246.553806405488,100.0,100.0,True,,synthetic_normal_checkpoint,sim_user,normal_checkpoint,gpu:1,normal_checkpoint
62.3,2026-01-01 00:01:02.300000+00:00,,syn-normal-checkpoint-103,syn-normal-checkpoint-103,,,,,0,10.0,190.6607231630398,92.0703630809078,52.81692040888456,2520.0,53.5880213704259,4098.479567701179,100.0,100.0,True,,synthetic_normal_checkpoint,sim_user,normal_checkpoint,gpu:1,normal_checkpoint
62.4,2026-01-01 00:01:02.400000+00:00,,syn-normal-checkpoint-103,syn-normal-checkpoint-103,,,,,0,10.0,189.31984346938566,91.31465330892756,46.830275267330656,2483.797737297123,53.24862594981976,3630.0535846139715,100.0,100.0,True,,synthetic_normal_checkpoint,sim_user,normal_checkpoint,gpu:1,normal_checkpoint
62.5,2026-01-01 00:01:02.500000+00:00,,syn-normal-checkpoint-103,syn-normal-checkpoint-103,,,,,0,10.0,189.44428486720818,87.42122143414554,49.79438942352744,2414.306375203934,52.05836406028245,3884.512702157218,100.0,100.0,True,,synthetic_normal_checkpoint,sim_user,normal_checkpoint,gpu:1,normal_checkpoint
62.6,2026-01-01 00:01:02.600000+00:00,,syn-normal-checkpoint-103,syn-normal-checkpoint-103,,,,,0,10.0,191.70609793919056,86.09107966686483,44.082895286983046,2381.0238970408677,51.543462113018954,3496.9160060343543,100.0,100.0,True,,synthetic_normal_checkpoint,sim_user,normal_checkpoint,gpu:1,normal_checkpoint
62.7,2026-01-01 00:01:02.700000+00:00,,syn-normal-checkpoint-103,syn-normal-checkpoint-103,,,,,0,10.0,196.60896113182363,95.82314820134212,49.88029436520552,2520.0,54.38090979557433,3698.8708579904105,100.0,100.0,True,,synthetic_normal_checkpoint,sim_user,normal_checkpoint,gpu:1,normal_checkpoint
62.8,2026-01-01 00:01:02.800000+00:00,,syn-normal-checkpoint-103,syn-normal-checkpoint-103,,,,,0,10.0,196.79260041279818,95.88209706809306,51.07253449219843,2520.0,54.1006540428242,3826.0432003174496,100.0,100.0,True,,synthetic_normal_checkpoint,sim_user,normal_checkpoint,gpu:1,normal_checkpoint
62.9,2026-01-01 00:01:02.900000+00:00,,syn-normal-checkpoint-103,syn-normal-checkpoint-103,,,,,0,10.0,196.51919469816588,95.8177788863439,56.95482350815719,2520.0,53.86546072133396,4543.111366083604,100.0,100.0,True,,synthetic_normal_checkpoint,sim_user,normal_checkpoint,gpu:1,normal_checkpoint
63.0,2026-01-01 00:01:03+00:00,,syn-normal-checkpoint-103,syn-normal-checkpoint-103,,,,,0,10.0,196.1578383159613,96.19381411744881,52.60351286205337,2520.0,54.315008528656094,3958.9058945461347,100.0,100.0,True,,synthetic_normal_checkpoint,sim_user,normal_checkpoint,gpu:1,normal_checkpoint
63.1,2026-01-01 00:01:03.100000+00:00,,syn-normal-checkpoint-103,syn-normal-checkpoint-103,,,,,0,10.0,194.30521952305426,94.71920707786455,52.0135913119054,2520.0,53.86268028358115,3847.2867657400407,100.0,100.0,True,,synthetic_normal_checkpoint,sim_user,normal_checkpoint,gpu:1,normal_checkpoint
63.2,2026-01-01 00:01:03.200000+00:00,,syn-normal-checkpoint-103,syn-normal-checkpoint-103,,,,,0,10.0,193.162078299596,91.22745756723847,52.79625400243344,2462.9562941176373,52.80020321975591,4219.69563346144,100.0,100.0,True,,synthetic_normal_checkpoint,sim_user,normal_checkpoint,gpu:1,normal_checkpoint
63.3,2026-01-01 00:01:03.300000+00:00,,syn-normal-checkpoint-103,syn-normal-checkpoint-103,,,,,0,10.0,194.9492941131091,95.0735532778676,55.77890168952543,2520.0,54.02186886945359,4336.037804752727,100.0,100.0,True,,synthetic_normal_checkpoint,sim_user,normal_checkpoint,gpu:1,normal_checkpoint
63.4,2026-01-01 00:01:03.400000+00:00,,syn-normal-checkpoint-103,syn-normal-checkpoint-103,,,,,0,10.0,192.06541714929344,93.13837465757578,48.32045265426648,2520.0,53.25760643842375,3949.020768831682,100.0,100.0,True,,synthetic_normal_checkpoint,sim_user,normal_checkpoint,gpu:1,normal_checkpoint
63.5,2026-01-01 00:01:03.500000+00:00,,syn-normal-checkpoint-103,syn-normal-checkpoint-103,,,,,0,10.0,190.36965736014358,94.07704121008746,58.174876729007906,2510.341933502244,53.44251133351987,4518.940859702147,100.0,100.0,True,,synthetic_normal_checkpoint,sim_user,normal_checkpoint,gpu:1,normal_checkpoint
63.6,2026-01-01 00:01:03.600000+00:00,,syn-normal-checkpoint-103,syn-normal-checkpoint-103,,,,,0,10.0,189.4493598881297,91.65796476208676,51.93117919639912,2493.8465651917986,52.67886308129649,4098.351480358696,100.0,100.0,True,,synthetic_normal_checkpoint,sim_user,normal_checkpoint,gpu:1,normal_checkpoint
63.7,2026-01-01 00:01:03.700000+00:00,,syn-normal-checkpoint-103,syn-normal-checkpoint-103,,,,,0,10.0,187.92412587136482,89.82117845779806,49.780710925510824,2491.2238111628753,52.22857506722687,4085.8063897881884,100.0,100.0,True,,synthetic_normal_checkpoint,sim_user,normal_checkpoint,gpu:1,normal_checkpoint
63.8,2026-01-01 00:01:03.800000+00:00,,syn-normal-checkpoint-103,syn-normal-checkpoint-103,,,,,0,10.0,185.7863719459153,88.42786740874077,42.113101743283366,2460.925546401625,51.98193462595576,3531.545444950462,100.0,100.0,True,,synthetic_normal_checkpoint,sim_user,normal_checkpoint,gpu:1,normal_checkpoint
63.9,2026-01-01 00:01:03.900000+00:00,,syn-normal-checkpoint-103,syn-normal-checkpoint-103,,,,,0,10.0,186.04317526916347,86.50779181967711,46.37069869285291,2429.3244479292316,51.423410695419875,3698.4981753641505,100.0,100.0,True,,synthetic_normal_checkpoint,sim_user,normal_checkpoint,gpu:1,normal_checkpoint
64.0,2026-01-01 00:01:04+00:00,,syn-normal-checkpoint-103,syn-normal-checkpoint-103,,,,,0,10.0,187.6385686378349,88.47535744416409,49.441191359529824,2380.1424689986275,52.4206702823575,3883.3627941788413,100.0,100.0,True,,synthetic_normal_checkpoint,sim_user,normal_checkpoint,gpu:1,normal_checkpoint
64.1,2026-01-01 00:01:04.100000+00:00,,syn-normal-checkpoint-103,syn-normal-checkpoint-103,,,,,0,10.0,188.4572740087479,91.49015450386236,52.87296464603065,2485.0224588243364,53.35074529554163,4057.253056269061,100.0,100.0,True,,synthetic_normal_checkpoint,sim_user,normal_checkpoint,gpu:1,normal_checkpoint
64.2,2026-01-01 00:01:04.200000+00:00,,syn-normal-checkpoint-103,syn-normal-checkpoint-103,,,,,0,10.0,187.75312969264564,85.36388145310771,48.07708205690134,2409.742698481439,51.876796595160016,3765.3263826981315,100.0,100.0,True,,synthetic_normal_checkpoint,sim_user,normal_checkpoint,gpu:1,normal_checkpoint
64.3,2026-01-01 00:01:04.300000+00:00,,syn-normal-checkpoint-103,syn-normal-checkpoint-103,,,,,0,10.0,188.308491246863,87.72691754525705,47.10595932890617,2349.083943885793,52.60872364776248,3773.411387024102,100.0,100.0,True,,synthetic_normal_checkpoint,sim_user,normal_checkpoint,gpu:1,normal_checkpoint
64.4,2026-01-01 00:01:04.400000+00:00,,syn-normal-checkpoint-103,syn-normal-checkpoint-103,,,,,0,10.0,192.3204019455726,93.6454383708687,50.91941417205426,2520.0,54.47861421854226,4008.1642864713253,100.0,100.0,True,,synthetic_normal_checkpoint,sim_user,normal_checkpoint,gpu:1,normal_checkpoint
64.5,2026-01-01 00:01:04.500000+00:00,,syn-normal-checkpoint-103,syn-normal-checkpoint-103,,,,,0,10.0,190.58468793327137,89.62545098088644,44.877436487774766,2342.1497850200285,53.321772627625805,3490.085937734322,100.0,100.0,True,,synthetic_normal_checkpoint,sim_user,normal_checkpoint,gpu:1,normal_checkpoint
64.6,2026-01-01 00:01:04.600000+00:00,,syn-normal-checkpoint-103,syn-normal-checkpoint-103,,,,,0,10.0,190.5639895522402,87.63087310810023,44.655642785944075,2361.850494942927,52.78548625181734,3716.6060202262724,100.0,100.0,True,,synthetic_normal_checkpoint,sim_user,normal_checkpoint,gpu:1,normal_checkpoint
64.7,2026-01-01 00:01:04.700000+00:00,,syn-normal-checkpoint-103,syn-normal-checkpoint-103,,,,,0,10.0,193.20111039931166,93.54605604809365,54.538932825705395,2520.0,54.54524103529907,4277.901970733889,100.0,100.0,True,,synthetic_normal_checkpoint,sim_user,normal_checkpoint,gpu:1,normal_checkpoint
64.8,2026-01-01 00:01:04.800000+00:00,,syn-normal-checkpoint-103,syn-normal-checkpoint-103,,,,,0,10.0,193.4289582390678,94.01726050084453,50.63021187605667,2495.7763670550717,54.559723178773105,3892.1924987850743,100.0,100.0,True,,synthetic_normal_checkpoint,sim_user,normal_checkpoint,gpu:1,normal_checkpoint
64.9,2026-01-01 00:01:04.900000+00:00,,syn-normal-checkpoint-103,syn-normal-checkpoint-103,,,,,0,10.0,192.8661960705993,93.23161539388084,53.44009897131461,2520.0,54.332085384701585,4195.149348300981,100.0,100.0,True,,synthetic_normal_checkpoint,sim_user,normal_checkpoint,gpu:1,normal_checkpoint
65.0,2026-01-01 00:01:05+00:00,,syn-normal-checkpoint-103,syn-normal-checkpoint-103,,,,,0,10.0,192.74469611670924,92.91489913408383,53.21852666169306,2520.0,54.20546775607696,4199.400895645766,100.0,100.0,True,,synthetic_normal_checkpoint,sim_user,normal_checkpoint,gpu:1,normal_checkpoint
65.1,2026-01-01 00:01:05.100000+00:00,,syn-normal-checkpoint-103,syn-normal-checkpoint-103,,,,,0,10.0,193.2560443162816,89.81898183908808,55.404428974233284,2458.539733078805,52.94795840320388,4379.061863825861,100.0,100.0,True,,synthetic_normal_checkpoint,sim_user,normal_checkpoint,gpu:1,normal_checkpoint
65.2,2026-01-01 00:01:05.200000+00:00,,syn-normal-checkpoint-103,syn-normal-checkpoint-103,,,,,0,10.0,195.36564452603955,99.37976071550624,51.81705967707225,2520.0,55.54089142294561,4113.436139689683,100.0,100.0,True,,synthetic_normal_checkpoint,sim_user,normal_checkpoint,gpu:1,normal_checkpoint
65.3,2026-01-01 00:01:05.300000+00:00,,syn-normal-checkpoint-103,syn-normal-checkpoint-103,,,,,0,10.0,191.54644522119693,90.03516188271841,49.38476615327146,2401.6659230000187,52.889023209612404,3939.16361450923,100.0,100.0,True,,synthetic_normal_checkpoint,sim_user,normal_checkpoint,gpu:1,normal_checkpoint
65.4,2026-01-01 00:01:05.400000+00:00,,syn-normal-checkpoint-103,syn-normal-checkpoint-103,,,,,0,10.0,192.66502327003067,90.89450052974362,42.54236386216934,2483.338730625143,53.19865660829825,3539.675121530158,100.0,100.0,True,,synthetic_normal_checkpoint,sim_user,normal_checkpoint,gpu:1,normal_checkpoint
65.5,2026-01-01 00:01:05.500000+00:00,,syn-normal-checkpoint-103,syn-normal-checkpoint-103,,,,,0,10.0,193.95111204449654,94.50456917305189,49.50734252654934,2520.0,54.25879365002509,4027.5404680772085,100.0,100.0,True,,synthetic_normal_checkpoint,sim_user,normal_checkpoint,gpu:1,normal_checkpoint
65.6,2026-01-01 00:01:05.600000+00:00,,syn-normal-checkpoint-103,syn-normal-checkpoint-103,,,,,0,10.0,193.672206722561,94.25199805134089,50.52293207778064,2520.0,54.33658556616616,3910.516295090178,100.0,100.0,True,,synthetic_normal_checkpoint,sim_user,normal_checkpoint,gpu:1,normal_checkpoint
65.7,2026-01-01 00:01:05.700000+00:00,,syn-normal-checkpoint-103,syn-normal-checkpoint-103,,,,,0,10.0,192.99564283985248,92.73219651181269,57.22614937125114,2520.0,53.90785778711248,4511.846594995252,100.0,100.0,True,,synthetic_normal_checkpoint,sim_user,normal_checkpoint,gpu:1,normal_checkpoint
65.8,2026-01-01 00:01:05.800000+00:00,,syn-normal-checkpoint-103,syn-normal-checkpoint-103,,,,,0,10.0,191.83837258123077,92.36751344973833,51.567929607307505,2520.0,53.53183645906302,4023.8786159387687,100.0,100.0,True,,synthetic_normal_checkpoint,sim_user,normal_checkpoint,gpu:1,normal_checkpoint
65.9,2026-01-01 00:01:05.900000+00:00,,syn-normal-checkpoint-103,syn-normal-checkpoint-103,,,,,0,10.0,192.14963063911688,93.46166595122097,48.36630431165495,2520.0,53.93340586573915,3831.1066914687594,100.0,100.0,True,,synthetic_normal_checkpoint,sim_user,normal_checkpoint,gpu:1,normal_checkpoint
66.0,2026-01-01 00:01:06+00:00,,syn-normal-checkpoint-103,syn-normal-checkpoint-103,,,,,0,10.0,192.20840291454414,92.95841591192067,57.47359129921707,2520.0,54.01738638750407,4515.300720796218,100.0,100.0,True,,synthetic_normal_checkpoint,sim_user,normal_checkpoint,gpu:1,normal_checkpoint
66.1,2026-01-01 00:01:06.100000+00:00,,syn-normal-checkpoint-103,syn-normal-checkpoint-103,,,,,0,10.0,192.20676712108795,90.52164554710086,58.508552447598966,2420.5037747103665,53.31866545585418,4523.7365517251155,100.0,100.0,True,,synthetic_normal_checkpoint,sim_user,normal_checkpoint,gpu:1,normal_checkpoint
66.2,2026-01-01 00:01:06.200000+00:00,,syn-normal-checkpoint-103,syn-normal-checkpoint-103,,,,,0,10.0,191.28549495045874,91.88474365804903,54.23114617763958,2445.2409310769012,53.43518372226009,4361.5227189771185,100.0,100.0,True,,synthetic_normal_checkpoint,sim_user,normal_checkpoint,gpu:1,normal_checkpoint
66.3,2026-01-01 00:01:06.300000+00:00,,syn-normal-checkpoint-103,syn-normal-checkpoint-103,,,,,0,10.0,191.53095124127987,92.4973415661844,52.13174106671574,2520.0,53.71379494026453,4089.0989582413654,100.0,100.0,True,,synthetic_normal_checkpoint,sim_user,normal_checkpoint,gpu:1,normal_checkpoint
66.4,2026-01-01 00:01:06.400000+00:00,,syn-normal-checkpoint-103,syn-normal-checkpoint-103,,,,,0,10.0,192.85045279797964,93.31140175108749,57.952172823111155,2520.0,53.82870016354562,4478.543278887481,100.0,100.0,True,,synthetic_normal_checkpoint,sim_user,normal_checkpoint,gpu:1,normal_checkpoint
66.5,2026-01-01 00:01:06.500000+00:00,,syn-normal-checkpoint-103,syn-normal-checkpoint-103,,,,,0,10.0,192.99018658145357,92.60592160884602,46.340371914365704,2493.0553762999384,53.357401554004696,3813.2239108005692,100.0,100.0,True,,synthetic_normal_checkpoint,sim_user,normal_checkpoint,gpu:1,normal_checkpoint
66.6,2026-01-01 00:01:06.600000+00:00,,syn-normal-checkpoint-103,syn-normal-checkpoint-103,,,,,0,10.0,192.49611962502559,90.33544403380441,51.120926753402635,2520.0,52.675972442394894,3933.4376357591036,100.0,100.0,True,,synthetic_normal_checkpoint,sim_user,normal_checkpoint,gpu:1,normal_checkpoint
66.7,2026-01-01 00:01:06.700000+00:00,,syn-normal-checkpoint-103,syn-normal-checkpoint-103,,,,,0,10.0,193.95278658971256,94.25548363628413,47.135148734335324,2520.0,53.65149193606404,3648.946297349902,100.0,100.0,True,,synthetic_normal_checkpoint,sim_user,normal_checkpoint,gpu:1,normal_checkpoint
66.8,2026-01-01 00:01:06.800000+00:00,,syn-normal-checkpoint-103,syn-normal-checkpoint-103,,,,,0,10.0,193.2958260889056,94.2871874740731,58.07194845037679,2520.0,53.89912981876491,4669.469443669255,100.0,100.0,True,,synthetic_normal_checkpoint,sim_user,normal_checkpoint,gpu:1,normal_checkpoint
66.9,2026-01-01 00:01:06.900000+00:00,,syn-normal-checkpoint-103,syn-normal-checkpoint-103,,,,,0,10.0,192.11763076536582,92.89847285534204,54.63149724494465,2520.0,53.6127865477377,4332.722455151638,100.0,100.0,True,,synthetic_normal_checkpoint,sim_user,normal_checkpoint,gpu:1,normal_checkpoint
67.0,2026-01-01 00:01:07+00:00,,syn-normal-checkpoint-103,syn-normal-checkpoint-103,,,,,0,10.0,192.27338672046733,88.90518813838018,53.21039585748082,2469.610692404887,52.82047742255152,4076.968359591814,100.0,100.0,True,,synthetic_normal_checkpoint,sim_user,normal_checkpoint,gpu:1,normal_checkpoint
67.1,2026-01-01 00:01:07.100000+00:00,,syn-normal-checkpoint-103,syn-normal-checkpoint-103,,,,,0,10.0,194.43313678200792,94.30306623860756,57.368440614472384,2520.0,54.71269079484615,4475.904225806704,100.0,100.0,True,,synthetic_normal_checkpoint,sim_user,normal_checkpoint,gpu:1,normal_checkpoint
67.2,2026-01-01 00:01:07.200000+00:00,,syn-normal-checkpoint-103,syn-normal-checkpoint-103,,,,,0,10.0,193.19968643932535,95.92029459809302,52.03294931559782,2520.0,54.91383458100888,4037.9892304895575,100.0,100.0,True,,synthetic_normal_checkpoint,sim_user,normal_checkpoint,gpu:1,normal_checkpoint
67.3,2026-01-01 00:01:07.300000+00:00,,syn-normal-checkpoint-103,syn-normal-checkpoint-103,,,,,0,10.0,193.47611582776435,93.95579564889562,47.796192243999876,2520.0,54.54368913768637,3641.809321404811,100.0,100.0,True,,synthetic_normal_checkpoint,sim_user,normal_checkpoint,gpu:1,normal_checkpoint
67.4,2026-01-01 00:01:07.400000+00:00,,syn-normal-checkpoint-103,syn-normal-checkpoint-103,,,,,0,10.0,194.0407026058329,92.37625245610597,47.773409247459895,2505.1768012523926,54.07789833810339,3725.2144387753965,100.0,100.0,True,,synthetic_normal_checkpoint,sim_user,normal_checkpoint,gpu:1,normal_checkpoint
67.5,2026-01-01 00:01:07.500000+00:00,,syn-normal-checkpoint-103,syn-normal-checkpoint-103,,,,,0,10.0,192.66832559426717,93.06557800247306,55.09273180126325,2520.0,54.248078981475764,4326.6747548000685,100.0,100.0,True,,synthetic_normal_checkpoint,sim_user,normal_checkpoint,gpu:1,normal_checkpoint
67.6,2026-01-01 00:01:07.600000+00:00,,syn-normal-checkpoint-103,syn-normal-checkpoint-103,,,,,0,10.0,192.1622202435567,91.94860297454221,54.21776799684532,2454.470384825406,54.13081974604919,4160.264461066897,100.0,100.0,True,,synthetic_normal_checkpoint,sim_user,normal_checkpoint,gpu:1,normal_checkpoint
67.7,2026-01-01 00:01:07.700000+00:00,,syn-normal-checkpoint-103,syn-normal-checkpoint-103,,,,,0,10.0,192.1936987423617,91.47437618399488,40.97450160384469,2495.319464449581,53.62087577049936,3376.942020758442,100.0,100.0,True,,synthetic_normal_checkpoint,sim_user,normal_checkpoint,gpu:1,normal_checkpoint
67.8,2026-01-01 00:01:07.800000+00:00,,syn-normal-checkpoint-103,syn-normal-checkpoint-103,,,,,0,10.0,189.67166283315257,91.64293497121426,58.72101308081194,2520.0,53.3763234103454,4576.577194066139,100.0,100.0,True,,synthetic_normal_checkpoint,sim_user,normal_checkpoint,gpu:1,normal_checkpoint
67.9,2026-01-01 00:01:07.900000+00:00,,syn-normal-checkpoint-103,syn-normal-checkpoint-103,,,,,0,10.0,187.67326963610313,89.90418304289322,54.31875439735973,2428.6279147272426,52.71469598556697,4169.544938796601,100.0,100.0,True,,synthetic_normal_checkpoint,sim_user,normal_checkpoint,gpu:1,normal_checkpoint
68.0,2026-01-01 00:01:08+00:00,,syn-normal-checkpoint-103,syn-normal-checkpoint-103,,,,,0,10.0,188.54053022749258,88.38270646702331,53.40299410605084,2484.397930223675,51.963590925425706,4268.7279177859145,100.0,100.0,True,,synthetic_normal_checkpoint,sim_user,normal_checkpoint,gpu:1,normal_checkpoint
68.1,2026-01-01 00:01:08.100000+00:00,,syn-normal-checkpoint-103,syn-normal-checkpoint-103,,,,,0,10.0,189.31624835167256,93.97933710760984,54.78799139150726,2520.0,53.61511370079027,4272.725860909629,100.0,100.0,True,,synthetic_normal_checkpoint,sim_user,normal_checkpoint,gpu:1,normal_checkpoint
68.2,2026-01-01 00:01:08.200000+00:00,,syn-normal-checkpoint-103,syn-normal-checkpoint-103,,,,,0,10.0,187.7883220393126,91.40051093894748,52.07428484294499,2437.6127818846426,52.666209325767326,4027.392793436595,100.0,100.0,True,,synthetic_normal_checkpoint,sim_user,normal_checkpoint,gpu:1,normal_checkpoint
68.3,2026-01-01 00:01:08.300000+00:00,,syn-normal-checkpoint-103,syn-normal-checkpoint-103,,,,,0,10.0,186.8972561357298,85.42038377020172,48.125640936925954,2363.344567787694,51.10862837437868,3742.3569794308246,100.0,100.0,True,,synthetic_normal_checkpoint,sim_user,normal_checkpoint,gpu:1,normal_checkpoint
68.4,2026-01-01 00:01:08.400000+00:00,,syn-normal-checkpoint-103,syn-normal-checkpoint-103,,,,,0,10.0,188.8280042555826,89.74313231624424,49.83903967806598,2435.7023916639364,52.43207266618552,3837.0090104499022,100.0,100.0,True,,synthetic_normal_checkpoint,sim_user,normal_checkpoint,gpu:1,normal_checkpoint
68.5,2026-01-01 00:01:08.500000+00:00,,syn-normal-checkpoint-103,syn-normal-checkpoint-103,,,,,0,10.0,188.4309407752047,89.66227896644023,48.83079853406799,2473.4647811563955,52.58138559837091,3923.5991745731326,100.0,100.0,True,,synthetic_normal_checkpoint,sim_user,normal_checkpoint,gpu:1,normal_checkpoint
68.6,2026-01-01 00:01:08.600000+00:00,,syn-normal-checkpoint-103,syn-normal-checkpoint-103,,,,,0,10.0,187.0490729953134,83.70424258035527,41.21479127652893,2232.1897367408947,51.123938936890504,3466.3716589668074,100.0,100.0,True,,synthetic_normal_checkpoint,sim_user,normal_checkpoint,gpu:1,normal_checkpoint
68.7,2026-01-01 00:01:08.700000+00:00,,syn-normal-checkpoint-103,syn-normal-checkpoint-103,,,,,0,10.0,187.97384609229664,86.97971579020003,48.432840343070836,2435.3643375433335,52.110945262575406,3855.834165925253,100.0,100.0,True,,synthetic_normal_checkpoint,sim_user,normal_checkpoint,gpu:1,normal_checkpoint
68.8,2026-01-01 00:01:08.800000+00:00,,syn-normal-checkpoint-103,syn-normal-checkpoint-103,,,,,0,10.0,188.45519539963843,91.95624737854632,53.50147300413582,2504.9575475071747,53.10243316660896,4179.6264642976585,100.0,100.0,True,,synthetic_normal_checkpoint,sim_user,normal_checkpoint,gpu:1,normal_checkpoint
68.9,2026-01-01 00:01:08.900000+00:00,,syn-normal-checkpoint-103,syn-normal-checkpoint-103,,,,,0,10.0,188.1909428130177,89.55948238529709,47.4778530946653,2481.9551539498275,52.4711749772264,3750.79877084718,100.0,100.0,True,,synthetic_normal_checkpoint,sim_user,normal_checkpoint,gpu:1,normal_checkpoint
69.0,2026-01-01 00:01:09+00:00,,syn-normal-checkpoint-103,syn-normal-checkpoint-103,,,,,0,10.0,189.3186099790458,91.23055268393045,50.80796964098597,2513.432803759791,53.003289689624864,4027.5926030723185,100.0,100.0,True,,synthetic_normal_checkpoint,sim_user,normal_checkpoint,gpu:1,normal_checkpoint
69.1,2026-01-01 00:01:09.100000+00:00,,syn-normal-checkpoint-103,syn-normal-checkpoint-103,,,,,0,10.0,190.29230674177472,91.36892143283261,51.50503231580368,2480.592474342592,53.1588298221712,3923.6037166268225,100.0,100.0,True,,synthetic_normal_checkpoint,sim_user,normal_checkpoint,gpu:1,normal_checkpoint
69.2,2026-01-01 00:01:09.200000+00:00,,syn-normal-checkpoint-103,syn-normal-checkpoint-103,,,,,0,10.0,189.88049429982,90.76899751639452,49.596252791898706,2483.7164231338306,52.974460420160995,3916.0453979474623,100.0,100.0,True,,synthetic_normal_checkpoint,sim_user,normal_checkpoint,gpu:1,normal_checkpoint
69.3,2026-01-01 00:01:09.300000+00:00,,syn-normal-checkpoint-103,syn-normal-checkpoint-103,,,,,0,10.0,188.88124078674284,89.06184690922692,46.85145622915336,2438.871239743973,52.62010129233069,3807.2391522989847,100.0,100.0,True,,synthetic_normal_checkpoint,sim_user,normal_checkpoint,gpu:1,normal_checkpoint
69.4,2026-01-01 00:01:09.400000+00:00,,syn-normal-checkpoint-103,syn-normal-checkpoint-103,,,,,0,10.0,191.06912513879223,88.83151418369722,48.793207489053906,2390.6166379249316,52.09821756955823,3982.557954860228,100.0,100.0,True,,synthetic_normal_checkpoint,sim_user,normal_checkpoint,gpu:1,normal_checkpoint
69.5,2026-01-01 00:01:09.500000+00:00,,syn-normal-checkpoint-103,syn-normal-checkpoint-103,,,,,0,10.0,193.67305537825766,89.52823671958241,48.080616740462986,2462.486936737666,52.23210588671608,3890.261932774203,100.0,100.0,True,,synthetic_normal_checkpoint,sim_user,normal_checkpoint,gpu:1,normal_checkpoint
69.6,2026-01-01 00:01:09.600000+00:00,,syn-normal-checkpoint-103,syn-normal-checkpoint-103,,,,,0,10.0,196.2100767021444,93.01792742887675,45.02660610715946,2520.0,53.15891321985857,3729.0044122091995,100.0,100.0,True,,synthetic_normal_checkpoint,sim_user,normal_checkpoint,gpu:1,normal_checkpoint
69.7,2026-01-01 00:01:09.700000+00:00,,syn-normal-checkpoint-103,syn-normal-checkpoint-103,,,,,0,10.0,197.62569562989572,97.23903227934295,58.079534126705376,2520.0,54.66735810141174,4413.076718033267,100.0,100.0,True,,synthetic_normal_checkpoint,sim_user,normal_checkpoint,gpu:1,normal_checkpoint
69.8,2026-01-01 00:01:09.800000+00:00,,syn-normal-checkpoint-103,syn-normal-checkpoint-103,,,,,0,10.0,196.17477897564066,96.60257992215253,64.13834374898819,2520.0,54.653942448345525,4911.201857486741,100.0,100.0,True,,synthetic_normal_checkpoint,sim_user,normal_checkpoint,gpu:1,normal_checkpoint
69.9,2026-01-01 00:01:09.900000+00:00,,syn-normal-checkpoint-103,syn-normal-checkpoint-103,,,,,0,10.0,196.4499828378052,97.46121552948435,54.43375980931952,2520.0,54.72755983084923,4400.220638125019,100.0,100.0,True,,synthetic_normal_checkpoint,sim_user,normal_checkpoint,gpu:1,normal_checkpoint
70.0,2026-01-01 00:01:10+00:00,,syn-normal-checkpoint-103,syn-normal-checkpoint-103,,,,,0,10.0,192.96690869711193,92.30712398593951,53.9762021954223,2448.5076784060393,53.23351319860869,4037.3867637247395,100.0,100.0,True,,synthetic_normal_checkpoint,sim_user,normal_checkpoint,gpu:1,normal_checkpoint
70.1,2026-01-01 00:01:10.100000+00:00,,syn-normal-checkpoint-103,syn-normal-checkpoint-103,,,,,0,10.0,192.70156567689284,90.74177880281837,45.135291590864014,2408.0930189868013,52.6670161307188,3768.961505276644,100.0,100.0,True,,synthetic_normal_checkpoint,sim_user,normal_checkpoint,gpu:1,normal_checkpoint
70.2,2026-01-01 00:01:10.200000+00:00,,syn-normal-checkpoint-103,syn-normal-checkpoint-103,,,,,0,10.0,194.327416997296,96.41986053412082,52.04931638448477,2520.0,54.11153555146237,4105.694503037788,100.0,100.0,True,,synthetic_normal_checkpoint,sim_user,normal_checkpoint,gpu:1,normal_checkpoint
70.3,2026-01-01 00:01:10.300000+00:00,,syn-normal-checkpoint-103,syn-normal-checkpoint-103,,,,,0,10.0,192.72983163264163,94.56139737392581,51.614601182718275,2520.0,53.70506374365193,4035.147086209219,100.0,100.0,True,,synthetic_normal_checkpoint,sim_user,normal_checkpoint,gpu:1,normal_checkpoint
70.4,2026-01-01 00:01:10.400000+00:00,,syn-normal-checkpoint-103,syn-normal-checkpoint-103,,,,,0,10.0,193.35958435129618,93.89803698947512,54.79692137364974,2520.0,53.22532642105843,4353.96837191279,100.0,100.0,True,,synthetic_normal_checkpoint,sim_user,normal_checkpoint,gpu:1,normal_checkpoint
70.5,2026-01-01 00:01:10.500000+00:00,,syn-normal-checkpoint-103,syn-normal-checkpoint-103,,,,,0,10.0,193.26382754289423,93.7160009038151,49.26120349834291,2520.0,53.580270376446364,3882.7925494610313,100.0,100.0,True,,synthetic_normal_checkpoint,sim_user,normal_checkpoint,gpu:1,normal_checkpoint
70.6,2026-01-01 00:01:10.600000+00:00,,syn-normal-checkpoint-103,syn-normal-checkpoint-103,,,,,0,10.0,191.98727964567172,91.08684723538106,51.886782215948394,2520.0,53.19360422531136,3995.4302576005807,100.0,100.0,True,,synthetic_normal_checkpoint,sim_user,normal_checkpoint,gpu:1,normal_checkpoint
70.7,2026-01-01 00:01:10.700000+00:00,,syn-normal-checkpoint-103,syn-normal-checkpoint-103,,,,,0,10.0,191.6037962005831,94.22768599797314,50.36427502600179,2520.0,53.936254079004264,3815.747547875526,100.0,100.0,True,,synthetic_normal_checkpoint,sim_user,normal_checkpoint,gpu:1,normal_checkpoint
70.8,2026-01-01 00:01:10.800000+00:00,,syn-normal-checkpoint-103,syn-normal-checkpoint-103,,,,,0,10.0,187.8114832469935,85.76730210727249,50.23191511431777,2300.70327464972,51.73664592443076,3962.7250114267035,100.0,100.0,True,,synthetic_normal_checkpoint,sim_user,normal_checkpoint,gpu:1,normal_checkpoint
70.9,2026-01-01 00:01:10.900000+00:00,,syn-normal-checkpoint-103,syn-normal-checkpoint-103,,,,,0,10.0,191.21269485156378,90.72798164408677,47.924181452872816,2466.293904609802,53.32511874425778,3678.80897515287,100.0,100.0,True,,synthetic_normal_checkpoint,sim_user,normal_checkpoint,gpu:1,normal_checkpoint
71.0,2026-01-01 00:01:11+00:00,,syn-normal-checkpoint-103,syn-normal-checkpoint-103,,,,,0,10.0,191.82756092794253,93.1194966773094,48.00026953136184,2509.989965048014,54.17252470328731,3884.151403837587,100.0,100.0,True,,synthetic_normal_checkpoint,sim_user,normal_checkpoint,gpu:1,normal_checkpoint
71.1,2026-01-01 00:01:11.100000+00:00,,syn-normal-checkpoint-103,syn-normal-checkpoint-103,,,,,0,10.0,191.91841170393909,92.0315182538629,48.4554585995686,2520.0,53.890802383812094,3816.6097681253896,100.0,100.0,True,,synthetic_normal_checkpoint,sim_user,normal_checkpoint,gpu:1,normal_checkpoint
71.2,2026-01-01 00:01:11.200000+00:00,,syn-normal-checkpoint-103,syn-normal-checkpoint-103,,,,,0,10.0,190.575018871348,94.34187896393381,48.5005408260977,2520.0,54.60414758226238,3733.6147248143116,100.0,100.0,True,,synthetic_normal_checkpoint,sim_user,normal_checkpoint,gpu:1,normal_checkpoint
71.3,2026-01-01 00:01:11.300000+00:00,,syn-normal-checkpoint-103,syn-normal-checkpoint-103,,,,,0,10.0,187.65983728751937,90.14662799412864,48.20606086587929,2393.025319114462,53.57586103673239,3893.684556660966,100.0,100.0,True,,synthetic_normal_checkpoint,sim_user,normal_checkpoint,gpu:1,normal_checkpoint
71.4,2026-01-01 00:01:11.400000+00:00,,syn-normal-checkpoint-103,syn-normal-checkpoint-103,,,,,0,10.0,187.8237733646784,88.00223711027999,44.68843745760343,2378.046858914417,52.8140373132952,3514.7044047310355,100.0,100.0,True,,synthetic_normal_checkpoint,sim_user,normal_checkpoint,gpu:1,normal_checkpoint
71.5,2026-01-01 00:01:11.500000+00:00,,syn-normal-checkpoint-103,syn-normal-checkpoint-103,,,,,0,10.0,188.03611385590503,87.91551833429834,47.33049805269524,2452.25883343507,52.4293962523729,3838.8613050545055,100.0,100.0,True,,synthetic_normal_checkpoint,sim_user,normal_checkpoint,gpu:1,normal_checkpoint
71.6,2026-01-01 00:01:11.600000+00:00,,syn-normal-checkpoint-103,syn-normal-checkpoint-103,,,,,0,10.0,188.89374297703358,85.69979678963541,45.330947691410145,2399.526070040869,51.92887194894641,3510.1949864701046,100.0,100.0,True,,synthetic_normal_checkpoint,sim_user,normal_checkpoint,gpu:1,normal_checkpoint
71.7,2026-01-01 00:01:11.700000+00:00,,syn-normal-checkpoint-103,syn-normal-checkpoint-103,,,,,0,10.0,193.05853605327195,95.18426906792607,51.02414265070157,2520.0,54.7551892403224,4046.68826316555,100.0,100.0,True,,synthetic_normal_checkpoint,sim_user,normal_checkpoint,gpu:1,normal_checkpoint
71.8,2026-01-01 00:01:11.800000+00:00,,syn-normal-checkpoint-103,syn-normal-checkpoint-103,,,,,0,10.0,192.17245612397105,92.43740424628302,48.19869671322041,2520.0,53.81035395148949,3873.6965430110336,100.0,100.0,True,,synthetic_normal_checkpoint,sim_user,normal_checkpoint,gpu:1,normal_checkpoint
71.9,2026-01-01 00:01:11.900000+00:00,,syn-normal-checkpoint-103,syn-normal-checkpoint-103,,,,,0,10.0,192.50001919178655,93.7052853304721,50.43218506695892,2520.0,53.8252035881368,3889.9431517448215,100.0,100.0,True,,synthetic_normal_checkpoint,sim_user,normal_checkpoint,gpu:1,normal_checkpoint
72.0,2026-01-01 00:01:12+00:00,,syn-normal-checkpoint-103,syn-normal-checkpoint-103,,,,,0,10.0,192.08157157288198,89.71586426242301,53.43960813822367,2464.459737881266,52.83365786325136,4131.26108238411,100.0,100.0,True,,synthetic_normal_checkpoint,sim_user,normal_checkpoint,gpu:1,normal_checkpoint
72.1,2026-01-01 00:01:12.100000+00:00,,syn-normal-checkpoint-103,syn-normal-checkpoint-103,,,,,0,10.0,192.9195174590442,90.56673498955597,52.71021655554453,2444.472185830298,53.374548934890484,4165.16489868657,100.0,100.0,True,,synthetic_normal_checkpoint,sim_user,normal_checkpoint,gpu:1,normal_checkpoint
72.2,2026-01-01 00:01:12.200000+00:00,,syn-normal-checkpoint-103,syn-normal-checkpoint-103,,,,,0,10.0,194.95376338609154,95.02179379176515,52.2269114485308,2520.0,54.61764949016521,4131.790780638414,100.0,100.0,True,,synthetic_normal_checkpoint,sim_user,normal_checkpoint,gpu:1,normal_checkpoint
72.3,2026-01-01 00:01:12.300000+00:00,,syn-normal-checkpoint-103,syn-normal-checkpoint-103,,,,,0,10.0,194.6357558500747,92.66190361409797,55.43942120808098,2520.0,53.913274984391805,4266.647065904408,100.0,100.0,True,,synthetic_normal_checkpoint,sim_user,normal_checkpoint,gpu:1,normal_checkpoint
72.4,2026-01-01 00:01:12.400000+00:00,,syn-normal-checkpoint-103,syn-normal-checkpoint-103,,,,,0,10.0,197.98221880359748,95.70471640065387,54.37227541577528,2520.0,54.84181864847047,4188.23445596475,100.0,100.0,True,,synthetic_normal_checkpoint,sim_user,normal_checkpoint,gpu:1,normal_checkpoint
72.5,2026-01-01 00:01:12.500000+00:00,,syn-normal-checkpoint-103,syn-normal-checkpoint-103,,,,,0,10.0,198.8991558260616,99.47913123318996,48.83399717922774,2520.0,56.044050210758805,3838.3327818739167,100.0,100.0,True,,synthetic_normal_checkpoint,sim_user,normal_checkpoint,gpu:1,normal_checkpoint
72.6,2026-01-01 00:01:12.600000+00:00,,syn-normal-checkpoint-103,syn-normal-checkpoint-103,,,,,0,10.0,195.4359225861581,95.08215942547008,48.48030414403316,2520.0,54.572614567747884,3839.1054678302244,100.0,100.0,True,,synthetic_normal_checkpoint,sim_user,normal_checkpoint,gpu:1,normal_checkpoint
72.7,2026-01-01 00:01:12.700000+00:00,,syn-normal-checkpoint-103,syn-normal-checkpoint-103,,,,,0,10.0,194.69022392654682,94.60800172178207,46.38964414999038,2520.0,54.482706356602804,3655.877461460502,100.0,100.0,True,,synthetic_normal_checkpoint,sim_user,normal_checkpoint,gpu:1,normal_checkpoint
72.8,2026-01-01 00:01:12.800000+00:00,,syn-normal-checkpoint-103,syn-normal-checkpoint-103,,,,,0,10.0,193.32222501834477,93.46836797984112,45.911124850345765,2520.0,54.364721824212275,3555.310659531091,100.0,100.0,True,,synthetic_normal_checkpoint,sim_user,normal_checkpoint,gpu:1,normal_checkpoint
72.9,2026-01-01 00:01:12.900000+00:00,,syn-normal-checkpoint-103,syn-normal-checkpoint-103,,,,,0,10.0,194.74130459798945,92.89429514686867,55.99255035747899,2520.0,54.25072903596304,4515.039376627864,100.0,100.0,True,,synthetic_normal_checkpoint,sim_user,normal_checkpoint,gpu:1,normal_checkpoint
73.0,2026-01-01 00:01:13+00:00,,syn-normal-checkpoint-103,syn-normal-checkpoint-103,,,,,0,10.0,195.2014485195828,95.66127245729959,50.61836230326193,2520.0,54.93266504827262,3992.1175105208526,100.0,100.0,True,,synthetic_normal_checkpoint,sim_user,normal_checkpoint,gpu:1,normal_checkpoint
73.1,2026-01-01 00:01:13.100000+00:00,,syn-normal-checkpoint-103,syn-normal-checkpoint-103,,,,,0,10.0,193.0187255563771,93.2343103722283,48.39719519521638,2517.545813351838,54.38640441522304,3842.355340611227,100.0,100.0,True,,synthetic_normal_checkpoint,sim_user,normal_checkpoint,gpu:1,normal_checkpoint
73.2,2026-01-01 00:01:13.200000+00:00,,syn-normal-checkpoint-103,syn-normal-checkpoint-103,,,,,0,10.0,192.4235776490773,97.29644210035616,58.644505875749516,2520.0,55.74945976857654,4542.1525809722325,100.0,100.0,True,,synthetic_normal_checkpoint,sim_user,normal_checkpoint,gpu:1,normal_checkpoint
73.3,2026-01-01 00:01:13.300000+00:00,,syn-normal-checkpoint-103,syn-normal-checkpoint-103,,,,,0,10.0,190.92838130474536,92.92588120911299,46.62864301558574,2520.0,54.502340398148355,3811.3474565406996,100.0,100.0,True,,synthetic_normal_checkpoint,sim_user,normal_checkpoint,gpu:1,normal_checkpoint
73.4,2026-01-01 00:01:13.400000+00:00,,syn-normal-checkpoint-103,syn-normal-checkpoint-103,,,,,0,10.0,191.0687547648087,88.32836138948973,45.99864068008117,2392.0630453581066,52.772099433320335,3544.351872914566,100.0,100.0,True,,synthetic_normal_checkpoint,sim_user,normal_checkpoint,gpu:1,normal_checkpoint
73.5,2026-01-01 00:01:13.500000+00:00,,syn-normal-checkpoint-103,syn-normal-checkpoint-103,,,,,0,10.0,193.08185476578078,92.261710145712,53.06938961134989,2500.8653796499866,53.9988186747097,4100.438985491642,100.0,100.0,True,,synthetic_normal_checkpoint,sim_user,normal_checkpoint,gpu:1,normal_checkpoint
73.6,2026-01-01 00:01:13.600000+00:00,,syn-normal-checkpoint-103,syn-normal-checkpoint-103,,,,,0,10.0,193.61268177492062,91.46898178045343,51.07935044426704,2444.541517246674,53.836876102571736,4125.478282190619,100.0,100.0,True,,synthetic_normal_checkpoint,sim_user,normal_checkpoint,gpu:1,normal_checkpoint
73.7,2026-01-01 00:01:13.700000+00:00,,syn-normal-checkpoint-103,syn-normal-checkpoint-103,,,,,0,10.0,193.15802582093764,95.91960548962226,54.387094123542596,2520.0,54.90988717087571,4365.480433741367,100.0,100.0,True,,synthetic_normal_checkpoint,sim_user,normal_checkpoint,gpu:1,normal_checkpoint
73.8,2026-01-01 00:01:13.800000+00:00,,syn-normal-checkpoint-103,syn-normal-checkpoint-103,,,,,0,10.0,191.04028022819625,91.39856700806325,54.08139812901415,2464.2476923998606,53.43006154165487,4229.0291406664965,100.0,100.0,True,,synthetic_normal_checkpoint,sim_user,normal_checkpoint,gpu:1,normal_checkpoint
73.9,2026-01-01 00:01:13.900000+00:00,,syn-normal-checkpoint-103,syn-normal-checkpoint-103,,,,,0,10.0,190.93484999736674,89.05324249520393,43.70088873205,2435.4257260954014,52.64682920139017,3510.5863157584417,100.0,100.0,True,,synthetic_normal_checkpoint,sim_user,normal_checkpoint,gpu:1,normal_checkpoint
74.0,2026-01-01 00:01:14+00:00,,syn-normal-checkpoint-103,syn-normal-checkpoint-103,,,,,0,10.0,191.31975331451437,91.09620713809042,45.48035959350159,2506.0050821526756,53.1296377435164,3620.5989343682386,100.0,100.0,True,,synthetic_normal_checkpoint,sim_user,normal_checkpoint,gpu:1,normal_checkpoint
74.1,2026-01-01 00:01:14.100000+00:00,,syn-normal-checkpoint-103,syn-normal-checkpoint-103,,,,,0,10.0,53.56070868581651,7.40881611971146,7.488798950234358,433.6542870333921,29.33636797883344,1005.5866969511571,100.0,100.0,True,,synthetic_normal_checkpoint,sim_user,normal_checkpoint,gpu:1,normal_checkpoint
74.2,2026-01-01 00:01:14.200000+00:00,,syn-normal-checkpoint-103,syn-normal-checkpoint-103,,,,,0,10.0,62.72763989786787,12.677359175034901,7.932223404599443,509.25624224413264,30.68763570965213,1081.04031635865,100.0,100.0,True,,synthetic_normal_checkpoint,sim_user,normal_checkpoint,gpu:1,normal_checkpoint
74.3,2026-01-01 00:01:14.300000+00:00,,syn-normal-checkpoint-103,syn-normal-checkpoint-103,,,,,0,10.0,52.16725892549522,4.7314138251658715,2.4925399880547428,304.7684888793964,28.725394672327635,705.9560121152216,100.0,100.0,True,,synthetic_normal_checkpoint,sim_user,normal_checkpoint,gpu:1,normal_checkpoint
74.4,2026-01-01 00:01:14.400000+00:00,,syn-normal-checkpoint-103,syn-normal-checkpoint-103,,,,,0,10.0,54.699026389341654,6.322358471593529,3.1105454713425904,396.195544831741,29.23427427047257,425.36462167453976,100.0,100.0,True,,synthetic_normal_checkpoint,sim_user,normal_checkpoint,gpu:1,normal_checkpoint
74.5,2026-01-01 00:01:14.500000+00:00,,syn-normal-checkpoint-103,syn-normal-checkpoint-103,,,,,0,10.0,57.66516314673916,5.284966774034121,4.392155284142346,331.57018103275766,28.684794749277554,784.1661801630089,100.0,100.0,True,,synthetic_normal_checkpoint,sim_user,normal_checkpoint,gpu:1,normal_checkpoint
74.6,2026-01-01 00:01:14.600000+00:00,,syn-normal-checkpoint-103,syn-normal-checkpoint-103,,,,,0,10.0,66.95440582753831,12.86052320969454,10.261578957392588,531.2840381027712,31.153212251284863,1174.8492132775498,100.0,100.0,True,,synthetic_normal_checkpoint,sim_user,normal_checkpoint,gpu:1,normal_checkpoint
74.7,2026-01-01 00:01:14.700000+00:00,,syn-normal-checkpoint-103,syn-normal-checkpoint-103,,,,,0,10.0,51.543753809935886,3.614626998337765,0.0,263.538872369431,28.41637401886707,339.56573103315213,100.0,100.0,True,,synthetic_normal_checkpoint,sim_user,normal_checkpoint,gpu:1,normal_checkpoint
74.8,2026-01-01 00:01:14.800000+00:00,,syn-normal-checkpoint-103,syn-normal-checkpoint-103,,,,,0,10.0,50.92563910252821,1.8299724977122518,2.257931086294784,262.08748593044754,27.92076824265479,438.1586601568452,100.0,100.0,True,,synthetic_normal_checkpoint,sim_user,normal_checkpoint,gpu:1,normal_checkpoint
74.9,2026-01-01 00:01:14.900000+00:00,,syn-normal-checkpoint-103,syn-normal-checkpoint-103,,,,,0,10.0,61.31060307597357,10.423559058595671,13.96804188451,451.5352370362337,30.38188274580508,1356.1946862641742,100.0,100.0,True,,synthetic_normal_checkpoint,sim_user,normal_checkpoint,gpu:1,normal_checkpoint
75.0,2026-01-01 00:01:15+00:00,,syn-normal-checkpoint-103,syn-normal-checkpoint-103,,,,,0,10.0,55.72398742036747,4.277569828872809,0.639650482021153,277.11434250732015,28.676787100138498,445.5252832697454,100.0,100.0,True,,synthetic_normal_checkpoint,sim_user,normal_checkpoint,gpu:1,normal_checkpoint
75.1,2026-01-01 00:01:15.100000+00:00,,syn-normal-checkpoint-103,syn-normal-checkpoint-103,,,,,0,10.0,51.59297674621217,5.873540082012639,5.590839824722247,307.21591403537286,29.20795838801684,751.2737585970833,100.0,100.0,True,,synthetic_normal_checkpoint,sim_user,normal_checkpoint,gpu:1,normal_checkpoint
75.2,2026-01-01 00:01:15.200000+00:00,,syn-normal-checkpoint-103,syn-normal-checkpoint-103,,,,,0,10.0,54.11373772866411,4.035841677294863,10.740661501908747,372.39145617911885,28.757907100749946,1054.3151813320094,100.0,100.0,True,,synthetic_normal_checkpoint,sim_user,normal_checkpoint,gpu:1,normal_checkpoint
75.3,2026-01-01 00:01:15.300000+00:00,,syn-normal-checkpoint-103,syn-normal-checkpoint-103,,,,,0,10.0,59.526654645868526,6.881950508411438,2.110870665606635,403.16255334884215,29.476977436588083,614.5110494274287,100.0,100.0,True,,synthetic_normal_checkpoint,sim_user,normal_checkpoint,gpu:1,normal_checkpoint
75.4,2026-01-01 00:01:15.400000+00:00,,syn-normal-checkpoint-103,syn-normal-checkpoint-103,,,,,0,10.0,51.33116932266706,1.3451212252787461,0.0,279.35105381959096,28.250916021945457,572.8773136855771,100.0,100.0,True,,synthetic_normal_checkpoint,sim_user,normal_checkpoint,gpu:1,normal_checkpoint
75.5,2026-01-01 00:01:15.500000+00:00,,syn-normal-checkpoint-103,syn-normal-checkpoint-103,,,,,0,10.0,50.819838322851936,2.577482261089032,0.0,213.23698819203582,28.74067210196893,500.26860314902325,100.0,100.0,True,,synthetic_normal_checkpoint,sim_user,normal_checkpoint,gpu:1,normal_checkpoint
75.6,2026-01-01 00:01:15.600000+00:00,,syn-normal-checkpoint-103,syn-normal-checkpoint-103,,,,,0,10.0,189.17128627467702,90.86000962294008,48.07096715798976,2488.040005190883,53.88001807351614,3847.820734490178,100.0,100.0,True,,synthetic_normal_checkpoint,sim_user,normal_checkpoint,gpu:1,normal_checkpoint
75.7,2026-01-01 00:01:15.700000+00:00,,syn-normal-checkpoint-103,syn-normal-checkpoint-103,,,,,0,10.0,187.7269192676082,89.74226361662322,46.26337465894637,2482.6635381389274,53.60408196928281,3565.3345985297888,100.0,100.0,True,,synthetic_normal_checkpoint,sim_user,normal_checkpoint,gpu:1,normal_checkpoint
75.8,2026-01-01 00:01:15.800000+00:00,,syn-normal-checkpoint-103,syn-normal-checkpoint-103,,,,,0,10.0,187.59126398776075,87.60698222576173,50.74650245898093,2358.2710508309333,53.16989981100458,3888.9463541821865,100.0,100.0,True,,synthetic_normal_checkpoint,sim_user,normal_checkpoint,gpu:1,normal_checkpoint
75.9,2026-01-01 00:01:15.900000+00:00,,syn-normal-checkpoint-103,syn-normal-checkpoint-103,,,,,0,10.0,188.2301805122241,89.78850882414638,54.61024444502665,2391.20462383884,54.190848691636795,4097.028650761679,100.0,100.0,True,,synthetic_normal_checkpoint,sim_user,normal_checkpoint,gpu:1,normal_checkpoint
76.0,2026-01-01 00:01:16+00:00,,syn-normal-checkpoint-103,syn-normal-checkpoint-103,,,,,0,10.0,185.88910458141507,85.7913604549935,47.79481504694706,2356.541736566728,53.05766851790074,3927.536270825108,100.0,100.0,True,,synthetic_normal_checkpoint,sim_user,normal_checkpoint,gpu:1,normal_checkpoint
76.1,2026-01-01 00:01:16.100000+00:00,,syn-normal-checkpoint-103,syn-normal-checkpoint-103,,,,,0,10.0,185.8784144499754,87.72041602825726,49.70976267782821,2421.452454972644,53.30897529149472,4076.8762963726804,100.0,100.0,True,,synthetic_normal_checkpoint,sim_user,normal_checkpoint,gpu:1,normal_checkpoint
76.2,2026-01-01 00:01:16.200000+00:00,,syn-normal-checkpoint-103,syn-normal-checkpoint-103,,,,,0,10.0,185.574588895987,88.76141775108414,45.388590541965065,2397.196712455127,53.53469617674629,3530.4903305160924,100.0,100.0,True,,synthetic_normal_checkpoint,sim_user,normal_checkpoint,gpu:1,normal_checkpoint
76.3,2026-01-01 00:01:16.300000+00:00,,syn-normal-checkpoint-103,syn-normal-checkpoint-103,,,,,0,10.0,185.0591259504313,87.64884399626015,56.302397010421,2433.4500593885223,53.28858485657568,4433.414363551105,100.0,100.0,True,,synthetic_normal_checkpoint,sim_user,normal_checkpoint,gpu:1,normal_checkpoint
76.4,2026-01-01 00:01:16.400000+00:00,,syn-normal-checkpoint-103,syn-normal-checkpoint-103,,,,,0,10.0,184.6963290374443,85.99078156751004,50.03131220868621,2414.910555403922,52.61746091951131,3953.029048474139,100.0,100.0,True,,synthetic_normal_checkpoint,sim_user,normal_checkpoint,gpu:1,normal_checkpoint
76.5,2026-01-01 00:01:16.500000+00:00,,syn-normal-checkpoint-103,syn-normal-checkpoint-103,,,,,0,10.0,186.75056512330326,86.74010363822522,50.923928963864384,2346.029868173821,52.527989218474175,4013.7186183492067,100.0,100.0,True,,synthetic_normal_checkpoint,sim_user,normal_checkpoint,gpu:1,normal_checkpoint
76.6,2026-01-01 00:01:16.600000+00:00,,syn-normal-checkpoint-103,syn-normal-checkpoint-103,,,,,0,10.0,186.34088145245164,88.62774827717482,58.57907131218992,2398.150241651325,53.09520365824228,4721.496715780595,100.0,100.0,True,,synthetic_normal_checkpoint,sim_user,normal_checkpoint,gpu:1,normal_checkpoint
76.7,2026-01-01 00:01:16.700000+00:00,,syn-normal-checkpoint-103,syn-normal-checkpoint-103,,,,,0,10.0,187.54909570179157,88.73055320420316,48.778969630096604,2411.199558567489,53.13215325387924,3887.290889114994,100.0,100.0,True,,synthetic_normal_checkpoint,sim_user,normal_checkpoint,gpu:1,normal_checkpoint
76.8,2026-01-01 00:01:16.800000+00:00,,syn-normal-checkpoint-103,syn-normal-checkpoint-103,,,,,0,10.0,187.1402104662082,84.8901463844442,46.6725787013753,2278.510826091243,51.67968537342317,3660.470390800062,100.0,100.0,True,,synthetic_normal_checkpoint,sim_user,normal_checkpoint,gpu:1,normal_checkpoint
76.9,2026-01-01 00:01:16.900000+00:00,,syn-normal-checkpoint-103,syn-normal-checkpoint-103,,,,,0,10.0,189.53439235777697,88.06110669230773,46.99385678464195,2376.296208891318,52.8726201134714,3798.377086367431,100.0,100.0,True,,synthetic_normal_checkpoint,sim_user,normal_checkpoint,gpu:1,normal_checkpoint
77.0,2026-01-01 00:01:17+00:00,,syn-normal-checkpoint-103,syn-normal-checkpoint-103,,,,,0,10.0,190.24109881981929,89.91299392268554,42.72436075083413,2441.2678903960123,53.48176856497543,3328.8422987873996,100.0,100.0,True,,synthetic_normal_checkpoint,sim_user,normal_checkpoint,gpu:1,normal_checkpoint
77.1,2026-01-01 00:01:17.100000+00:00,,syn-normal-checkpoint-103,syn-normal-checkpoint-103,,,,,0,10.0,190.8331057229838,91.1355691332252,56.02108303784209,2492.4246262566944,53.975927637503084,4258.50899198654,100.0,100.0,True,,synthetic_normal_checkpoint,sim_user,normal_checkpoint,gpu:1,normal_checkpoint
77.2,2026-01-01 00:01:17.200000+00:00,,syn-normal-checkpoint-103,syn-normal-checkpoint-103,,,,,0,10.0,189.1005470115505,89.53354231765687,48.3444460471002,2477.08384205412,53.434381256025596,3700.6586086392585,100.0,100.0,True,,synthetic_normal_checkpoint,sim_user,normal_checkpoint,gpu:1,normal_checkpoint
77.3,2026-01-01 00:01:17.300000+00:00,,syn-normal-checkpoint-103,syn-normal-checkpoint-103,,,,,0,10.0,190.88319133874762,93.57332792364124,47.23204574160787,2520.0,54.56064389285679,3681.9330463938327,100.0,100.0,True,,synthetic_normal_checkpoint,sim_user,normal_checkpoint,gpu:1,normal_checkpoint
77.4,2026-01-01 00:01:17.400000+00:00,,syn-normal-checkpoint-103,syn-normal-checkpoint-103,,,,,0,10.0,188.89754603940324,87.35082847743539,43.99550054805063,2422.376283600829,52.97425729164603,3606.9322664205956,100.0,100.0,True,,synthetic_normal_checkpoint,sim_user,normal_checkpoint,gpu:1,normal_checkpoint
77.5,2026-01-01 00:01:17.500000+00:00,,syn-normal-checkpoint-103,syn-normal-checkpoint-103,,,,,0,10.0,190.13533898847183,93.18519068658489,53.34349437365868,2520.0,54.6436577224718,4043.807318780648,100.0,100.0,True,,synthetic_normal_checkpoint,sim_user,normal_checkpoint,gpu:1,normal_checkpoint
77.6,2026-01-01 00:01:17.600000+00:00,,syn-normal-checkpoint-103,syn-normal-checkpoint-103,,,,,0,10.0,186.18274692119454,87.13658729567534,53.33577166292752,2426.63155092909,52.792966620159255,4105.0669316883605,100.0,100.0,True,,synthetic_normal_checkpoint,sim_user,normal_checkpoint,gpu:1,normal_checkpoint
77.7,2026-01-01 00:01:17.700000+00:00,,syn-normal-checkpoint-103,syn-normal-checkpoint-103,,,,,0,10.0,186.64456606580566,88.88844340382784,49.750921382890425,2427.300497237267,53.27717967931934,3909.280222603623,100.0,100.0,True,,synthetic_normal_checkpoint,sim_user,normal_checkpoint,gpu:1,normal_checkpoint
77.8,2026-01-01 00:01:17.800000+00:00,,syn-normal-checkpoint-103,syn-normal-checkpoint-103,,,,,0,10.0,185.68531538909818,86.91622433927692,43.873769922121824,2367.797345627282,52.63676240000717,3604.350529690359,100.0,100.0,True,,synthetic_normal_checkpoint,sim_user,normal_checkpoint,gpu:1,normal_checkpoint
77.9,2026-01-01 00:01:17.900000+00:00,,syn-normal-checkpoint-103,syn-normal-checkpoint-103,,,,,0,10.0,187.04511723741933,88.97175107282114,44.76903186835644,2416.903399334215,53.3196969708389,3596.5448593142414,100.0,100.0,True,,synthetic_normal_checkpoint,sim_user,normal_checkpoint,gpu:1,normal_checkpoint
78.0,2026-01-01 00:01:18+00:00,,syn-normal-checkpoint-103,syn-normal-checkpoint-103,,,,,0,10.0,187.3091376764838,85.8041553739095,49.888508674907314,2357.787976485515,52.19350151309919,3753.9785771071925,100.0,100.0,True,,synthetic_normal_checkpoint,sim_user,normal_checkpoint,gpu:1,normal_checkpoint
78.1,2026-01-01 00:01:18.100000+00:00,,syn-normal-checkpoint-103,syn-normal-checkpoint-103,,,,,0,10.0,188.49169680299406,92.3599863073604,56.2677540150555,2520.0,54.08374934363652,4330.804366372541,100.0,100.0,True,,synthetic_normal_checkpoint,sim_user,normal_checkpoint,gpu:1,normal_checkpoint
78.2,2026-01-01 00:01:18.200000+00:00,,syn-normal-checkpoint-103,syn-normal-checkpoint-103,,,,,0,10.0,185.42134283321064,86.56950347687108,47.85437325655987,2357.928730853196,52.411743542315776,3737.457341018384,100.0,100.0,True,,synthetic_normal_checkpoint,sim_user,normal_checkpoint,gpu:1,normal_checkpoint
78.3,2026-01-01 00:01:18.300000+00:00,,syn-normal-checkpoint-103,syn-normal-checkpoint-103,,,,,0,10.0,187.57530429916534,88.74857947047104,40.09278766855922,2354.734426054096,52.989323998738776,3158.6402731039652,100.0,100.0,True,,synthetic_normal_checkpoint,sim_user,normal_checkpoint,gpu:1,normal_checkpoint
78.4,2026-01-01 00:01:18.400000+00:00,,syn-normal-checkpoint-103,syn-normal-checkpoint-103,,,,,0,10.0,187.3960220336904,84.35042347541166,49.13790136179942,2344.7157437802107,51.697946712350365,3860.9631715818405,100.0,100.0,True,,synthetic_normal_checkpoint,sim_user,normal_checkpoint,gpu:1,normal_checkpoint
78.5,2026-01-01 00:01:18.500000+00:00,,syn-normal-checkpoint-103,syn-normal-checkpoint-103,,,,,0,10.0,191.10512003425472,91.05877144851625,45.68348642209821,2433.004754904108,53.5686022602676,3705.2258116773523,100.0,100.0,True,,synthetic_normal_checkpoint,sim_user,normal_checkpoint,gpu:1,normal_checkpoint
78.6,2026-01-01 00:01:18.600000+00:00,,syn-normal-checkpoint-103,syn-normal-checkpoint-103,,,,,0,10.0,192.383585056323,90.76549897839905,51.44279525108862,2501.0900370578834,53.609774971977586,4087.521519058162,100.0,100.0,True,,synthetic_normal_checkpoint,sim_user,normal_checkpoint,gpu:1,normal_checkpoint
78.7,2026-01-01 00:01:18.700000+00:00,,syn-normal-checkpoint-103,syn-normal-checkpoint-103,,,,,0,10.0,194.7857830842362,95.07833163708352,54.007277732663304,2520.0,54.55486635226734,4284.496117867534,100.0,100.0,True,,synthetic_normal_checkpoint,sim_user,normal_checkpoint,gpu:1,normal_checkpoint
78.8,2026-01-01 00:01:18.800000+00:00,,syn-normal-checkpoint-103,syn-normal-checkpoint-103,,,,,0,10.0,192.56704666977444,92.91437743559938,53.40209559381133,2520.0,53.682401462180394,4169.828724057112,100.0,100.0,True,,synthetic_normal_checkpoint,sim_user,normal_checkpoint,gpu:1,normal_checkpoint
78.9,2026-01-01 00:01:18.900000+00:00,,syn-normal-checkpoint-103,syn-normal-checkpoint-103,,,,,0,10.0,190.94557483001216,90.21619269684692,45.831360896815774,2420.260196187405,53.13466282758777,3680.470865140128,100.0,100.0,True,,synthetic_normal_checkpoint,sim_user,normal_checkpoint,gpu:1,normal_checkpoint
79.0,2026-01-01 00:01:19+00:00,,syn-normal-checkpoint-103,syn-normal-checkpoint-103,,,,,0,10.0,191.0825925921176,88.46025243036225,45.2859467146599,2413.4197253933935,52.43866490355604,3815.764809012723,100.0,100.0,True,,synthetic_normal_checkpoint,sim_user,normal_checkpoint,gpu:1,normal_checkpoint
79.1,2026-01-01 00:01:19.100000+00:00,,syn-normal-checkpoint-103,syn-normal-checkpoint-103,,,,,0,10.0,191.9152706132882,94.52437138927287,52.85749212794168,2520.0,54.34411692704628,4304.4984373446905,100.0,100.0,True,,synthetic_normal_checkpoint,sim_user,normal_checkpoint,gpu:1,normal_checkpoint
79.2,2026-01-01 00:01:19.200000+00:00,,syn-normal-checkpoint-103,syn-normal-checkpoint-103,,,,,0,10.0,191.23692254732816,90.72511427276324,52.895814037822056,2520.0,52.97597439269157,3880.5132146255946,100.0,100.0,True,,synthetic_normal_checkpoint,sim_user,normal_checkpoint,gpu:1,normal_checkpoint
79.3,2026-01-01 00:01:19.300000+00:00,,syn-normal-checkpoint-103,syn-normal-checkpoint-103,,,,,0,10.0,192.01298595864614,93.92593373279733,51.05302973292928,2520.0,53.58257841467864,4149.898159705347,100.0,100.0,True,,synthetic_normal_checkpoint,sim_user,normal_checkpoint,gpu:1,normal_checkpoint
79.4,2026-01-01 00:01:19.400000+00:00,,syn-normal-checkpoint-103,syn-normal-checkpoint-103,,,,,0,10.0,191.66015344816626,93.70853106451268,48.81553405881696,2517.3196912406856,53.72566093986391,3823.684856687871,100.0,100.0,True,,synthetic_normal_checkpoint,sim_user,normal_checkpoint,gpu:1,normal_checkpoint
79.5,2026-01-01 00:01:19.500000+00:00,,syn-normal-checkpoint-103,syn-normal-checkpoint-103,,,,,0,10.0,190.80678419733226,94.09933360197141,46.369762371979704,2520.0,53.62818595002244,3574.6024824739216,100.0,100.0,True,,synthetic_normal_checkpoint,sim_user,normal_checkpoint,gpu:1,normal_checkpoint
79.6,2026-01-01 00:01:19.600000+00:00,,syn-normal-checkpoint-103,syn-normal-checkpoint-103,,,,,0,10.0,189.72544057451074,87.90706116472657,39.403122701002005,2381.834006549379,52.176628392246826,3332.4394053575397,100.0,100.0,True,,synthetic_normal_checkpoint,sim_user,normal_checkpoint,gpu:1,normal_checkpoint
79.7,2026-01-01 00:01:19.700000+00:00,,syn-normal-checkpoint-103,syn-normal-checkpoint-103,,,,,0,10.0,191.77207652894242,89.49654188658852,48.79153564189097,2492.2685845982014,53.0857811060165,3974.7886253928314,100.0,100.0,True,,synthetic_normal_checkpoint,sim_user,normal_checkpoint,gpu:1,normal_checkpoint
79.8,2026-01-01 00:01:19.800000+00:00,,syn-normal-checkpoint-103,syn-normal-checkpoint-103,,,,,0,10.0,193.25935941222323,91.91572127507898,46.92591534290335,2459.017797952156,53.72321625763409,3871.738039495314,100.0,100.0,True,,synthetic_normal_checkpoint,sim_user,normal_checkpoint,gpu:1,normal_checkpoint
79.9,2026-01-01 00:01:19.900000+00:00,,syn-normal-checkpoint-103,syn-normal-checkpoint-103,,,,,0,10.0,193.19611775275382,91.2862204158803,39.76835152127509,2520.0,53.46731372711634,3248.3766131818597,100.0,100.0,True,,synthetic_normal_checkpoint,sim_user,normal_checkpoint,gpu:1,normal_checkpoint
80.0,2026-01-01 00:01:20+00:00,,syn-normal-checkpoint-103,syn-normal-checkpoint-103,,,,,0,10.0,195.39673862947603,95.48946587119696,57.28718664879391,2520.0,54.42647056892902,4384.371628760617,100.0,100.0,True,,synthetic_normal_checkpoint,sim_user,normal_checkpoint,gpu:1,normal_checkpoint
80.1,2026-01-01 00:01:20.100000+00:00,,syn-normal-checkpoint-103,syn-normal-checkpoint-103,,,,,0,10.0,194.31221719013726,94.05310064202814,55.46751037682919,2520.0,54.45104897632176,4299.997295602556,100.0,100.0,True,,synthetic_normal_checkpoint,sim_user,normal_checkpoint,gpu:1,normal_checkpoint
80.2,2026-01-01 00:01:20.200000+00:00,,syn-normal-checkpoint-103,syn-normal-checkpoint-103,,,,,0,10.0,192.25929395437157,93.44549959102395,56.011064260458504,2520.0,54.39973179974879,4325.868224681637,100.0,100.0,True,,synthetic_normal_checkpoint,sim_user,normal_checkpoint,gpu:1,normal_checkpoint
80.3,2026-01-01 00:01:20.300000+00:00,,syn-normal-checkpoint-103,syn-normal-checkpoint-103,,,,,0,10.0,189.4856896907337,90.80705364369203,47.824474710270046,2519.0255329275496,53.50389586790149,3895.7540413443267,100.0,100.0,True,,synthetic_normal_checkpoint,sim_user,normal_checkpoint,gpu:1,normal_checkpoint
80.4,2026-01-01 00:01:20.400000+00:00,,syn-normal-checkpoint-103,syn-normal-checkpoint-103,,,,,0,10.0,189.89006058476255,91.5772760884004,51.3469777479822,2520.0,53.94424586905279,4041.288000352578,100.0,100.0,True,,synthetic_normal_checkpoint,sim_user,normal_checkpoint,gpu:1,normal_checkpoint
80.5,2026-01-01 00:01:20.500000+00:00,,syn-normal-checkpoint-103,syn-normal-checkpoint-103,,,,,0,10.0,189.04118751711584,91.16134231217065,44.20019164534103,2436.114225282507,53.53080986385044,3633.185379614441,100.0,100.0,True,,synthetic_normal_checkpoint,sim_user,normal_checkpoint,gpu:1,normal_checkpoint
80.6,2026-01-01 00:01:20.600000+00:00,,syn-normal-checkpoint-103,syn-normal-checkpoint-103,,,,,0,10.0,188.02688501413104,89.82192996806388,48.852535328166795,2457.262220142375,53.014541541415085,3788.917516144142,100.0,100.0,True,,synthetic_normal_checkpoint,sim_user,normal_checkpoint,gpu:1,normal_checkpoint
80.7,2026-01-01 00:01:20.700000+00:00,,syn-normal-checkpoint-103,syn-normal-checkpoint-103,,,,,0,10.0,186.41807846363827,87.50603526096091,47.69934469989549,2377.2393366745496,52.37147087811727,3755.4710448423684,100.0,100.0,True,,synthetic_normal_checkpoint,sim_user,normal_checkpoint,gpu:1,normal_checkpoint
80.8,2026-01-01 00:01:20.800000+00:00,,syn-normal-checkpoint-103,syn-normal-checkpoint-103,,,,,0,10.0,187.25372290850873,91.51592523856577,52.78128382453977,2485.0669279956924,53.579831126823244,4175.683692635964,100.0,100.0,True,,synthetic_normal_checkpoint,sim_user,normal_checkpoint,gpu:1,normal_checkpoint
80.9,2026-01-01 00:01:20.900000+00:00,,syn-normal-checkpoint-103,syn-normal-checkpoint-103,,,,,0,10.0,187.0037175752982,88.26709084560164,43.367116510581546,2454.187293029668,52.76310439770238,3513.6116827570104,100.0,100.0,True,,synthetic_normal_checkpoint,sim_user,normal_checkpoint,gpu:1,normal_checkpoint
81.0,2026-01-01 00:01:21+00:00,,syn-normal-checkpoint-103,syn-normal-checkpoint-103,,,,,0,10.0,187.75249946041308,86.238790008176,50.01337600173536,2363.7359684535936,51.9018460568917,3910.418567850778,100.0,100.0,True,,synthetic_normal_checkpoint,sim_user,normal_checkpoint,gpu:1,normal_checkpoint
81.1,2026-01-01 00:01:21.100000+00:00,,syn-normal-checkpoint-103,syn-normal-checkpoint-103,,,,,0,10.0,188.35318885419758,86.0002482114698,51.714877457860034,2389.434482857766,51.91440263719662,4069.3546368705665,100.0,100.0,True,,synthetic_normal_checkpoint,sim_user,normal_checkpoint,gpu:1,normal_checkpoint
81.2,2026-01-01 00:01:21.200000+00:00,,syn-normal-checkpoint-103,syn-normal-checkpoint-103,,,,,0,10.0,190.29030430202124,92.04016355044274,54.38358967699772,2484.110655339442,53.71300778853408,4205.032200835701,100.0,100.0,True,,synthetic_normal_checkpoint,sim_user,normal_checkpoint,gpu:1,normal_checkpoint
81.3,2026-01-01 00:01:21.300000+00:00,,syn-normal-checkpoint-103,syn-normal-checkpoint-103,,,,,0,10.0,189.88011279739547,90.04305804454508,52.150661277061296,2393.8364339387917,52.96045063583577,3938.0198807599663,100.0,100.0,True,,synthetic_normal_checkpoint,sim_user,normal_checkpoint,gpu:1,normal_checkpoint
81.4,2026-01-01 00:01:21.400000+00:00,,syn-normal-checkpoint-103,syn-normal-checkpoint-103,,,,,0,10.0,189.20995187013332,89.44157014219718,53.54740145790028,2426.9840145867593,52.96530107983684,4204.384828935444,100.0,100.0,True,,synthetic_normal_checkpoint,sim_user,normal_checkpoint,gpu:1,normal_checkpoint
81.5,2026-01-01 00:01:21.500000+00:00,,syn-normal-checkpoint-103,syn-normal-checkpoint-103,,,,,0,10.0,188.3720299150008,87.14280529129972,49.96209808805054,2349.259192151305,52.51127614664621,3847.028388447568,100.0,100.0,True,,synthetic_normal_checkpoint,sim_user,normal_checkpoint,gpu:1,normal_checkpoint
81.6,2026-01-01 00:01:21.600000+00:00,,syn-normal-checkpoint-103,syn-normal-checkpoint-103,,,,,0,10.0,188.53417548842503,90.33895776185527,47.05805259323546,2457.629215483692,53.4495971560568,3883.9781309272485,100.0,100.0,True,,synthetic_normal_checkpoint,sim_user,normal_checkpoint,gpu:1,normal_checkpoint
81.7,2026-01-01 00:01:21.700000+00:00,,syn-normal-checkpoint-103,syn-normal-checkpoint-103,,,,,0,10.0,190.27851668720945,92.96527681962,45.109589572849714,2520.0,54.26253477758058,3633.1595119701306,100.0,100.0,True,,synthetic_normal_checkpoint,sim_user,normal_checkpoint,gpu:1,normal_checkpoint
81.8,2026-01-01 00:01:21.800000+00:00,,syn-normal-checkpoint-103,syn-normal-checkpoint-103,,,,,0,10.0,190.69821933507768,91.93478968875026,43.927228763556215,2513.5408827428073,54.05500162925539,3685.652110036652,100.0,100.0,True,,synthetic_normal_checkpoint,sim_user,normal_checkpoint,gpu:1,normal_checkpoint
81.9,2026-01-01 00:01:21.900000+00:00,,syn-normal-checkpoint-103,syn-normal-checkpoint-103,,,,,0,10.0,190.18256570253567,88.8459443593,47.13467572214555,2394.899315929591,53.20156322838347,3760.286610427269,100.0,100.0,True,,synthetic_normal_checkpoint,sim_user,normal_checkpoint,gpu:1,normal_checkpoint
82.0,2026-01-01 00:01:22+00:00,,syn-normal-checkpoint-103,syn-normal-checkpoint-103,,,,,0,10.0,191.4926954316984,91.45844889804053,45.659048334194786,2517.117425075387,54.07330797338198,3729.8463563670553,100.0,100.0,True,,synthetic_normal_checkpoint,sim_user,normal_checkpoint,gpu:1,normal_checkpoint
82.1,2026-01-01 00:01:22.100000+00:00,,syn-normal-checkpoint-103,syn-normal-checkpoint-103,,,,,0,10.0,192.88239699867813,92.92947368583468,49.41117854863975,2520.0,54.378253313090696,4049.096134722915,100.0,100.0,True,,synthetic_normal_checkpoint,sim_user,normal_checkpoint,gpu:1,normal_checkpoint
82.2,2026-01-01 00:01:22.200000+00:00,,syn-normal-checkpoint-103,syn-normal-checkpoint-103,,,,,0,10.0,193.8783414201185,91.34737927780002,49.36883299004441,2520.0,54.065220638048075,3895.9077076047442,100.0,100.0,True,,synthetic_normal_checkpoint,sim_user,normal_checkpoint,gpu:1,normal_checkpoint
82.3,2026-01-01 00:01:22.300000+00:00,,syn-normal-checkpoint-103,syn-normal-checkpoint-103,,,,,0,10.0,195.715101198723,92.01809425258963,45.884718252559935,2482.6247630227945,54.13307411424728,3584.1305623264475,100.0,100.0,True,,synthetic_normal_checkpoint,sim_user,normal_checkpoint,gpu:1,normal_checkpoint
82.4,2026-01-01 00:01:22.400000+00:00,,syn-normal-checkpoint-103,syn-normal-checkpoint-103,,,,,0,10.0,196.0527027602596,92.25759837671038,53.86507037999424,2517.321118067624,53.72675915073916,4202.269887728785,100.0,100.0,True,,synthetic_normal_checkpoint,sim_user,normal_checkpoint,gpu:1,normal_checkpoint
82.5,2026-01-01 00:01:22.500000+00:00,,syn-normal-checkpoint-103,syn-normal-checkpoint-103,,,,,0,10.0,196.31296040408523,98.36331056388585,47.222002083992805,2520.0,55.0212735297383,3692.9131992289977,100.0,100.0,True,,synthetic_normal_checkpoint,sim_user,normal_checkpoint,gpu:1,normal_checkpoint
82.6,2026-01-01 00:01:22.600000+00:00,,syn-normal-checkpoint-103,syn-normal-checkpoint-103,,,,,0,10.0,194.23076657209333,96.20248102242147,47.9458127416363,2520.0,54.2759650918726,3891.629781262664,100.0,100.0,True,,synthetic_normal_checkpoint,sim_user,normal_checkpoint,gpu:1,normal_checkpoint
82.7,2026-01-01 00:01:22.700000+00:00,,syn-normal-checkpoint-103,syn-normal-checkpoint-103,,,,,0,10.0,193.5405443472133,92.79139657223016,51.378553208374875,2471.4304313545344,53.06823391190382,4133.114347221893,100.0,100.0,True,,synthetic_normal_checkpoint,sim_user,normal_checkpoint,gpu:1,normal_checkpoint
82.8,2026-01-01 00:01:22.800000+00:00,,syn-normal-checkpoint-103,syn-normal-checkpoint-103,,,,,0,10.0,194.33649088607376,93.81255544029167,50.203280903861305,2520.0,53.31072275182098,3897.6942271971984,100.0,100.0,True,,synthetic_normal_checkpoint,sim_user,normal_checkpoint,gpu:1,normal_checkpoint
82.9,2026-01-01 00:01:22.900000+00:00,,syn-normal-checkpoint-103,syn-normal-checkpoint-103,,,,,0,10.0,194.02545359310497,95.5503085800656,45.618489609311865,2520.0,53.73888882810303,3636.9639991210456,100.0,100.0,True,,synthetic_normal_checkpoint,sim_user,normal_checkpoint,gpu:1,normal_checkpoint
83.0,2026-01-01 00:01:23+00:00,,syn-normal-checkpoint-103,syn-normal-checkpoint-103,,,,,0,10.0,191.93306273458566,94.12605741939772,52.179280845990625,2520.0,53.49927028403132,4006.14890872593,100.0,100.0,True,,synthetic_normal_checkpoint,sim_user,normal_checkpoint,gpu:1,normal_checkpoint
83.1,2026-01-01 00:01:23.100000+00:00,,syn-normal-checkpoint-103,syn-normal-checkpoint-103,,,,,0,10.0,192.49447722397963,93.78457592589635,45.44312252679928,2520.0,53.240777766056965,3516.5486280685686,100.0,100.0,True,,synthetic_normal_checkpoint,sim_user,normal_checkpoint,gpu:1,normal_checkpoint
83.2,2026-01-01 00:01:23.200000+00:00,,syn-normal-checkpoint-103,syn-normal-checkpoint-103,,,,,0,10.0,190.70576237893474,89.48025892491448,50.86347148314572,2472.7399835685956,52.097187482169446,3964.577909494315,100.0,100.0,True,,synthetic_normal_checkpoint,sim_user,normal_checkpoint,gpu:1,normal_checkpoint
83.3,2026-01-01 00:01:23.300000+00:00,,syn-normal-checkpoint-103,syn-normal-checkpoint-103,,,,,0,10.0,191.7870903251366,90.04755270172957,44.78643681929397,2466.9404666949217,52.56640269030554,3556.1648842833806,100.0,100.0,True,,synthetic_normal_checkpoint,sim_user,normal_checkpoint,gpu:1,normal_checkpoint
83.4,2026-01-01 00:01:23.400000+00:00,,syn-normal-checkpoint-103,syn-normal-checkpoint-103,,,,,0,10.0,193.02138382346803,92.54847934692148,45.06385568009598,2520.0,53.64262693563518,3579.8293652813786,100.0,100.0,True,,synthetic_normal_checkpoint,sim_user,normal_checkpoint,gpu:1,normal_checkpoint
83.5,2026-01-01 00:01:23.500000+00:00,,syn-normal-checkpoint-103,syn-normal-checkpoint-103,,,,,0,10.0,193.6117694089713,94.57139363307633,48.73363709494438,2520.0,54.31450724725177,3759.5128604967963,100.0,100.0,True,,synthetic_normal_checkpoint,sim_user,normal_checkpoint,gpu:1,normal_checkpoint
83.6,2026-01-01 00:01:23.600000+00:00,,syn-normal-checkpoint-103,syn-normal-checkpoint-103,,,,,0,10.0,194.3050556931066,94.70416056410913,52.123212523788986,2520.0,54.733395167585726,4035.043661500865,100.0,100.0,True,,synthetic_normal_checkpoint,sim_user,normal_checkpoint,gpu:1,normal_checkpoint
83.7,2026-01-01 00:01:23.700000+00:00,,syn-normal-checkpoint-103,syn-normal-checkpoint-103,,,,,0,10.0,191.47474964992975,91.45571284579509,51.37731858996456,2500.021322713339,54.20506312899491,3835.9483103827215,100.0,100.0,True,,synthetic_normal_checkpoint,sim_user,normal_checkpoint,gpu:1,normal_checkpoint
83.8,2026-01-01 00:01:23.800000+00:00,,syn-normal-checkpoint-103,syn-normal-checkpoint-103,,,,,0,10.0,188.53663833087626,88.33740886964618,44.32844265576996,2428.1281491955765,53.41982217458077,3466.8710061397833,100.0,100.0,True,,synthetic_normal_checkpoint,sim_user,normal_checkpoint,gpu:1,normal_checkpoint
83.9,2026-01-01 00:01:23.900000+00:00,,syn-normal-checkpoint-103,syn-normal-checkpoint-103,,,,,0,10.0,189.8527727585979,93.83032534901925,48.52113449243018,2520.0,54.84335631890076,3814.494450210235,100.0,100.0,True,,synthetic_normal_checkpoint,sim_user,normal_checkpoint,gpu:1,normal_checkpoint
84.0,2026-01-01 00:01:24+00:00,,syn-normal-checkpoint-103,syn-normal-checkpoint-103,,,,,0,10.0,189.1972076051006,88.49443205135975,47.5754007516017,2365.7061796079315,53.44167672752676,3812.7174902646602,100.0,100.0,True,,synthetic_normal_checkpoint,sim_user,normal_checkpoint,gpu:1,normal_checkpoint
84.1,2026-01-01 00:01:24.100000+00:00,,syn-normal-checkpoint-103,syn-normal-checkpoint-103,,,,,0,10.0,191.14166151910777,91.70036372439593,50.67954314242563,2482.2972229744382,54.46897885006704,4201.685385819358,100.0,100.0,True,,synthetic_normal_checkpoint,sim_user,normal_checkpoint,gpu:1,normal_checkpoint
84.2,2026-01-01 00:01:24.200000+00:00,,syn-normal-checkpoint-103,syn-normal-checkpoint-103,,,,,0,10.0,191.7629383165554,92.2541152086279,46.940361260032006,2520.0,54.68427118338943,3682.5481196317114,100.0,100.0,True,,synthetic_normal_checkpoint,sim_user,normal_checkpoint,gpu:1,normal_checkpoint
84.3,2026-01-01 00:01:24.300000+00:00,,syn-normal-checkpoint-103,syn-normal-checkpoint-103,,,,,0,10.0,191.45363012573634,92.62673256537366,52.0270336379118,2517.387351332187,54.84134724761843,3976.7206905051726,100.0,100.0,True,,synthetic_normal_checkpoint,sim_user,normal_checkpoint,gpu:1,normal_checkpoint
84.4,2026-01-01 00:01:24.400000+00:00,,syn-normal-checkpoint-103,syn-normal-checkpoint-103,,,,,0,10.0,190.65506819109905,93.9627051799614,50.916092159379126,2520.0,55.194945027041335,3912.428134377197,100.0,100.0,True,,synthetic_normal_checkpoint,sim_user,normal_checkpoint,gpu:1,normal_checkpoint
84.5,2026-01-01 00:01:24.500000+00:00,,syn-normal-checkpoint-103,syn-normal-checkpoint-103,,,,,0,10.0,191.21392922581694,87.6685961672682,43.71575028856115,2411.99100678665,53.11584064752333,3533.102700451429,100.0,100.0,True,,synthetic_normal_checkpoint,sim_user,normal_checkpoint,gpu:1,normal_checkpoint
84.6,2026-01-01 00:01:24.600000+00:00,,syn-normal-checkpoint-103,syn-normal-checkpoint-103,,,,,0,10.0,192.4775750675711,86.79681743943186,48.44148991014213,2387.5534219578412,52.60161028896424,3833.5881230378045,100.0,100.0,True,,synthetic_normal_checkpoint,sim_user,normal_checkpoint,gpu:1,normal_checkpoint
84.7,2026-01-01 00:01:24.700000+00:00,,syn-normal-checkpoint-103,syn-normal-checkpoint-103,,,,,0,10.0,196.6954039786278,95.82959108929501,50.990750578951086,2520.0,54.93655037617485,3934.01424184679,100.0,100.0,True,,synthetic_normal_checkpoint,sim_user,normal_checkpoint,gpu:1,normal_checkpoint
84.8,2026-01-01 00:01:24.800000+00:00,,syn-normal-checkpoint-103,syn-normal-checkpoint-103,,,,,0,10.0,195.89339302415289,96.443399595637,60.41469307147906,2520.0,55.111356833934096,4556.897226825733,100.0,100.0,True,,synthetic_normal_checkpoint,sim_user,normal_checkpoint,gpu:1,normal_checkpoint
84.9,2026-01-01 00:01:24.900000+00:00,,syn-normal-checkpoint-103,syn-normal-checkpoint-103,,,,,0,10.0,194.69246624338248,95.44509125594466,56.8024561264854,2520.0,54.951306269943665,4384.5309653548775,100.0,100.0,True,,synthetic_normal_checkpoint,sim_user,normal_checkpoint,gpu:1,normal_checkpoint
85.0,2026-01-01 00:01:25+00:00,,syn-normal-checkpoint-103,syn-normal-checkpoint-103,,,,,0,10.0,192.5163281625768,93.68185748657662,54.4264249024238,2520.0,54.314928413498684,4144.9813282804325,100.0,100.0,True,,synthetic_normal_checkpoint,sim_user,normal_checkpoint,gpu:1,normal_checkpoint
85.1,2026-01-01 00:01:25.100000+00:00,,syn-normal-checkpoint-103,syn-normal-checkpoint-103,,,,,0,10.0,191.28728312994988,91.39868192274781,50.951614948987135,2459.295941915412,53.45142037862999,4152.763322344934,100.0,100.0,True,,synthetic_normal_checkpoint,sim_user,normal_checkpoint,gpu:1,normal_checkpoint
85.2,2026-01-01 00:01:25.200000+00:00,,syn-normal-checkpoint-103,syn-normal-checkpoint-103,,,,,0,10.0,190.39771904409508,90.52628199156737,52.04813631942028,2407.1506007307125,53.18667041166574,4083.9065506203756,100.0,100.0,True,,synthetic_normal_checkpoint,sim_user,normal_checkpoint,gpu:1,normal_checkpoint
85.3,2026-01-01 00:01:25.300000+00:00,,syn-normal-checkpoint-103,syn-normal-checkpoint-103,,,,,0,10.0,188.6241181254979,93.69335894062469,53.95358443100891,2513.931445807695,54.02084246429154,4273.93599911941,100.0,100.0,True,,synthetic_normal_checkpoint,sim_user,normal_checkpoint,gpu:1,normal_checkpoint
85.4,2026-01-01 00:01:25.400000+00:00,,syn-normal-checkpoint-103,syn-normal-checkpoint-103,,,,,0,10.0,185.07889059455616,86.09077895949007,42.47903174155861,2342.9743093448697,51.76583536288588,3391.518076271802,100.0,100.0,True,,synthetic_normal_checkpoint,sim_user,normal_checkpoint,gpu:1,normal_checkpoint
85.5,2026-01-01 00:01:25.500000+00:00,,syn-normal-checkpoint-103,syn-normal-checkpoint-103,,,,,0,10.0,183.58667803635524,88.8060413834037,52.16918840732665,2458.641879124132,52.414302423608305,3988.553934984679,100.0,100.0,True,,synthetic_normal_checkpoint,sim_user,normal_checkpoint,gpu:1,normal_checkpoint
85.6,2026-01-01 00:01:25.600000+00:00,,syn-normal-checkpoint-103,syn-normal-checkpoint-103,,,,,0,10.0,183.0284930670242,85.80409705299965,42.066723745820894,2371.4770229254236,51.67724593304426,3294.314368811149,100.0,100.0,True,,synthetic_normal_checkpoint,sim_user,normal_checkpoint,gpu:1,normal_checkpoint
85.7,2026-01-01 00:01:25.700000+00:00,,syn-normal-checkpoint-103,syn-normal-checkpoint-103,,,,,0,10.0,181.83193563992572,85.45210918935649,42.54170754593472,2385.8323376183685,51.365679436109104,3632.6496751690993,100.0,100.0,True,,synthetic_normal_checkpoint,sim_user,normal_checkpoint,gpu:1,normal_checkpoint
85.8,2026-01-01 00:01:25.800000+00:00,,syn-normal-checkpoint-103,syn-normal-checkpoint-103,,,,,0,10.0,181.03711462469937,82.95342682831848,42.09756323345489,2270.1085484970854,50.730647169153464,3522.2694373451272,100.0,100.0,True,,synthetic_normal_checkpoint,sim_user,normal_checkpoint,gpu:1,normal_checkpoint
85.9,2026-01-01 00:01:25.900000+00:00,,syn-normal-checkpoint-103,syn-normal-checkpoint-103,,,,,0,10.0,183.64495614642922,85.89896869027262,47.39698261595304,2321.5015733350424,51.57957988404085,3749.917774066613,100.0,100.0,True,,synthetic_normal_checkpoint,sim_user,normal_checkpoint,gpu:1,normal_checkpoint
86.0,2026-01-01 00:01:26+00:00,,syn-normal-checkpoint-103,syn-normal-checkpoint-103,,,,,0,10.0,184.43154011465808,85.49253436400222,48.879516328160435,2328.0992982917405,51.89112482048868,3958.1004267370645,100.0,100.0,True,,synthetic_normal_checkpoint,sim_user,normal_checkpoint,gpu:1,normal_checkpoint
86.1,2026-01-01 00:01:26.100000+00:00,,syn-normal-checkpoint-103,syn-normal-checkpoint-103,,,,,0,10.0,184.5113671109222,83.63757865272738,49.64350214627111,2273.49094573752,51.26882210546968,3929.548066266762,100.0,100.0,True,,synthetic_normal_checkpoint,sim_user,normal_checkpoint,gpu:1,normal_checkpoint
86.2,2026-01-01 00:01:26.200000+00:00,,syn-normal-checkpoint-103,syn-normal-checkpoint-103,,,,,0,10.0,187.1797692998594,86.40499826967762,42.25137806456093,2354.2165426151087,52.16480406266258,3477.1814431157504,100.0,100.0,True,,synthetic_normal_checkpoint,sim_user,normal_checkpoint,gpu:1,normal_checkpoint
86.3,2026-01-01 00:01:26.300000+00:00,,syn-normal-checkpoint-103,syn-normal-checkpoint-103,,,,,0,10.0,188.5154677705426,85.56272901412768,45.16285753707839,2349.0218768344153,51.87015250154554,3379.4835609250094,100.0,100.0,True,,synthetic_normal_checkpoint,sim_user,normal_checkpoint,gpu:1,normal_checkpoint
86.4,2026-01-01 00:01:26.400000+00:00,,syn-normal-checkpoint-103,syn-normal-checkpoint-103,,,,,0,10.0,191.1398895008951,92.5442025649418,47.531354076624694,2509.105644493177,53.75434324021919,3699.599696227369,100.0,100.0,True,,synthetic_normal_checkpoint,sim_user,normal_checkpoint,gpu:1,normal_checkpoint
86.5,2026-01-01 00:01:26.500000+00:00,,syn-normal-checkpoint-103,syn-normal-checkpoint-103,,,,,0,10.0,189.15697771067514,87.49855795646737,49.3605228884391,2402.5717491869577,52.13982888039846,3912.858346045282,100.0,100.0,True,,synthetic_normal_checkpoint,sim_user,normal_checkpoint,gpu:1,normal_checkpoint
86.6,2026-01-01 00:01:26.600000+00:00,,syn-normal-checkpoint-103,syn-normal-checkpoint-103,,,,,0,10.0,191.18950799029773,89.8973392649232,48.05063886396765,2429.5718366914766,52.81415051166631,3796.3200707813157,100.0,100.0,True,,synthetic_normal_checkpoint,sim_user,normal_checkpoint,gpu:1,normal_checkpoint
86.7,2026-01-01 00:01:26.700000+00:00,,syn-normal-checkpoint-103,syn-normal-checkpoint-103,,,,,0,10.0,191.91147199203976,94.47588550131377,63.74914419305257,2520.0,53.77075017100184,4974.307633809194,100.0,100.0,True,,synthetic_normal_checkpoint,sim_user,normal_checkpoint,gpu:1,normal_checkpoint
86.8,2026-01-01 00:01:26.800000+00:00,,syn-normal-checkpoint-103,syn-normal-checkpoint-103,,,,,0,10.0,189.62619628935406,91.07062474802073,55.22456454760001,2507.5441382143617,52.94279993373969,4447.938794829199,100.0,100.0,True,,synthetic_normal_checkpoint,sim_user,normal_checkpoint,gpu:1,normal_checkpoint
86.9,2026-01-01 00:01:26.900000+00:00,,syn-normal-checkpoint-103,syn-normal-checkpoint-103,,,,,0,10.0,187.83813877886007,87.77533118575423,49.18644795133937,2409.253723071752,51.79940101238944,3945.643562947731,100.0,100.0,True,,synthetic_normal_checkpoint,sim_user,normal_checkpoint,gpu:1,normal_checkpoint
87.0,2026-01-01 00:01:27+00:00,,syn-normal-checkpoint-103,syn-normal-checkpoint-103,,,,,0,10.0,187.99053990538076,90.62538235304713,42.34137947908797,2481.364102252648,52.45638549789541,3295.9331504927086,100.0,100.0,True,,synthetic_normal_checkpoint,sim_user,normal_checkpoint,gpu:1,normal_checkpoint
87.1,2026-01-01 00:01:27.100000+00:00,,syn-normal-checkpoint-103,syn-normal-checkpoint-103,,,,,0,10.0,185.96865151997287,88.04875735907216,48.46844675608331,2377.163972830462,51.57059526149958,3908.2334900089204,100.0,100.0,True,,synthetic_normal_checkpoint,sim_user,normal_checkpoint,gpu:1,normal_checkpoint
87.2,2026-01-01 00:01:27.200000+00:00,,syn-normal-checkpoint-103,syn-normal-checkpoint-103,,,,,0,10.0,185.75528888892617,88.55348679225656,45.98448925360876,2431.09352808488,51.992410341377386,3603.8353001113314,100.0,100.0,True,,synthetic_normal_checkpoint,sim_user,normal_checkpoint,gpu:1,normal_checkpoint
87.3,2026-01-01 00:01:27.300000+00:00,,syn-normal-checkpoint-103,syn-normal-checkpoint-103,,,,,0,10.0,185.20939396593656,85.25102052994501,47.78437762316084,2385.5950996405013,51.11086726857481,3682.088730731061,100.0,100.0,True,,synthetic_normal_checkpoint,sim_user,normal_checkpoint,gpu:1,normal_checkpoint
87.4,2026-01-01 00:01:27.400000+00:00,,syn-normal-checkpoint-103,syn-normal-checkpoint-103,,,,,0,10.0,185.2824375041116,88.72416932371571,46.81113940732293,2493.412499896458,52.54741991835867,3819.8177001760905,100.0,100.0,True,,synthetic_normal_checkpoint,sim_user,normal_checkpoint,gpu:1,normal_checkpoint
87.5,2026-01-01 00:01:27.500000+00:00,,syn-normal-checkpoint-103,syn-normal-checkpoint-103,,,,,0,10.0,185.76016200072297,87.78762089099678,46.82790392723244,2369.099735606736,52.55734326328262,3775.7031043485313,100.0,100.0,True,,synthetic_normal_checkpoint,sim_user,normal_checkpoint,gpu:1,normal_checkpoint
87.6,2026-01-01 00:01:27.600000+00:00,,syn-normal-checkpoint-103,syn-normal-checkpoint-103,,,,,0,10.0,186.45874317006312,86.93845285873361,38.838371943683,2376.5424370641895,52.443049810508725,3155.623194068619,100.0,100.0,True,,synthetic_normal_checkpoint,sim_user,normal_checkpoint,gpu:1,normal_checkpoint
87.7,2026-01-01 00:01:27.700000+00:00,,syn-normal-checkpoint-103,syn-normal-checkpoint-103,,,,,0,10.0,185.46632832915344,85.24001200812195,44.119636262516984,2317.6130466448785,51.76953625327254,3567.845172262473,100.0,100.0,True,,synthetic_normal_checkpoint,sim_user,normal_checkpoint,gpu:1,normal_checkpoint
87.8,2026-01-01 00:01:27.800000+00:00,,syn-normal-checkpoint-103,syn-normal-checkpoint-103,,,,,0,10.0,188.242681964313,88.3036783400407,52.737270538542255,2404.2058304846546,52.50441451061244,4162.256926494124,100.0,100.0,True,,synthetic_normal_checkpoint,sim_user,normal_checkpoint,gpu:1,normal_checkpoint
87.9,2026-01-01 00:01:27.900000+00:00,,syn-normal-checkpoint-103,syn-normal-checkpoint-103,,,,,0,10.0,187.8704401193676,86.91056890446136,47.186658985472015,2466.3383963463157,52.21459291249655,3862.5623596441023,100.0,100.0,True,,synthetic_normal_checkpoint,sim_user,normal_checkpoint,gpu:1,normal_checkpoint
88.0,2026-01-01 00:01:28+00:00,,syn-normal-checkpoint-103,syn-normal-checkpoint-103,,,,,0,10.0,187.3213723850331,88.51411971974456,50.28425037528411,2452.150964570985,52.68807918715707,3935.2923445896868,100.0,100.0,True,,synthetic_normal_checkpoint,sim_user,normal_checkpoint,gpu:1,normal_checkpoint
88.1,2026-01-01 00:01:28.100000+00:00,,syn-normal-checkpoint-103,syn-normal-checkpoint-103,,,,,0,10.0,187.3878867230017,88.59603439681452,48.97698478331363,2380.882719995797,52.74683563552188,3837.4416287952386,100.0,100.0,True,,synthetic_normal_checkpoint,sim_user,normal_checkpoint,gpu:1,normal_checkpoint
88.2,2026-01-01 00:01:28.200000+00:00,,syn-normal-checkpoint-103,syn-normal-checkpoint-103,,,,,0,10.0,188.6773498847729,87.56013523719682,45.23252168846493,2390.6922876898047,52.6972596598451,3643.0768756772372,100.0,100.0,True,,synthetic_normal_checkpoint,sim_user,normal_checkpoint,gpu:1,normal_checkpoint
88.3,2026-01-01 00:01:28.300000+00:00,,syn-normal-checkpoint-103,syn-normal-checkpoint-103,,,,,0,10.0,191.41648995483405,93.43583388741635,56.69381848486652,2516.3231182773793,54.1543843022794,4188.76295156541,100.0,100.0,True,,synthetic_normal_checkpoint,sim_user,normal_checkpoint,gpu:1,normal_checkpoint
88.4,2026-01-01 00:01:28.400000+00:00,,syn-normal-checkpoint-103,syn-normal-checkpoint-103,,,,,0,10.0,189.6268748859758,91.47309511573968,44.80576141339525,2465.141302943154,53.432225302340385,3792.859297854304,100.0,100.0,True,,synthetic_normal_checkpoint,sim_user,normal_checkpoint,gpu:1,normal_checkpoint
88.5,2026-01-01 00:01:28.500000+00:00,,syn-normal-checkpoint-103,syn-normal-checkpoint-103,,,,,0,10.0,189.27686440100914,86.92169126743795,51.977023708597955,2357.3833648717405,52.351657974325505,4150.118026266184,100.0,100.0,True,,synthetic_normal_checkpoint,sim_user,normal_checkpoint,gpu:1,normal_checkpoint
88.6,2026-01-01 00:01:28.600000+00:00,,syn-normal-checkpoint-103,syn-normal-checkpoint-103,,,,,0,10.0,191.24946041454862,93.86885531506255,51.027598633055234,2520.0,54.332741970669005,3979.901468296695,100.0,100.0,True,,synthetic_normal_checkpoint,sim_user,normal_checkpoint,gpu:1,normal_checkpoint
88.7,2026-01-01 00:01:28.700000+00:00,,syn-normal-checkpoint-103,syn-normal-checkpoint-103,,,,,0,10.0,191.3998077447529,89.61609953984465,48.66655007400865,2451.955227520066,53.259024570653295,3827.428007814255,100.0,100.0,True,,synthetic_normal_checkpoint,sim_user,normal_checkpoint,gpu:1,normal_checkpoint
88.8,2026-01-01 00:01:28.800000+00:00,,syn-normal-checkpoint-103,syn-normal-checkpoint-103,,,,,0,10.0,193.4935274260115,89.45315670016834,44.592805672310064,2436.10800555475,53.16525911687084,3392.526599775788,100.0,100.0,True,,synthetic_normal_checkpoint,sim_user,normal_checkpoint,gpu:1,normal_checkpoint
88.9,2026-01-01 00:01:28.900000+00:00,,syn-normal-checkpoint-103,syn-normal-checkpoint-103,,,,,0,10.0,195.98177131389173,94.07197676593694,56.71014318734539,2507.8034202628874,54.32190965693713,4499.313311445035,100.0,100.0,True,,synthetic_normal_checkpoint,sim_user,normal_checkpoint,gpu:1,normal_checkpoint
89.0,2026-01-01 00:01:29+00:00,,syn-normal-checkpoint-103,syn-normal-checkpoint-103,,,,,0,10.0,196.65837827588365,96.73829527604232,51.06769445764875,2520.0,55.114871681218176,4015.0950952469766,100.0,100.0,True,,synthetic_normal_checkpoint,sim_user,normal_checkpoint,gpu:1,normal_checkpoint
89.1,2026-01-01 00:01:29.100000+00:00,,syn-normal-checkpoint-103,syn-normal-checkpoint-103,,,,,0,10.0,195.98315623887373,97.0781282004294,52.2772136720056,2520.0,55.42984426804182,4089.824322681396,100.0,100.0,True,,synthetic_normal_checkpoint,sim_user,normal_checkpoint,gpu:1,normal_checkpoint
89.2,2026-01-01 00:01:29.200000+00:00,,syn-normal-checkpoint-103,syn-normal-checkpoint-103,,,,,0,10.0,194.8636047503331,92.37907631873375,51.371886768969034,2520.0,54.021350602073106,4140.554774812734,100.0,100.0,True,,synthetic_normal_checkpoint,sim_user,normal_checkpoint,gpu:1,normal_checkpoint
89.3,2026-01-01 00:01:29.300000+00:00,,syn-normal-checkpoint-103,syn-normal-checkpoint-103,,,,,0,10.0,195.4720870803848,94.51346501904275,58.27205041446947,2520.0,54.546697931380415,4348.989955630098,100.0,100.0,True,,synthetic_normal_checkpoint,sim_user,normal_checkpoint,gpu:1,normal_checkpoint
89.4,2026-01-01 00:01:29.400000+00:00,,syn-normal-checkpoint-103,syn-normal-checkpoint-103,,,,,0,10.0,194.59494064643968,93.81174796928472,49.73632271318204,2520.0,54.331525101482576,3836.185455531818,100.0,100.0,True,,synthetic_normal_checkpoint,sim_user,normal_checkpoint,gpu:1,normal_checkpoint
89.5,2026-01-01 00:01:29.500000+00:00,,syn-normal-checkpoint-103,syn-normal-checkpoint-103,,,,,0,10.0,196.05430593850886,97.15659100878807,45.36455238114322,2520.0,55.45841102893576,3625.633354678309,100.0,100.0,True,,synthetic_normal_checkpoint,sim_user,normal_checkpoint,gpu:1,normal_checkpoint
89.6,2026-01-01 00:01:29.600000+00:00,,syn-normal-checkpoint-103,syn-normal-checkpoint-103,,,,,0,10.0,194.75393552152127,95.49095510820243,44.65378427309244,2520.0,54.7076963909374,3622.226304718719,100.0,100.0,True,,synthetic_normal_checkpoint,sim_user,normal_checkpoint,gpu:1,normal_checkpoint
89.7,2026-01-01 00:01:29.700000+00:00,,syn-normal-checkpoint-103,syn-normal-checkpoint-103,,,,,0,10.0,194.01888924260487,94.2618865647503,46.5448454545447,2520.0,54.48807148893244,3572.2140008864644,100.0,100.0,True,,synthetic_normal_checkpoint,sim_user,normal_checkpoint,gpu:1,normal_checkpoint
89.8,2026-01-01 00:01:29.800000+00:00,,syn-normal-checkpoint-103,syn-normal-checkpoint-103,,,,,0,10.0,193.16824071963475,93.52316677735467,50.02775567300317,2520.0,54.400716192458404,3811.8188122614442,100.0,100.0,True,,synthetic_normal_checkpoint,sim_user,normal_checkpoint,gpu:1,normal_checkpoint
89.9,2026-01-01 00:01:29.900000+00:00,,syn-normal-checkpoint-103,syn-normal-checkpoint-103,,,,,0,10.0,193.1327091479487,93.30901936926037,47.38407835749048,2520.0,54.23246056530545,3889.9945624949787,100.0,100.0,True,,synthetic_normal_checkpoint,sim_user,normal_checkpoint,gpu:1,normal_checkpoint
90.0,2026-01-01 00:01:30+00:00,,syn-normal-checkpoint-103,syn-normal-checkpoint-103,,,,,0,10.0,192.15326575533896,92.65802932133742,46.35931078534514,2520.0,53.70415513036208,3726.803459265986,100.0,100.0,True,,synthetic_normal_checkpoint,sim_user,normal_checkpoint,gpu:1,normal_checkpoint
90.1,2026-01-01 00:01:30.100000+00:00,,syn-normal-checkpoint-103,syn-normal-checkpoint-103,,,,,0,10.0,192.24700365785634,91.83130009248592,54.067722879777214,2519.000691169739,53.49443783271449,4074.5988527011136,100.0,100.0,True,,synthetic_normal_checkpoint,sim_user,normal_checkpoint,gpu:1,normal_checkpoint
90.2,2026-01-01 00:01:30.200000+00:00,,syn-normal-checkpoint-103,syn-normal-checkpoint-103,,,,,0,10.0,192.17657431958511,90.86524746978708,57.9835444990575,2437.875166008701,53.189412098823375,4540.667985755488,100.0,100.0,True,,synthetic_normal_checkpoint,sim_user,normal_checkpoint,gpu:1,normal_checkpoint
90.3,2026-01-01 00:01:30.300000+00:00,,syn-normal-checkpoint-103,syn-normal-checkpoint-103,,,,,0,10.0,194.19148422917397,96.18526278367844,55.805195922182676,2520.0,54.328095609156804,4205.87614893904,100.0,100.0,True,,synthetic_normal_checkpoint,sim_user,normal_checkpoint,gpu:1,normal_checkpoint
90.4,2026-01-01 00:01:30.400000+00:00,,syn-normal-checkpoint-103,syn-normal-checkpoint-103,,,,,0,10.0,190.53843862899475,91.35234127940055,51.67704761834306,2520.0,52.68691340679483,4186.709552153542,100.0,100.0,True,,synthetic_normal_checkpoint,sim_user,normal_checkpoint,gpu:1,normal_checkpoint
90.5,2026-01-01 00:01:30.500000+00:00,,syn-normal-checkpoint-103,syn-normal-checkpoint-103,,,,,0,10.0,191.8655853071097,92.35418774195828,47.79604361554554,2520.0,53.14962888312701,3731.96887898095,100.0,100.0,True,,synthetic_normal_checkpoint,sim_user,normal_checkpoint,gpu:1,normal_checkpoint
90.6,2026-01-01 00:01:30.600000+00:00,,syn-normal-checkpoint-103,syn-normal-checkpoint-103,,,,,0,10.0,191.85669295935622,91.37300957897727,51.145351650332195,2518.7263068356456,52.90893159893041,4071.9011249240257,100.0,100.0,True,,synthetic_normal_checkpoint,sim_user,normal_checkpoint,gpu:1,normal_checkpoint
90.7,2026-01-01 00:01:30.700000+00:00,,syn-normal-checkpoint-103,syn-normal-checkpoint-103,,,,,0,10.0,191.0023104475619,92.099155617299,52.89781461510317,2468.1140464369246,53.18990733241563,4186.405633342998,100.0,100.0,True,,synthetic_normal_checkpoint,sim_user,normal_checkpoint,gpu:1,normal_checkpoint
90.8,2026-01-01 00:01:30.800000+00:00,,syn-normal-checkpoint-103,syn-normal-checkpoint-103,,,,,0,10.0,191.19056676532514,90.32649024025604,49.05433722888887,2520.0,52.761751256788656,3978.9164043843266,100.0,100.0,True,,synthetic_normal_checkpoint,sim_user,normal_checkpoint,gpu:1,normal_checkpoint
90.9,2026-01-01 00:01:30.900000+00:00,,syn-normal-checkpoint-103,syn-normal-checkpoint-103,,,,,0,10.0,191.43523775901153,92.37588565087242,51.131504480408665,2471.796906717196,53.419989183385916,4017.793989193984,100.0,100.0,True,,synthetic_normal_checkpoint,sim_user,normal_checkpoint,gpu:1,normal_checkpoint
91.0,2026-01-01 00:01:31+00:00,,syn-normal-checkpoint-103,syn-normal-checkpoint-103,,,,,0,10.0,191.39918696063097,91.1721570656638,46.824925543334516,2499.365055505533,53.07735673666716,3701.448965307641,100.0,100.0,True,,synthetic_normal_checkpoint,sim_user,normal_checkpoint,gpu:1,normal_checkpoint
91.1,2026-01-01 00:01:31.100000+00:00,,syn-normal-checkpoint-103,syn-normal-checkpoint-103,,,,,0,10.0,191.3572762304862,93.97762280156218,54.889172354233665,2516.4677453949166,54.21653957368442,4337.812397924946,100.0,100.0,True,,synthetic_normal_checkpoint,sim_user,normal_checkpoint,gpu:1,normal_checkpoint
91.2,2026-01-01 00:01:31.200000+00:00,,syn-normal-checkpoint-103,syn-normal-checkpoint-103,,,,,0,10.0,190.15022702268578,87.07215082795221,43.60456511315776,2339.4576683226155,52.762863233149496,3521.3336406953918,100.0,100.0,True,,synthetic_normal_checkpoint,sim_user,normal_checkpoint,gpu:1,normal_checkpoint
91.3,2026-01-01 00:01:31.300000+00:00,,syn-normal-checkpoint-103,syn-normal-checkpoint-103,,,,,0,10.0,192.146826041728,94.75116129667659,58.77195253353823,2520.0,54.9955466322304,4565.9133411936855,100.0,100.0,True,,synthetic_normal_checkpoint,sim_user,normal_checkpoint,gpu:1,normal_checkpoint
91.4,2026-01-01 00:01:31.400000+00:00,,syn-normal-checkpoint-103,syn-normal-checkpoint-103,,,,,0,10.0,190.23406789792145,91.31370148212784,50.698528026634015,2496.1991642803728,54.012638505409335,3941.7087989034185,100.0,100.0,True,,synthetic_normal_checkpoint,sim_user,normal_checkpoint,gpu:1,normal_checkpoint
91.5,2026-01-01 00:01:31.500000+00:00,,syn-normal-checkpoint-103,syn-normal-checkpoint-103,,,,,0,10.0,189.31772690037286,88.24082606618698,45.354348880279744,2458.4469444488464,52.91885837011035,3610.3797319288333,100.0,100.0,True,,synthetic_normal_checkpoint,sim_user,normal_checkpoint,gpu:1,normal_checkpoint
91.6,2026-01-01 00:01:31.600000+00:00,,syn-normal-checkpoint-103,syn-normal-checkpoint-103,,,,,0,10.0,191.1312681160453,92.51899348136055,53.59288899814407,2520.0,54.26327401963918,4158.776554463045,100.0,100.0,True,,synthetic_normal_checkpoint,sim_user,normal_checkpoint,gpu:1,normal_checkpoint
91.7,2026-01-01 00:01:31.700000+00:00,,syn-normal-checkpoint-103,syn-normal-checkpoint-103,,,,,0,10.0,191.3538210641417,90.8694104315419,48.08401660972783,2470.2159728468428,53.5612121638777,3874.1955296909346,100.0,100.0,True,,synthetic_normal_checkpoint,sim_user,normal_checkpoint,gpu:1,normal_checkpoint
91.8,2026-01-01 00:01:31.800000+00:00,,syn-normal-checkpoint-103,syn-normal-checkpoint-103,,,,,0,10.0,192.5947631180358,93.03909590145626,48.27085862675596,2520.0,54.05261934320435,3667.742161822166,100.0,100.0,True,,synthetic_normal_checkpoint,sim_user,normal_checkpoint,gpu:1,normal_checkpoint
91.9,2026-01-01 00:01:31.900000+00:00,,syn-normal-checkpoint-103,syn-normal-checkpoint-103,,,,,0,10.0,191.80850565475782,91.35374156694012,53.43438762423008,2509.666234748817,53.49602904435984,4265.802080310556,100.0,100.0,True,,synthetic_normal_checkpoint,sim_user,normal_checkpoint,gpu:1,normal_checkpoint
92.0,2026-01-01 00:01:32+00:00,,syn-normal-checkpoint-103,syn-normal-checkpoint-103,,,,,0,10.0,192.19102145813983,92.32846853629351,55.18699970197736,2509.5511608218562,53.48770846600722,4207.994604375915,100.0,100.0,True,,synthetic_normal_checkpoint,sim_user,normal_checkpoint,gpu:1,normal_checkpoint
92.1,2026-01-01 00:01:32.100000+00:00,,syn-normal-checkpoint-103,syn-normal-checkpoint-103,,,,,0,10.0,192.33671919182243,92.03899484174576,44.042310005333356,2457.7219224289893,53.09204165478739,3470.26933550382,100.0,100.0,True,,synthetic_normal_checkpoint,sim_user,normal_checkpoint,gpu:1,normal_checkpoint
92.2,2026-01-01 00:01:32.200000+00:00,,syn-normal-checkpoint-103,syn-normal-checkpoint-103,,,,,0,10.0,192.67889947901193,91.64230193757976,49.13724796151405,2473.4878894015146,52.93730871125941,3834.847490689899,100.0,100.0,True,,synthetic_normal_checkpoint,sim_user,normal_checkpoint,gpu:1,normal_checkpoint
92.3,2026-01-01 00:01:32.300000+00:00,,syn-normal-checkpoint-103,syn-normal-checkpoint-103,,,,,0,10.0,193.11898162463828,91.47581387426361,58.532767204939425,2456.5713558223565,53.0348453301921,4498.751951399541,100.0,100.0,True,,synthetic_normal_checkpoint,sim_user,normal_checkpoint,gpu:1,normal_checkpoint
92.4,2026-01-01 00:01:32.400000+00:00,,syn-normal-checkpoint-103,syn-normal-checkpoint-103,,,,,0,10.0,194.38029863840748,94.68414498184141,49.76594974472525,2520.0,54.15878383272094,3786.0274969336424,100.0,100.0,True,,synthetic_normal_checkpoint,sim_user,normal_checkpoint,gpu:1,normal_checkpoint
92.5,2026-01-01 00:01:32.500000+00:00,,syn-normal-checkpoint-103,syn-normal-checkpoint-103,,,,,0,10.0,193.21447262324844,94.22769706314278,49.057709825250484,2520.0,54.1615680651146,3913.9840040970143,100.0,100.0,True,,synthetic_normal_checkpoint,sim_user,normal_checkpoint,gpu:1,normal_checkpoint
92.6,2026-01-01 00:01:32.600000+00:00,,syn-normal-checkpoint-103,syn-normal-checkpoint-103,,,,,0,10.0,193.01005613812004,94.1431071454801,47.740687599542206,2520.0,54.192617698569016,3863.231625878621,100.0,100.0,True,,synthetic_normal_checkpoint,sim_user,normal_checkpoint,gpu:1,normal_checkpoint
92.7,2026-01-01 00:01:32.700000+00:00,,syn-normal-checkpoint-103,syn-normal-checkpoint-103,,,,,0,10.0,191.02642991460976,90.63902774262735,38.621407465175196,2520.0,53.36772400508645,3205.7425892686797,100.0,100.0,True,,synthetic_normal_checkpoint,sim_user,normal_checkpoint,gpu:1,normal_checkpoint
92.8,2026-01-01 00:01:32.800000+00:00,,syn-normal-checkpoint-103,syn-normal-checkpoint-103,,,,,0,10.0,191.16828701229957,91.64025700794507,51.47879743761659,2500.207870970996,53.60220551966852,4208.555742907837,100.0,100.0,True,,synthetic_normal_checkpoint,sim_user,normal_checkpoint,gpu:1,normal_checkpoint
92.9,2026-01-01 00:01:32.900000+00:00,,syn-normal-checkpoint-103,syn-normal-checkpoint-103,,,,,0,10.0,190.57979217005308,91.57898395918549,48.76594269512277,2490.008528088311,53.65442234079342,3986.4294683161697,100.0,100.0,True,,synthetic_normal_checkpoint,sim_user,normal_checkpoint,gpu:1,normal_checkpoint
93.0,2026-01-01 00:01:33+00:00,,syn-normal-checkpoint-103,syn-normal-checkpoint-103,,,,,0,10.0,189.83575448968827,91.08448658957823,50.950325614333714,2505.0308293761314,53.53416060644725,4015.8663999106093,100.0,100.0,True,,synthetic_normal_checkpoint,sim_user,normal_checkpoint,gpu:1,normal_checkpoint
93.1,2026-01-01 00:01:33.100000+00:00,,syn-normal-checkpoint-103,syn-normal-checkpoint-103,,,,,0,10.0,190.61597592659018,91.13907656068275,56.24416994255991,2520.0,53.68572910233325,4423.886923825704,100.0,100.0,True,,synthetic_normal_checkpoint,sim_user,normal_checkpoint,gpu:1,normal_checkpoint
93.2,2026-01-01 00:01:33.200000+00:00,,syn-normal-checkpoint-103,syn-normal-checkpoint-103,,,,,0,10.0,189.11692507845905,91.23316992567874,53.72302364932193,2493.5001288109015,53.531586476959646,4315.978868663484,100.0,100.0,True,,synthetic_normal_checkpoint,sim_user,normal_checkpoint,gpu:1,normal_checkpoint
93.3,2026-01-01 00:01:33.300000+00:00,,syn-normal-checkpoint-103,syn-normal-checkpoint-103,,,,,0,10.0,188.16267767882073,88.68142244403127,51.84340402673897,2459.304389019895,52.594366068939436,4066.7251918579996,100.0,100.0,True,,synthetic_normal_checkpoint,sim_user,normal_checkpoint,gpu:1,normal_checkpoint
93.4,2026-01-01 00:01:33.400000+00:00,,syn-normal-checkpoint-103,syn-normal-checkpoint-103,,,,,0,10.0,188.4497825108571,90.86785171031154,42.45615471883075,2505.1350827315846,53.02417725594425,3427.3007139103293,100.0,100.0,True,,synthetic_normal_checkpoint,sim_user,normal_checkpoint,gpu:1,normal_checkpoint
93.5,2026-01-01 00:01:33.500000+00:00,,syn-normal-checkpoint-103,syn-normal-checkpoint-103,,,,,0,10.0,188.3228107213195,87.62931417331025,37.86229460835498,2471.1458671430123,52.22098603923507,3121.3312654197675,100.0,100.0,True,,synthetic_normal_checkpoint,sim_user,normal_checkpoint,gpu:1,normal_checkpoint
93.6,2026-01-01 00:01:33.600000+00:00,,syn-normal-checkpoint-103,syn-normal-checkpoint-103,,,,,0,10.0,188.33385672870446,89.20362088063497,52.20752073211228,2434.99544377179,52.86021836269614,4072.6832796280587,100.0,100.0,True,,synthetic_normal_checkpoint,sim_user,normal_checkpoint,gpu:1,normal_checkpoint
93.7,2026-01-01 00:01:33.700000+00:00,,syn-normal-checkpoint-103,syn-normal-checkpoint-103,,,,,0,10.0,187.2300285082677,88.10801247425061,49.20970554464077,2474.8485557395175,52.45559395332023,3698.052728096373,100.0,100.0,True,,synthetic_normal_checkpoint,sim_user,normal_checkpoint,gpu:1,normal_checkpoint
93.8,2026-01-01 00:01:33.800000+00:00,,syn-normal-checkpoint-103,syn-normal-checkpoint-103,,,,,0,10.0,186.90042592373752,87.92932873968252,51.001280029921375,2460.061243264827,52.505445660985345,3962.8234280063393,100.0,100.0,True,,synthetic_normal_checkpoint,sim_user,normal_checkpoint,gpu:1,normal_checkpoint
93.9,2026-01-01 00:01:33.900000+00:00,,syn-normal-checkpoint-103,syn-normal-checkpoint-103,,,,,0,10.0,187.17101206317503,90.81561132920989,51.80796787976721,2479.6644597002637,53.41524020328617,4377.807273293989,100.0,100.0,True,,synthetic_normal_checkpoint,sim_user,normal_checkpoint,gpu:1,normal_checkpoint
94.0,2026-01-01 00:01:34+00:00,,syn-normal-checkpoint-103,syn-normal-checkpoint-103,,,,,0,10.0,186.38236699614333,85.7823715865113,50.6492431779431,2355.2249065832825,51.841638063501264,4108.188781441915,100.0,100.0,True,,synthetic_normal_checkpoint,sim_user,normal_checkpoint,gpu:1,normal_checkpoint
94.1,2026-01-01 00:01:34.100000+00:00,,syn-normal-checkpoint-103,syn-normal-checkpoint-103,,,,,0,10.0,189.54121103719083,89.78194682832134,54.50628922063922,2458.819773167114,53.0357852066078,4174.996470434698,100.0,100.0,True,,synthetic_normal_checkpoint,sim_user,normal_checkpoint,gpu:1,normal_checkpoint
94.2,2026-01-01 00:01:34.200000+00:00,,syn-normal-checkpoint-103,syn-normal-checkpoint-103,,,,,0,10.0,58.37296741409064,7.69925439155929,9.339510351400497,355.01664014788076,30.266405721147358,1072.3535794075901,100.0,100.0,True,,synthetic_normal_checkpoint,sim_user,normal_checkpoint,gpu:1,normal_checkpoint
94.3,2026-01-01 00:01:34.300000+00:00,,syn-normal-checkpoint-103,syn-normal-checkpoint-103,,,,,0,10.0,52.48748667105116,5.264389133559515,1.4533563445473845,332.508138146227,29.564565487459337,543.0386664693398,100.0,100.0,True,,synthetic_normal_checkpoint,sim_user,normal_checkpoint,gpu:1,normal_checkpoint
94.4,2026-01-01 00:01:34.400000+00:00,,syn-normal-checkpoint-103,syn-normal-checkpoint-103,,,,,0,10.0,54.54177353860658,3.643963127125878,6.05756683768294,286.45475330101556,29.1310921353758,691.9015862130418,100.0,100.0,True,,synthetic_normal_checkpoint,sim_user,normal_checkpoint,gpu:1,normal_checkpoint
94.5,2026-01-01 00:01:34.500000+00:00,,syn-normal-checkpoint-103,syn-normal-checkpoint-103,,,,,0,10.0,61.294181001455456,7.444604724076731,0.0,393.03591471811444,30.039437681222186,332.6041312731129,100.0,100.0,True,,synthetic_normal_checkpoint,sim_user,normal_checkpoint,gpu:1,normal_checkpoint
94.6,2026-01-01 00:01:34.600000+00:00,,syn-normal-checkpoint-103,syn-normal-checkpoint-103,,,,,0,10.0,49.24389839665088,0.8689865907785659,0.2045563662682356,272.3491042444371,28.404338510371616,545.3056444022602,100.0,100.0,True,,synthetic_normal_checkpoint,sim_user,normal_checkpoint,gpu:1,normal_checkpoint
94.7,2026-01-01 00:01:34.700000+00:00,,syn-normal-checkpoint-103,syn-normal-checkpoint-103,,,,,0,10.0,50.42995800706574,2.7223735357271637,0.0,290.4255070985772,28.75909196614147,467.48883904722413,100.0,100.0,True,,synthetic_normal_checkpoint,sim_user,normal_checkpoint,gpu:1,normal_checkpoint
94.8,2026-01-01 00:01:34.800000+00:00,,syn-normal-checkpoint-103,syn-normal-checkpoint-103,,,,,0,10.0,62.28833625161977,10.978371533965626,9.391062262306335,488.7952721441728,31.024787402276495,936.9584994821134,100.0,100.0,True,,synthetic_normal_checkpoint,sim_user,normal_checkpoint,gpu:1,normal_checkpoint
94.9,2026-01-01 00:01:34.900000+00:00,,syn-normal-checkpoint-103,syn-normal-checkpoint-103,,,,,0,10.0,59.87867418762263,12.032725684195116,6.904769494007138,505.7532302120272,31.49577239298405,878.3413844638628,100.0,100.0,True,,synthetic_normal_checkpoint,sim_user,normal_checkpoint,gpu:1,normal_checkpoint
95.0,2026-01-01 00:01:35+00:00,,syn-normal-checkpoint-103,syn-normal-checkpoint-103,,,,,0,10.0,197.2784472246807,98.42496853019107,52.04184333005824,2520.0,55.658065024809254,4020.757716135275,100.0,100.0,True,,synthetic_normal_checkpoint,sim_user,normal_checkpoint,gpu:1,normal_checkpoint
95.1,2026-01-01 00:01:35.100000+00:00,,syn-normal-checkpoint-103,syn-normal-checkpoint-103,,,,,0,10.0,194.7787010310188,95.11577201765773,49.494571295542784,2520.0,54.742720484184964,3839.610713562791,100.0,100.0,True,,synthetic_normal_checkpoint,sim_user,normal_checkpoint,gpu:1,normal_checkpoint
95.2,2026-01-01 00:01:35.200000+00:00,,syn-normal-checkpoint-103,syn-normal-checkpoint-103,,,,,0,10.0,195.26010101309896,94.49373593689172,52.16831865835316,2518.7888954933114,54.68904783791508,4112.012572509155,100.0,100.0,True,,synthetic_normal_checkpoint,sim_user,normal_checkpoint,gpu:1,normal_checkpoint
95.3,2026-01-01 00:01:35.300000+00:00,,syn-normal-checkpoint-103,syn-normal-checkpoint-103,,,,,0,10.0,194.0867870995559,94.91287638076113,58.11357731662398,2520.0,54.87728518208125,4295.249619444169,100.0,100.0,True,,synthetic_normal_checkpoint,sim_user,normal_checkpoint,gpu:1,normal_checkpoint
95.4,2026-01-01 00:01:35.400000+00:00,,syn-normal-checkpoint-103,syn-normal-checkpoint-103,,,,,0,10.0,192.83218851930317,93.4049740128794,57.56816998838571,2490.121558745741,54.39102225981326,4479.156198821627,100.0,100.0,True,,synthetic_normal_checkpoint,sim_user,normal_checkpoint,gpu:1,normal_checkpoint
95.5,2026-01-01 00:01:35.500000+00:00,,syn-normal-checkpoint-103,syn-normal-checkpoint-103,,,,,0,10.0,192.57153802406185,91.98646061290235,42.67387510821391,2493.72283136067,53.838930423211295,3445.921186035418,100.0,100.0,True,,synthetic_normal_checkpoint,sim_user,normal_checkpoint,gpu:1,normal_checkpoint
95.6,2026-01-01 00:01:35.600000+00:00,,syn-normal-checkpoint-103,syn-normal-checkpoint-103,,,,,0,10.0,192.6584984241992,91.69898750170773,50.81674289946834,2520.0,53.815280364908396,4038.3753476320453,100.0,100.0,True,,synthetic_normal_checkpoint,sim_user,normal_checkpoint,gpu:1,normal_checkpoint
95.7,2026-01-01 00:01:35.700000+00:00,,syn-normal-checkpoint-103,syn-normal-checkpoint-103,,,,,0,10.0,192.71222377924653,95.90820787767049,57.03390976878255,2520.0,55.07915767607863,4468.937986102287,100.0,100.0,True,,synthetic_normal_checkpoint,sim_user,normal_checkpoint,gpu:1,normal_checkpoint
95.8,2026-01-01 00:01:35.800000+00:00,,syn-normal-checkpoint-103,syn-normal-checkpoint-103,,,,,0,10.0,190.17263810602307,91.82445929906947,54.36753685670046,2490.703850589629,53.9215367209916,4334.503252328861,100.0,100.0,True,,synthetic_normal_checkpoint,sim_user,normal_checkpoint,gpu:1,normal_checkpoint
95.9,2026-01-01 00:01:35.900000+00:00,,syn-normal-checkpoint-103,syn-normal-checkpoint-103,,,,,0,10.0,188.8549563056546,88.63605598016852,51.88562311841045,2395.028426579354,53.086029146031436,4096.080068129866,100.0,100.0,True,,synthetic_normal_checkpoint,sim_user,normal_checkpoint,gpu:1,normal_checkpoint
96.0,2026-01-01 00:01:36+00:00,,syn-normal-checkpoint-103,syn-normal-checkpoint-103,,,,,0,10.0,188.37915181310086,91.96381791786877,45.32292461531142,2491.8816480804667,53.983100543282944,3672.447423446988,100.0,100.0,True,,synthetic_normal_checkpoint,sim_user,normal_checkpoint,gpu:1,normal_checkpoint
96.1,2026-01-01 00:01:36.100000+00:00,,syn-normal-checkpoint-103,syn-normal-checkpoint-103,,,,,0,10.0,187.41952820992523,87.45843373058655,46.907334365056386,2350.3955014265957,52.754625978185146,3702.055613220708,100.0,100.0,True,,synthetic_normal_checkpoint,sim_user,normal_checkpoint,gpu:1,normal_checkpoint
96.2,2026-01-01 00:01:36.200000+00:00,,syn-normal-checkpoint-103,syn-normal-checkpoint-103,,,,,0,10.0,189.54233212477868,89.80099568311404,55.24543185860697,2462.708973098392,53.40540825913892,4233.414263194106,100.0,100.0,True,,synthetic_normal_checkpoint,sim_user,normal_checkpoint,gpu:1,normal_checkpoint
96.3,2026-01-01 00:01:36.300000+00:00,,syn-normal-checkpoint-103,syn-normal-checkpoint-103,,,,,0,10.0,188.9718900243509,90.51180279475484,48.88782188978136,2430.0245161836783,53.815526782216786,3756.769386015288,100.0,100.0,True,,synthetic_normal_checkpoint,sim_user,normal_checkpoint,gpu:1,normal_checkpoint
96.4,2026-01-01 00:01:36.400000+00:00,,syn-normal-checkpoint-103,syn-normal-checkpoint-103,,,,,0,10.0,189.35932126108403,90.12593948764157,46.631620962960746,2436.962112047747,53.77906975500329,3591.599087207371,100.0,100.0,True,,synthetic_normal_checkpoint,sim_user,normal_checkpoint,gpu:1,normal_checkpoint
96.5,2026-01-01 00:01:36.500000+00:00,,syn-normal-checkpoint-103,syn-normal-checkpoint-103,,,,,0,10.0,190.31095763572424,90.32159997270688,45.03156563532566,2444.3489901066896,53.91508334602136,3453.899956588686,100.0,100.0,True,,synthetic_normal_checkpoint,sim_user,normal_checkpoint,gpu:1,normal_checkpoint
96.6,2026-01-01 00:01:36.600000+00:00,,syn-normal-checkpoint-103,syn-normal-checkpoint-103,,,,,0,10.0,189.3646260181366,89.23489392174,52.77548216505757,2428.8746577465263,53.3865443676922,4147.967791277733,100.0,100.0,True,,synthetic_normal_checkpoint,sim_user,normal_checkpoint,gpu:1,normal_checkpoint
96.7,2026-01-01 00:01:36.700000+00:00,,syn-normal-checkpoint-103,syn-normal-checkpoint-103,,,,,0,10.0,191.01627711852205,89.98237897942289,56.62944215428677,2462.0594732508716,53.42105586355068,4372.937168632576,100.0,100.0,True,,synthetic_normal_checkpoint,sim_user,normal_checkpoint,gpu:1,normal_checkpoint
96.8,2026-01-01 00:01:36.800000+00:00,,syn-normal-checkpoint-103,syn-normal-checkpoint-103,,,,,0,10.0,192.70446007471426,90.19682987938388,53.53626859288004,2499.0248333533386,53.3551691993587,4165.3373478480335,100.0,100.0,True,,synthetic_normal_checkpoint,sim_user,normal_checkpoint,gpu:1,normal_checkpoint
96.9,2026-01-01 00:01:36.900000+00:00,,syn-normal-checkpoint-103,syn-normal-checkpoint-103,,,,,0,10.0,193.92015094319967,93.7158594551971,50.444116543281304,2520.0,54.57700124104435,4044.544842296007,100.0,100.0,True,,synthetic_normal_checkpoint,sim_user,normal_checkpoint,gpu:1,normal_checkpoint
97.0,2026-01-01 00:01:37+00:00,,syn-normal-checkpoint-103,syn-normal-checkpoint-103,,,,,0,10.0,192.93533153146345,94.7430235761117,58.37489919988871,2520.0,54.48131708988228,4508.468454658106,100.0,100.0,True,,synthetic_normal_checkpoint,sim_user,normal_checkpoint,gpu:1,normal_checkpoint
97.1,2026-01-01 00:01:37.100000+00:00,,syn-normal-checkpoint-103,syn-normal-checkpoint-103,,,,,0,10.0,192.41511911551765,90.57811133902912,48.50944794438413,2511.3804577326573,53.2936946533773,3958.3175877087215,100.0,100.0,True,,synthetic_normal_checkpoint,sim_user,normal_checkpoint,gpu:1,normal_checkpoint
97.2,2026-01-01 00:01:37.200000+00:00,,syn-normal-checkpoint-103,syn-normal-checkpoint-103,,,,,0,10.0,193.79198963635113,94.23586803195633,51.305076731486686,2520.0,54.0634377755884,3972.7044451506513,100.0,100.0,True,,synthetic_normal_checkpoint,sim_user,normal_checkpoint,gpu:1,normal_checkpoint
97.3,2026-01-01 00:01:37.300000+00:00,,syn-normal-checkpoint-103,syn-normal-checkpoint-103,,,,,0,10.0,192.46629460958167,93.78984922592956,56.878948633933966,2520.0,54.039040629653385,4289.275441596526,100.0,100.0,True,,synthetic_normal_checkpoint,sim_user,normal_checkpoint,gpu:1,normal_checkpoint
97.4,2026-01-01 00:01:37.400000+00:00,,syn-normal-checkpoint-103,syn-normal-checkpoint-103,,,,,0,10.0,189.05843210684358,87.83170370221336,53.080057209336616,2383.626253425289,52.55633784987504,4061.5713623462943,100.0,100.0,True,,synthetic_normal_checkpoint,sim_user,normal_checkpoint,gpu:1,normal_checkpoint
97.5,2026-01-01 00:01:37.500000+00:00,,syn-normal-checkpoint-103,syn-normal-checkpoint-103,,,,,0,10.0,191.67935010476097,93.66135245263509,55.873417759456245,2520.0,54.45025785409829,4340.141354898085,100.0,100.0,True,,synthetic_normal_checkpoint,sim_user,normal_checkpoint,gpu:1,normal_checkpoint
97.6,2026-01-01 00:01:37.600000+00:00,,syn-normal-checkpoint-103,syn-normal-checkpoint-103,,,,,0,10.0,187.73998005696316,90.96382046183369,54.04563133278029,2474.971923457423,53.906992453371714,4038.0347110597704,100.0,100.0,True,,synthetic_normal_checkpoint,sim_user,normal_checkpoint,gpu:1,normal_checkpoint
97.7,2026-01-01 00:01:37.700000+00:00,,syn-normal-checkpoint-103,syn-normal-checkpoint-103,,,,,0,10.0,186.71114331959495,88.62168525095075,48.22238040932734,2404.5137446041945,53.42342936348801,3755.509393566452,100.0,100.0,True,,synthetic_normal_checkpoint,sim_user,normal_checkpoint,gpu:1,normal_checkpoint
97.8,2026-01-01 00:01:37.800000+00:00,,syn-normal-checkpoint-103,syn-normal-checkpoint-103,,,,,0,10.0,183.948137623228,85.68145020078552,48.358886857760616,2336.790939209552,52.2160303967348,3834.9341549877413,100.0,100.0,True,,synthetic_normal_checkpoint,sim_user,normal_checkpoint,gpu:1,normal_checkpoint
97.9,2026-01-01 00:01:37.900000+00:00,,syn-normal-checkpoint-103,syn-normal-checkpoint-103,,,,,0,10.0,184.08917908384015,88.25186963370236,49.76745600549085,2442.814117970258,53.40883566308151,3865.6806706697694,100.0,100.0,True,,synthetic_normal_checkpoint,sim_user,normal_checkpoint,gpu:1,normal_checkpoint
98.0,2026-01-01 00:01:38+00:00,,syn-normal-checkpoint-103,syn-normal-checkpoint-103,,,,,0,10.0,182.71164985327607,86.96337104856276,45.888298804724876,2396.9122140473405,53.17210322322458,3663.0455635921985,100.0,100.0,True,,synthetic_normal_checkpoint,sim_user,normal_checkpoint,gpu:1,normal_checkpoint
98.1,2026-01-01 00:01:38.100000+00:00,,syn-normal-checkpoint-103,syn-normal-checkpoint-103,,,,,0,10.0,182.18260370324967,84.55972597370871,45.21688686106679,2300.351428223418,52.53105200727499,3691.687329293416,100.0,100.0,True,,synthetic_normal_checkpoint,sim_user,normal_checkpoint,gpu:1,normal_checkpoint
98.2,2026-01-01 00:01:38.200000+00:00,,syn-normal-checkpoint-103,syn-normal-checkpoint-103,,,,,0,10.0,183.19275675196533,81.83255666438882,49.05602712451591,2269.391764520801,51.78378865190495,3952.96053782543,100.0,100.0,True,,synthetic_normal_checkpoint,sim_user,normal_checkpoint,gpu:1,normal_checkpoint
98.3,2026-01-01 00:01:38.300000+00:00,,syn-normal-checkpoint-103,syn-normal-checkpoint-103,,,,,0,10.0,186.3042595430554,90.81992631392501,50.992460585669185,2476.9382074050377,54.14219211578913,3977.6118572345063,100.0,100.0,True,,synthetic_normal_checkpoint,sim_user,normal_checkpoint,gpu:1,normal_checkpoint
98.4,2026-01-01 00:01:38.400000+00:00,,syn-normal-checkpoint-103,syn-normal-checkpoint-103,,,,,0,10.0,183.7711276241455,81.60466988851661,41.29139642577134,2275.874909942866,51.572810538719835,3244.890326190078,100.0,100.0,True,,synthetic_normal_checkpoint,sim_user,normal_checkpoint,gpu:1,normal_checkpoint
98.5,2026-01-01 00:01:38.500000+00:00,,syn-normal-checkpoint-103,syn-normal-checkpoint-103,,,,,0,10.0,187.44414923651115,88.92615305047372,46.83273218027501,2456.8469006122937,53.76729163652143,3770.499078118891,100.0,100.0,True,,synthetic_normal_checkpoint,sim_user,normal_checkpoint,gpu:1,normal_checkpoint
98.6,2026-01-01 00:01:38.600000+00:00,,syn-normal-checkpoint-103,syn-normal-checkpoint-103,,,,,0,10.0,188.09497165086887,84.51722343022861,42.740785743293856,2335.4739670340937,52.73362721673738,3347.368025040797,100.0,100.0,True,,synthetic_normal_checkpoint,sim_user,normal_checkpoint,gpu:1,normal_checkpoint
98.7,2026-01-01 00:01:38.700000+00:00,,syn-normal-checkpoint-103,syn-normal-checkpoint-103,,,,,0,10.0,189.8104512375567,89.61645211444183,44.123433230249645,2495.329625135288,54.15902664318037,3479.8014219099227,100.0,100.0,True,,synthetic_normal_checkpoint,sim_user,normal_checkpoint,gpu:1,normal_checkpoint
98.8,2026-01-01 00:01:38.800000+00:00,,syn-normal-checkpoint-103,syn-normal-checkpoint-103,,,,,0,10.0,190.66531071988825,89.90167262550922,51.52509935709703,2475.854402320579,53.91468303220382,3914.5663015377554,100.0,100.0,True,,synthetic_normal_checkpoint,sim_user,normal_checkpoint,gpu:1,normal_checkpoint
98.9,2026-01-01 00:01:38.900000+00:00,,syn-normal-checkpoint-103,syn-normal-checkpoint-103,,,,,0,10.0,190.3905266491122,90.83289123700935,51.82891402174987,2487.1062452911938,53.949808997259815,3949.5176063312924,100.0,100.0,True,,synthetic_normal_checkpoint,sim_user,normal_checkpoint,gpu:1,normal_checkpoint
99.0,2026-01-01 00:01:39+00:00,,syn-normal-checkpoint-103,syn-normal-checkpoint-103,,,,,0,10.0,190.54142104823302,91.62676033366495,50.289168428857074,2516.271808856463,54.1598964010804,3832.0346686325574,100.0,100.0,True,,synthetic_normal_checkpoint,sim_user,normal_checkpoint,gpu:1,normal_checkpoint
99.1,2026-01-01 00:01:39.100000+00:00,,syn-normal-checkpoint-103,syn-normal-checkpoint-103,,,,,0,10.0,188.80917074749243,90.95998102826395,43.865150187589975,2520.0,53.968605812556476,3503.6395374558015,100.0,100.0,True,,synthetic_normal_checkpoint,sim_user,normal_checkpoint,gpu:1,normal_checkpoint
99.2,2026-01-01 00:01:39.200000+00:00,,syn-normal-checkpoint-103,syn-normal-checkpoint-103,,,,,0,10.0,188.4017291240776,87.57735461432787,46.4112780599036,2393.6627588899564,52.915079690549305,3456.4490559940696,100.0,100.0,True,,synthetic_normal_checkpoint,sim_user,normal_checkpoint,gpu:1,normal_checkpoint
99.3,2026-01-01 00:01:39.300000+00:00,,syn-normal-checkpoint-103,syn-normal-checkpoint-103,,,,,0,10.0,190.91834134806578,92.70406443056838,43.610314680686585,2520.0,54.31547278287332,3636.816498422731,100.0,100.0,True,,synthetic_normal_checkpoint,sim_user,normal_checkpoint,gpu:1,normal_checkpoint
99.4,2026-01-01 00:01:39.400000+00:00,,syn-normal-checkpoint-103,syn-normal-checkpoint-103,,,,,0,10.0,189.5105223865347,91.39517274392779,50.52922727280561,2483.798749443161,53.69517964341799,4077.210676329155,100.0,100.0,True,,synthetic_normal_checkpoint,sim_user,normal_checkpoint,gpu:1,normal_checkpoint
99.5,2026-01-01 00:01:39.500000+00:00,,syn-normal-checkpoint-103,syn-normal-checkpoint-103,,,,,0,10.0,189.10924180645978,88.24197815766958,47.16328112447853,2509.266188701126,52.38782088191895,3787.080246609948,100.0,100.0,True,,synthetic_normal_checkpoint,sim_user,normal_checkpoint,gpu:1,normal_checkpoint
99.6,2026-01-01 00:01:39.600000+00:00,,syn-normal-checkpoint-103,syn-normal-checkpoint-103,,,,,0,10.0,192.10615629637599,92.59674309947277,51.27404889681446,2515.902761442878,53.68639794938374,4080.3016303074255,100.0,100.0,True,,synthetic_normal_checkpoint,sim_user,normal_checkpoint,gpu:1,normal_checkpoint
99.7,2026-01-01 00:01:39.700000+00:00,,syn-normal-checkpoint-103,syn-normal-checkpoint-103,,,,,0,10.0,194.57802373216506,91.86397431465907,45.651743535323234,2520.0,53.63853488979719,3701.8019080891763,100.0,100.0,True,,synthetic_normal_checkpoint,sim_user,normal_checkpoint,gpu:1,normal_checkpoint
99.8,2026-01-01 00:01:39.800000+00:00,,syn-normal-checkpoint-103,syn-normal-checkpoint-103,,,,,0,10.0,194.24222624178378,93.52310196651878,58.25485602776,2520.0,54.27972607421756,4605.801402845912,100.0,100.0,True,,synthetic_normal_checkpoint,sim_user,normal_checkpoint,gpu:1,normal_checkpoint
99.9,2026-01-01 00:01:39.900000+00:00,,syn-normal-checkpoint-103,syn-normal-checkpoint-103,,,,,0,10.0,193.65220359838165,90.46206597131199,52.919418581454,2459.369056531741,53.353951468820604,4209.311734885755,100.0,100.0,True,,synthetic_normal_checkpoint,sim_user,normal_checkpoint,gpu:1,normal_checkpoint
100.0,2026-01-01 00:01:40+00:00,,syn-normal-checkpoint-103,syn-normal-checkpoint-103,,,,,0,10.0,192.55572532733296,92.57916312506312,56.791700650324735,2516.39743773065,53.87095102036275,4130.000344501384,100.0,100.0,True,,synthetic_normal_checkpoint,sim_user,normal_checkpoint,gpu:1,normal_checkpoint
100.1,2026-01-01 00:01:40.100000+00:00,,syn-normal-checkpoint-103,syn-normal-checkpoint-103,,,,,0,10.0,190.64340983347,93.51487698132244,49.09491561671689,2506.015772818459,54.104049542855535,3862.6142480928515,100.0,100.0,True,,synthetic_normal_checkpoint,sim_user,normal_checkpoint,gpu:1,normal_checkpoint
100.2,2026-01-01 00:01:40.200000+00:00,,syn-normal-checkpoint-103,syn-normal-checkpoint-103,,,,,0,10.0,191.15821333386359,90.32061330803262,48.2647417715889,2520.0,53.053521647326235,3945.6996073928235,100.0,100.0,True,,synthetic_normal_checkpoint,sim_user,normal_checkpoint,gpu:1,normal_checkpoint
100.3,2026-01-01 00:01:40.300000+00:00,,syn-normal-checkpoint-103,syn-normal-checkpoint-103,,,,,0,10.0,191.29706580956812,91.79469334274307,56.26317424646811,2520.0,53.643271289267666,4555.218594821501,100.0,100.0,True,,synthetic_normal_checkpoint,sim_user,normal_checkpoint,gpu:1,normal_checkpoint
100.4,2026-01-01 00:01:40.400000+00:00,,syn-normal-checkpoint-103,syn-normal-checkpoint-103,,,,,0,10.0,190.6079638989602,94.57751800379357,56.08302902802458,2520.0,54.439843446768904,4330.253317340195,100.0,100.0,True,,synthetic_normal_checkpoint,sim_user,normal_checkpoint,gpu:1,normal_checkpoint
100.5,2026-01-01 00:01:40.500000+00:00,,syn-normal-checkpoint-103,syn-normal-checkpoint-103,,,,,0,10.0,188.17029328527386,94.57465487003688,50.388424729672174,2520.0,54.3284953488534,3882.499518813956,100.0,100.0,True,,synthetic_normal_checkpoint,sim_user,normal_checkpoint,gpu:1,normal_checkpoint
100.6,2026-01-01 00:01:40.600000+00:00,,syn-normal-checkpoint-103,syn-normal-checkpoint-103,,,,,0,10.0,186.50564516387925,86.19064369024254,45.86732733883177,2446.344205727108,52.07720530108448,3584.6435957323733,100.0,100.0,True,,synthetic_normal_checkpoint,sim_user,normal_checkpoint,gpu:1,normal_checkpoint
100.7,2026-01-01 00:01:40.700000+00:00,,syn-normal-checkpoint-103,syn-normal-checkpoint-103,,,,,0,10.0,186.3117571473385,87.48127539626704,44.387809917992946,2348.580604596629,52.30484524246408,3466.4821325089456,100.0,100.0,True,,synthetic_normal_checkpoint,sim_user,normal_checkpoint,gpu:1,normal_checkpoint
100.8,2026-01-01 00:01:40.800000+00:00,,syn-normal-checkpoint-103,syn-normal-checkpoint-103,,,,,0,10.0,185.8960756624785,83.61809345465664,47.201175865602934,2288.8183882687,51.54661339035681,3669.221752452064,100.0,100.0,True,,synthetic_normal_checkpoint,sim_user,normal_checkpoint,gpu:1,normal_checkpoint
100.9,2026-01-01 00:01:40.900000+00:00,,syn-normal-checkpoint-103,syn-normal-checkpoint-103,,,,,0,10.0,188.038227608246,86.30031927408046,43.0120608251294,2390.388698936273,52.52377383438131,3440.125835090207,100.0,100.0,True,,synthetic_normal_checkpoint,sim_user,normal_checkpoint,gpu:1,normal_checkpoint
101.0,2026-01-01 00:01:41+00:00,,syn-normal-checkpoint-103,syn-normal-checkpoint-103,,,,,0,10.0,188.94636269700666,93.3758951140084,55.167402932188374,2520.0,54.614168903980755,4359.026734448298,100.0,100.0,True,,synthetic_normal_checkpoint,sim_user,normal_checkpoint,gpu:1,normal_checkpoint
101.1,2026-01-01 00:01:41.100000+00:00,,syn-normal-checkpoint-103,syn-normal-checkpoint-103,,,,,0,10.0,187.30096739195798,88.14846422969083,48.96639130097756,2410.9083059642453,53.14632383411081,3904.032037403033,100.0,100.0,True,,synthetic_normal_checkpoint,sim_user,normal_checkpoint,gpu:1,normal_checkpoint
101.2,2026-01-01 00:01:41.200000+00:00,,syn-normal-checkpoint-103,syn-normal-checkpoint-103,,,,,0,10.0,189.37167104372978,89.34529522576766,50.015264918360174,2437.692951027563,53.26615824244345,4024.3436907731866,100.0,100.0,True,,synthetic_normal_checkpoint,sim_user,normal_checkpoint,gpu:1,normal_checkpoint
101.3,2026-01-01 00:01:41.300000+00:00,,syn-normal-checkpoint-103,syn-normal-checkpoint-103,,,,,0,10.0,189.2309027729489,89.32501180304197,47.035420456312124,2418.7926044319074,53.41875913467979,3713.023896241503,100.0,100.0,True,,synthetic_normal_checkpoint,sim_user,normal_checkpoint,gpu:1,normal_checkpoint
101.4,2026-01-01 00:01:41.400000+00:00,,syn-normal-checkpoint-103,syn-normal-checkpoint-103,,,,,0,10.0,189.81791195481048,92.61287876271116,55.4923871415551,2504.7447795026196,54.56590142922047,4314.732505512136,100.0,100.0,True,,synthetic_normal_checkpoint,sim_user,normal_checkpoint,gpu:1,normal_checkpoint
101.5,2026-01-01 00:01:41.500000+00:00,,syn-normal-checkpoint-103,syn-normal-checkpoint-103,,,,,0,10.0,190.2084237411332,88.16673397903891,52.632349541607546,2450.6224210654236,53.106709127716286,4208.492136381423,100.0,100.0,True,,synthetic_normal_checkpoint,sim_user,normal_checkpoint,gpu:1,normal_checkpoint
101.6,2026-01-01 00:01:41.600000+00:00,,syn-normal-checkpoint-103,syn-normal-checkpoint-103,,,,,0,10.0,191.70881277166455,90.12202618566046,47.735568534097894,2474.945297431553,53.69881586958771,3739.3886518016,100.0,100.0,True,,synthetic_normal_checkpoint,sim_user,normal_checkpoint,gpu:1,normal_checkpoint
101.7,2026-01-01 00:01:41.700000+00:00,,syn-normal-checkpoint-103,syn-normal-checkpoint-103,,,,,0,10.0,191.39892649384151,90.9293764882942,44.9190840108136,2428.9020506223137,53.58088917928444,3571.296676199189,100.0,100.0,True,,synthetic_normal_checkpoint,sim_user,normal_checkpoint,gpu:1,normal_checkpoint
101.8,2026-01-01 00:01:41.800000+00:00,,syn-normal-checkpoint-103,syn-normal-checkpoint-103,,,,,0,10.0,192.42907264917946,90.69210927821578,56.045166542802875,2498.7737053856836,53.45182297931739,4451.224835035122,100.0,100.0,True,,synthetic_normal_checkpoint,sim_user,normal_checkpoint,gpu:1,normal_checkpoint
101.9,2026-01-01 00:01:41.900000+00:00,,syn-normal-checkpoint-103,syn-normal-checkpoint-103,,,,,0,10.0,194.04623686457717,93.61655163682886,44.74029569261052,2520.0,54.14847897468792,3485.732578166175,100.0,100.0,True,,synthetic_normal_checkpoint,sim_user,normal_checkpoint,gpu:1,normal_checkpoint
102.0,2026-01-01 00:01:42+00:00,,syn-normal-checkpoint-103,syn-normal-checkpoint-103,,,,,0,10.0,195.53897860874972,97.04863178628648,55.61780938895174,2520.0,55.12491349849629,4405.407035172922,100.0,100.0,True,,synthetic_normal_checkpoint,sim_user,normal_checkpoint,gpu:1,normal_checkpoint
102.1,2026-01-01 00:01:42.100000+00:00,,syn-normal-checkpoint-103,syn-normal-checkpoint-103,,,,,0,10.0,193.80125212855302,91.87338273780202,42.50440957483046,2474.0488697895153,53.72406578885408,3260.991554018756,100.0,100.0,True,,synthetic_normal_checkpoint,sim_user,normal_checkpoint,gpu:1,normal_checkpoint
102.2,2026-01-01 00:01:42.200000+00:00,,syn-normal-checkpoint-103,syn-normal-checkpoint-103,,,,,0,10.0,195.5967399011696,94.37893353843342,60.755522081192765,2520.0,54.4888450141554,4601.651680104829,100.0,100.0,True,,synthetic_normal_checkpoint,sim_user,normal_checkpoint,gpu:1,normal_checkpoint
102.3,2026-01-01 00:01:42.300000+00:00,,syn-normal-checkpoint-103,syn-normal-checkpoint-103,,,,,0,10.0,196.79716017156986,97.69828490240518,56.46104045347959,2520.0,55.399329555626096,4303.807624949446,100.0,100.0,True,,synthetic_normal_checkpoint,sim_user,normal_checkpoint,gpu:1,normal_checkpoint
102.4,2026-01-01 00:01:42.400000+00:00,,syn-normal-checkpoint-103,syn-normal-checkpoint-103,,,,,0,10.0,193.03579543817307,92.64282800892256,46.97694824748821,2520.0,53.93358785553896,3683.956739932173,100.0,100.0,True,,synthetic_normal_checkpoint,sim_user,normal_checkpoint,gpu:1,normal_checkpoint
102.5,2026-01-01 00:01:42.500000+00:00,,syn-normal-checkpoint-103,syn-normal-checkpoint-103,,,,,0,10.0,192.76654942043564,90.22841630686858,48.26523780982706,2441.448718326949,53.1624412089884,3758.4147743211297,100.0,100.0,True,,synthetic_normal_checkpoint,sim_user,normal_checkpoint,gpu:1,normal_checkpoint
102.6,2026-01-01 00:01:42.600000+00:00,,syn-normal-checkpoint-103,syn-normal-checkpoint-103,,,,,0,10.0,195.96318148155362,95.64967585908015,54.54174804628117,2510.155034615337,54.71126128857685,4255.033664087069,100.0,100.0,True,,synthetic_normal_checkpoint,sim_user,normal_checkpoint,gpu:1,normal_checkpoint
102.7,2026-01-01 00:01:42.700000+00:00,,syn-normal-checkpoint-103,syn-normal-checkpoint-103,,,,,0,10.0,194.26338985420904,94.75482913808554,41.37670502680502,2520.0,54.42114318684512,3396.4544253414474,100.0,100.0,True,,synthetic_normal_checkpoint,sim_user,normal_checkpoint,gpu:1,normal_checkpoint
102.8,2026-01-01 00:01:42.800000+00:00,,syn-normal-checkpoint-103,syn-normal-checkpoint-103,,,,,0,10.0,194.8353781133997,96.79901287294881,45.1898554459173,2520.0,55.07974038522588,3783.0781791417567,100.0,100.0,True,,synthetic_normal_checkpoint,sim_user,normal_checkpoint,gpu:1,normal_checkpoint
102.9,2026-01-01 00:01:42.900000+00:00,,syn-normal-checkpoint-103,syn-normal-checkpoint-103,,,,,0,10.0,192.7669416332329,92.18007672302365,52.02520695339264,2507.3700460970686,53.96767180389652,4232.994480996413,100.0,100.0,True,,synthetic_normal_checkpoint,sim_user,normal_checkpoint,gpu:1,normal_checkpoint
103.0,2026-01-01 00:01:43+00:00,,syn-normal-checkpoint-103,syn-normal-checkpoint-103,,,,,0,10.0,191.1951876442202,93.46883256896442,50.127708927998185,2520.0,54.46066901883297,3981.6802550819316,100.0,100.0,True,,synthetic_normal_checkpoint,sim_user,normal_checkpoint,gpu:1,normal_checkpoint
103.1,2026-01-01 00:01:43.100000+00:00,,syn-normal-checkpoint-103,syn-normal-checkpoint-103,,,,,0,10.0,187.20748233820137,91.27181680241884,51.18042118345267,2497.18685140821,53.662122130326516,4079.2049595547774,100.0,100.0,True,,synthetic_normal_checkpoint,sim_user,normal_checkpoint,gpu:1,normal_checkpoint
103.2,2026-01-01 00:01:43.200000+00:00,,syn-normal-checkpoint-103,syn-normal-checkpoint-103,,,,,0,10.0,184.98372006765982,83.50980547327043,45.87350047819562,2238.4474167809863,51.63583588234539,3581.093244931723,100.0,100.0,True,,synthetic_normal_checkpoint,sim_user,normal_checkpoint,gpu:1,normal_checkpoint
103.3,2026-01-01 00:01:43.300000+00:00,,syn-normal-checkpoint-103,syn-normal-checkpoint-103,,,,,0,10.0,185.58902594703395,87.48212924429683,46.86774129201175,2388.4728449549925,52.820444892806115,3842.0601332570805,100.0,100.0,True,,synthetic_normal_checkpoint,sim_user,normal_checkpoint,gpu:1,normal_checkpoint
103.4,2026-01-01 00:01:43.400000+00:00,,syn-normal-checkpoint-103,syn-normal-checkpoint-103,,,,,0,10.0,187.6265969191058,92.75481952474583,54.32512340815142,2497.1510612802435,54.42256037067627,4208.965135233757,100.0,100.0,True,,synthetic_normal_checkpoint,sim_user,normal_checkpoint,gpu:1,normal_checkpoint
103.5,2026-01-01 00:01:43.500000+00:00,,syn-normal-checkpoint-103,syn-normal-checkpoint-103,,,,,0,10.0,182.96627314244512,84.42889186375213,50.74772757518656,2331.8273715846954,52.353023845944946,4051.909276004732,100.0,100.0,True,,synthetic_normal_checkpoint,sim_user,normal_checkpoint,gpu:1,normal_checkpoint
103.6,2026-01-01 00:01:43.600000+00:00,,syn-normal-checkpoint-103,syn-normal-checkpoint-103,,,,,0,10.0,184.87295293719228,89.88786342799125,46.38537165159447,2477.9968783335503,53.68051480440265,3564.3066438061232,100.0,100.0,True,,synthetic_normal_checkpoint,sim_user,normal_checkpoint,gpu:1,normal_checkpoint
103.7,2026-01-01 00:01:43.700000+00:00,,syn-normal-checkpoint-103,syn-normal-checkpoint-103,,,,,0,10.0,183.0692435273353,85.68750889134857,50.60522980392259,2351.299006587636,52.683354506345445,3944.0109068739375,100.0,100.0,True,,synthetic_normal_checkpoint,sim_user,normal_checkpoint,gpu:1,normal_checkpoint
103.8,2026-01-01 00:01:43.800000+00:00,,syn-normal-checkpoint-103,syn-normal-checkpoint-103,,,,,0,10.0,184.36010398985138,84.07200724608722,44.6983173775985,2297.332788315273,52.12070774998736,3697.5967499414187,100.0,100.0,True,,synthetic_normal_checkpoint,sim_user,normal_checkpoint,gpu:1,normal_checkpoint
103.9,2026-01-01 00:01:43.900000+00:00,,syn-normal-checkpoint-103,syn-normal-checkpoint-103,,,,,0,10.0,184.27558354831058,81.94593047440766,42.12052457006989,2249.660556545628,51.44971875895398,3491.298433222341,100.0,100.0,True,,synthetic_normal_checkpoint,sim_user,normal_checkpoint,gpu:1,normal_checkpoint
104.0,2026-01-01 00:01:44+00:00,,syn-normal-checkpoint-103,syn-normal-checkpoint-103,,,,,0,10.0,187.25457505881033,87.29861568522526,48.87568094348926,2402.1130423906143,52.97217597764033,3882.734611996587,100.0,100.0,True,,synthetic_normal_checkpoint,sim_user,normal_checkpoint,gpu:1,normal_checkpoint
104.1,2026-01-01 00:01:44.100000+00:00,,syn-normal-checkpoint-103,syn-normal-checkpoint-103,,,,,0,10.0,186.97364633599693,85.84889205208981,43.290406985439596,2349.9185012835965,52.27939201752379,3699.543732331117,100.0,100.0,True,,synthetic_normal_checkpoint,sim_user,normal_checkpoint,gpu:1,normal_checkpoint
104.2,2026-01-01 00:01:44.200000+00:00,,syn-normal-checkpoint-103,syn-normal-checkpoint-103,,,,,0,10.0,189.23139927744143,93.43691539754869,51.72842193491986,2520.0,54.17561116019659,4107.6159433485,100.0,100.0,True,,synthetic_normal_checkpoint,sim_user,normal_checkpoint,gpu:1,normal_checkpoint
104.3,2026-01-01 00:01:44.300000+00:00,,syn-normal-checkpoint-103,syn-normal-checkpoint-103,,,,,0,10.0,188.87866724582918,85.15245025013704,41.08026754802026,2331.872921504501,51.92350607832248,3256.6729682843848,100.0,100.0,True,,synthetic_normal_checkpoint,sim_user,normal_checkpoint,gpu:1,normal_checkpoint
104.4,2026-01-01 00:01:44.400000+00:00,,syn-normal-checkpoint-103,syn-normal-checkpoint-103,,,,,0,10.0,191.97987961282053,93.52083662666976,53.310877342847206,2520.0,54.09306820670847,4097.498064063273,100.0,100.0,True,,synthetic_normal_checkpoint,sim_user,normal_checkpoint,gpu:1,normal_checkpoint
104.5,2026-01-01 00:01:44.500000+00:00,,syn-normal-checkpoint-103,syn-normal-checkpoint-103,,,,,0,10.0,190.95856809197528,90.46253169000309,50.37492732875841,2476.3255137650367,53.36786493795661,3924.1323257628096,100.0,100.0,True,,synthetic_normal_checkpoint,sim_user,normal_checkpoint,gpu:1,normal_checkpoint
104.6,2026-01-01 00:01:44.600000+00:00,,syn-normal-checkpoint-103,syn-normal-checkpoint-103,,,,,0,10.0,192.18243984098362,93.73351438632503,54.284143599172644,2520.0,53.96886139512317,4341.7300596845225,100.0,100.0,True,,synthetic_normal_checkpoint,sim_user,normal_checkpoint,gpu:1,normal_checkpoint
104.7,2026-01-01 00:01:44.700000+00:00,,syn-normal-checkpoint-103,syn-normal-checkpoint-103,,,,,0,10.0,191.76155912786786,88.56747210595134,48.519607878515934,2407.457244665358,52.60783521667701,3918.064121740866,100.0,100.0,True,,synthetic_normal_checkpoint,sim_user,normal_checkpoint,gpu:1,normal_checkpoint
104.8,2026-01-01 00:01:44.800000+00:00,,syn-normal-checkpoint-103,syn-normal-checkpoint-103,,,,,0,10.0,192.64456665711216,92.56325746179408,46.246931116463045,2520.0,53.53033767615043,3764.621927585296,100.0,100.0,True,,synthetic_normal_checkpoint,sim_user,normal_checkpoint,gpu:1,normal_checkpoint
104.9,2026-01-01 00:01:44.900000+00:00,,syn-normal-checkpoint-103,syn-normal-checkpoint-103,,,,,0,10.0,189.95972158263515,88.49158880814838,48.79330668545027,2376.8912197252585,52.59302747196998,3872.71521213528,100.0,100.0,True,,synthetic_normal_checkpoint,sim_user,normal_checkpoint,gpu:1,normal_checkpoint
105.0,2026-01-01 00:01:45+00:00,,syn-normal-checkpoint-103,syn-normal-checkpoint-103,,,,,0,10.0,190.48565520376735,92.1181458887447,54.28228033418613,2507.224754778413,53.395926847421855,4479.541883269861,100.0,100.0,True,,synthetic_normal_checkpoint,sim_user,normal_checkpoint,gpu:1,normal_checkpoint
105.1,2026-01-01 00:01:45.100000+00:00,,syn-normal-checkpoint-103,syn-normal-checkpoint-103,,,,,0,10.0,187.2088467740531,91.53197472678585,51.4906073407587,2464.7016770240643,53.37739899357018,4007.8722747591455,100.0,100.0,True,,synthetic_normal_checkpoint,sim_user,normal_checkpoint,gpu:1,normal_checkpoint
105.2,2026-01-01 00:01:45.200000+00:00,,syn-normal-checkpoint-103,syn-normal-checkpoint-103,,,,,0,10.0,184.63353094099878,88.06898066975403,53.44657049516048,2412.7612320927888,52.30634426802022,4192.2895514794445,100.0,100.0,True,,synthetic_normal_checkpoint,sim_user,normal_checkpoint,gpu:1,normal_checkpoint
105.3,2026-01-01 00:01:45.300000+00:00,,syn-normal-checkpoint-103,syn-normal-checkpoint-103,,,,,0,10.0,186.79590251702575,88.42729699813965,43.693046073974585,2467.380681371841,52.43360422400076,3744.9375257651195,100.0,100.0,True,,synthetic_normal_checkpoint,sim_user,normal_checkpoint,gpu:1,normal_checkpoint
105.4,2026-01-01 00:01:45.400000+00:00,,syn-normal-checkpoint-103,syn-normal-checkpoint-103,,,,,0,10.0,188.47167408901205,91.10390349451279,48.18853160139582,2486.8535753873284,52.99549801250775,4003.376496400438,100.0,100.0,True,,synthetic_normal_checkpoint,sim_user,normal_checkpoint,gpu:1,normal_checkpoint
105.5,2026-01-01 00:01:45.500000+00:00,,syn-normal-checkpoint-103,syn-normal-checkpoint-103,,,,,0,10.0,186.89620117059542,89.65653701924468,50.36645564052224,2431.1975753417055,52.6867819102115,3852.809216132117,100.0,100.0,True,,synthetic_normal_checkpoint,sim_user,normal_checkpoint,gpu:1,normal_checkpoint
105.6,2026-01-01 00:01:45.600000+00:00,,syn-normal-checkpoint-103,syn-normal-checkpoint-103,,,,,0,10.0,186.60719708820275,86.92030297350463,46.92658379872842,2389.753369226231,51.816986867899935,3779.494649835108,100.0,100.0,True,,synthetic_normal_checkpoint,sim_user,normal_checkpoint,gpu:1,normal_checkpoint
105.7,2026-01-01 00:01:45.700000+00:00,,syn-normal-checkpoint-103,syn-normal-checkpoint-103,,,,,0,10.0,189.15115190925792,85.53691360629666,50.85041501345998,2299.9223616792997,51.62877603542467,3967.974927343352,100.0,100.0,True,,synthetic_normal_checkpoint,sim_user,normal_checkpoint,gpu:1,normal_checkpoint
105.8,2026-01-01 00:01:45.800000+00:00,,syn-normal-checkpoint-103,syn-normal-checkpoint-103,,,,,0,10.0,191.486864598739,90.39720946378938,46.38973657628686,2520.0,52.840697293870605,3598.9789739456733,100.0,100.0,True,,synthetic_normal_checkpoint,sim_user,normal_checkpoint,gpu:1,normal_checkpoint
105.9,2026-01-01 00:01:45.900000+00:00,,syn-normal-checkpoint-103,syn-normal-checkpoint-103,,,,,0,10.0,189.9840642121116,85.90492628200909,46.01566624013353,2339.7840913941513,51.80669476490323,3695.837807402518,100.0,100.0,True,,synthetic_normal_checkpoint,sim_user,normal_checkpoint,gpu:1,normal_checkpoint
106.0,2026-01-01 00:01:46+00:00,,syn-normal-checkpoint-103,syn-normal-checkpoint-103,,,,,0,10.0,190.57682110035384,89.01126104432167,44.0578041832323,2442.424518116148,52.73900406322119,3639.814641618782,100.0,100.0,True,,synthetic_normal_checkpoint,sim_user,normal_checkpoint,gpu:1,normal_checkpoint
106.1,2026-01-01 00:01:46.100000+00:00,,syn-normal-checkpoint-103,syn-normal-checkpoint-103,,,,,0,10.0,193.08509109062717,97.26824444249407,54.041255503995544,2520.0,55.313674426260064,4274.234529176107,100.0,100.0,True,,synthetic_normal_checkpoint,sim_user,normal_checkpoint,gpu:1,normal_checkpoint
106.2,2026-01-01 00:01:46.200000+00:00,,syn-normal-checkpoint-103,syn-normal-checkpoint-103,,,,,0,10.0,191.92757338866298,94.66602002948223,51.69897658942222,2520.0,54.79983549972432,4171.2026142961395,100.0,100.0,True,,synthetic_normal_checkpoint,sim_user,normal_checkpoint,gpu:1,normal_checkpoint
106.3,2026-01-01 00:01:46.300000+00:00,,syn-normal-checkpoint-103,syn-normal-checkpoint-103,,,,,0,10.0,191.66607781836856,90.27391673439772,43.464612392682255,2445.107200651825,53.7105327571541,3438.8431242187307,100.0,100.0,True,,synthetic_normal_checkpoint,sim_user,normal_checkpoint,gpu:1,normal_checkpoint
106.4,2026-01-01 00:01:46.400000+00:00,,syn-normal-checkpoint-103,syn-normal-checkpoint-103,,,,,0,10.0,192.93579690608286,92.92877785986462,50.28030462216959,2520.0,54.41131193683893,3904.6498786215216,100.0,100.0,True,,synthetic_normal_checkpoint,sim_user,normal_checkpoint,gpu:1,normal_checkpoint
106.5,2026-01-01 00:01:46.500000+00:00,,syn-normal-checkpoint-103,syn-normal-checkpoint-103,,,,,0,10.0,192.94075191196015,95.47645580613926,56.698716423730005,2520.0,54.96516256726636,4503.371322988652,100.0,100.0,True,,synthetic_normal_checkpoint,sim_user,normal_checkpoint,gpu:1,normal_checkpoint
106.6,2026-01-01 00:01:46.600000+00:00,,syn-normal-checkpoint-103,syn-normal-checkpoint-103,,,,,0,10.0,191.54349609731992,91.24342305004646,51.29542641503237,2425.1397176638443,53.87136215275849,3872.7270477304755,100.0,100.0,True,,synthetic_normal_checkpoint,sim_user,normal_checkpoint,gpu:1,normal_checkpoint
106.7,2026-01-01 00:01:46.700000+00:00,,syn-normal-checkpoint-103,syn-normal-checkpoint-103,,,,,0,10.0,191.30791780920947,87.57980256694405,48.751367415311364,2373.297479067803,53.00592375276454,3865.6288408351047,100.0,100.0,True,,synthetic_normal_checkpoint,sim_user,normal_checkpoint,gpu:1,normal_checkpoint
106.8,2026-01-01 00:01:46.800000+00:00,,syn-normal-checkpoint-103,syn-normal-checkpoint-103,,,,,0,10.0,193.75845378995731,89.34194415238895,57.69456592641396,2409.232687690329,53.6568740928086,4601.354164477599,100.0,100.0,True,,synthetic_normal_checkpoint,sim_user,normal_checkpoint,gpu:1,normal_checkpoint
106.9,2026-01-01 00:01:46.900000+00:00,,syn-normal-checkpoint-103,syn-normal-checkpoint-103,,,,,0,10.0,196.28450781500163,97.11017931836909,48.90650420540511,2520.0,55.79700958855542,3854.858181183126,100.0,100.0,True,,synthetic_normal_checkpoint,sim_user,normal_checkpoint,gpu:1,normal_checkpoint
107.0,2026-01-01 00:01:47+00:00,,syn-normal-checkpoint-103,syn-normal-checkpoint-103,,,,,0,10.0,193.67193026631574,95.5532069727065,52.19461892869938,2520.0,54.99358378362,4155.519435568565,100.0,100.0,True,,synthetic_normal_checkpoint,sim_user,normal_checkpoint,gpu:1,normal_checkpoint
107.1,2026-01-01 00:01:47.100000+00:00,,syn-normal-checkpoint-103,syn-normal-checkpoint-103,,,,,0,10.0,194.4191787607387,95.75988376043898,46.40740900220185,2520.0,54.52235102409244,3726.357889001524,100.0,100.0,True,,synthetic_normal_checkpoint,sim_user,normal_checkpoint,gpu:1,normal_checkpoint
107.2,2026-01-01 00:01:47.200000+00:00,,syn-normal-checkpoint-103,syn-normal-checkpoint-103,,,,,0,10.0,193.7562856583892,93.87191697587915,51.13543384659846,2520.0,53.86796608600839,4073.7745041575095,100.0,100.0,True,,synthetic_normal_checkpoint,sim_user,normal_checkpoint,gpu:1,normal_checkpoint
107.3,2026-01-01 00:01:47.300000+00:00,,syn-normal-checkpoint-103,syn-normal-checkpoint-103,,,,,0,10.0,194.28290434244732,93.78358712222196,45.176458178237894,2520.0,53.90955367091861,3472.5804693328723,100.0,100.0,True,,synthetic_normal_checkpoint,sim_user,normal_checkpoint,gpu:1,normal_checkpoint
107.4,2026-01-01 00:01:47.400000+00:00,,syn-normal-checkpoint-103,syn-normal-checkpoint-103,,,,,0,10.0,193.206938721653,93.12854223645813,51.343467164557346,2520.0,53.97624276092676,4129.664578564685,100.0,100.0,True,,synthetic_normal_checkpoint,sim_user,normal_checkpoint,gpu:1,normal_checkpoint
107.5,2026-01-01 00:01:47.500000+00:00,,syn-normal-checkpoint-103,syn-normal-checkpoint-103,,,,,0,10.0,192.92860577804547,91.68913516297378,55.63339983196918,2516.8125020705975,53.46015727568569,4394.565592316256,100.0,100.0,True,,synthetic_normal_checkpoint,sim_user,normal_checkpoint,gpu:1,normal_checkpoint
107.6,2026-01-01 00:01:47.600000+00:00,,syn-normal-checkpoint-103,syn-normal-checkpoint-103,,,,,0,10.0,192.93791827290693,93.01429482936697,51.967496992950814,2520.0,53.714419586874385,4250.850461341811,100.0,100.0,True,,synthetic_normal_checkpoint,sim_user,normal_checkpoint,gpu:1,normal_checkpoint
107.7,2026-01-01 00:01:47.700000+00:00,,syn-normal-checkpoint-103,syn-normal-checkpoint-103,,,,,0,10.0,191.37326900622085,92.39111040527887,53.5880895500457,2500.7719975683244,53.515922187430505,4070.9675883113023,100.0,100.0,True,,synthetic_normal_checkpoint,sim_user,normal_checkpoint,gpu:1,normal_checkpoint
107.8,2026-01-01 00:01:47.800000+00:00,,syn-normal-checkpoint-103,syn-normal-checkpoint-103,,,,,0,10.0,190.15385700957629,88.55791525879104,43.799487021306255,2437.5322397640107,52.430830374018925,3322.0689772143055,100.0,100.0,True,,synthetic_normal_checkpoint,sim_user,normal_checkpoint,gpu:1,normal_checkpoint
107.9,2026-01-01 00:01:47.900000+00:00,,syn-normal-checkpoint-103,syn-normal-checkpoint-103,,,,,0,10.0,193.89922141498428,97.04097737575009,49.018148419918106,2520.0,55.0698722045234,3926.143472659413,100.0,100.0,True,,synthetic_normal_checkpoint,sim_user,normal_checkpoint,gpu:1,normal_checkpoint
108.0,2026-01-01 00:01:48+00:00,,syn-normal-checkpoint-103,syn-normal-checkpoint-103,,,,,0,10.0,192.09892048147375,93.10971453599002,49.873723237097884,2520.0,54.11650487322112,3896.6773893982563,100.0,100.0,True,,synthetic_normal_checkpoint,sim_user,normal_checkpoint,gpu:1,normal_checkpoint
108.1,2026-01-01 00:01:48.100000+00:00,,syn-normal-checkpoint-103,syn-normal-checkpoint-103,,,,,0,10.0,192.26366074732536,93.88256545093333,50.17943859596528,2520.0,54.55291612148465,4227.448174790673,100.0,100.0,True,,synthetic_normal_checkpoint,sim_user,normal_checkpoint,gpu:1,normal_checkpoint
108.2,2026-01-01 00:01:48.200000+00:00,,syn-normal-checkpoint-103,syn-normal-checkpoint-103,,,,,0,10.0,191.46877450203775,90.07977019950772,60.686628079093744,2460.325782152664,53.3298657495273,4751.277220620198,100.0,100.0,True,,synthetic_normal_checkpoint,sim_user,normal_checkpoint,gpu:1,normal_checkpoint
108.3,2026-01-01 00:01:48.300000+00:00,,syn-normal-checkpoint-103,syn-normal-checkpoint-103,,,,,0,10.0,192.48834857273437,92.17631805004136,48.343284198544154,2520.0,53.92343000549332,3800.001155158688,100.0,100.0,True,,synthetic_normal_checkpoint,sim_user,normal_checkpoint,gpu:1,normal_checkpoint
108.4,2026-01-01 00:01:48.400000+00:00,,syn-normal-checkpoint-103,syn-normal-checkpoint-103,,,,,0,10.0,191.74678857711314,90.96379823190662,47.765188778070645,2485.4825473333667,53.63463446935217,3729.548658618289,100.0,100.0,True,,synthetic_normal_checkpoint,sim_user,normal_checkpoint,gpu:1,normal_checkpoint
108.5,2026-01-01 00:01:48.500000+00:00,,syn-normal-checkpoint-103,syn-normal-checkpoint-103,,,,,0,10.0,192.75504861449772,90.08309665821747,47.07935754031136,2511.960812052168,53.43437066379772,3837.885055069746,100.0,100.0,True,,synthetic_normal_checkpoint,sim_user,normal_checkpoint,gpu:1,normal_checkpoint
108.6,2026-01-01 00:01:48.600000+00:00,,syn-normal-checkpoint-103,syn-normal-checkpoint-103,,,,,0,10.0,193.16623686067015,91.3220285526348,47.62708766561827,2519.5781110553444,53.637147835731845,3724.9970828066243,100.0,100.0,True,,synthetic_normal_checkpoint,sim_user,normal_checkpoint,gpu:1,normal_checkpoint
108.7,2026-01-01 00:01:48.700000+00:00,,syn-normal-checkpoint-103,syn-normal-checkpoint-103,,,,,0,10.0,194.39147339925975,97.96050104314995,54.81531374965009,2520.0,55.52938651648544,4281.9087202250275,100.0,100.0,True,,synthetic_normal_checkpoint,sim_user,normal_checkpoint,gpu:1,normal_checkpoint
108.8,2026-01-01 00:01:48.800000+00:00,,syn-normal-checkpoint-103,syn-normal-checkpoint-103,,,,,0,10.0,190.38743335629525,91.59527580619977,47.69714911038056,2511.1417170953773,53.603011762521,3846.30486741997,100.0,100.0,True,,synthetic_normal_checkpoint,sim_user,normal_checkpoint,gpu:1,normal_checkpoint
108.9,2026-01-01 00:01:48.900000+00:00,,syn-normal-checkpoint-103,syn-normal-checkpoint-103,,,,,0,10.0,189.17372517937144,91.56942678489546,47.00597206365885,2520.0,53.662713996167454,3861.294675467521,100.0,100.0,True,,synthetic_normal_checkpoint,sim_user,normal_checkpoint,gpu:1,normal_checkpoint
109.0,2026-01-01 00:01:49+00:00,,syn-normal-checkpoint-103,syn-normal-checkpoint-103,,,,,0,10.0,187.97807011104862,89.76071584769232,48.807349072598846,2422.086175212193,53.03281097484218,3909.9466073622953,100.0,100.0,True,,synthetic_normal_checkpoint,sim_user,normal_checkpoint,gpu:1,normal_checkpoint
109.1,2026-01-01 00:01:49.100000+00:00,,syn-normal-checkpoint-103,syn-normal-checkpoint-103,,,,,0,10.0,188.32190510580372,89.93898730560747,52.509547374342155,2485.623919207695,53.17699911738422,4125.8843675286025,100.0,100.0,True,,synthetic_normal_checkpoint,sim_user,normal_checkpoint,gpu:1,normal_checkpoint
109.2,2026-01-01 00:01:49.200000+00:00,,syn-normal-checkpoint-103,syn-normal-checkpoint-103,,,,,0,10.0,186.92077789802724,87.34546094358437,43.433136191394034,2377.4785619986933,52.24545960367896,3383.6858577591597,100.0,100.0,True,,synthetic_normal_checkpoint,sim_user,normal_checkpoint,gpu:1,normal_checkpoint
109.3,2026-01-01 00:01:49.300000+00:00,,syn-normal-checkpoint-103,syn-normal-checkpoint-103,,,,,0,10.0,187.8953435371436,90.36022532958907,49.195034311507335,2445.1116467234842,53.049119423230856,3907.379700346486,100.0,100.0,True,,synthetic_normal_checkpoint,sim_user,normal_checkpoint,gpu:1,normal_checkpoint
109.4,2026-01-01 00:01:49.400000+00:00,,syn-normal-checkpoint-103,syn-normal-checkpoint-103,,,,,0,10.0,187.79778266015327,87.71041551900426,50.812580060307354,2319.403300588421,52.386323454493755,4016.437037886117,100.0,100.0,True,,synthetic_normal_checkpoint,sim_user,normal_checkpoint,gpu:1,normal_checkpoint
109.5,2026-01-01 00:01:49.500000+00:00,,syn-normal-checkpoint-103,syn-normal-checkpoint-103,,,,,0,10.0,189.52037012949924,91.23810230463333,59.898156614602414,2520.0,53.34737389242882,4447.108008342162,100.0,100.0,True,,synthetic_normal_checkpoint,sim_user,normal_checkpoint,gpu:1,normal_checkpoint
109.6,2026-01-01 00:01:49.600000+00:00,,syn-normal-checkpoint-103,syn-normal-checkpoint-103,,,,,0,10.0,189.1903116468716,87.48725929962265,45.95386716557476,2382.712481788592,52.41554742191431,3743.832279385997,100.0,100.0,True,,synthetic_normal_checkpoint,sim_user,normal_checkpoint,gpu:1,normal_checkpoint
109.7,2026-01-01 00:01:49.700000+00:00,,syn-normal-checkpoint-103,syn-normal-checkpoint-103,,,,,0,10.0,190.87051101726766,89.71394043041862,50.69222692765538,2403.392886533402,53.094281311117165,3961.154267572763,100.0,100.0,True,,synthetic_normal_checkpoint,sim_user,normal_checkpoint,gpu:1,normal_checkpoint
109.8,2026-01-01 00:01:49.800000+00:00,,syn-normal-checkpoint-103,syn-normal-checkpoint-103,,,,,0,10.0,191.60525256292067,90.94407859993291,53.14465548418524,2468.747350326978,53.61571559871112,4317.134337719151,100.0,100.0,True,,synthetic_normal_checkpoint,sim_user,normal_checkpoint,gpu:1,normal_checkpoint
109.9,2026-01-01 00:01:49.900000+00:00,,syn-normal-checkpoint-103,syn-normal-checkpoint-103,,,,,0,10.0,190.6539029877978,92.05985672034531,53.672035534267856,2520.0,54.08646952070065,4251.515390579766,100.0,100.0,True,,synthetic_normal_checkpoint,sim_user,normal_checkpoint,gpu:1,normal_checkpoint
110.0,2026-01-01 00:01:50+00:00,,syn-normal-checkpoint-103,syn-normal-checkpoint-103,,,,,0,10.0,190.58390710027706,88.8373390562473,53.62840510508106,2447.650500412479,53.38658460923288,4192.543811749765,100.0,100.0,True,,synthetic_normal_checkpoint,sim_user,normal_checkpoint,gpu:1,normal_checkpoint
110.1,2026-01-01 00:01:50.100000+00:00,,syn-normal-checkpoint-103,syn-normal-checkpoint-103,,,,,0,10.0,191.22448611617298,91.8021100434154,47.64218536561059,2490.464432373715,54.32892594838776,3721.482598382815,100.0,100.0,True,,synthetic_normal_checkpoint,sim_user,normal_checkpoint,gpu:1,normal_checkpoint
110.2,2026-01-01 00:01:50.200000+00:00,,syn-normal-checkpoint-103,syn-normal-checkpoint-103,,,,,0,10.0,191.17869584845874,92.24633379837358,43.09676588010726,2514.975349688945,54.5618973914003,3487.1024201248115,100.0,100.0,True,,synthetic_normal_checkpoint,sim_user,normal_checkpoint,gpu:1,normal_checkpoint
110.3,2026-01-01 00:01:50.300000+00:00,,syn-normal-checkpoint-103,syn-normal-checkpoint-103,,,,,0,10.0,192.41226964211063,93.70865147139543,52.287405011270046,2520.0,54.624144188857805,4152.7681380596,100.0,100.0,True,,synthetic_normal_checkpoint,sim_user,normal_checkpoint,gpu:1,normal_checkpoint
110.4,2026-01-01 00:01:50.400000+00:00,,syn-normal-checkpoint-103,syn-normal-checkpoint-103,,,,,0,10.0,192.40319812701875,92.45421353002097,52.31843669492663,2504.0530423684354,54.148069863318646,3951.710961984372,100.0,100.0,True,,synthetic_normal_checkpoint,sim_user,normal_checkpoint,gpu:1,normal_checkpoint
110.5,2026-01-01 00:01:50.500000+00:00,,syn-normal-checkpoint-103,syn-normal-checkpoint-103,,,,,0,10.0,192.5157590741918,92.59976903362106,47.023805180662784,2520.0,54.22704632515409,3655.667869388871,100.0,100.0,True,,synthetic_normal_checkpoint,sim_user,normal_checkpoint,gpu:1,normal_checkpoint
110.6,2026-01-01 00:01:50.600000+00:00,,syn-normal-checkpoint-103,syn-normal-checkpoint-103,,,,,0,10.0,192.04026501475514,91.77099977740797,51.584622638160255,2518.5688962142176,53.66573070004061,3875.4732035140105,100.0,100.0,True,,synthetic_normal_checkpoint,sim_user,normal_checkpoint,gpu:1,normal_checkpoint
110.7,2026-01-01 00:01:50.700000+00:00,,syn-normal-checkpoint-103,syn-normal-checkpoint-103,,,,,0,10.0,191.48149883669907,89.15394058825768,44.820599569988005,2433.695142494001,52.540262357966746,3417.228993397235,100.0,100.0,True,,synthetic_normal_checkpoint,sim_user,normal_checkpoint,gpu:1,normal_checkpoint
110.8,2026-01-01 00:01:50.800000+00:00,,syn-normal-checkpoint-103,syn-normal-checkpoint-103,,,,,0,10.0,191.4264434961038,92.41896610312472,48.76534944564226,2489.2679741242005,53.45342795906725,3829.7538113449273,100.0,100.0,True,,synthetic_normal_checkpoint,sim_user,normal_checkpoint,gpu:1,normal_checkpoint
110.9,2026-01-01 00:01:50.900000+00:00,,syn-normal-checkpoint-103,syn-normal-checkpoint-103,,,,,0,10.0,191.02670098700023,90.2684252049032,43.86656534307092,2475.477120944073,52.62809263405401,3394.5242780423246,100.0,100.0,True,,synthetic_normal_checkpoint,sim_user,normal_checkpoint,gpu:1,normal_checkpoint
111.0,2026-01-01 00:01:51+00:00,,syn-normal-checkpoint-103,syn-normal-checkpoint-103,,,,,0,10.0,57.48600344593153,7.741174991162094,0.3542324796556291,378.7333876468837,29.549998110978013,500.34386105923227,100.0,100.0,True,,synthetic_normal_checkpoint,sim_user,normal_checkpoint,gpu:1,normal_checkpoint
111.1,2026-01-01 00:01:51.100000+00:00,,syn-normal-checkpoint-103,syn-normal-checkpoint-103,,,,,0,10.0,56.58359632215864,9.950357947858802,6.7820452441998444,472.6538881540019,30.155448015881927,1027.6944133627314,100.0,100.0,True,,synthetic_normal_checkpoint,sim_user,normal_checkpoint,gpu:1,normal_checkpoint
111.2,2026-01-01 00:01:51.200000+00:00,,syn-normal-checkpoint-103,syn-normal-checkpoint-103,,,,,0,10.0,58.30697351206767,9.483476704169327,3.935473505853022,427.2797913261559,30.278571333896988,761.8861120038699,100.0,100.0,True,,synthetic_normal_checkpoint,sim_user,normal_checkpoint,gpu:1,normal_checkpoint
111.3,2026-01-01 00:01:51.300000+00:00,,syn-normal-checkpoint-103,syn-normal-checkpoint-103,,,,,0,10.0,48.16541450589792,2.0854762067555317,2.614249192516307,293.98573424209513,28.578778964675063,731.4524556741494,100.0,100.0,True,,synthetic_normal_checkpoint,sim_user,normal_checkpoint,gpu:1,normal_checkpoint
111.4,2026-01-01 00:01:51.400000+00:00,,syn-normal-checkpoint-103,syn-normal-checkpoint-103,,,,,0,10.0,50.49838982146838,2.5667992717349764,2.119078152204784,236.3426934614707,28.730531264942396,568.7469107298419,100.0,100.0,True,,synthetic_normal_checkpoint,sim_user,normal_checkpoint,gpu:1,normal_checkpoint
111.5,2026-01-01 00:01:51.500000+00:00,,syn-normal-checkpoint-103,syn-normal-checkpoint-103,,,,,0,10.0,58.655905769166154,7.009073092294463,6.353531979739461,355.76091931655964,30.277197016643004,959.1230450643453,100.0,100.0,True,,synthetic_normal_checkpoint,sim_user,normal_checkpoint,gpu:1,normal_checkpoint
111.6,2026-01-01 00:01:51.600000+00:00,,syn-normal-checkpoint-103,syn-normal-checkpoint-103,,,,,0,10.0,58.82850734671907,5.757941751302865,0.0,359.18581179507885,30.188930714625332,514.2021413849429,100.0,100.0,True,,synthetic_normal_checkpoint,sim_user,normal_checkpoint,gpu:1,normal_checkpoint
111.7,2026-01-01 00:01:51.700000+00:00,,syn-normal-checkpoint-103,syn-normal-checkpoint-103,,,,,0,10.0,59.89093089944867,9.104229779630948,3.4182923866394352,413.92813079752483,31.043368307114537,658.2546386502504,100.0,100.0,True,,synthetic_normal_checkpoint,sim_user,normal_checkpoint,gpu:1,normal_checkpoint
111.8,2026-01-01 00:01:51.800000+00:00,,syn-normal-checkpoint-103,syn-normal-checkpoint-103,,,,,0,10.0,58.80566525872034,11.171477392499472,9.541099455289919,497.8664673934478,31.730401061734305,1088.0144989537807,100.0,100.0,True,,synthetic_normal_checkpoint,sim_user,normal_checkpoint,gpu:1,normal_checkpoint
111.9,2026-01-01 00:01:51.900000+00:00,,syn-normal-checkpoint-103,syn-normal-checkpoint-103,,,,,0,10.0,56.543535655939046,7.623562940664777,7.065459264126327,398.2349797159297,30.377262026510532,945.1357626323802,100.0,100.0,True,,synthetic_normal_checkpoint,sim_user,normal_checkpoint,gpu:1,normal_checkpoint
112.0,2026-01-01 00:01:52+00:00,,syn-normal-checkpoint-103,syn-normal-checkpoint-103,,,,,0,10.0,50.14231388312766,1.0709203742624456,0.0,269.9552192728766,28.590377702456134,571.7455433617398,100.0,100.0,True,,synthetic_normal_checkpoint,sim_user,normal_checkpoint,gpu:1,normal_checkpoint
112.1,2026-01-01 00:01:52.100000+00:00,,syn-normal-checkpoint-103,syn-normal-checkpoint-103,,,,,0,10.0,58.210285276432934,9.864971959978261,0.0,420.06862226797625,30.791076633410754,440.12287048804853,100.0,100.0,True,,synthetic_normal_checkpoint,sim_user,normal_checkpoint,gpu:1,normal_checkpoint
112.2,2026-01-01 00:01:52.200000+00:00,,syn-normal-checkpoint-103,syn-normal-checkpoint-103,,,,,0,10.0,56.99687897812693,5.306573328760532,3.9633667775280403,390.08910699341317,29.485017852746303,811.1337897878072,100.0,100.0,True,,synthetic_normal_checkpoint,sim_user,normal_checkpoint,gpu:1,normal_checkpoint
112.3,2026-01-01 00:01:52.300000+00:00,,syn-normal-checkpoint-103,syn-normal-checkpoint-103,,,,,0,10.0,192.79850544431878,90.75692151112352,50.57311487728595,2374.0584155212064,53.227404665279394,4101.774063300952,100.0,100.0,True,,synthetic_normal_checkpoint,sim_user,normal_checkpoint,gpu:1,normal_checkpoint
112.4,2026-01-01 00:01:52.400000+00:00,,syn-normal-checkpoint-103,syn-normal-checkpoint-103,,,,,0,10.0,191.67876479353927,93.63314950105391,51.95632714412712,2520.0,53.90556687541831,4246.513502372273,100.0,100.0,True,,synthetic_normal_checkpoint,sim_user,normal_checkpoint,gpu:1,normal_checkpoint
112.5,2026-01-01 00:01:52.500000+00:00,,syn-normal-checkpoint-103,syn-normal-checkpoint-103,,,,,0,10.0,190.61497212076705,92.27994359863047,43.132922462194585,2520.0,53.453918825447694,3546.7047672489116,100.0,100.0,True,,synthetic_normal_checkpoint,sim_user,normal_checkpoint,gpu:1,normal_checkpoint
112.6,2026-01-01 00:01:52.600000+00:00,,syn-normal-checkpoint-103,syn-normal-checkpoint-103,,,,,0,10.0,188.84779539403618,93.15248219849884,50.43865236166409,2463.561141619668,53.63826544900951,3907.717435197888,100.0,100.0,True,,synthetic_normal_checkpoint,sim_user,normal_checkpoint,gpu:1,normal_checkpoint
112.7,2026-01-01 00:01:52.700000+00:00,,syn-normal-checkpoint-103,syn-normal-checkpoint-103,,,,,0,10.0,187.1876212376179,86.72897585433087,50.37000389547164,2383.0662475615745,51.982106600595216,3943.969889513503,100.0,100.0,True,,synthetic_normal_checkpoint,sim_user,normal_checkpoint,gpu:1,normal_checkpoint
112.8,2026-01-01 00:01:52.800000+00:00,,syn-normal-checkpoint-103,syn-normal-checkpoint-103,,,,,0,10.0,187.32001394509217,89.65296979095987,48.48944986001456,2508.7639769836205,52.94314460894329,3810.4015906557092,100.0,100.0,True,,synthetic_normal_checkpoint,sim_user,normal_checkpoint,gpu:1,normal_checkpoint
112.9,2026-01-01 00:01:52.900000+00:00,,syn-normal-checkpoint-103,syn-normal-checkpoint-103,,,,,0,10.0,187.81006840373308,89.75385658610901,46.739930249485695,2419.7107437449877,52.67993247574239,3890.2211091073577,100.0,100.0,True,,synthetic_normal_checkpoint,sim_user,normal_checkpoint,gpu:1,normal_checkpoint
113.0,2026-01-01 00:01:53+00:00,,syn-normal-checkpoint-103,syn-normal-checkpoint-103,,,,,0,10.0,187.83201062051972,89.10614151040716,50.21923305738887,2436.0565201940994,52.46401048881996,3978.8164179400246,100.0,100.0,True,,synthetic_normal_checkpoint,sim_user,normal_checkpoint,gpu:1,normal_checkpoint
113.1,2026-01-01 00:01:53.100000+00:00,,syn-normal-checkpoint-103,syn-normal-checkpoint-103,,,,,0,10.0,187.7828323330827,89.22438503441893,44.011019396636094,2416.8777852523103,52.19366449419338,3494.16785017673,100.0,100.0,True,,synthetic_normal_checkpoint,sim_user,normal_checkpoint,gpu:1,normal_checkpoint
113.2,2026-01-01 00:01:53.200000+00:00,,syn-normal-checkpoint-103,syn-normal-checkpoint-103,,,,,0,10.0,187.79788614616152,85.60134545748296,54.15463117014805,2367.107417988629,51.13083319696434,4363.867266594679,100.0,100.0,True,,synthetic_normal_checkpoint,sim_user,normal_checkpoint,gpu:1,normal_checkpoint
113.3,2026-01-01 00:01:53.300000+00:00,,syn-normal-checkpoint-103,syn-normal-checkpoint-103,,,,,0,10.0,189.06381810950495,90.07631712374177,50.505674995752734,2520.0,52.67388104252913,3935.024102136671,100.0,100.0,True,,synthetic_normal_checkpoint,sim_user,normal_checkpoint,gpu:1,normal_checkpoint
113.4,2026-01-01 00:01:53.400000+00:00,,syn-normal-checkpoint-103,syn-normal-checkpoint-103,,,,,0,10.0,190.21877477422083,88.85024097327673,43.214726869378744,2442.1796960585425,52.57279809589438,3444.0812393310703,100.0,100.0,True,,synthetic_normal_checkpoint,sim_user,normal_checkpoint,gpu:1,normal_checkpoint
113.5,2026-01-01 00:01:53.500000+00:00,,syn-normal-checkpoint-103,syn-normal-checkpoint-103,,,,,0,10.0,191.76543063815194,91.99624175330501,60.87224398365345,2520.0,53.503213304557164,4649.866555212571,100.0,100.0,True,,synthetic_normal_checkpoint,sim_user,normal_checkpoint,gpu:1,normal_checkpoint
113.6,2026-01-01 00:01:53.600000+00:00,,syn-normal-checkpoint-103,syn-normal-checkpoint-103,,,,,0,10.0,191.6873908288297,89.79282665227404,50.72503300084974,2480.8475461163002,52.699248027984545,3975.171912529072,100.0,100.0,True,,synthetic_normal_checkpoint,sim_user,normal_checkpoint,gpu:1,normal_checkpoint
113.7,2026-01-01 00:01:53.700000+00:00,,syn-normal-checkpoint-103,syn-normal-checkpoint-103,,,,,0,10.0,192.67114175372137,93.8952057885484,47.400139683143124,2520.0,54.17875569915105,3788.2916624347813,100.0,100.0,True,,synthetic_normal_checkpoint,sim_user,normal_checkpoint,gpu:1,normal_checkpoint
113.8,2026-01-01 00:01:53.800000+00:00,,syn-normal-checkpoint-103,syn-normal-checkpoint-103,,,,,0,10.0,191.71442057548956,92.24501556358535,51.50284974875727,2520.0,53.80061388754373,4105.3714149047755,100.0,100.0,True,,synthetic_normal_checkpoint,sim_user,normal_checkpoint,gpu:1,normal_checkpoint
113.9,2026-01-01 00:01:53.900000+00:00,,syn-normal-checkpoint-103,syn-normal-checkpoint-103,,,,,0,10.0,191.55130410942166,91.35307953329259,48.9750926711663,2484.8587818522346,53.83476165983747,3714.2137493050313,100.0,100.0,True,,synthetic_normal_checkpoint,sim_user,normal_checkpoint,gpu:1,normal_checkpoint
114.0,2026-01-01 00:01:54+00:00,,syn-normal-checkpoint-103,syn-normal-checkpoint-103,,,,,0,10.0,191.18199368086943,91.38592000638221,50.32705397237322,2516.629368101242,53.967043478674,4078.3241658928846,100.0,100.0,True,,synthetic_normal_checkpoint,sim_user,normal_checkpoint,gpu:1,normal_checkpoint
114.1,2026-01-01 00:01:54.100000+00:00,,syn-normal-checkpoint-103,syn-normal-checkpoint-103,,,,,0,10.0,189.6288797372621,89.02976026409782,48.74131350730173,2409.7226447445864,53.40940271719116,3803.552810066779,100.0,100.0,True,,synthetic_normal_checkpoint,sim_user,normal_checkpoint,gpu:1,normal_checkpoint
114.2,2026-01-01 00:01:54.200000+00:00,,syn-normal-checkpoint-103,syn-normal-checkpoint-103,,,,,0,10.0,188.1533098138729,91.58350291668232,47.64010850301922,2464.134930475313,53.840434996295286,3596.9987523297314,100.0,100.0,True,,synthetic_normal_checkpoint,sim_user,normal_checkpoint,gpu:1,normal_checkpoint
114.3,2026-01-01 00:01:54.300000+00:00,,syn-normal-checkpoint-103,syn-normal-checkpoint-103,,,,,0,10.0,185.33328034388364,88.56646909660014,50.68572440326584,2470.1459845209333,52.89605286551519,4049.7273017415873,100.0,100.0,True,,synthetic_normal_checkpoint,sim_user,normal_checkpoint,gpu:1,normal_checkpoint
114.4,2026-01-01 00:01:54.400000+00:00,,syn-normal-checkpoint-103,syn-normal-checkpoint-103,,,,,0,10.0,185.7876855472962,88.10215983243467,46.90204955005349,2452.715102724476,52.97546318943942,3754.70896819354,100.0,100.0,True,,synthetic_normal_checkpoint,sim_user,normal_checkpoint,gpu:1,normal_checkpoint
114.5,2026-01-01 00:01:54.500000+00:00,,syn-normal-checkpoint-103,syn-normal-checkpoint-103,,,,,0,10.0,184.80808840181209,87.24385243259205,47.59016513656114,2390.9845165080797,52.91559967447406,3657.9320171892246,100.0,100.0,True,,synthetic_normal_checkpoint,sim_user,normal_checkpoint,gpu:1,normal_checkpoint
114.6,2026-01-01 00:01:54.600000+00:00,,syn-normal-checkpoint-103,syn-normal-checkpoint-103,,,,,0,10.0,185.4814151531865,87.65845688326495,42.6395351011834,2447.956654103315,52.877172188461394,3693.175359206495,100.0,100.0,True,,synthetic_normal_checkpoint,sim_user,normal_checkpoint,gpu:1,normal_checkpoint
114.7,2026-01-01 00:01:54.700000+00:00,,syn-normal-checkpoint-103,syn-normal-checkpoint-103,,,,,0,10.0,187.06255060007746,89.03035348406453,50.33083862794639,2396.7327409488303,53.49107532738985,3966.4596901204873,100.0,100.0,True,,synthetic_normal_checkpoint,sim_user,normal_checkpoint,gpu:1,normal_checkpoint
114.8,2026-01-01 00:01:54.800000+00:00,,syn-normal-checkpoint-103,syn-normal-checkpoint-103,,,,,0,10.0,187.1126769721236,87.90117006748065,45.66939590692621,2411.0676124187084,53.30816465641513,3640.9394088841445,100.0,100.0,True,,synthetic_normal_checkpoint,sim_user,normal_checkpoint,gpu:1,normal_checkpoint
114.9,2026-01-01 00:01:54.900000+00:00,,syn-normal-checkpoint-103,syn-normal-checkpoint-103,,,,,0,10.0,187.3449812385594,86.18093661089057,47.13757518551291,2372.2335601128575,52.95788885585615,3823.4248691082926,100.0,100.0,True,,synthetic_normal_checkpoint,sim_user,normal_checkpoint,gpu:1,normal_checkpoint
115.0,2026-01-01 00:01:55+00:00,,syn-normal-checkpoint-103,syn-normal-checkpoint-103,,,,,0,10.0,188.77088020318965,85.83497006716378,50.114223005415866,2406.8515880895334,52.93814629858035,3980.856883919496,100.0,100.0,True,,synthetic_normal_checkpoint,sim_user,normal_checkpoint,gpu:1,normal_checkpoint
115.1,2026-01-01 00:01:55.100000+00:00,,syn-normal-checkpoint-103,syn-normal-checkpoint-103,,,,,0,10.0,192.03630317263807,88.9457010014083,47.85358128962482,2430.469620538663,53.739971372071665,3788.942409015558,100.0,100.0,True,,synthetic_normal_checkpoint,sim_user,normal_checkpoint,gpu:1,normal_checkpoint
115.2,2026-01-01 00:01:55.200000+00:00,,syn-normal-checkpoint-103,syn-normal-checkpoint-103,,,,,0,10.0,192.857442357616,94.10905154415765,52.45669069572141,2520.0,54.85457693372874,4058.1075204497483,100.0,100.0,True,,synthetic_normal_checkpoint,sim_user,normal_checkpoint,gpu:1,normal_checkpoint
115.3,2026-01-01 00:01:55.300000+00:00,,syn-normal-checkpoint-103,syn-normal-checkpoint-103,,,,,0,10.0,192.59254325351506,90.61186472187622,50.02027938849278,2461.245374211389,53.5175299222847,3981.7824162902825,100.0,100.0,True,,synthetic_normal_checkpoint,sim_user,normal_checkpoint,gpu:1,normal_checkpoint
115.4,2026-01-01 00:01:55.400000+00:00,,syn-normal-checkpoint-103,syn-normal-checkpoint-103,,,,,0,10.0,195.82872152263903,95.37603557002606,52.80583649014897,2520.0,54.63484851911673,4048.042360286729,100.0,100.0,True,,synthetic_normal_checkpoint,sim_user,normal_checkpoint,gpu:1,normal_checkpoint
115.5,2026-01-01 00:01:55.500000+00:00,,syn-normal-checkpoint-103,syn-normal-checkpoint-103,,,,,0,10.0,196.05911712230343,97.14656555967233,51.636639459640456,2520.0,55.19641109309495,4119.35752990816,100.0,100.0,True,,synthetic_normal_checkpoint,sim_user,normal_checkpoint,gpu:1,normal_checkpoint
115.6,2026-01-01 00:01:55.600000+00:00,,syn-normal-checkpoint-103,syn-normal-checkpoint-103,,,,,0,10.0,195.2276345096073,94.24768863467794,56.70713368965469,2520.0,54.22114050288245,4557.67481485151,100.0,100.0,True,,synthetic_normal_checkpoint,sim_user,normal_checkpoint,gpu:1,normal_checkpoint
115.7,2026-01-01 00:01:55.700000+00:00,,syn-normal-checkpoint-103,syn-normal-checkpoint-103,,,,,0,10.0,195.54112414422937,93.61179933246332,49.87125673577399,2520.0,54.05934707685391,4022.0664306063404,100.0,100.0,True,,synthetic_normal_checkpoint,sim_user,normal_checkpoint,gpu:1,normal_checkpoint
115.8,2026-01-01 00:01:55.800000+00:00,,syn-normal-checkpoint-103,syn-normal-checkpoint-103,,,,,0,10.0,195.6524474797165,93.96406867972648,49.95898905318265,2520.0,54.03372226052454,3766.3027985900303,100.0,100.0,True,,synthetic_normal_checkpoint,sim_user,normal_checkpoint,gpu:1,normal_checkpoint
115.9,2026-01-01 00:01:55.900000+00:00,,syn-normal-checkpoint-103,syn-normal-checkpoint-103,,,,,0,10.0,194.35130156280934,95.2168498673824,50.117444306237104,2520.0,54.285087236513654,3802.626153705714,100.0,100.0,True,,synthetic_normal_checkpoint,sim_user,normal_checkpoint,gpu:1,normal_checkpoint
116.0,2026-01-01 00:01:56+00:00,,syn-normal-checkpoint-103,syn-normal-checkpoint-103,,,,,0,10.0,194.24909455238569,91.8132313982753,50.394406741688364,2520.0,53.303543721397844,3848.1831324015275,100.0,100.0,True,,synthetic_normal_checkpoint,sim_user,normal_checkpoint,gpu:1,normal_checkpoint
116.1,2026-01-01 00:01:56.100000+00:00,,syn-normal-checkpoint-103,syn-normal-checkpoint-103,,,,,0,10.0,196.07072035167224,95.6499493819652,57.88377935420985,2520.0,54.76368210593195,4185.1254316470095,100.0,100.0,True,,synthetic_normal_checkpoint,sim_user,normal_checkpoint,gpu:1,normal_checkpoint
116.2,2026-01-01 00:01:56.200000+00:00,,syn-normal-checkpoint-103,syn-normal-checkpoint-103,,,,,0,10.0,193.82144717493264,97.2086522302359,55.89786732136388,2520.0,55.08265444275991,4234.3616722149945,100.0,100.0,True,,synthetic_normal_checkpoint,sim_user,normal_checkpoint,gpu:1,normal_checkpoint
116.3,2026-01-01 00:01:56.300000+00:00,,syn-normal-checkpoint-103,syn-normal-checkpoint-103,,,,,0,10.0,191.68694772707798,93.19000031171097,55.23894198176056,2520.0,53.98995300439617,4114.096290224726,100.0,100.0,True,,synthetic_normal_checkpoint,sim_user,normal_checkpoint,gpu:1,normal_checkpoint
116.4,2026-01-01 00:01:56.400000+00:00,,syn-normal-checkpoint-103,syn-normal-checkpoint-103,,,,,0,10.0,192.31985830496882,93.3019010718689,47.50165176774162,2520.0,54.0184328249768,3653.7765179370745,100.0,100.0,True,,synthetic_normal_checkpoint,sim_user,normal_checkpoint,gpu:1,normal_checkpoint
116.5,2026-01-01 00:01:56.500000+00:00,,syn-normal-checkpoint-103,syn-normal-checkpoint-103,,,,,0,10.0,192.67421245997602,93.20859762364788,40.464301759510654,2520.0,53.986389770278294,3338.8883898914805,100.0,100.0,True,,synthetic_normal_checkpoint,sim_user,normal_checkpoint,gpu:1,normal_checkpoint
116.6,2026-01-01 00:01:56.600000+00:00,,syn-normal-checkpoint-103,syn-normal-checkpoint-103,,,,,0,10.0,193.06710584949468,92.25866904641846,52.94526950011361,2471.3692415722217,53.48669191263956,4065.2199294917286,100.0,100.0,True,,synthetic_normal_checkpoint,sim_user,normal_checkpoint,gpu:1,normal_checkpoint
116.7,2026-01-01 00:01:56.700000+00:00,,syn-normal-checkpoint-103,syn-normal-checkpoint-103,,,,,0,10.0,192.48727785243284,89.63449852939483,47.61191404677239,2450.71377656758,52.96060946407378,3833.1707214317285,100.0,100.0,True,,synthetic_normal_checkpoint,sim_user,normal_checkpoint,gpu:1,normal_checkpoint
116.8,2026-01-01 00:01:56.800000+00:00,,syn-normal-checkpoint-103,syn-normal-checkpoint-103,,,,,0,10.0,192.99798422838063,94.18308761057489,54.87727113686375,2520.0,54.14966308257264,4272.422166549957,100.0,100.0,True,,synthetic_normal_checkpoint,sim_user,normal_checkpoint,gpu:1,normal_checkpoint
116.9,2026-01-01 00:01:56.900000+00:00,,syn-normal-checkpoint-103,syn-normal-checkpoint-103,,,,,0,10.0,192.2145538853702,93.81460708593941,58.03781066573653,2520.0,54.24584027721374,4582.022424925299,100.0,100.0,True,,synthetic_normal_checkpoint,sim_user,normal_checkpoint,gpu:1,normal_checkpoint
117.0,2026-01-01 00:01:57+00:00,,syn-normal-checkpoint-103,syn-normal-checkpoint-103,,,,,0,10.0,192.60442958940806,89.42466692839767,52.34550036454284,2426.8015650747693,52.814865276330266,4133.629473643332,100.0,100.0,True,,synthetic_normal_checkpoint,sim_user,normal_checkpoint,gpu:1,normal_checkpoint
117.1,2026-01-01 00:01:57.100000+00:00,,syn-normal-checkpoint-103,syn-normal-checkpoint-103,,,,,0,10.0,193.67396915546644,93.2739472331791,48.4380259083551,2520.0,54.15991919944265,3881.8242352289717,100.0,100.0,True,,synthetic_normal_checkpoint,sim_user,normal_checkpoint,gpu:1,normal_checkpoint
117.2,2026-01-01 00:01:57.200000+00:00,,syn-normal-checkpoint-103,syn-normal-checkpoint-103,,,,,0,10.0,195.5606569534591,96.76166068993514,53.990793317708786,2520.0,55.10646605330336,4122.785951513771,100.0,100.0,True,,synthetic_normal_checkpoint,sim_user,normal_checkpoint,gpu:1,normal_checkpoint
117.3,2026-01-01 00:01:57.300000+00:00,,syn-normal-checkpoint-103,syn-normal-checkpoint-103,,,,,0,10.0,192.99605292420154,94.36434197988339,49.61954364761283,2520.0,54.29905435298474,3842.0976343523275,100.0,100.0,True,,synthetic_normal_checkpoint,sim_user,normal_checkpoint,gpu:1,normal_checkpoint
117.4,2026-01-01 00:01:57.400000+00:00,,syn-normal-checkpoint-103,syn-normal-checkpoint-103,,,,,0,10.0,191.45783896223864,93.15200733982547,57.32001276730477,2520.0,54.13850865885345,4438.370065271114,100.0,100.0,True,,synthetic_normal_checkpoint,sim_user,normal_checkpoint,gpu:1,normal_checkpoint
117.5,2026-01-01 00:01:57.500000+00:00,,syn-normal-checkpoint-103,syn-normal-checkpoint-103,,,,,0,10.0,191.97137868471023,90.52693781526041,52.94014851829811,2492.4992965020915,53.59185524804139,4172.914190795574,100.0,100.0,True,,synthetic_normal_checkpoint,sim_user,normal_checkpoint,gpu:1,normal_checkpoint
117.6,2026-01-01 00:01:57.600000+00:00,,syn-normal-checkpoint-103,syn-normal-checkpoint-103,,,,,0,10.0,191.24590635697433,89.77427460840816,48.43130260262216,2435.9950602728504,53.25635956604943,3766.3496794662365,100.0,100.0,True,,synthetic_normal_checkpoint,sim_user,normal_checkpoint,gpu:1,normal_checkpoint
117.7,2026-01-01 00:01:57.700000+00:00,,syn-normal-checkpoint-103,syn-normal-checkpoint-103,,,,,0,10.0,193.0130125166393,92.78234971824263,50.53858865895734,2510.8824026869925,54.110187037859156,4052.5228389738945,100.0,100.0,True,,synthetic_normal_checkpoint,sim_user,normal_checkpoint,gpu:1,normal_checkpoint
117.8,2026-01-01 00:01:57.800000+00:00,,syn-normal-checkpoint-103,syn-normal-checkpoint-103,,,,,0,10.0,193.5878939232598,95.37874586347822,51.255775192176074,2520.0,54.737974894495224,4161.985724922124,100.0,100.0,True,,synthetic_normal_checkpoint,sim_user,normal_checkpoint,gpu:1,normal_checkpoint
117.9,2026-01-01 00:01:57.900000+00:00,,syn-normal-checkpoint-103,syn-normal-checkpoint-103,,,,,0,10.0,192.9050643550139,91.53861597652914,56.90492825395112,2520.0,53.65686916574911,4451.502388541633,100.0,100.0,True,,synthetic_normal_checkpoint,sim_user,normal_checkpoint,gpu:1,normal_checkpoint
118.0,2026-01-01 00:01:58+00:00,,syn-normal-checkpoint-103,syn-normal-checkpoint-103,,,,,0,10.0,193.50946153706295,96.56668586894324,46.738931668069085,2520.0,55.21024964144002,3767.5748218419444,100.0,100.0,True,,synthetic_normal_checkpoint,sim_user,normal_checkpoint,gpu:1,normal_checkpoint
118.1,2026-01-01 00:01:58.100000+00:00,,syn-normal-checkpoint-103,syn-normal-checkpoint-103,,,,,0,10.0,191.3417574752027,89.49619650783487,49.640051403865314,2439.4267202793208,53.024522546975355,3992.1384979501486,100.0,100.0,True,,synthetic_normal_checkpoint,sim_user,normal_checkpoint,gpu:1,normal_checkpoint
118.2,2026-01-01 00:01:58.200000+00:00,,syn-normal-checkpoint-103,syn-normal-checkpoint-103,,,,,0,10.0,191.14337521988853,90.43220345317138,46.48062481088589,2499.0794865257167,53.170092860615384,3657.1373229955525,100.0,100.0,True,,synthetic_normal_checkpoint,sim_user,normal_checkpoint,gpu:1,normal_checkpoint
118.3,2026-01-01 00:01:58.300000+00:00,,syn-normal-checkpoint-103,syn-normal-checkpoint-103,,,,,0,10.0,191.4402649858221,94.06534359918331,54.56391708545845,2520.0,54.120868482566614,4341.516767170942,100.0,100.0,True,,synthetic_normal_checkpoint,sim_user,normal_checkpoint,gpu:1,normal_checkpoint
118.4,2026-01-01 00:01:58.400000+00:00,,syn-normal-checkpoint-103,syn-normal-checkpoint-103,,,,,0,10.0,189.5117985936662,87.67664152822506,52.66818523686453,2438.7604888655123,51.97435324748566,4038.2022417434637,100.0,100.0,True,,synthetic_normal_checkpoint,sim_user,normal_checkpoint,gpu:1,normal_checkpoint
118.5,2026-01-01 00:01:58.500000+00:00,,syn-normal-checkpoint-103,syn-normal-checkpoint-103,,,,,0,10.0,189.40016709208902,91.79606916045498,47.70273088238375,2520.0,53.15274816425867,3731.909561662171,100.0,100.0,True,,synthetic_normal_checkpoint,sim_user,normal_checkpoint,gpu:1,normal_checkpoint
118.6,2026-01-01 00:01:58.600000+00:00,,syn-normal-checkpoint-103,syn-normal-checkpoint-103,,,,,0,10.0,187.1949155998833,90.163773991937,44.66055463462913,2428.239486541216,52.71831497607715,3436.2689193081596,100.0,100.0,True,,synthetic_normal_checkpoint,sim_user,normal_checkpoint,gpu:1,normal_checkpoint
118.7,2026-01-01 00:01:58.700000+00:00,,syn-normal-checkpoint-103,syn-normal-checkpoint-103,,,,,0,10.0,187.3095742884572,90.20730236235349,46.49057294635126,2515.6278971257507,52.71651160618232,3688.8347988447917,100.0,100.0,True,,synthetic_normal_checkpoint,sim_user,normal_checkpoint,gpu:1,normal_checkpoint
118.8,2026-01-01 00:01:58.800000+00:00,,syn-normal-checkpoint-103,syn-normal-checkpoint-103,,,,,0,10.0,186.11667583708797,88.36389266350383,51.506020471806615,2434.4277206679985,52.1902905886995,3989.795212160033,100.0,100.0,True,,synthetic_normal_checkpoint,sim_user,normal_checkpoint,gpu:1,normal_checkpoint
118.9,2026-01-01 00:01:58.900000+00:00,,syn-normal-checkpoint-103,syn-normal-checkpoint-103,,,,,0,10.0,185.14950317479935,87.41534320543187,41.404303174198944,2374.1513282576648,51.79898207027783,3197.02136961554,100.0,100.0,True,,synthetic_normal_checkpoint,sim_user,normal_checkpoint,gpu:1,normal_checkpoint
119.0,2026-01-01 00:01:59+00:00,,syn-normal-checkpoint-103,syn-normal-checkpoint-103,,,,,0,10.0,185.1319773301823,85.23979622671787,47.505189956853975,2328.176490623017,51.31080147248812,3731.2780517122687,100.0,100.0,True,,synthetic_normal_checkpoint,sim_user,normal_checkpoint,gpu:1,normal_checkpoint
119.1,2026-01-01 00:01:59.100000+00:00,,syn-normal-checkpoint-103,syn-normal-checkpoint-103,,,,,0,10.0,184.4587587905173,86.76912848184348,51.85152063903799,2422.6403949438118,52.023064772391066,4009.3010941675284,100.0,100.0,True,,synthetic_normal_checkpoint,sim_user,normal_checkpoint,gpu:1,normal_checkpoint
119.2,2026-01-01 00:01:59.200000+00:00,,syn-normal-checkpoint-103,syn-normal-checkpoint-103,,,,,0,10.0,185.32607325259448,86.75481477975092,46.32769553167178,2307.3451436817854,51.819163567721915,3589.036280750318,100.0,100.0,True,,synthetic_normal_checkpoint,sim_user,normal_checkpoint,gpu:1,normal_checkpoint
119.3,2026-01-01 00:01:59.300000+00:00,,syn-normal-checkpoint-103,syn-normal-checkpoint-103,,,,,0,10.0,186.84659253277368,85.80213984828706,47.23765215268184,2375.3241861017123,51.70875608848087,3996.0607765987056,100.0,100.0,True,,synthetic_normal_checkpoint,sim_user,normal_checkpoint,gpu:1,normal_checkpoint
119.4,2026-01-01 00:01:59.400000+00:00,,syn-normal-checkpoint-103,syn-normal-checkpoint-103,,,,,0,10.0,190.6036784948917,88.58233835386365,45.57379478020874,2405.9179258271474,52.399309496192494,3754.8791641770576,100.0,100.0,True,,synthetic_normal_checkpoint,sim_user,normal_checkpoint,gpu:1,normal_checkpoint
119.5,2026-01-01 00:01:59.500000+00:00,,syn-normal-checkpoint-103,syn-normal-checkpoint-103,,,,,0,10.0,191.74279617938308,93.22591392728023,49.91479120949829,2520.0,53.620388764699385,3886.286223346757,100.0,100.0,True,,synthetic_normal_checkpoint,sim_user,normal_checkpoint,gpu:1,normal_checkpoint
119.6,2026-01-01 00:01:59.600000+00:00,,syn-normal-checkpoint-103,syn-normal-checkpoint-103,,,,,0,10.0,191.95396377686288,90.97644036228834,45.848028096420364,2406.3299989071247,53.071455785786334,3533.1454545715087,100.0,100.0,True,,synthetic_normal_checkpoint,sim_user,normal_checkpoint,gpu:1,normal_checkpoint
119.7,2026-01-01 00:01:59.700000+00:00,,syn-normal-checkpoint-103,syn-normal-checkpoint-103,,,,,0,10.0,191.86201484279766,90.2306571962321,48.909920760304715,2470.001236795263,52.70716452235736,3950.339863211494,100.0,100.0,True,,synthetic_normal_checkpoint,sim_user,normal_checkpoint,gpu:1,normal_checkpoint
119.8,2026-01-01 00:01:59.800000+00:00,,syn-normal-checkpoint-103,syn-normal-checkpoint-103,,,,,0,10.0,191.9430545495416,91.64967684265176,46.41720694252038,2502.260774003034,53.0615170160804,3563.486761730121,100.0,100.0,True,,synthetic_normal_checkpoint,sim_user,normal_checkpoint,gpu:1,normal_checkpoint
119.9,2026-01-01 00:01:59.900000+00:00,,syn-normal-checkpoint-103,syn-normal-checkpoint-103,,,,,0,10.0,191.40718218277493,87.96839726591443,46.87380561942278,2507.60131984144,52.12481012979507,3816.933831138843,100.0,100.0,True,,synthetic_normal_checkpoint,sim_user,normal_checkpoint,gpu:1,normal_checkpoint
