timestamp,collection_timestamp,raw_timestamp,session_id,attack_id,waveform_kind,waveform_frequency_hz,waveform_amplitude_frac,waveform_duty_cycle,gpu_id,sample_hz,power_w,util_gpu_pct,mem_copy_util_pct,sm_clock_mhz,temp_c,fb_used_mb,requested_interval_ms,actual_interval_ms,value_changed,pid,process_name,id_user,job_type,gres_req,label
0.0,2026-01-01 00:00:00+00:00,,syn-normal-baseline-100,normal-control,normal,0.05,0.0,0.5,0,10.0,121.8121010742457,46.15185643259315,19.728001000409282,1370.6127767210787,40.61039052995997,1761.7860617741226,100.0,100.0,True,,synthetic_normal_baseline,sim_user,normal_baseline,gpu:1,normal_baseline
0.1,2026-01-01 00:00:00.100000+00:00,,syn-normal-baseline-100,normal-control,normal,0.05,0.0,0.5,0,10.0,123.32003233124065,62.01467614164547,27.472552166895074,1774.5808681247906,44.92128223499301,2350.106858337495,100.0,100.0,True,,synthetic_normal_baseline,sim_user,normal_baseline,gpu:1,normal_baseline
0.2,2026-01-01 00:00:00.200000+00:00,,syn-normal-baseline-100,normal-control,normal,0.05,0.0,0.5,0,10.0,124.62217672684528,74.19531447763995,44.62032344964857,2138.270450780435,48.57071228061551,3563.7556471190037,100.0,100.0,True,,synthetic_normal_baseline,sim_user,normal_baseline,gpu:1,normal_baseline
0.3,2026-01-01 00:00:00.300000+00:00,,syn-normal-baseline-100,normal-control,normal,0.05,0.0,0.5,0,10.0,123.69394526554649,65.7387630614373,41.31336454002221,1818.4303732251867,46.315586986694655,3227.6584024676035,100.0,100.0,True,,synthetic_normal_baseline,sim_user,normal_baseline,gpu:1,normal_baseline
0.4,2026-01-01 00:00:00.400000+00:00,,syn-normal-baseline-100,normal-control,normal,0.05,0.0,0.5,0,10.0,123.36277029113461,59.8799457095871,27.98238685366883,1762.1164789700872,44.457649320597,2480.010169807917,100.0,100.0,True,,synthetic_normal_baseline,sim_user,normal_baseline,gpu:1,normal_baseline
0.5,2026-01-01 00:00:00.500000+00:00,,syn-normal-baseline-100,normal-control,normal,0.05,0.0,0.5,0,10.0,125.17318184026072,79.51426764576573,44.704127953367255,2166.196417261472,49.84009212741249,3650.848767057387,100.0,100.0,True,,synthetic_normal_baseline,sim_user,normal_baseline,gpu:1,normal_baseline
0.6,2026-01-01 00:00:00.600000+00:00,,syn-normal-baseline-100,normal-control,normal,0.05,0.0,0.5,0,10.0,123.56718948566001,64.96362738521731,41.43217590343742,1844.1975391340898,45.70380140241921,3434.6672268419243,100.0,100.0,True,,synthetic_normal_baseline,sim_user,normal_baseline,gpu:1,normal_baseline
0.7,2026-01-01 00:00:00.700000+00:00,,syn-normal-baseline-100,normal-control,normal,0.05,0.0,0.5,0,10.0,123.31660202484447,62.81561081218042,35.69490550837537,1818.1256476529963,44.62743128132889,2911.272348777243,100.0,100.0,True,,synthetic_normal_baseline,sim_user,normal_baseline,gpu:1,normal_baseline
0.8,2026-01-01 00:00:00.800000+00:00,,syn-normal-baseline-100,normal-control,normal,0.05,0.0,0.5,0,10.0,122.3872079107868,54.902999726410464,36.446771371112504,1537.8307170953933,42.490039835397404,2942.962185196849,100.0,100.0,True,,synthetic_normal_baseline,sim_user,normal_baseline,gpu:1,normal_baseline
0.9,2026-01-01 00:00:00.900000+00:00,,syn-normal-baseline-100,normal-control,normal,0.05,0.0,0.5,0,10.0,121.87728496901764,51.236231698616635,28.521776600025575,1510.038681452288,41.48881134234305,2439.6810084845965,100.0,100.0,True,,synthetic_normal_baseline,sim_user,normal_baseline,gpu:1,normal_baseline
1.0,2026-01-01 00:00:01+00:00,,syn-normal-baseline-100,normal-control,normal,0.05,0.0,0.5,0,10.0,121.45755564076781,49.90380979039285,28.371090127062413,1400.134071059328,41.34065326316686,2368.1759231264805,100.0,100.0,True,,synthetic_normal_baseline,sim_user,normal_baseline,gpu:1,normal_baseline
1.1,2026-01-01 00:00:01.100000+00:00,,syn-normal-baseline-100,normal-control,normal,0.05,0.0,0.5,0,10.0,118.6748397661733,20.263522231964625,9.638719197697382,738.2062731269402,33.09526144660226,1131.0195810951293,100.0,100.0,True,,synthetic_normal_baseline,sim_user,normal_baseline,gpu:1,normal_baseline
1.2,2026-01-01 00:00:01.200000+00:00,,syn-normal-baseline-100,normal-control,normal,0.05,0.0,0.5,0,10.0,118.42084966261093,19.396615952955845,2.0629396180445774,700.2804726977373,32.907788419123435,626.458016897689,100.0,100.0,True,,synthetic_normal_baseline,sim_user,normal_baseline,gpu:1,normal_baseline
1.3,2026-01-01 00:00:01.300000+00:00,,syn-normal-baseline-100,normal-control,normal,0.05,0.0,0.5,0,10.0,117.45239481882123,14.481951295070445,5.7991836939776995,636.0570423387945,31.704574709223326,835.5864475794701,100.0,100.0,True,,synthetic_normal_baseline,sim_user,normal_baseline,gpu:1,normal_baseline
1.4,2026-01-01 00:00:01.400000+00:00,,syn-normal-baseline-100,normal-control,normal,0.05,0.0,0.5,0,10.0,116.12884135819858,0.0,0.0,220.9639248652772,27.775513998451682,295.75839570264316,100.0,100.0,True,,synthetic_normal_baseline,sim_user,normal_baseline,gpu:1,normal_baseline
1.5,2026-01-01 00:00:01.500000+00:00,,syn-normal-baseline-100,normal-control,normal,0.05,0.0,0.5,0,10.0,116.5615965457585,3.9637657196177845,6.379976622239399,327.53702330643654,28.908617146346455,820.567952014408,100.0,100.0,True,,synthetic_normal_baseline,sim_user,normal_baseline,gpu:1,normal_baseline
1.6,2026-01-01 00:00:01.600000+00:00,,syn-normal-baseline-100,normal-control,normal,0.05,0.0,0.5,0,10.0,117.35461741973943,8.754360866104015,0.0,420.73403521652847,30.4008631616687,551.7905944335215,100.0,100.0,True,,synthetic_normal_baseline,sim_user,normal_baseline,gpu:1,normal_baseline
1.7,2026-01-01 00:00:01.700000+00:00,,syn-normal-baseline-100,normal-control,normal,0.05,0.0,0.5,0,10.0,117.41191486603059,10.585710716199525,5.253629974335184,514.8010738574118,31.081317677512402,742.2386563421993,100.0,100.0,True,,synthetic_normal_baseline,sim_user,normal_baseline,gpu:1,normal_baseline
1.8,2026-01-01 00:00:01.800000+00:00,,syn-normal-baseline-100,normal-control,normal,0.05,0.0,0.5,0,10.0,118.56758573106272,21.513630267454865,12.00163248527626,727.1541018447383,34.079503291813914,1353.1475512860618,100.0,100.0,True,,synthetic_normal_baseline,sim_user,normal_baseline,gpu:1,normal_baseline
1.9,2026-01-01 00:00:01.900000+00:00,,syn-normal-baseline-100,normal-control,normal,0.05,0.0,0.5,0,10.0,117.98025077320109,11.650840305535622,8.730176893009746,467.695826804607,31.335897460412326,1063.958455946472,100.0,100.0,True,,synthetic_normal_baseline,sim_user,normal_baseline,gpu:1,normal_baseline
2.0,2026-01-01 00:00:02+00:00,,syn-normal-baseline-100,normal-control,normal,0.05,0.0,0.5,0,10.0,119.44859139783757,26.155815953590203,14.665801557842652,862.5683088578318,35.494474429581174,1484.6652892768325,100.0,100.0,True,,synthetic_normal_baseline,sim_user,normal_baseline,gpu:1,normal_baseline
2.1,2026-01-01 00:00:02.100000+00:00,,syn-normal-baseline-100,normal-control,normal,0.05,0.0,0.5,0,10.0,120.13680371660658,31.24845628594931,25.527574981772055,1012.1439768760503,36.766786168629785,2219.1802163175876,100.0,100.0,True,,synthetic_normal_baseline,sim_user,normal_baseline,gpu:1,normal_baseline
2.2,2026-01-01 00:00:02.200000+00:00,,syn-normal-baseline-100,normal-control,normal,0.05,0.0,0.5,0,10.0,121.08146331717047,41.72127999900596,25.018354827237832,1272.9506345206144,39.69442676315874,2411.008910586523,100.0,100.0,True,,synthetic_normal_baseline,sim_user,normal_baseline,gpu:1,normal_baseline
2.3,2026-01-01 00:00:02.300000+00:00,,syn-normal-baseline-100,normal-control,normal,0.05,0.0,0.5,0,10.0,120.48407498394236,35.66823718030541,20.571082932751448,1099.1246808107596,38.21714413328817,1863.4421955270254,100.0,100.0,True,,synthetic_normal_baseline,sim_user,normal_baseline,gpu:1,normal_baseline
2.4,2026-01-01 00:00:02.400000+00:00,,syn-normal-baseline-100,normal-control,normal,0.05,0.0,0.5,0,10.0,121.16644835750103,45.94455392254621,26.121628663131972,1344.489454691248,41.10971925909826,2137.65498970917,100.0,100.0,True,,synthetic_normal_baseline,sim_user,normal_baseline,gpu:1,normal_baseline
2.5,2026-01-01 00:00:02.500000+00:00,,syn-normal-baseline-100,normal-control,normal,0.05,0.0,0.5,0,10.0,120.4123055366385,35.22237101030954,23.342859770375213,1038.193554460159,38.27516542097276,2290.368250115126,100.0,100.0,True,,synthetic_normal_baseline,sim_user,normal_baseline,gpu:1,normal_baseline
2.6,2026-01-01 00:00:02.600000+00:00,,syn-normal-baseline-100,normal-control,normal,0.05,0.0,0.5,0,10.0,120.97297691033053,44.677856892275464,18.401615909127884,1277.3704815498445,40.72933248883183,1553.5761115708838,100.0,100.0,True,,synthetic_normal_baseline,sim_user,normal_baseline,gpu:1,normal_baseline
2.7,2026-01-01 00:00:02.700000+00:00,,syn-normal-baseline-100,normal-control,normal,0.05,0.0,0.5,0,10.0,120.24479503486639,34.17562540658148,15.779127445429932,1060.645393984522,37.71102805140782,1486.5545544174402,100.0,100.0,True,,synthetic_normal_baseline,sim_user,normal_baseline,gpu:1,normal_baseline
2.8,2026-01-01 00:00:02.800000+00:00,,syn-normal-baseline-100,normal-control,normal,0.05,0.0,0.5,0,10.0,119.96946413104976,33.163097056943606,18.400171138789993,1061.736301727297,37.631550094811075,1766.9151736175334,100.0,100.0,True,,synthetic_normal_baseline,sim_user,normal_baseline,gpu:1,normal_baseline
2.9,2026-01-01 00:00:02.900000+00:00,,syn-normal-baseline-100,normal-control,normal,0.05,0.0,0.5,0,10.0,119.59013831349772,29.43775638457445,13.106285605940304,998.8379005187078,36.5051358787845,1410.7674359935525,100.0,100.0,True,,synthetic_normal_baseline,sim_user,normal_baseline,gpu:1,normal_baseline
3.0,2026-01-01 00:00:03+00:00,,syn-normal-baseline-100,normal-control,normal,0.05,0.0,0.5,0,10.0,119.1225363769696,25.359735966763026,14.475779139440057,881.6598765849077,35.30826417672948,1408.2919747951737,100.0,100.0,True,,synthetic_normal_baseline,sim_user,normal_baseline,gpu:1,normal_baseline
3.1,2026-01-01 00:00:03.100000+00:00,,syn-normal-baseline-100,normal-control,normal,0.05,0.0,0.5,0,10.0,117.97874394793307,13.24572842387996,0.0,567.6162094158998,31.869897396251304,566.9089586343289,100.0,100.0,True,,synthetic_normal_baseline,sim_user,normal_baseline,gpu:1,normal_baseline
3.2,2026-01-01 00:00:03.200000+00:00,,syn-normal-baseline-100,normal-control,normal,0.05,0.0,0.5,0,10.0,118.97522016741536,24.739205878849134,21.27930941967946,817.9281900138857,35.07059028570511,1947.1495221492087,100.0,100.0,True,,synthetic_normal_baseline,sim_user,normal_baseline,gpu:1,normal_baseline
3.3,2026-01-01 00:00:03.300000+00:00,,syn-normal-baseline-100,normal-control,normal,0.05,0.0,0.5,0,10.0,118.32841898827003,19.275072884572083,11.835498942899319,646.624605110116,33.765145714859585,1100.878431914167,100.0,100.0,True,,synthetic_normal_baseline,sim_user,normal_baseline,gpu:1,normal_baseline
3.4,2026-01-01 00:00:03.400000+00:00,,syn-normal-baseline-100,normal-control,normal,0.05,0.0,0.5,0,10.0,118.02067761794724,16.336385030640812,9.392610290596684,611.0883629936154,32.66965166561546,1105.8338162177645,100.0,100.0,True,,synthetic_normal_baseline,sim_user,normal_baseline,gpu:1,normal_baseline
3.5,2026-01-01 00:00:03.500000+00:00,,syn-normal-baseline-100,normal-control,normal,0.05,0.0,0.5,0,10.0,119.36196583394245,28.63861600894553,11.700834904486008,905.3097361511241,36.43241109007989,1085.643487680724,100.0,100.0,True,,synthetic_normal_baseline,sim_user,normal_baseline,gpu:1,normal_baseline
3.6,2026-01-01 00:00:03.600000+00:00,,syn-normal-baseline-100,normal-control,normal,0.05,0.0,0.5,0,10.0,119.10123173700198,23.51498833349773,16.20154681284469,780.2586914630248,35.209210038561494,1696.6396537311307,100.0,100.0,True,,synthetic_normal_baseline,sim_user,normal_baseline,gpu:1,normal_baseline
3.7,2026-01-01 00:00:03.700000+00:00,,syn-normal-baseline-100,normal-control,normal,0.05,0.0,0.5,0,10.0,119.71900603477799,29.871179976350263,20.194252169053307,980.1597525275162,37.04509275093864,1805.3749475039785,100.0,100.0,True,,synthetic_normal_baseline,sim_user,normal_baseline,gpu:1,normal_baseline
3.8,2026-01-01 00:00:03.800000+00:00,,syn-normal-baseline-100,normal-control,normal,0.05,0.0,0.5,0,10.0,120.6333560266205,37.006622907846086,18.38967011976079,1119.091123671265,38.92547927507308,1685.6663602716822,100.0,100.0,True,,synthetic_normal_baseline,sim_user,normal_baseline,gpu:1,normal_baseline
3.9,2026-01-01 00:00:03.900000+00:00,,syn-normal-baseline-100,normal-control,normal,0.05,0.0,0.5,0,10.0,121.90530043862478,45.86012960988789,24.98855659803148,1343.7359416922568,41.5168103022176,2274.533507570013,100.0,100.0,True,,synthetic_normal_baseline,sim_user,normal_baseline,gpu:1,normal_baseline
4.0,2026-01-01 00:00:04+00:00,,syn-normal-baseline-100,normal-control,normal,0.05,0.0,0.5,0,10.0,124.25000912022563,70.16803756404282,32.87994675124835,1969.2834225740369,48.27431985810505,2804.1808502709855,100.0,100.0,True,,synthetic_normal_baseline,sim_user,normal_baseline,gpu:1,normal_baseline
4.1,2026-01-01 00:00:04.100000+00:00,,syn-normal-baseline-100,normal-control,normal,0.05,0.0,0.5,0,10.0,123.65732892412407,63.06493764910812,35.65869173304074,1798.2409519900223,45.96162325881581,2987.6893509521897,100.0,100.0,True,,synthetic_normal_baseline,sim_user,normal_baseline,gpu:1,normal_baseline
4.2,2026-01-01 00:00:04.200000+00:00,,syn-normal-baseline-100,normal-control,normal,0.05,0.0,0.5,0,10.0,125.27827808097084,78.12063697083063,43.27146607224743,2171.3369910153797,49.8767427337335,3568.857693308331,100.0,100.0,True,,synthetic_normal_baseline,sim_user,normal_baseline,gpu:1,normal_baseline
4.3,2026-01-01 00:00:04.300000+00:00,,syn-normal-baseline-100,normal-control,normal,0.05,0.0,0.5,0,10.0,125.24251988681827,82.4680931909173,49.61584148621442,2312.816580109169,51.2859458264877,3946.5075825061517,100.0,100.0,True,,synthetic_normal_baseline,sim_user,normal_baseline,gpu:1,normal_baseline
4.4,2026-01-01 00:00:04.400000+00:00,,syn-normal-baseline-100,normal-control,normal,0.05,0.0,0.5,0,10.0,122.97052346616455,58.890009355234184,34.441650440463576,1632.899193807786,44.30745919206329,2765.000965533174,100.0,100.0,True,,synthetic_normal_baseline,sim_user,normal_baseline,gpu:1,normal_baseline
4.5,2026-01-01 00:00:04.500000+00:00,,syn-normal-baseline-100,normal-control,normal,0.05,0.0,0.5,0,10.0,122.19772223596274,51.9981295178883,33.49894264739378,1569.6696128397734,42.194741869103694,2894.2221404143475,100.0,100.0,True,,synthetic_normal_baseline,sim_user,normal_baseline,gpu:1,normal_baseline
4.6,2026-01-01 00:00:04.600000+00:00,,syn-normal-baseline-100,normal-control,normal,0.05,0.0,0.5,0,10.0,122.86467622121617,59.666993555246194,32.29069194745996,1689.6352115237185,43.9648069139781,2661.4002512633338,100.0,100.0,True,,synthetic_normal_baseline,sim_user,normal_baseline,gpu:1,normal_baseline
4.7,2026-01-01 00:00:04.700000+00:00,,syn-normal-baseline-100,normal-control,normal,0.05,0.0,0.5,0,10.0,122.65707340860581,58.22642562893252,32.90328520949621,1630.9583819522163,43.7110459057824,2807.8220765260526,100.0,100.0,True,,synthetic_normal_baseline,sim_user,normal_baseline,gpu:1,normal_baseline
4.8,2026-01-01 00:00:04.800000+00:00,,syn-normal-baseline-100,normal-control,normal,0.05,0.0,0.5,0,10.0,122.68118669875892,59.56687749184406,32.117216976167136,1739.3120904104069,44.02056570732469,2797.432545716164,100.0,100.0,True,,synthetic_normal_baseline,sim_user,normal_baseline,gpu:1,normal_baseline
4.9,2026-01-01 00:00:04.900000+00:00,,syn-normal-baseline-100,normal-control,normal,0.05,0.0,0.5,0,10.0,120.85804192560103,39.21907910196662,21.673440351355364,1117.6216664141423,38.36006521479747,2045.2542650682353,100.0,100.0,True,,synthetic_normal_baseline,sim_user,normal_baseline,gpu:1,normal_baseline
5.0,2026-01-01 00:00:05+00:00,,syn-normal-baseline-100,normal-control,normal,0.05,0.0,0.5,0,10.0,120.97917127216644,44.89562931281278,22.15500155903491,1340.8745215460876,40.09929746122042,2142.3532642283044,100.0,100.0,True,,synthetic_normal_baseline,sim_user,normal_baseline,gpu:1,normal_baseline
5.1,2026-01-01 00:00:05.100000+00:00,,syn-normal-baseline-100,normal-control,normal,0.05,0.0,0.5,0,10.0,118.9834032341803,23.877438705974328,12.754198484176545,733.1220324074968,34.40509121477815,1361.8258593730748,100.0,100.0,True,,synthetic_normal_baseline,sim_user,normal_baseline,gpu:1,normal_baseline
5.2,2026-01-01 00:00:05.200000+00:00,,syn-normal-baseline-100,normal-control,normal,0.05,0.0,0.5,0,10.0,117.75391794026709,11.250127188615961,3.902076791498021,529.8062363559595,30.717247452617105,844.5340804610287,100.0,100.0,True,,synthetic_normal_baseline,sim_user,normal_baseline,gpu:1,normal_baseline
5.3,2026-01-01 00:00:05.300000+00:00,,syn-normal-baseline-100,normal-control,normal,0.05,0.0,0.5,0,10.0,118.51402681848688,18.245734494600825,14.443012351961382,644.0326434717189,32.552841797671164,1423.240162192603,100.0,100.0,True,,synthetic_normal_baseline,sim_user,normal_baseline,gpu:1,normal_baseline
5.4,2026-01-01 00:00:05.400000+00:00,,syn-normal-baseline-100,normal-control,normal,0.05,0.0,0.5,0,10.0,120.18841744567275,36.71897027715467,21.820451546917333,1235.7507810341494,37.93664088878402,1827.3986832438206,100.0,100.0,True,,synthetic_normal_baseline,sim_user,normal_baseline,gpu:1,normal_baseline
5.5,2026-01-01 00:00:05.500000+00:00,,syn-normal-baseline-100,normal-control,normal,0.05,0.0,0.5,0,10.0,120.19124427704301,36.05267039752595,20.55277838875999,1071.2731823953027,37.78299751587209,1773.629859032577,100.0,100.0,True,,synthetic_normal_baseline,sim_user,normal_baseline,gpu:1,normal_baseline
5.6,2026-01-01 00:00:05.600000+00:00,,syn-normal-baseline-100,normal-control,normal,0.05,0.0,0.5,0,10.0,119.1647597197035,28.26486777483192,13.992900969500184,974.1407479709545,35.561719710736305,1550.5919651051247,100.0,100.0,True,,synthetic_normal_baseline,sim_user,normal_baseline,gpu:1,normal_baseline
5.7,2026-01-01 00:00:05.700000+00:00,,syn-normal-baseline-100,normal-control,normal,0.05,0.0,0.5,0,10.0,119.08805700889818,23.196527839568,16.96978008400147,782.6788630773779,34.1551243457423,1603.5580335358773,100.0,100.0,True,,synthetic_normal_baseline,sim_user,normal_baseline,gpu:1,normal_baseline
5.8,2026-01-01 00:00:05.800000+00:00,,syn-normal-baseline-100,normal-control,normal,0.05,0.0,0.5,0,10.0,119.31808782223821,26.33886185274263,14.999996573006776,864.3281365562743,34.827613579295466,1495.3498338042668,100.0,100.0,True,,synthetic_normal_baseline,sim_user,normal_baseline,gpu:1,normal_baseline
5.9,2026-01-01 00:00:05.900000+00:00,,syn-normal-baseline-100,normal-control,normal,0.05,0.0,0.5,0,10.0,119.75268899952052,28.36057765409938,17.78119233202603,897.7316195163654,35.57916912468915,1690.2310268190836,100.0,100.0,True,,synthetic_normal_baseline,sim_user,normal_baseline,gpu:1,normal_baseline
6.0,2026-01-01 00:00:06+00:00,,syn-normal-baseline-100,normal-control,normal,0.05,0.0,0.5,0,10.0,121.102493201618,38.41315654419895,19.29668488310486,1146.674195744966,38.44581957231968,1979.6152868643098,100.0,100.0,True,,synthetic_normal_baseline,sim_user,normal_baseline,gpu:1,normal_baseline
6.1,2026-01-01 00:00:06.100000+00:00,,syn-normal-baseline-100,normal-control,normal,0.05,0.0,0.5,0,10.0,122.14782660914632,51.318068375636756,29.496228658762575,1479.8604036161846,42.09263907681489,2692.5292774577956,100.0,100.0,True,,synthetic_normal_baseline,sim_user,normal_baseline,gpu:1,normal_baseline
6.2,2026-01-01 00:00:06.200000+00:00,,syn-normal-baseline-100,normal-control,normal,0.05,0.0,0.5,0,10.0,121.5701106380635,49.551227224517305,24.592796837925956,1498.9807834616174,41.84269646078857,2171.3737996955756,100.0,100.0,True,,synthetic_normal_baseline,sim_user,normal_baseline,gpu:1,normal_baseline
6.3,2026-01-01 00:00:06.300000+00:00,,syn-normal-baseline-100,normal-control,normal,0.05,0.0,0.5,0,10.0,120.9480559894483,43.2603422477352,21.260396978426186,1317.493883555163,40.13565965012463,1855.700847346389,100.0,100.0,True,,synthetic_normal_baseline,sim_user,normal_baseline,gpu:1,normal_baseline
6.4,2026-01-01 00:00:06.400000+00:00,,syn-normal-baseline-100,normal-control,normal,0.05,0.0,0.5,0,10.0,120.08852918739623,32.08986695454512,15.4559047407329,1035.3204699826247,37.26587694454816,1508.2251750163957,100.0,100.0,True,,synthetic_normal_baseline,sim_user,normal_baseline,gpu:1,normal_baseline
6.5,2026-01-01 00:00:06.500000+00:00,,syn-normal-baseline-100,normal-control,normal,0.05,0.0,0.5,0,10.0,120.23876213008123,37.27118037166442,27.130831888029512,1105.1831488693674,38.74797095710081,2266.724817363449,100.0,100.0,True,,synthetic_normal_baseline,sim_user,normal_baseline,gpu:1,normal_baseline
6.6,2026-01-01 00:00:06.600000+00:00,,syn-normal-baseline-100,normal-control,normal,0.05,0.0,0.5,0,10.0,119.88331300119107,30.725821813307007,17.42406419277188,982.5387069289594,37.02940865007556,1734.7764188570966,100.0,100.0,True,,synthetic_normal_baseline,sim_user,normal_baseline,gpu:1,normal_baseline
6.7,2026-01-01 00:00:06.700000+00:00,,syn-normal-baseline-100,normal-control,normal,0.05,0.0,0.5,0,10.0,120.12451804278892,34.57796528132563,24.800590260533966,1099.4244694174713,38.25467569974958,2288.9304643648743,100.0,100.0,True,,synthetic_normal_baseline,sim_user,normal_baseline,gpu:1,normal_baseline
6.8,2026-01-01 00:00:06.800000+00:00,,syn-normal-baseline-100,normal-control,normal,0.05,0.0,0.5,0,10.0,120.17168737050332,36.013376250843955,16.206728243876093,1070.06007126088,38.381090315600446,1555.6966541996537,100.0,100.0,True,,synthetic_normal_baseline,sim_user,normal_baseline,gpu:1,normal_baseline
6.9,2026-01-01 00:00:06.900000+00:00,,syn-normal-baseline-100,normal-control,normal,0.05,0.0,0.5,0,10.0,118.9766220025326,23.266664454649362,14.1820451022055,819.3553927157584,34.64521777839267,1421.024377300269,100.0,100.0,True,,synthetic_normal_baseline,sim_user,normal_baseline,gpu:1,normal_baseline
7.0,2026-01-01 00:00:07+00:00,,syn-normal-baseline-100,normal-control,normal,0.05,0.0,0.5,0,10.0,119.7310305703854,28.80047452904436,13.666890196897599,974.9263813201957,36.338965862083796,1611.6217712977354,100.0,100.0,True,,synthetic_normal_baseline,sim_user,normal_baseline,gpu:1,normal_baseline
7.1,2026-01-01 00:00:07.100000+00:00,,syn-normal-baseline-100,normal-control,normal,0.05,0.0,0.5,0,10.0,119.68967860853408,31.51334782471878,18.610256490006744,1008.2927325999212,36.85096635843424,1700.7317235169894,100.0,100.0,True,,synthetic_normal_baseline,sim_user,normal_baseline,gpu:1,normal_baseline
7.2,2026-01-01 00:00:07.200000+00:00,,syn-normal-baseline-100,normal-control,normal,0.05,0.0,0.5,0,10.0,118.99950215445908,23.92419886067163,19.567271456722587,811.5353233771721,34.604205247407386,1985.558999515732,100.0,100.0,True,,synthetic_normal_baseline,sim_user,normal_baseline,gpu:1,normal_baseline
7.3,2026-01-01 00:00:07.300000+00:00,,syn-normal-baseline-100,normal-control,normal,0.05,0.0,0.5,0,10.0,117.86987820423408,13.460167327405621,13.331940922440047,565.1319082674659,31.60246015296295,1508.385194265497,100.0,100.0,True,,synthetic_normal_baseline,sim_user,normal_baseline,gpu:1,normal_baseline
7.4,2026-01-01 00:00:07.400000+00:00,,syn-normal-baseline-100,normal-control,normal,0.05,0.0,0.5,0,10.0,119.01042180731687,25.64110620922052,10.835768321642224,824.7858313789233,34.82544479102978,1293.8553597373689,100.0,100.0,True,,synthetic_normal_baseline,sim_user,normal_baseline,gpu:1,normal_baseline
7.5,2026-01-01 00:00:07.500000+00:00,,syn-normal-baseline-100,normal-control,normal,0.05,0.0,0.5,0,10.0,118.64997899815606,20.84276451199946,14.433613276800418,768.4160184837049,33.42850072528654,1425.1249077387731,100.0,100.0,True,,synthetic_normal_baseline,sim_user,normal_baseline,gpu:1,normal_baseline
7.6,2026-01-01 00:00:07.600000+00:00,,syn-normal-baseline-100,normal-control,normal,0.05,0.0,0.5,0,10.0,119.10180623007702,25.924151675146454,17.64100267975871,924.9179916636136,34.87193998296922,1648.519477986022,100.0,100.0,True,,synthetic_normal_baseline,sim_user,normal_baseline,gpu:1,normal_baseline
7.7,2026-01-01 00:00:07.700000+00:00,,syn-normal-baseline-100,normal-control,normal,0.05,0.0,0.5,0,10.0,117.7115345445746,11.270865843944799,5.5697631894131865,487.82637485971867,30.971952372413064,998.86311860524,100.0,100.0,True,,synthetic_normal_baseline,sim_user,normal_baseline,gpu:1,normal_baseline
7.8,2026-01-01 00:00:07.800000+00:00,,syn-normal-baseline-100,normal-control,normal,0.05,0.0,0.5,0,10.0,118.45763575687722,21.06660844557159,9.983851228666357,745.9601735641788,33.79914125459656,1267.9081070678633,100.0,100.0,True,,synthetic_normal_baseline,sim_user,normal_baseline,gpu:1,normal_baseline
7.9,2026-01-01 00:00:07.900000+00:00,,syn-normal-baseline-100,normal-control,normal,0.05,0.0,0.5,0,10.0,117.71203128560539,11.31302479438236,2.736194079193388,478.5336511730561,30.89474043240839,725.668102724322,100.0,100.0,True,,synthetic_normal_baseline,sim_user,normal_baseline,gpu:1,normal_baseline
8.0,2026-01-01 00:00:08+00:00,,syn-normal-baseline-100,normal-control,normal,0.05,0.0,0.5,0,10.0,119.1411618021701,24.725573927763545,14.25412690371592,813.4831434689833,34.73286573118756,1354.7606499385815,100.0,100.0,True,,synthetic_normal_baseline,sim_user,normal_baseline,gpu:1,normal_baseline
8.1,2026-01-01 00:00:08.100000+00:00,,syn-normal-baseline-100,normal-control,normal,0.05,0.0,0.5,0,10.0,118.35126102721804,14.960453315723774,2.7869397932282762,566.0097048543075,31.854450708905425,698.1229360414418,100.0,100.0,True,,synthetic_normal_baseline,sim_user,normal_baseline,gpu:1,normal_baseline
8.2,2026-01-01 00:00:08.200000+00:00,,syn-normal-baseline-100,normal-control,normal,0.05,0.0,0.5,0,10.0,119.83426004411463,33.775481959626674,17.557050314193688,1025.5759732885217,37.229612860006895,1615.7637516171494,100.0,100.0,True,,synthetic_normal_baseline,sim_user,normal_baseline,gpu:1,normal_baseline
8.3,2026-01-01 00:00:08.300000+00:00,,syn-normal-baseline-100,normal-control,normal,0.05,0.0,0.5,0,10.0,119.76532517133529,31.05194671229646,17.39585695708877,1022.8790863969748,36.75997210167344,1481.5038064052894,100.0,100.0,True,,synthetic_normal_baseline,sim_user,normal_baseline,gpu:1,normal_baseline
8.4,2026-01-01 00:00:08.400000+00:00,,syn-normal-baseline-100,normal-control,normal,0.05,0.0,0.5,0,10.0,118.90802390260595,24.41743238603139,10.49079400227315,809.9562975332063,34.88196001530915,1083.1182152186702,100.0,100.0,True,,synthetic_normal_baseline,sim_user,normal_baseline,gpu:1,normal_baseline
8.5,2026-01-01 00:00:08.500000+00:00,,syn-normal-baseline-100,normal-control,normal,0.05,0.0,0.5,0,10.0,118.67225967923098,18.05923628136324,5.185325435018197,656.7198310078066,32.990618269477764,945.3088410168455,100.0,100.0,True,,synthetic_normal_baseline,sim_user,normal_baseline,gpu:1,normal_baseline
8.6,2026-01-01 00:00:08.600000+00:00,,syn-normal-baseline-100,normal-control,normal,0.05,0.0,0.5,0,10.0,119.08439146754505,25.315739018398457,16.814864426335834,846.8595100384232,34.94831098547681,1546.207672698123,100.0,100.0,True,,synthetic_normal_baseline,sim_user,normal_baseline,gpu:1,normal_baseline
8.7,2026-01-01 00:00:08.700000+00:00,,syn-normal-baseline-100,normal-control,normal,0.05,0.0,0.5,0,10.0,119.0108198989336,23.587178653440958,12.139346269986637,764.905189525087,34.535066305329366,1382.7063257998877,100.0,100.0,True,,synthetic_normal_baseline,sim_user,normal_baseline,gpu:1,normal_baseline
8.8,2026-01-01 00:00:08.800000+00:00,,syn-normal-baseline-100,normal-control,normal,0.05,0.0,0.5,0,10.0,119.49583631648134,30.941139609609696,10.784126445261283,1018.8000170671197,36.52102393471755,1303.141087118651,100.0,100.0,True,,synthetic_normal_baseline,sim_user,normal_baseline,gpu:1,normal_baseline
8.9,2026-01-01 00:00:08.900000+00:00,,syn-normal-baseline-100,normal-control,normal,0.05,0.0,0.5,0,10.0,119.57578262049766,26.09361064052439,13.308257399386134,892.8118258160493,35.370325440103116,1386.2471532834097,100.0,100.0,True,,synthetic_normal_baseline,sim_user,normal_baseline,gpu:1,normal_baseline
9.0,2026-01-01 00:00:09+00:00,,syn-normal-baseline-100,normal-control,normal,0.05,0.0,0.5,0,10.0,120.73489254265473,39.90868139916905,23.124371270649537,1256.119896210294,39.21199859651571,2104.9055936441096,100.0,100.0,True,,synthetic_normal_baseline,sim_user,normal_baseline,gpu:1,normal_baseline
9.1,2026-01-01 00:00:09.100000+00:00,,syn-normal-baseline-100,normal-control,normal,0.05,0.0,0.5,0,10.0,120.03989761583912,35.33716045811933,16.880221587649928,1043.2330309819326,37.86064317273834,1604.7353558190398,100.0,100.0,True,,synthetic_normal_baseline,sim_user,normal_baseline,gpu:1,normal_baseline
9.2,2026-01-01 00:00:09.200000+00:00,,syn-normal-baseline-100,normal-control,normal,0.05,0.0,0.5,0,10.0,119.72010970881072,28.091189928397146,16.931994654790714,920.4126840599346,35.4732824466277,1616.6610978092294,100.0,100.0,True,,synthetic_normal_baseline,sim_user,normal_baseline,gpu:1,normal_baseline
9.3,2026-01-01 00:00:09.300000+00:00,,syn-normal-baseline-100,normal-control,normal,0.05,0.0,0.5,0,10.0,120.51669476234264,37.544709109642014,21.261990254017665,1195.6293009959534,38.08418843177484,1969.7877214698572,100.0,100.0,True,,synthetic_normal_baseline,sim_user,normal_baseline,gpu:1,normal_baseline
9.4,2026-01-01 00:00:09.400000+00:00,,syn-normal-baseline-100,normal-control,normal,0.05,0.0,0.5,0,10.0,121.16405658154213,40.72508500618136,23.67752410032807,1169.641276622971,38.977592903486354,2039.8264122672733,100.0,100.0,True,,synthetic_normal_baseline,sim_user,normal_baseline,gpu:1,normal_baseline
9.5,2026-01-01 00:00:09.500000+00:00,,syn-normal-baseline-100,normal-control,normal,0.05,0.0,0.5,0,10.0,121.48364457838612,45.728601065797356,23.59453508089758,1334.6962490522894,40.33837282567119,2047.8816463140404,100.0,100.0,True,,synthetic_normal_baseline,sim_user,normal_baseline,gpu:1,normal_baseline
9.6,2026-01-01 00:00:09.600000+00:00,,syn-normal-baseline-100,normal-control,normal,0.05,0.0,0.5,0,10.0,122.34598615782033,53.72465773251006,27.377817319812852,1511.4074435666657,42.387637754578726,2234.085737055311,100.0,100.0,True,,synthetic_normal_baseline,sim_user,normal_baseline,gpu:1,normal_baseline
9.7,2026-01-01 00:00:09.700000+00:00,,syn-normal-baseline-100,normal-control,normal,0.05,0.0,0.5,0,10.0,122.236492772555,54.750624043892074,34.01457228284943,1581.208876392842,42.633273510643754,2920.3265063009317,100.0,100.0,True,,synthetic_normal_baseline,sim_user,normal_baseline,gpu:1,normal_baseline
9.8,2026-01-01 00:00:09.800000+00:00,,syn-normal-baseline-100,normal-control,normal,0.05,0.0,0.5,0,10.0,121.52029971712807,46.29378743801706,26.356508852418152,1380.0920314470889,40.28749954951018,2278.56018055282,100.0,100.0,True,,synthetic_normal_baseline,sim_user,normal_baseline,gpu:1,normal_baseline
9.9,2026-01-01 00:00:09.900000+00:00,,syn-normal-baseline-100,normal-control,normal,0.05,0.0,0.5,0,10.0,122.07739467407609,49.36921494894591,28.724872187927197,1451.1592060989706,41.27197223399742,2613.263509076187,100.0,100.0,True,,synthetic_normal_baseline,sim_user,normal_baseline,gpu:1,normal_baseline
10.0,2026-01-01 00:00:10+00:00,,syn-normal-baseline-100,normal-control,normal,0.05,0.0,0.5,0,10.0,122.18397586013283,52.81686963796001,31.378798099583772,1515.6619319381696,42.16203651187078,2655.1754846783188,100.0,100.0,True,,synthetic_normal_baseline,sim_user,normal_baseline,gpu:1,normal_baseline
10.1,2026-01-01 00:00:10.100000+00:00,,syn-normal-baseline-100,normal-control,normal,0.05,0.0,0.5,0,10.0,121.45950015266776,45.43970290616338,26.329851821565533,1362.6832751208055,40.25771759007099,2378.3909041899788,100.0,100.0,True,,synthetic_normal_baseline,sim_user,normal_baseline,gpu:1,normal_baseline
10.2,2026-01-01 00:00:10.200000+00:00,,syn-normal-baseline-100,normal-control,normal,0.05,0.0,0.5,0,10.0,121.79647690645864,50.492921006638056,29.208832871663187,1439.5380966075822,41.606193228713735,2519.8240945130806,100.0,100.0,True,,synthetic_normal_baseline,sim_user,normal_baseline,gpu:1,normal_baseline
10.3,2026-01-01 00:00:10.300000+00:00,,syn-normal-baseline-100,normal-control,normal,0.05,0.0,0.5,0,10.0,121.02041786894613,40.44855606838774,23.458735439398477,1260.9991053467634,38.65119349348117,2121.8850846144164,100.0,100.0,True,,synthetic_normal_baseline,sim_user,normal_baseline,gpu:1,normal_baseline
10.4,2026-01-01 00:00:10.400000+00:00,,syn-normal-baseline-100,normal-control,normal,0.05,0.0,0.5,0,10.0,121.45506069022426,48.069804365907984,26.597094697128718,1410.203235030636,40.70600379297631,2254.4333822391727,100.0,100.0,True,,synthetic_normal_baseline,sim_user,normal_baseline,gpu:1,normal_baseline
10.5,2026-01-01 00:00:10.500000+00:00,,syn-normal-baseline-100,normal-control,normal,0.05,0.0,0.5,0,10.0,120.29399004839526,35.749011035658384,17.310850713090836,1035.6096242673727,37.300030742144834,1740.302162860906,100.0,100.0,True,,synthetic_normal_baseline,sim_user,normal_baseline,gpu:1,normal_baseline
10.6,2026-01-01 00:00:10.600000+00:00,,syn-normal-baseline-100,normal-control,normal,0.05,0.0,0.5,0,10.0,119.97623954179463,33.163867093072135,21.281695895742388,1033.539768219344,36.75845614478061,2027.7015429525188,100.0,100.0,True,,synthetic_normal_baseline,sim_user,normal_baseline,gpu:1,normal_baseline
10.7,2026-01-01 00:00:10.700000+00:00,,syn-normal-baseline-100,normal-control,normal,0.05,0.0,0.5,0,10.0,120.38949785032685,38.24017625437058,22.09537899118837,1180.5158966277208,37.971914918348105,1886.5731790996065,100.0,100.0,True,,synthetic_normal_baseline,sim_user,normal_baseline,gpu:1,normal_baseline
10.8,2026-01-01 00:00:10.800000+00:00,,syn-normal-baseline-100,normal-control,normal,0.05,0.0,0.5,0,10.0,121.02751588616594,40.6600009310889,21.12634840494351,1136.7513194108853,38.76443569041639,2015.0878844082508,100.0,100.0,True,,synthetic_normal_baseline,sim_user,normal_baseline,gpu:1,normal_baseline
10.9,2026-01-01 00:00:10.900000+00:00,,syn-normal-baseline-100,normal-control,normal,0.05,0.0,0.5,0,10.0,120.4609000705117,35.82499072482305,23.0191697519152,1194.1168810788636,37.1833363482467,1872.9581881552642,100.0,100.0,True,,synthetic_normal_baseline,sim_user,normal_baseline,gpu:1,normal_baseline
11.0,2026-01-01 00:00:11+00:00,,syn-normal-baseline-100,normal-control,normal,0.05,0.0,0.5,0,10.0,121.8112472169878,49.4756579206883,34.61515381556075,1424.5209092337498,41.022898709068485,2830.1265570020964,100.0,100.0,True,,synthetic_normal_baseline,sim_user,normal_baseline,gpu:1,normal_baseline
11.1,2026-01-01 00:00:11.100000+00:00,,syn-normal-baseline-100,normal-control,normal,0.05,0.0,0.5,0,10.0,121.96520669495598,49.6158200751777,23.65702800691902,1383.994252623137,41.41545636438271,2114.933121558671,100.0,100.0,True,,synthetic_normal_baseline,sim_user,normal_baseline,gpu:1,normal_baseline
11.2,2026-01-01 00:00:11.200000+00:00,,syn-normal-baseline-100,normal-control,normal,0.05,0.0,0.5,0,10.0,122.8249079533951,57.27109925848329,32.371684037025865,1680.9174655624886,43.92015214263018,2597.680333806852,100.0,100.0,True,,synthetic_normal_baseline,sim_user,normal_baseline,gpu:1,normal_baseline
11.3,2026-01-01 00:00:11.300000+00:00,,syn-normal-baseline-100,normal-control,normal,0.05,0.0,0.5,0,10.0,122.91282250563006,57.1233440529109,36.5627522265557,1694.5578178647406,44.24476634319818,2970.2809984518176,100.0,100.0,True,,synthetic_normal_baseline,sim_user,normal_baseline,gpu:1,normal_baseline
11.4,2026-01-01 00:00:11.400000+00:00,,syn-normal-baseline-100,normal-control,normal,0.05,0.0,0.5,0,10.0,122.69278640374998,55.425408171907044,25.139374344041133,1633.4151004092355,43.84065698376612,2249.2185073869273,100.0,100.0,True,,synthetic_normal_baseline,sim_user,normal_baseline,gpu:1,normal_baseline
11.5,2026-01-01 00:00:11.500000+00:00,,syn-normal-baseline-100,normal-control,normal,0.05,0.0,0.5,0,10.0,122.76410968823289,58.37932527803791,32.26052746224983,1679.6838367791106,44.65030985002587,2594.980216368442,100.0,100.0,True,,synthetic_normal_baseline,sim_user,normal_baseline,gpu:1,normal_baseline
11.6,2026-01-01 00:00:11.600000+00:00,,syn-normal-baseline-100,normal-control,normal,0.05,0.0,0.5,0,10.0,121.57057549944176,50.3114981442761,27.497646460338647,1461.9138867467982,42.753781262747545,2349.726421782429,100.0,100.0,True,,synthetic_normal_baseline,sim_user,normal_baseline,gpu:1,normal_baseline
11.7,2026-01-01 00:00:11.700000+00:00,,syn-normal-baseline-100,normal-control,normal,0.05,0.0,0.5,0,10.0,119.14890545518375,22.80410377767931,10.340223256155017,845.1077511729118,34.83814485814543,1035.4673282114868,100.0,100.0,True,,synthetic_normal_baseline,sim_user,normal_baseline,gpu:1,normal_baseline
11.8,2026-01-01 00:00:11.800000+00:00,,syn-normal-baseline-100,normal-control,normal,0.05,0.0,0.5,0,10.0,120.01670944463812,36.05599278173863,26.266102853205403,1138.5320207032162,38.72112927127307,2294.7565520646276,100.0,100.0,True,,synthetic_normal_baseline,sim_user,normal_baseline,gpu:1,normal_baseline
11.9,2026-01-01 00:00:11.900000+00:00,,syn-normal-baseline-100,normal-control,normal,0.05,0.0,0.5,0,10.0,119.17961951793043,27.305538142699547,18.349288319181035,830.7597562450336,36.209262680487335,1812.130679896935,100.0,100.0,True,,synthetic_normal_baseline,sim_user,normal_baseline,gpu:1,normal_baseline
12.0,2026-01-01 00:00:12+00:00,,syn-normal-baseline-100,normal-control,normal,0.05,0.0,0.5,0,10.0,118.49948164392194,22.38968841160227,12.121571072385231,808.8318825919532,34.7169664525497,1273.3968350257487,100.0,100.0,True,,synthetic_normal_baseline,sim_user,normal_baseline,gpu:1,normal_baseline
12.1,2026-01-01 00:00:12.100000+00:00,,syn-normal-baseline-100,normal-control,normal,0.05,0.0,0.5,0,10.0,117.82218240181886,14.51140317163258,2.7174188387741998,615.9484093810572,32.46281666625261,638.5373764110112,100.0,100.0,True,,synthetic_normal_baseline,sim_user,normal_baseline,gpu:1,normal_baseline
12.2,2026-01-01 00:00:12.200000+00:00,,syn-normal-baseline-100,normal-control,normal,0.05,0.0,0.5,0,10.0,116.67107988061464,2.7842491721380496,2.1981760291165973,217.30783059262706,28.766351613383197,477.6080390777087,100.0,100.0,True,,synthetic_normal_baseline,sim_user,normal_baseline,gpu:1,normal_baseline
12.3,2026-01-01 00:00:12.300000+00:00,,syn-normal-baseline-100,normal-control,normal,0.05,0.0,0.5,0,10.0,117.86507661619203,14.121073852357435,4.507657811700248,505.69328839513906,32.02552645256748,869.5991279119479,100.0,100.0,True,,synthetic_normal_baseline,sim_user,normal_baseline,gpu:1,normal_baseline
12.4,2026-01-01 00:00:12.400000+00:00,,syn-normal-baseline-100,normal-control,normal,0.05,0.0,0.5,0,10.0,117.8932228174439,12.909095622879157,9.1569827886277,578.243768492302,31.7257063194662,1026.3690098907573,100.0,100.0,True,,synthetic_normal_baseline,sim_user,normal_baseline,gpu:1,normal_baseline
12.5,2026-01-01 00:00:12.500000+00:00,,syn-normal-baseline-100,normal-control,normal,0.05,0.0,0.5,0,10.0,118.53874925113298,16.972782276046612,8.201161540226519,631.9875824974881,32.68812704119121,1183.5168641305727,100.0,100.0,True,,synthetic_normal_baseline,sim_user,normal_baseline,gpu:1,normal_baseline
12.6,2026-01-01 00:00:12.600000+00:00,,syn-normal-baseline-100,normal-control,normal,0.05,0.0,0.5,0,10.0,120.13002983344066,33.84518539905182,19.880554187019975,1035.0624013259944,37.52361417001925,1777.4802245907497,100.0,100.0,True,,synthetic_normal_baseline,sim_user,normal_baseline,gpu:1,normal_baseline
12.7,2026-01-01 00:00:12.700000+00:00,,syn-normal-baseline-100,normal-control,normal,0.05,0.0,0.5,0,10.0,119.80580595558861,31.73095299578975,23.284557744470497,985.4392025743668,37.171837083265174,1937.6708348599059,100.0,100.0,True,,synthetic_normal_baseline,sim_user,normal_baseline,gpu:1,normal_baseline
12.8,2026-01-01 00:00:12.800000+00:00,,syn-normal-baseline-100,normal-control,normal,0.05,0.0,0.5,0,10.0,121.3629309815172,44.04160310752021,27.366717174172308,1349.8586620587894,40.66711237079476,2465.255276045796,100.0,100.0,True,,synthetic_normal_baseline,sim_user,normal_baseline,gpu:1,normal_baseline
12.9,2026-01-01 00:00:12.900000+00:00,,syn-normal-baseline-100,normal-control,normal,0.05,0.0,0.5,0,10.0,122.38281197974872,53.75443157340338,28.706076566760927,1543.2919733011713,43.331853542943115,2466.740939262539,100.0,100.0,True,,synthetic_normal_baseline,sim_user,normal_baseline,gpu:1,normal_baseline
13.0,2026-01-01 00:00:13+00:00,,syn-normal-baseline-100,normal-control,normal,0.05,0.0,0.5,0,10.0,123.07755287718416,56.25428169616145,30.643252835998343,1576.5796215925077,44.04621289328101,2544.952517835968,100.0,100.0,True,,synthetic_normal_baseline,sim_user,normal_baseline,gpu:1,normal_baseline
13.1,2026-01-01 00:00:13.100000+00:00,,syn-normal-baseline-100,normal-control,normal,0.05,0.0,0.5,0,10.0,124.21032949781885,71.2037860868264,35.99023050576907,2010.323028410319,48.378692579615404,3134.4243786585566,100.0,100.0,True,,synthetic_normal_baseline,sim_user,normal_baseline,gpu:1,normal_baseline
13.2,2026-01-01 00:00:13.200000+00:00,,syn-normal-baseline-100,normal-control,normal,0.05,0.0,0.5,0,10.0,123.03231251426129,58.64374117950873,35.402720209906406,1670.1062472616627,44.63057252950109,2599.230070228639,100.0,100.0,True,,synthetic_normal_baseline,sim_user,normal_baseline,gpu:1,normal_baseline
13.3,2026-01-01 00:00:13.300000+00:00,,syn-normal-baseline-100,normal-control,normal,0.05,0.0,0.5,0,10.0,123.47157211063248,62.81947884536819,31.227841328376527,1784.0154848560944,45.60759583044288,2545.248384449507,100.0,100.0,True,,synthetic_normal_baseline,sim_user,normal_baseline,gpu:1,normal_baseline
13.4,2026-01-01 00:00:13.400000+00:00,,syn-normal-baseline-100,normal-control,normal,0.05,0.0,0.5,0,10.0,122.95870852749069,59.75827379964589,30.84767623836756,1707.9507544753676,44.710708147601295,2680.9815128616387,100.0,100.0,True,,synthetic_normal_baseline,sim_user,normal_baseline,gpu:1,normal_baseline
13.5,2026-01-01 00:00:13.500000+00:00,,syn-normal-baseline-100,normal-control,normal,0.05,0.0,0.5,0,10.0,122.6374159681264,54.43603452379307,24.55683625491759,1498.9683734840028,42.96418434875578,2271.5300646957053,100.0,100.0,True,,synthetic_normal_baseline,sim_user,normal_baseline,gpu:1,normal_baseline
13.6,2026-01-01 00:00:13.600000+00:00,,syn-normal-baseline-100,normal-control,normal,0.05,0.0,0.5,0,10.0,123.17026977610205,65.33671692999106,36.40706439490495,1843.4242152564602,45.97293145962972,2935.9077268925857,100.0,100.0,True,,synthetic_normal_baseline,sim_user,normal_baseline,gpu:1,normal_baseline
13.7,2026-01-01 00:00:13.700000+00:00,,syn-normal-baseline-100,normal-control,normal,0.05,0.0,0.5,0,10.0,122.26402931072546,54.850691733405895,37.78511116184552,1578.071898585545,43.1051360653729,3290.4392145458623,100.0,100.0,True,,synthetic_normal_baseline,sim_user,normal_baseline,gpu:1,normal_baseline
13.8,2026-01-01 00:00:13.800000+00:00,,syn-normal-baseline-100,normal-control,normal,0.05,0.0,0.5,0,10.0,121.72566129620219,50.18715838720951,26.03270711112019,1475.012132404728,41.831166950184745,2384.9198174852563,100.0,100.0,True,,synthetic_normal_baseline,sim_user,normal_baseline,gpu:1,normal_baseline
13.9,2026-01-01 00:00:13.900000+00:00,,syn-normal-baseline-100,normal-control,normal,0.05,0.0,0.5,0,10.0,121.0040205827063,41.820233825555924,21.477601460771318,1265.7516948966588,39.47155114111515,1776.1942105783448,100.0,100.0,True,,synthetic_normal_baseline,sim_user,normal_baseline,gpu:1,normal_baseline
14.0,2026-01-01 00:00:14+00:00,,syn-normal-baseline-100,normal-control,normal,0.05,0.0,0.5,0,10.0,121.82797590480037,47.181494236194816,24.07854942012486,1398.3130562803144,41.01900965733432,2091.6504415391273,100.0,100.0,True,,synthetic_normal_baseline,sim_user,normal_baseline,gpu:1,normal_baseline
14.1,2026-01-01 00:00:14.100000+00:00,,syn-normal-baseline-100,normal-control,normal,0.05,0.0,0.5,0,10.0,122.22470016402045,53.01605375655105,29.759769820961075,1537.234374461672,42.774252469575714,2431.9765973458275,100.0,100.0,True,,synthetic_normal_baseline,sim_user,normal_baseline,gpu:1,normal_baseline
14.2,2026-01-01 00:00:14.200000+00:00,,syn-normal-baseline-100,normal-control,normal,0.05,0.0,0.5,0,10.0,121.53658310649656,44.63998266037392,26.236296564634397,1353.1193932359893,40.43582891536644,2053.5659659747625,100.0,100.0,True,,synthetic_normal_baseline,sim_user,normal_baseline,gpu:1,normal_baseline
14.3,2026-01-01 00:00:14.300000+00:00,,syn-normal-baseline-100,normal-control,normal,0.05,0.0,0.5,0,10.0,121.68221252063248,47.816530462572445,36.011635264844415,1408.99167043126,41.211957730132475,2930.4048623916237,100.0,100.0,True,,synthetic_normal_baseline,sim_user,normal_baseline,gpu:1,normal_baseline
14.4,2026-01-01 00:00:14.400000+00:00,,syn-normal-baseline-100,normal-control,normal,0.05,0.0,0.5,0,10.0,122.49852945677372,54.84017195008694,35.165485107768106,1636.0679998873275,43.198256369028385,2894.5760010073727,100.0,100.0,True,,synthetic_normal_baseline,sim_user,normal_baseline,gpu:1,normal_baseline
14.5,2026-01-01 00:00:14.500000+00:00,,syn-normal-baseline-100,normal-control,normal,0.05,0.0,0.5,0,10.0,122.36313740783132,55.67665716673305,31.715148729939994,1585.5288701182435,43.52301807011697,2693.6440701538163,100.0,100.0,True,,synthetic_normal_baseline,sim_user,normal_baseline,gpu:1,normal_baseline
14.6,2026-01-01 00:00:14.600000+00:00,,syn-normal-baseline-100,normal-control,normal,0.05,0.0,0.5,0,10.0,121.15709304058073,43.715935766591436,20.29404452738356,1285.1651657747093,40.30785732138749,1878.3525638176295,100.0,100.0,True,,synthetic_normal_baseline,sim_user,normal_baseline,gpu:1,normal_baseline
14.7,2026-01-01 00:00:14.700000+00:00,,syn-normal-baseline-100,normal-control,normal,0.05,0.0,0.5,0,10.0,119.55810385052438,29.381242213892637,21.550638796009817,1004.3955973269433,36.408007475049345,2069.1188258190823,100.0,100.0,True,,synthetic_normal_baseline,sim_user,normal_baseline,gpu:1,normal_baseline
14.8,2026-01-01 00:00:14.800000+00:00,,syn-normal-baseline-100,normal-control,normal,0.05,0.0,0.5,0,10.0,118.76286342807397,25.018148262000025,15.866715216888348,846.3194991119132,35.132752194701624,1725.7390225856468,100.0,100.0,True,,synthetic_normal_baseline,sim_user,normal_baseline,gpu:1,normal_baseline
14.9,2026-01-01 00:00:14.900000+00:00,,syn-normal-baseline-100,normal-control,normal,0.05,0.0,0.5,0,10.0,118.04642297873525,15.850311849695062,6.153704782148175,601.4507439752695,32.74187951368107,900.7895177114482,100.0,100.0,True,,synthetic_normal_baseline,sim_user,normal_baseline,gpu:1,normal_baseline
15.0,2026-01-01 00:00:15+00:00,,syn-normal-baseline-100,normal-control,normal,0.05,0.0,0.5,0,10.0,118.51418124539643,19.04123988381286,11.912981942479188,636.4103349019797,33.76052081084035,1314.4775481430577,100.0,100.0,True,,synthetic_normal_baseline,sim_user,normal_baseline,gpu:1,normal_baseline
15.1,2026-01-01 00:00:15.100000+00:00,,syn-normal-baseline-100,normal-control,normal,0.05,0.0,0.5,0,10.0,119.97809888500092,31.673906597919082,17.98744865330363,1015.4379557307027,37.45970754699599,1714.3968595608803,100.0,100.0,True,,synthetic_normal_baseline,sim_user,normal_baseline,gpu:1,normal_baseline
15.2,2026-01-01 00:00:15.200000+00:00,,syn-normal-baseline-100,normal-control,normal,0.05,0.0,0.5,0,10.0,119.85410234305661,34.54373374384372,23.781987312132244,1021.1382987344379,38.35003809184413,2222.083699770274,100.0,100.0,True,,synthetic_normal_baseline,sim_user,normal_baseline,gpu:1,normal_baseline
15.3,2026-01-01 00:00:15.300000+00:00,,syn-normal-baseline-100,normal-control,normal,0.05,0.0,0.5,0,10.0,119.21442421325266,26.19069070897852,16.46143858360335,839.9697102041453,36.424473234150554,1689.7555855478993,100.0,100.0,True,,synthetic_normal_baseline,sim_user,normal_baseline,gpu:1,normal_baseline
15.4,2026-01-01 00:00:15.400000+00:00,,syn-normal-baseline-100,normal-control,normal,0.05,0.0,0.5,0,10.0,120.05714398143235,32.22698059795018,15.078177415464596,1006.2239203820479,37.89974112060702,1516.3164704340147,100.0,100.0,True,,synthetic_normal_baseline,sim_user,normal_baseline,gpu:1,normal_baseline
15.5,2026-01-01 00:00:15.500000+00:00,,syn-normal-baseline-100,normal-control,normal,0.05,0.0,0.5,0,10.0,118.91581200961686,19.643951330132996,12.493646303727685,744.7098911038079,34.03260372967873,1133.1091324231538,100.0,100.0,True,,synthetic_normal_baseline,sim_user,normal_baseline,gpu:1,normal_baseline
15.6,2026-01-01 00:00:15.600000+00:00,,syn-normal-baseline-100,normal-control,normal,0.05,0.0,0.5,0,10.0,121.76157794940774,45.94539819693833,31.807117867909867,1390.9185050824317,41.28853779123762,2599.3174420419555,100.0,100.0,True,,synthetic_normal_baseline,sim_user,normal_baseline,gpu:1,normal_baseline
15.7,2026-01-01 00:00:15.700000+00:00,,syn-normal-baseline-100,normal-control,normal,0.05,0.0,0.5,0,10.0,121.7001258337798,48.12928360305394,28.344769167687502,1423.1678088395931,41.70888646073438,2480.6447151217676,100.0,100.0,True,,synthetic_normal_baseline,sim_user,normal_baseline,gpu:1,normal_baseline
15.8,2026-01-01 00:00:15.800000+00:00,,syn-normal-baseline-100,normal-control,normal,0.05,0.0,0.5,0,10.0,120.73393468678077,40.36618733887007,21.036375458657083,1239.6102469237455,39.714663935270245,1870.322028924104,100.0,100.0,True,,synthetic_normal_baseline,sim_user,normal_baseline,gpu:1,normal_baseline
15.9,2026-01-01 00:00:15.900000+00:00,,syn-normal-baseline-100,normal-control,normal,0.05,0.0,0.5,0,10.0,120.96597391997095,44.51840980396721,22.68293790155508,1316.969475427054,40.799751932032855,2090.4563985627483,100.0,100.0,True,,synthetic_normal_baseline,sim_user,normal_baseline,gpu:1,normal_baseline
16.0,2026-01-01 00:00:16+00:00,,syn-normal-baseline-100,normal-control,normal,0.05,0.0,0.5,0,10.0,120.13264503943982,32.63101390026075,27.50612573515236,1051.1946469937377,37.38660304845451,2384.2941031900223,100.0,100.0,True,,synthetic_normal_baseline,sim_user,normal_baseline,gpu:1,normal_baseline
16.1,2026-01-01 00:00:16.100000+00:00,,syn-normal-baseline-100,normal-control,normal,0.05,0.0,0.5,0,10.0,121.40719366082877,45.98128468727242,30.54832721219953,1358.0700792519258,41.23516564902519,2617.9875486793762,100.0,100.0,True,,synthetic_normal_baseline,sim_user,normal_baseline,gpu:1,normal_baseline
16.2,2026-01-01 00:00:16.200000+00:00,,syn-normal-baseline-100,normal-control,normal,0.05,0.0,0.5,0,10.0,121.50905394669118,48.4526657210889,23.467787469008464,1440.4762416641843,41.902858383835195,2071.4853937360567,100.0,100.0,True,,synthetic_normal_baseline,sim_user,normal_baseline,gpu:1,normal_baseline
16.3,2026-01-01 00:00:16.300000+00:00,,syn-normal-baseline-100,normal-control,normal,0.05,0.0,0.5,0,10.0,120.847069474717,35.596343924751764,22.134995328827234,1119.0228640538535,38.170455005121894,2073.5828575732526,100.0,100.0,True,,synthetic_normal_baseline,sim_user,normal_baseline,gpu:1,normal_baseline
16.4,2026-01-01 00:00:16.400000+00:00,,syn-normal-baseline-100,normal-control,normal,0.05,0.0,0.5,0,10.0,122.28714107496383,57.17467911148957,36.794027781167664,1562.7834351161703,44.56806005878682,3223.4024939236233,100.0,100.0,True,,synthetic_normal_baseline,sim_user,normal_baseline,gpu:1,normal_baseline
16.5,2026-01-01 00:00:16.500000+00:00,,syn-normal-baseline-100,normal-control,normal,0.05,0.0,0.5,0,10.0,120.22961123193676,32.58612807980407,21.5404569975575,964.5162288525307,37.608072551197765,1992.6625806347795,100.0,100.0,True,,synthetic_normal_baseline,sim_user,normal_baseline,gpu:1,normal_baseline
16.6,2026-01-01 00:00:16.600000+00:00,,syn-normal-baseline-100,normal-control,normal,0.05,0.0,0.5,0,10.0,121.37995690078954,42.47725733834069,21.802917834732312,1179.3803557451256,40.54738665316126,1955.0589367155083,100.0,100.0,True,,synthetic_normal_baseline,sim_user,normal_baseline,gpu:1,normal_baseline
16.7,2026-01-01 00:00:16.700000+00:00,,syn-normal-baseline-100,normal-control,normal,0.05,0.0,0.5,0,10.0,120.85670766513238,42.1181526522644,23.001997890498348,1176.6259994623226,40.22232770411489,2220.6385066546277,100.0,100.0,True,,synthetic_normal_baseline,sim_user,normal_baseline,gpu:1,normal_baseline
16.8,2026-01-01 00:00:16.800000+00:00,,syn-normal-baseline-100,normal-control,normal,0.05,0.0,0.5,0,10.0,120.11156195353672,34.67048025103946,11.657182531007326,1058.9346589745119,38.127439017209895,1159.4080245294203,100.0,100.0,True,,synthetic_normal_baseline,sim_user,normal_baseline,gpu:1,normal_baseline
16.9,2026-01-01 00:00:16.900000+00:00,,syn-normal-baseline-100,normal-control,normal,0.05,0.0,0.5,0,10.0,120.35619931717358,38.37722655293786,20.399103142642144,1161.6298841419323,39.20698979918787,1857.9419699084974,100.0,100.0,True,,synthetic_normal_baseline,sim_user,normal_baseline,gpu:1,normal_baseline
17.0,2026-01-01 00:00:17+00:00,,syn-normal-baseline-100,normal-control,normal,0.05,0.0,0.5,0,10.0,118.77806595256651,23.67636725380423,12.567928215615058,839.4393676862755,34.94526758865025,1250.1402899794,100.0,100.0,True,,synthetic_normal_baseline,sim_user,normal_baseline,gpu:1,normal_baseline
17.1,2026-01-01 00:00:17.100000+00:00,,syn-normal-baseline-100,normal-control,normal,0.05,0.0,0.5,0,10.0,118.9053602065772,24.074946140186118,16.696830488598618,888.2969071159193,34.99440340345344,1603.8174744239598,100.0,100.0,True,,synthetic_normal_baseline,sim_user,normal_baseline,gpu:1,normal_baseline
17.2,2026-01-01 00:00:17.200000+00:00,,syn-normal-baseline-100,normal-control,normal,0.05,0.0,0.5,0,10.0,119.35728439746643,27.10440706113731,14.052500040043704,870.5288683445024,36.02328191843287,1534.3315078182243,100.0,100.0,True,,synthetic_normal_baseline,sim_user,normal_baseline,gpu:1,normal_baseline
17.3,2026-01-01 00:00:17.300000+00:00,,syn-normal-baseline-100,normal-control,normal,0.05,0.0,0.5,0,10.0,119.49253796097443,26.96850280209958,12.79033588775662,928.9051789630415,35.93237403823289,1225.078344298663,100.0,100.0,True,,synthetic_normal_baseline,sim_user,normal_baseline,gpu:1,normal_baseline
17.4,2026-01-01 00:00:17.400000+00:00,,syn-normal-baseline-100,normal-control,normal,0.05,0.0,0.5,0,10.0,119.90804864473132,33.271726836395686,24.666499986489644,1090.9443170228533,37.61147980197548,2145.4974024362396,100.0,100.0,True,,synthetic_normal_baseline,sim_user,normal_baseline,gpu:1,normal_baseline
17.5,2026-01-01 00:00:17.500000+00:00,,syn-normal-baseline-100,normal-control,normal,0.05,0.0,0.5,0,10.0,119.88460678989371,28.047498677665057,19.374116801960888,933.2780516390932,36.22401565578096,1861.76824290028,100.0,100.0,True,,synthetic_normal_baseline,sim_user,normal_baseline,gpu:1,normal_baseline
17.6,2026-01-01 00:00:17.600000+00:00,,syn-normal-baseline-100,normal-control,normal,0.05,0.0,0.5,0,10.0,121.59421180678113,46.225251135656734,23.194239707222895,1299.6228256881288,41.06293309011957,2183.942306421564,100.0,100.0,True,,synthetic_normal_baseline,sim_user,normal_baseline,gpu:1,normal_baseline
17.7,2026-01-01 00:00:17.700000+00:00,,syn-normal-baseline-100,normal-control,normal,0.05,0.0,0.5,0,10.0,121.55055914075253,47.77976815200594,17.918389339386692,1362.6769307934276,41.38695726364879,1737.1692652699282,100.0,100.0,True,,synthetic_normal_baseline,sim_user,normal_baseline,gpu:1,normal_baseline
17.8,2026-01-01 00:00:17.800000+00:00,,syn-normal-baseline-100,normal-control,normal,0.05,0.0,0.5,0,10.0,122.4046276453395,51.25931008134361,21.272351567025876,1454.2646369110664,42.39086019987121,2066.2939332616425,100.0,100.0,True,,synthetic_normal_baseline,sim_user,normal_baseline,gpu:1,normal_baseline
17.9,2026-01-01 00:00:17.900000+00:00,,syn-normal-baseline-100,normal-control,normal,0.05,0.0,0.5,0,10.0,124.18855847998411,70.58848575162772,38.21413300871291,1987.903165136377,47.813943951673416,3196.263385592373,100.0,100.0,True,,synthetic_normal_baseline,sim_user,normal_baseline,gpu:1,normal_baseline
18.0,2026-01-01 00:00:18+00:00,,syn-normal-baseline-100,normal-control,normal,0.05,0.0,0.5,0,10.0,124.29859861722719,71.8125690444437,39.40172127775162,2054.2177282935645,48.161688870258395,3223.0804133358515,100.0,100.0,True,,synthetic_normal_baseline,sim_user,normal_baseline,gpu:1,normal_baseline
18.1,2026-01-01 00:00:18.100000+00:00,,syn-normal-baseline-100,normal-control,normal,0.05,0.0,0.5,0,10.0,124.57862370237503,72.41368577387523,39.28641007092109,1977.7921802953879,48.293601895749426,3253.7021501239196,100.0,100.0,True,,synthetic_normal_baseline,sim_user,normal_baseline,gpu:1,normal_baseline
18.2,2026-01-01 00:00:18.200000+00:00,,syn-normal-baseline-100,normal-control,normal,0.05,0.0,0.5,0,10.0,125.40126231428292,79.03006429182322,46.83592178279549,2162.595111865751,50.16212455388723,3751.8156873536136,100.0,100.0,True,,synthetic_normal_baseline,sim_user,normal_baseline,gpu:1,normal_baseline
18.3,2026-01-01 00:00:18.300000+00:00,,syn-normal-baseline-100,normal-control,normal,0.05,0.0,0.5,0,10.0,124.58217342710451,73.39887440029221,47.46566774191548,2041.2726807292013,48.67272197348083,3831.6845730319674,100.0,100.0,True,,synthetic_normal_baseline,sim_user,normal_baseline,gpu:1,normal_baseline
18.4,2026-01-01 00:00:18.400000+00:00,,syn-normal-baseline-100,normal-control,normal,0.05,0.0,0.5,0,10.0,125.90980066462627,84.99298105102737,49.81860655386669,2348.6712771338953,52.076635631403775,3949.416598621117,100.0,100.0,True,,synthetic_normal_baseline,sim_user,normal_baseline,gpu:1,normal_baseline
18.5,2026-01-01 00:00:18.500000+00:00,,syn-normal-baseline-100,normal-control,normal,0.05,0.0,0.5,0,10.0,124.51845683600342,71.24280038888264,40.285472556745646,1962.5281746879245,48.089430640853436,3230.324946671192,100.0,100.0,True,,synthetic_normal_baseline,sim_user,normal_baseline,gpu:1,normal_baseline
18.6,2026-01-01 00:00:18.600000+00:00,,syn-normal-baseline-100,normal-control,normal,0.05,0.0,0.5,0,10.0,124.82636222300033,78.51388017309799,44.172717442237946,2214.2896149920784,50.18776253446747,3442.6942335104495,100.0,100.0,True,,synthetic_normal_baseline,sim_user,normal_baseline,gpu:1,normal_baseline
18.7,2026-01-01 00:00:18.700000+00:00,,syn-normal-baseline-100,normal-control,normal,0.05,0.0,0.5,0,10.0,122.71359512846483,59.26822294015527,26.886662227094575,1707.403456303109,44.977456012445145,2280.8619636839076,100.0,100.0,True,,synthetic_normal_baseline,sim_user,normal_baseline,gpu:1,normal_baseline
18.8,2026-01-01 00:00:18.800000+00:00,,syn-normal-baseline-100,normal-control,normal,0.05,0.0,0.5,0,10.0,122.1216274108655,53.14299896893691,33.03695749878603,1582.0819121848915,43.28401847831019,2672.119246122557,100.0,100.0,True,,synthetic_normal_baseline,sim_user,normal_baseline,gpu:1,normal_baseline
18.9,2026-01-01 00:00:18.900000+00:00,,syn-normal-baseline-100,normal-control,normal,0.05,0.0,0.5,0,10.0,121.74626892722998,50.702608965911224,27.06462878698943,1443.1406528857574,42.59429806699303,2312.220210782942,100.0,100.0,True,,synthetic_normal_baseline,sim_user,normal_baseline,gpu:1,normal_baseline
19.0,2026-01-01 00:00:19+00:00,,syn-normal-baseline-100,normal-control,normal,0.05,0.0,0.5,0,10.0,120.9760556315604,43.899516200593105,28.00519930778131,1337.6751826950558,40.75468032370562,2392.183190366102,100.0,100.0,True,,synthetic_normal_baseline,sim_user,normal_baseline,gpu:1,normal_baseline
19.1,2026-01-01 00:00:19.100000+00:00,,syn-normal-baseline-100,normal-control,normal,0.05,0.0,0.5,0,10.0,118.1871792997059,14.531683704925648,3.3572923628309947,533.3072948049266,32.340297135241265,546.1944372848902,100.0,100.0,True,,synthetic_normal_baseline,sim_user,normal_baseline,gpu:1,normal_baseline
19.2,2026-01-01 00:00:19.200000+00:00,,syn-normal-baseline-100,normal-control,normal,0.05,0.0,0.5,0,10.0,119.64618851539176,34.932285872127885,18.104509081407958,1110.0652383300458,38.13176281927782,1976.6685054380023,100.0,100.0,True,,synthetic_normal_baseline,sim_user,normal_baseline,gpu:1,normal_baseline
19.3,2026-01-01 00:00:19.300000+00:00,,syn-normal-baseline-100,normal-control,normal,0.05,0.0,0.5,0,10.0,118.11897881132603,13.81788162677674,1.0798455794972774,573.9637094941879,32.14756332076717,500.57404496967735,100.0,100.0,True,,synthetic_normal_baseline,sim_user,normal_baseline,gpu:1,normal_baseline
19.4,2026-01-01 00:00:19.400000+00:00,,syn-normal-baseline-100,normal-control,normal,0.05,0.0,0.5,0,10.0,117.71282572979526,13.63808903648312,6.237696252923858,578.8567084550989,32.46255498108942,1106.9541204095524,100.0,100.0,True,,synthetic_normal_baseline,sim_user,normal_baseline,gpu:1,normal_baseline
19.5,2026-01-01 00:00:19.500000+00:00,,syn-normal-baseline-100,normal-control,normal,0.05,0.0,0.5,0,10.0,118.58131559110238,18.468177855169113,17.056680021047697,701.1092547561325,33.95264459921609,1593.1591446382783,100.0,100.0,True,,synthetic_normal_baseline,sim_user,normal_baseline,gpu:1,normal_baseline
19.6,2026-01-01 00:00:19.600000+00:00,,syn-normal-baseline-100,normal-control,normal,0.05,0.0,0.5,0,10.0,119.21933444382199,27.441677899428864,12.14247158092935,920.2488960054678,35.927326504486444,1163.3713922106863,100.0,100.0,True,,synthetic_normal_baseline,sim_user,normal_baseline,gpu:1,normal_baseline
19.7,2026-01-01 00:00:19.700000+00:00,,syn-normal-baseline-100,normal-control,normal,0.05,0.0,0.5,0,10.0,118.29008112567998,19.06562546543483,8.688670806620957,673.4330368901559,33.738735806467695,1083.323613511762,100.0,100.0,True,,synthetic_normal_baseline,sim_user,normal_baseline,gpu:1,normal_baseline
19.8,2026-01-01 00:00:19.800000+00:00,,syn-normal-baseline-100,normal-control,normal,0.05,0.0,0.5,0,10.0,118.28412595049397,18.617539478972866,8.25921111195329,741.3761290540457,33.46626201730034,1098.7303981355622,100.0,100.0,True,,synthetic_normal_baseline,sim_user,normal_baseline,gpu:1,normal_baseline
19.9,2026-01-01 00:00:19.900000+00:00,,syn-normal-baseline-100,normal-control,normal,0.05,0.0,0.5,0,10.0,117.76309417029358,7.901418638134993,5.596788224608192,349.2302218694238,30.46897032561528,659.1184490157457,100.0,100.0,True,,synthetic_normal_baseline,sim_user,normal_baseline,gpu:1,normal_baseline
20.0,2026-01-01 00:00:20+00:00,,syn-normal-baseline-100,normal-control,normal,0.05,0.0,0.5,0,10.0,119.94108556147746,33.99230520321863,14.583984994464661,1106.8220210728336,38.062566036943956,1358.0841613873442,100.0,100.0,True,,synthetic_normal_baseline,sim_user,normal_baseline,gpu:1,normal_baseline
20.1,2026-01-01 00:00:20.100000+00:00,,syn-normal-baseline-100,normal-control,normal,0.05,0.0,0.5,0,10.0,119.16123348639385,26.180043510548753,12.293376933863604,871.0818339978736,35.77830760957727,1071.3949381679429,100.0,100.0,True,,synthetic_normal_baseline,sim_user,normal_baseline,gpu:1,normal_baseline
20.2,2026-01-01 00:00:20.200000+00:00,,syn-normal-baseline-100,normal-control,normal,0.05,0.0,0.5,0,10.0,118.39221228552408,14.94923026028765,2.719805589048759,572.1097058670539,32.57832350442343,691.2424493683941,100.0,100.0,True,,synthetic_normal_baseline,sim_user,normal_baseline,gpu:1,normal_baseline
20.3,2026-01-01 00:00:20.300000+00:00,,syn-normal-baseline-100,normal-control,normal,0.05,0.0,0.5,0,10.0,118.99860215774042,27.30123590073292,25.835348503825983,853.937406535664,35.68900959325323,2313.954860907433,100.0,100.0,True,,synthetic_normal_baseline,sim_user,normal_baseline,gpu:1,normal_baseline
20.4,2026-01-01 00:00:20.400000+00:00,,syn-normal-baseline-100,normal-control,normal,0.05,0.0,0.5,0,10.0,118.52840443286614,19.927198452496288,8.349360341976148,689.5329473087031,33.3674811624803,1030.7442703191036,100.0,100.0,True,,synthetic_normal_baseline,sim_user,normal_baseline,gpu:1,normal_baseline
20.5,2026-01-01 00:00:20.500000+00:00,,syn-normal-baseline-100,normal-control,normal,0.05,0.0,0.5,0,10.0,118.69746241098386,20.16581846259484,10.144902325792705,695.0285572867484,33.817867518176314,1154.4382248271183,100.0,100.0,True,,synthetic_normal_baseline,sim_user,normal_baseline,gpu:1,normal_baseline
20.6,2026-01-01 00:00:20.600000+00:00,,syn-normal-baseline-100,normal-control,normal,0.05,0.0,0.5,0,10.0,118.69899071560535,22.564382413235023,7.4118002712636954,688.6603128296797,34.4158991935977,905.8114716398261,100.0,100.0,True,,synthetic_normal_baseline,sim_user,normal_baseline,gpu:1,normal_baseline
20.7,2026-01-01 00:00:20.700000+00:00,,syn-normal-baseline-100,normal-control,normal,0.05,0.0,0.5,0,10.0,118.0208066412597,14.789898078956963,8.191602751990121,592.2123268310844,32.32608146543502,1158.878026103492,100.0,100.0,True,,synthetic_normal_baseline,sim_user,normal_baseline,gpu:1,normal_baseline
20.8,2026-01-01 00:00:20.800000+00:00,,syn-normal-baseline-100,normal-control,normal,0.05,0.0,0.5,0,10.0,117.79096552576962,14.675086468780552,6.7484420135285,518.2699327174075,32.14823040779434,988.0034622848048,100.0,100.0,True,,synthetic_normal_baseline,sim_user,normal_baseline,gpu:1,normal_baseline
20.9,2026-01-01 00:00:20.900000+00:00,,syn-normal-baseline-100,normal-control,normal,0.05,0.0,0.5,0,10.0,118.9682401749876,23.28627865415494,4.8391163714999825,760.9250842382565,34.133622627478005,840.376999078807,100.0,100.0,True,,synthetic_normal_baseline,sim_user,normal_baseline,gpu:1,normal_baseline
21.0,2026-01-01 00:00:21+00:00,,syn-normal-baseline-100,normal-control,normal,0.05,0.0,0.5,0,10.0,119.46561245157827,26.490639008525378,25.99555351175588,814.4239602857849,35.24449227368547,2290.949557469839,100.0,100.0,True,,synthetic_normal_baseline,sim_user,normal_baseline,gpu:1,normal_baseline
21.1,2026-01-01 00:00:21.100000+00:00,,syn-normal-baseline-100,normal-control,normal,0.05,0.0,0.5,0,10.0,120.18725668205752,32.205781687124286,15.870680602524814,1087.4221371302333,36.62713477831446,1571.2378418684975,100.0,100.0,True,,synthetic_normal_baseline,sim_user,normal_baseline,gpu:1,normal_baseline
21.2,2026-01-01 00:00:21.200000+00:00,,syn-normal-baseline-100,normal-control,normal,0.05,0.0,0.5,0,10.0,121.96883994849279,51.43468772658041,26.50966087458442,1496.1718449143832,42.1916847758215,2272.5740203379924,100.0,100.0,True,,synthetic_normal_baseline,sim_user,normal_baseline,gpu:1,normal_baseline
21.3,2026-01-01 00:00:21.300000+00:00,,syn-normal-baseline-100,normal-control,normal,0.05,0.0,0.5,0,10.0,120.99777824103803,41.670987137127746,25.831911965295,1269.5293149174431,39.563348305616664,2370.0445272197585,100.0,100.0,True,,synthetic_normal_baseline,sim_user,normal_baseline,gpu:1,normal_baseline
21.4,2026-01-01 00:00:21.400000+00:00,,syn-normal-baseline-100,normal-control,normal,0.05,0.0,0.5,0,10.0,120.19810478906437,33.07592782795172,9.713158622742482,1041.6201742726025,37.0252804609969,1068.6760294713374,100.0,100.0,True,,synthetic_normal_baseline,sim_user,normal_baseline,gpu:1,normal_baseline
21.5,2026-01-01 00:00:21.500000+00:00,,syn-normal-baseline-100,normal-control,normal,0.05,0.0,0.5,0,10.0,120.36547414404731,34.86158767479895,18.240231306705237,1086.8665172436615,37.22691148966758,1808.2545206663042,100.0,100.0,True,,synthetic_normal_baseline,sim_user,normal_baseline,gpu:1,normal_baseline
21.6,2026-01-01 00:00:21.600000+00:00,,syn-normal-baseline-100,normal-control,normal,0.05,0.0,0.5,0,10.0,120.86902058144588,38.59501461808791,15.887047487227013,1171.6803869557716,38.291225714488874,1590.115565668418,100.0,100.0,True,,synthetic_normal_baseline,sim_user,normal_baseline,gpu:1,normal_baseline
21.7,2026-01-01 00:00:21.700000+00:00,,syn-normal-baseline-100,normal-control,normal,0.05,0.0,0.5,0,10.0,121.32019697257667,48.558300858975095,23.657248824331568,1391.9416241703202,41.075013841649564,2028.5234213521655,100.0,100.0,True,,synthetic_normal_baseline,sim_user,normal_baseline,gpu:1,normal_baseline
21.8,2026-01-01 00:00:21.800000+00:00,,syn-normal-baseline-100,normal-control,normal,0.05,0.0,0.5,0,10.0,119.64889275437243,30.63200766663646,14.73777397366905,1035.624120420618,36.465429247646995,1415.4902272238614,100.0,100.0,True,,synthetic_normal_baseline,sim_user,normal_baseline,gpu:1,normal_baseline
21.9,2026-01-01 00:00:21.900000+00:00,,syn-normal-baseline-100,normal-control,normal,0.05,0.0,0.5,0,10.0,119.49369952253677,28.897120510206303,5.848703538689058,955.7869377762632,35.80679619122987,750.1032909195307,100.0,100.0,True,,synthetic_normal_baseline,sim_user,normal_baseline,gpu:1,normal_baseline
22.0,2026-01-01 00:00:22+00:00,,syn-normal-baseline-100,normal-control,normal,0.05,0.0,0.5,0,10.0,119.07213935532245,27.960522476508412,12.96059274790397,867.2866426323417,35.58654384755721,1491.9179021784207,100.0,100.0,True,,synthetic_normal_baseline,sim_user,normal_baseline,gpu:1,normal_baseline
22.1,2026-01-01 00:00:22.100000+00:00,,syn-normal-baseline-100,normal-control,normal,0.05,0.0,0.5,0,10.0,117.3144125018764,8.493426563315285,5.468923615503748,435.65914729587746,30.080120909038964,656.6938081698801,100.0,100.0,True,,synthetic_normal_baseline,sim_user,normal_baseline,gpu:1,normal_baseline
22.2,2026-01-01 00:00:22.200000+00:00,,syn-normal-baseline-100,normal-control,normal,0.05,0.0,0.5,0,10.0,118.23752411216812,15.533781272925445,4.364991664962423,573.4137471108647,32.050698932557935,918.8505666870035,100.0,100.0,True,,synthetic_normal_baseline,sim_user,normal_baseline,gpu:1,normal_baseline
22.3,2026-01-01 00:00:22.300000+00:00,,syn-normal-baseline-100,normal-control,normal,0.05,0.0,0.5,0,10.0,118.7802745877987,21.384696162015764,12.221758986943092,698.105547043276,33.66394691221583,1196.6431913286522,100.0,100.0,True,,synthetic_normal_baseline,sim_user,normal_baseline,gpu:1,normal_baseline
22.4,2026-01-01 00:00:22.400000+00:00,,syn-normal-baseline-100,normal-control,normal,0.05,0.0,0.5,0,10.0,118.9093408788959,23.84948090669257,11.814427749611184,750.257774053553,34.396817815173954,1207.0587092680921,100.0,100.0,True,,synthetic_normal_baseline,sim_user,normal_baseline,gpu:1,normal_baseline
22.5,2026-01-01 00:00:22.500000+00:00,,syn-normal-baseline-100,normal-control,normal,0.05,0.0,0.5,0,10.0,119.1271961735919,24.968853883935992,18.971228583995547,818.1939194149077,34.74799234239694,1747.6896012522527,100.0,100.0,True,,synthetic_normal_baseline,sim_user,normal_baseline,gpu:1,normal_baseline
22.6,2026-01-01 00:00:22.600000+00:00,,syn-normal-baseline-100,normal-control,normal,0.05,0.0,0.5,0,10.0,119.53065155047842,28.15429757431746,14.68086144086574,859.0959270510883,35.70141779291813,1466.7330207231098,100.0,100.0,True,,synthetic_normal_baseline,sim_user,normal_baseline,gpu:1,normal_baseline
22.7,2026-01-01 00:00:22.700000+00:00,,syn-normal-baseline-100,normal-control,normal,0.05,0.0,0.5,0,10.0,118.99663999308336,24.557054224043565,14.577546321392848,792.0513085990118,34.506220853320364,1388.204843649745,100.0,100.0,True,,synthetic_normal_baseline,sim_user,normal_baseline,gpu:1,normal_baseline
22.8,2026-01-01 00:00:22.800000+00:00,,syn-normal-baseline-100,normal-control,normal,0.05,0.0,0.5,0,10.0,118.38810355903979,18.124314722489313,10.143860388381626,656.7678406520371,32.81437067952858,1052.5085298563574,100.0,100.0,True,,synthetic_normal_baseline,sim_user,normal_baseline,gpu:1,normal_baseline
22.9,2026-01-01 00:00:22.900000+00:00,,syn-normal-baseline-100,normal-control,normal,0.05,0.0,0.5,0,10.0,117.73490118270331,11.187093631645684,4.9403986450538095,439.7145214458477,30.960678673375657,671.2685644053381,100.0,100.0,True,,synthetic_normal_baseline,sim_user,normal_baseline,gpu:1,normal_baseline
23.0,2026-01-01 00:00:23+00:00,,syn-normal-baseline-100,normal-control,normal,0.05,0.0,0.5,0,10.0,117.6500301758663,14.14907339050357,14.237874646237508,548.2607030652158,31.973849790297518,1457.4818937681937,100.0,100.0,True,,synthetic_normal_baseline,sim_user,normal_baseline,gpu:1,normal_baseline
23.1,2026-01-01 00:00:23.100000+00:00,,syn-normal-baseline-100,normal-control,normal,0.05,0.0,0.5,0,10.0,117.34370069934761,9.47515134956082,6.84087452777545,413.5968200823774,30.639741609950246,1046.8854266721696,100.0,100.0,True,,synthetic_normal_baseline,sim_user,normal_baseline,gpu:1,normal_baseline
23.2,2026-01-01 00:00:23.200000+00:00,,syn-normal-baseline-100,normal-control,normal,0.05,0.0,0.5,0,10.0,117.18386260065843,8.04275194590105,5.717603962608257,467.3927302451285,30.56673028354938,868.7453709679605,100.0,100.0,True,,synthetic_normal_baseline,sim_user,normal_baseline,gpu:1,normal_baseline
23.3,2026-01-01 00:00:23.300000+00:00,,syn-normal-baseline-100,normal-control,normal,0.05,0.0,0.5,0,10.0,116.73911631310911,5.8391155250140985,6.133531789109504,350.1268861017185,30.035095792494772,890.8631967199236,100.0,100.0,True,,synthetic_normal_baseline,sim_user,normal_baseline,gpu:1,normal_baseline
23.4,2026-01-01 00:00:23.400000+00:00,,syn-normal-baseline-100,normal-control,normal,0.05,0.0,0.5,0,10.0,115.49372077525256,0.0,8.40380987694272,258.843952636992,28.413485172579204,1151.635178697465,100.0,100.0,True,,synthetic_normal_baseline,sim_user,normal_baseline,gpu:1,normal_baseline
23.5,2026-01-01 00:00:23.500000+00:00,,syn-normal-baseline-100,normal-control,normal,0.05,0.0,0.5,0,10.0,116.05116983244302,0.0,0.0,247.91253691523596,28.394438969807815,430.70731528868544,100.0,100.0,True,,synthetic_normal_baseline,sim_user,normal_baseline,gpu:1,normal_baseline
23.6,2026-01-01 00:00:23.600000+00:00,,syn-normal-baseline-100,normal-control,normal,0.05,0.0,0.5,0,10.0,116.51260711329978,1.3687621557739948,6.304074342756723,276.2753038147408,28.687471658454076,913.6549709452892,100.0,100.0,True,,synthetic_normal_baseline,sim_user,normal_baseline,gpu:1,normal_baseline
23.7,2026-01-01 00:00:23.700000+00:00,,syn-normal-baseline-100,normal-control,normal,0.05,0.0,0.5,0,10.0,117.15232320224352,5.536996525031986,0.0,326.4510274107347,29.696666737304206,290.4643512513025,100.0,100.0,True,,synthetic_normal_baseline,sim_user,normal_baseline,gpu:1,normal_baseline
23.8,2026-01-01 00:00:23.800000+00:00,,syn-normal-baseline-100,normal-control,normal,0.05,0.0,0.5,0,10.0,118.02545521062011,13.43124525121911,6.924426486654718,536.2111547022726,32.03033601579658,1008.5309811367279,100.0,100.0,True,,synthetic_normal_baseline,sim_user,normal_baseline,gpu:1,normal_baseline
23.9,2026-01-01 00:00:23.900000+00:00,,syn-normal-baseline-100,normal-control,normal,0.05,0.0,0.5,0,10.0,118.18653907330992,17.84406147896255,12.750710770611358,698.401307140793,33.13412752362007,1597.348079955845,100.0,100.0,True,,synthetic_normal_baseline,sim_user,normal_baseline,gpu:1,normal_baseline
24.0,2026-01-01 00:00:24+00:00,,syn-normal-baseline-100,normal-control,normal,0.05,0.0,0.5,0,10.0,118.26337350694767,16.90482319885383,14.232531959099177,666.3686752416172,32.81513016222125,1264.6210568489191,100.0,100.0,True,,synthetic_normal_baseline,sim_user,normal_baseline,gpu:1,normal_baseline
24.1,2026-01-01 00:00:24.100000+00:00,,syn-normal-baseline-100,normal-control,normal,0.05,0.0,0.5,0,10.0,118.66781993968787,19.47054619890631,7.444244679727422,663.1298055609753,33.39399606339476,872.2383638228275,100.0,100.0,True,,synthetic_normal_baseline,sim_user,normal_baseline,gpu:1,normal_baseline
24.2,2026-01-01 00:00:24.200000+00:00,,syn-normal-baseline-100,normal-control,normal,0.05,0.0,0.5,0,10.0,120.16736040300454,31.58582808454514,22.21964933393349,902.0221284126845,37.080497398258615,1984.9266520468536,100.0,100.0,True,,synthetic_normal_baseline,sim_user,normal_baseline,gpu:1,normal_baseline
24.3,2026-01-01 00:00:24.300000+00:00,,syn-normal-baseline-100,normal-control,normal,0.05,0.0,0.5,0,10.0,121.44946871383218,47.82311103223338,29.02915281040344,1407.7518394556553,41.61628381448299,2327.1663586072214,100.0,100.0,True,,synthetic_normal_baseline,sim_user,normal_baseline,gpu:1,normal_baseline
24.4,2026-01-01 00:00:24.400000+00:00,,syn-normal-baseline-100,normal-control,normal,0.05,0.0,0.5,0,10.0,119.75611022983115,29.875519387135988,25.813427592215355,931.8278044018691,36.617399584030274,2379.2126356076014,100.0,100.0,True,,synthetic_normal_baseline,sim_user,normal_baseline,gpu:1,normal_baseline
24.5,2026-01-01 00:00:24.500000+00:00,,syn-normal-baseline-100,normal-control,normal,0.05,0.0,0.5,0,10.0,119.94209274657388,32.78148686876247,12.98031969997184,1039.9168567003658,37.540686375199485,1273.8779277970987,100.0,100.0,True,,synthetic_normal_baseline,sim_user,normal_baseline,gpu:1,normal_baseline
24.6,2026-01-01 00:00:24.600000+00:00,,syn-normal-baseline-100,normal-control,normal,0.05,0.0,0.5,0,10.0,119.70259560175508,30.088735185961124,18.774299788789993,996.1995967006031,36.867607203195746,1851.7986912460663,100.0,100.0,True,,synthetic_normal_baseline,sim_user,normal_baseline,gpu:1,normal_baseline
24.7,2026-01-01 00:00:24.700000+00:00,,syn-normal-baseline-100,normal-control,normal,0.05,0.0,0.5,0,10.0,119.69668902548194,28.28710764710032,13.83903500057435,942.0480480539587,36.293164769119926,1363.5201695013427,100.0,100.0,True,,synthetic_normal_baseline,sim_user,normal_baseline,gpu:1,normal_baseline
24.8,2026-01-01 00:00:24.800000+00:00,,syn-normal-baseline-100,normal-control,normal,0.05,0.0,0.5,0,10.0,119.49299379624921,29.31007539715376,14.770113235989129,928.1286410342522,36.770072871106656,1411.8100810396772,100.0,100.0,True,,synthetic_normal_baseline,sim_user,normal_baseline,gpu:1,normal_baseline
24.9,2026-01-01 00:00:24.900000+00:00,,syn-normal-baseline-100,normal-control,normal,0.05,0.0,0.5,0,10.0,118.07270443080175,16.478408442219493,9.15402821635233,547.0458354270193,33.364661087922705,1048.6793574440076,100.0,100.0,True,,synthetic_normal_baseline,sim_user,normal_baseline,gpu:1,normal_baseline
25.0,2026-01-01 00:00:25+00:00,,syn-normal-baseline-100,normal-control,normal,0.05,0.0,0.5,0,10.0,117.89317760028344,17.307243469978136,7.521882793546309,682.4068337439576,33.524504605200505,806.6643132003461,100.0,100.0,True,,synthetic_normal_baseline,sim_user,normal_baseline,gpu:1,normal_baseline
25.1,2026-01-01 00:00:25.100000+00:00,,syn-normal-baseline-100,normal-control,normal,0.05,0.0,0.5,0,10.0,117.24241392730545,10.277613326015905,7.665003727526316,487.01295352823473,31.48671047205831,1044.9887471375696,100.0,100.0,True,,synthetic_normal_baseline,sim_user,normal_baseline,gpu:1,normal_baseline
25.2,2026-01-01 00:00:25.200000+00:00,,syn-normal-baseline-100,normal-control,normal,0.05,0.0,0.5,0,10.0,116.03767485609671,0.0,0.5116936605947113,210.0,28.369843216616555,499.2179273523623,100.0,100.0,True,,synthetic_normal_baseline,sim_user,normal_baseline,gpu:1,normal_baseline
25.3,2026-01-01 00:00:25.300000+00:00,,syn-normal-baseline-100,normal-control,normal,0.05,0.0,0.5,0,10.0,118.11556006832218,16.324735548387043,5.036950702776935,621.964966433885,32.781453091252565,763.4349333562616,100.0,100.0,True,,synthetic_normal_baseline,sim_user,normal_baseline,gpu:1,normal_baseline
25.4,2026-01-01 00:00:25.400000+00:00,,syn-normal-baseline-100,normal-control,normal,0.05,0.0,0.5,0,10.0,118.63716652995309,20.8406299713673,20.797540806985566,732.3858767781081,33.94155661447679,1886.5075096096505,100.0,100.0,True,,synthetic_normal_baseline,sim_user,normal_baseline,gpu:1,normal_baseline
25.5,2026-01-01 00:00:25.500000+00:00,,syn-normal-baseline-100,normal-control,normal,0.05,0.0,0.5,0,10.0,118.38303520759767,18.722796067388035,10.572087571844934,673.2083381978654,33.268260255298756,1170.8069054760751,100.0,100.0,True,,synthetic_normal_baseline,sim_user,normal_baseline,gpu:1,normal_baseline
25.6,2026-01-01 00:00:25.600000+00:00,,syn-normal-baseline-100,normal-control,normal,0.05,0.0,0.5,0,10.0,119.80504318052334,28.607867692758123,8.652521949962292,919.7443966226957,36.25648814474901,1033.7567825633682,100.0,100.0,True,,synthetic_normal_baseline,sim_user,normal_baseline,gpu:1,normal_baseline
25.7,2026-01-01 00:00:25.700000+00:00,,syn-normal-baseline-100,normal-control,normal,0.05,0.0,0.5,0,10.0,119.61858217631998,26.129267369419956,13.424635514868028,872.2435101611625,35.33484290847728,1518.0779905412305,100.0,100.0,True,,synthetic_normal_baseline,sim_user,normal_baseline,gpu:1,normal_baseline
25.8,2026-01-01 00:00:25.800000+00:00,,syn-normal-baseline-100,normal-control,normal,0.05,0.0,0.5,0,10.0,120.06527007490402,33.075892489944124,18.466882980609597,1018.9774911206108,37.467884804695814,1816.3746253616457,100.0,100.0,True,,synthetic_normal_baseline,sim_user,normal_baseline,gpu:1,normal_baseline
25.9,2026-01-01 00:00:25.900000+00:00,,syn-normal-baseline-100,normal-control,normal,0.05,0.0,0.5,0,10.0,119.43489234968905,28.613699295932427,14.642702034627439,920.9583905048124,36.11011177715166,1623.5847940673457,100.0,100.0,True,,synthetic_normal_baseline,sim_user,normal_baseline,gpu:1,normal_baseline
26.0,2026-01-01 00:00:26+00:00,,syn-normal-baseline-100,normal-control,normal,0.05,0.0,0.5,0,10.0,119.99109128644653,30.302021401003017,15.609112201454064,973.2523773190562,36.33937442835771,1443.71115658716,100.0,100.0,True,,synthetic_normal_baseline,sim_user,normal_baseline,gpu:1,normal_baseline
26.1,2026-01-01 00:00:26.100000+00:00,,syn-normal-baseline-100,normal-control,normal,0.05,0.0,0.5,0,10.0,120.29623039527841,39.05884167734434,26.597560377379423,1153.4815961095903,39.09025001647403,2389.5226377005997,100.0,100.0,True,,synthetic_normal_baseline,sim_user,normal_baseline,gpu:1,normal_baseline
26.2,2026-01-01 00:00:26.200000+00:00,,syn-normal-baseline-100,normal-control,normal,0.05,0.0,0.5,0,10.0,119.54739916708536,30.203371182643128,14.40280103107328,941.945399048074,36.812269603438615,1441.3425481552188,100.0,100.0,True,,synthetic_normal_baseline,sim_user,normal_baseline,gpu:1,normal_baseline
26.3,2026-01-01 00:00:26.300000+00:00,,syn-normal-baseline-100,normal-control,normal,0.05,0.0,0.5,0,10.0,119.28031208125468,25.60928774549466,12.311726410613195,799.3695645448129,35.55003054038593,1237.96552097254,100.0,100.0,True,,synthetic_normal_baseline,sim_user,normal_baseline,gpu:1,normal_baseline
26.4,2026-01-01 00:00:26.400000+00:00,,syn-normal-baseline-100,normal-control,normal,0.05,0.0,0.5,0,10.0,119.21903669055715,30.17843273961652,14.507651163594659,1015.0391749837206,36.88282838587648,1354.6005278071605,100.0,100.0,True,,synthetic_normal_baseline,sim_user,normal_baseline,gpu:1,normal_baseline
26.5,2026-01-01 00:00:26.500000+00:00,,syn-normal-baseline-100,normal-control,normal,0.05,0.0,0.5,0,10.0,117.93833072316389,11.994757546856707,5.08827638646857,494.46783532689005,31.349870866699007,832.8661420233318,100.0,100.0,True,,synthetic_normal_baseline,sim_user,normal_baseline,gpu:1,normal_baseline
26.6,2026-01-01 00:00:26.600000+00:00,,syn-normal-baseline-100,normal-control,normal,0.05,0.0,0.5,0,10.0,118.1690822959622,15.003632094095233,5.592608166448574,644.9128873654145,32.36811504231901,858.3991068051457,100.0,100.0,True,,synthetic_normal_baseline,sim_user,normal_baseline,gpu:1,normal_baseline
26.7,2026-01-01 00:00:26.700000+00:00,,syn-normal-baseline-100,normal-control,normal,0.05,0.0,0.5,0,10.0,119.41066392329085,25.55514641042599,14.585682027926039,794.4952222930748,35.09289943185842,1563.8060158005094,100.0,100.0,True,,synthetic_normal_baseline,sim_user,normal_baseline,gpu:1,normal_baseline
26.8,2026-01-01 00:00:26.800000+00:00,,syn-normal-baseline-100,normal-control,normal,0.05,0.0,0.5,0,10.0,119.47400969861658,30.618705306981653,21.292097734256505,1008.7468185233624,36.78915073011299,2001.1383835933268,100.0,100.0,True,,synthetic_normal_baseline,sim_user,normal_baseline,gpu:1,normal_baseline
26.9,2026-01-01 00:00:26.900000+00:00,,syn-normal-baseline-100,normal-control,normal,0.05,0.0,0.5,0,10.0,118.10566607655771,15.00278192245479,8.85491356466501,626.7850445651443,32.536227984210335,1072.8524056795352,100.0,100.0,True,,synthetic_normal_baseline,sim_user,normal_baseline,gpu:1,normal_baseline
27.0,2026-01-01 00:00:27+00:00,,syn-normal-baseline-100,normal-control,normal,0.05,0.0,0.5,0,10.0,119.06394728067143,26.214713207145067,15.092800239746666,888.583341289629,35.48874717505044,1623.557310161691,100.0,100.0,True,,synthetic_normal_baseline,sim_user,normal_baseline,gpu:1,normal_baseline
27.1,2026-01-01 00:00:27.100000+00:00,,syn-normal-baseline-100,normal-control,normal,0.05,0.0,0.5,0,10.0,118.25508978739381,18.28824925980383,8.209925135414757,693.0925835055692,33.0384367346451,1327.4918909036971,100.0,100.0,True,,synthetic_normal_baseline,sim_user,normal_baseline,gpu:1,normal_baseline
27.2,2026-01-01 00:00:27.200000+00:00,,syn-normal-baseline-100,normal-control,normal,0.05,0.0,0.5,0,10.0,119.34208050325715,25.956670002623294,12.265516607642317,918.9985184226812,35.12748016740614,1488.9646422795333,100.0,100.0,True,,synthetic_normal_baseline,sim_user,normal_baseline,gpu:1,normal_baseline
27.3,2026-01-01 00:00:27.300000+00:00,,syn-normal-baseline-100,normal-control,normal,0.05,0.0,0.5,0,10.0,120.6647284612773,38.76926406563016,15.516682230401964,1245.0030315856902,38.657136229937876,1492.872329466307,100.0,100.0,True,,synthetic_normal_baseline,sim_user,normal_baseline,gpu:1,normal_baseline
27.4,2026-01-01 00:00:27.400000+00:00,,syn-normal-baseline-100,normal-control,normal,0.05,0.0,0.5,0,10.0,119.4805834927104,25.950386083351596,21.745145126950614,820.4286722783764,35.227672402065714,2024.6208769062587,100.0,100.0,True,,synthetic_normal_baseline,sim_user,normal_baseline,gpu:1,normal_baseline
27.5,2026-01-01 00:00:27.500000+00:00,,syn-normal-baseline-100,normal-control,normal,0.05,0.0,0.5,0,10.0,120.38315658806034,37.769415888125245,19.794800016026624,1088.1530259589035,38.45685210074601,1881.994725776917,100.0,100.0,True,,synthetic_normal_baseline,sim_user,normal_baseline,gpu:1,normal_baseline
27.6,2026-01-01 00:00:27.600000+00:00,,syn-normal-baseline-100,normal-control,normal,0.05,0.0,0.5,0,10.0,119.73462805061696,28.53127523140771,11.915722442668727,856.0389969323079,35.72352063810766,980.2770837317744,100.0,100.0,True,,synthetic_normal_baseline,sim_user,normal_baseline,gpu:1,normal_baseline
27.7,2026-01-01 00:00:27.700000+00:00,,syn-normal-baseline-100,normal-control,normal,0.05,0.0,0.5,0,10.0,121.83940211275493,46.85604920239476,25.992458875967966,1364.1209723361646,40.47976155949656,2292.495456441864,100.0,100.0,True,,synthetic_normal_baseline,sim_user,normal_baseline,gpu:1,normal_baseline
27.8,2026-01-01 00:00:27.800000+00:00,,syn-normal-baseline-100,normal-control,normal,0.05,0.0,0.5,0,10.0,122.06519924433843,51.92961077771013,27.744268114975345,1485.1996468989207,42.038709372541554,2384.140490761274,100.0,100.0,True,,synthetic_normal_baseline,sim_user,normal_baseline,gpu:1,normal_baseline
27.9,2026-01-01 00:00:27.900000+00:00,,syn-normal-baseline-100,normal-control,normal,0.05,0.0,0.5,0,10.0,121.19754186143331,42.13705412186441,27.819679834174835,1245.568423028643,39.32493051053793,2437.4979904374786,100.0,100.0,True,,synthetic_normal_baseline,sim_user,normal_baseline,gpu:1,normal_baseline
28.0,2026-01-01 00:00:28+00:00,,syn-normal-baseline-100,normal-control,normal,0.05,0.0,0.5,0,10.0,121.3926300448347,48.53206762138549,28.275855963927317,1403.822065491572,41.29603359946119,2384.7846548567295,100.0,100.0,True,,synthetic_normal_baseline,sim_user,normal_baseline,gpu:1,normal_baseline
28.1,2026-01-01 00:00:28.100000+00:00,,syn-normal-baseline-100,normal-control,normal,0.05,0.0,0.5,0,10.0,120.00431458059819,35.61982694181668,15.236193889468957,1101.5057740313773,37.95131646983672,1466.0228422641803,100.0,100.0,True,,synthetic_normal_baseline,sim_user,normal_baseline,gpu:1,normal_baseline
28.2,2026-01-01 00:00:28.200000+00:00,,syn-normal-baseline-100,normal-control,normal,0.05,0.0,0.5,0,10.0,118.47949445953867,16.423816744977156,6.939048280457095,618.2357445031435,32.7403057988098,809.4388780637639,100.0,100.0,True,,synthetic_normal_baseline,sim_user,normal_baseline,gpu:1,normal_baseline
28.3,2026-01-01 00:00:28.300000+00:00,,syn-normal-baseline-100,normal-control,normal,0.05,0.0,0.5,0,10.0,119.75849235410298,31.048121577377742,13.516835761477678,1002.3085654106208,36.573252339716255,1244.065870973524,100.0,100.0,True,,synthetic_normal_baseline,sim_user,normal_baseline,gpu:1,normal_baseline
28.4,2026-01-01 00:00:28.400000+00:00,,syn-normal-baseline-100,normal-control,normal,0.05,0.0,0.5,0,10.0,119.29928275377489,26.502515300940168,13.83428420811124,827.847827975964,35.10670270947931,1460.1832685006964,100.0,100.0,True,,synthetic_normal_baseline,sim_user,normal_baseline,gpu:1,normal_baseline
28.5,2026-01-01 00:00:28.500000+00:00,,syn-normal-baseline-100,normal-control,normal,0.05,0.0,0.5,0,10.0,118.82859726734345,27.05373268166943,8.648501861557152,879.6818510759505,35.22705983785648,1048.6491282032243,100.0,100.0,True,,synthetic_normal_baseline,sim_user,normal_baseline,gpu:1,normal_baseline
28.6,2026-01-01 00:00:28.600000+00:00,,syn-normal-baseline-100,normal-control,normal,0.05,0.0,0.5,0,10.0,118.41057502081357,18.045527606449596,16.68531678730027,676.5111303695581,32.905181381023496,1668.3017981377336,100.0,100.0,True,,synthetic_normal_baseline,sim_user,normal_baseline,gpu:1,normal_baseline
28.7,2026-01-01 00:00:28.700000+00:00,,syn-normal-baseline-100,normal-control,normal,0.05,0.0,0.5,0,10.0,118.88078326456471,21.94066120294078,13.572740467517377,821.7437570114452,33.872588284226545,1402.886915595186,100.0,100.0,True,,synthetic_normal_baseline,sim_user,normal_baseline,gpu:1,normal_baseline
28.8,2026-01-01 00:00:28.800000+00:00,,syn-normal-baseline-100,normal-control,normal,0.05,0.0,0.5,0,10.0,118.59592180540342,20.348386190211563,11.937187850133679,737.9033698571295,33.671494370807075,1151.5398401798857,100.0,100.0,True,,synthetic_normal_baseline,sim_user,normal_baseline,gpu:1,normal_baseline
28.9,2026-01-01 00:00:28.900000+00:00,,syn-normal-baseline-100,normal-control,normal,0.05,0.0,0.5,0,10.0,117.80317806382958,13.497834192031894,8.530351146560466,536.1865829907815,31.88878511668309,1100.411353160718,100.0,100.0,True,,synthetic_normal_baseline,sim_user,normal_baseline,gpu:1,normal_baseline
29.0,2026-01-01 00:00:29+00:00,,syn-normal-baseline-100,normal-control,normal,0.05,0.0,0.5,0,10.0,117.72514282191197,11.444489453936635,8.768339456263325,513.2434422465298,31.333087274617693,1086.3175070189868,100.0,100.0,True,,synthetic_normal_baseline,sim_user,normal_baseline,gpu:1,normal_baseline
29.1,2026-01-01 00:00:29.100000+00:00,,syn-normal-baseline-100,normal-control,normal,0.05,0.0,0.5,0,10.0,117.49801080335304,11.820050985473676,3.178974828233953,536.5570954244942,31.446236134102886,708.3205570183452,100.0,100.0,True,,synthetic_normal_baseline,sim_user,normal_baseline,gpu:1,normal_baseline
29.2,2026-01-01 00:00:29.200000+00:00,,syn-normal-baseline-100,normal-control,normal,0.05,0.0,0.5,0,10.0,116.45980966657213,1.3018216636280864,1.2369540066161868,248.8360779688904,28.56145018660771,589.8791140425553,100.0,100.0,True,,synthetic_normal_baseline,sim_user,normal_baseline,gpu:1,normal_baseline
29.3,2026-01-01 00:00:29.300000+00:00,,syn-normal-baseline-100,normal-control,normal,0.05,0.0,0.5,0,10.0,117.55589633418317,10.097335633157112,12.04999803674513,456.67559270457957,31.29907981524974,1337.541164839221,100.0,100.0,True,,synthetic_normal_baseline,sim_user,normal_baseline,gpu:1,normal_baseline
29.4,2026-01-01 00:00:29.400000+00:00,,syn-normal-baseline-100,normal-control,normal,0.05,0.0,0.5,0,10.0,118.02605809255053,18.897829038860603,16.16747156853395,664.0671999182948,33.88621390734051,1738.001074182249,100.0,100.0,True,,synthetic_normal_baseline,sim_user,normal_baseline,gpu:1,normal_baseline
29.5,2026-01-01 00:00:29.500000+00:00,,syn-normal-baseline-100,normal-control,normal,0.05,0.0,0.5,0,10.0,116.63377097027524,4.1756375030733945,0.0,268.2493158881015,29.913098263701656,326.0275292557809,100.0,100.0,True,,synthetic_normal_baseline,sim_user,normal_baseline,gpu:1,normal_baseline
29.6,2026-01-01 00:00:29.600000+00:00,,syn-normal-baseline-100,normal-control,normal,0.05,0.0,0.5,0,10.0,116.65755523652778,1.966315784339303,0.0,272.9539958044113,29.38312530568609,475.94824299552596,100.0,100.0,True,,synthetic_normal_baseline,sim_user,normal_baseline,gpu:1,normal_baseline
29.7,2026-01-01 00:00:29.700000+00:00,,syn-normal-baseline-100,normal-control,normal,0.05,0.0,0.5,0,10.0,116.98535361628396,4.119268539062681,1.090841396874677,267.7979538409527,29.57703785696052,415.0207239538181,100.0,100.0,True,,synthetic_normal_baseline,sim_user,normal_baseline,gpu:1,normal_baseline
29.8,2026-01-01 00:00:29.800000+00:00,,syn-normal-baseline-100,normal-control,normal,0.05,0.0,0.5,0,10.0,117.96267751144309,14.635423715755293,0.7161314868225466,582.2267719191091,32.472651435694345,542.9476993171729,100.0,100.0,True,,synthetic_normal_baseline,sim_user,normal_baseline,gpu:1,normal_baseline
29.9,2026-01-01 00:00:29.900000+00:00,,syn-normal-baseline-100,normal-control,normal,0.05,0.0,0.5,0,10.0,119.39586336794149,25.131290094113638,11.37702778616035,805.1391984465332,35.219794278102704,1107.7232981353527,100.0,100.0,True,,synthetic_normal_baseline,sim_user,normal_baseline,gpu:1,normal_baseline
30.0,2026-01-01 00:00:30+00:00,,syn-normal-baseline-100,normal-control,normal,0.05,0.0,0.5,0,10.0,120.20957669487198,32.02491424219386,17.52245125236981,985.6260105013802,37.040404513927236,1663.8303711043638,100.0,100.0,True,,synthetic_normal_baseline,sim_user,normal_baseline,gpu:1,normal_baseline
30.1,2026-01-01 00:00:30.100000+00:00,,syn-normal-baseline-100,normal-control,normal,0.05,0.0,0.5,0,10.0,120.6737513465946,40.8299801146545,24.48787041533583,1240.7304990132104,39.74862725346875,2008.9182622400062,100.0,100.0,True,,synthetic_normal_baseline,sim_user,normal_baseline,gpu:1,normal_baseline
30.2,2026-01-01 00:00:30.200000+00:00,,syn-normal-baseline-100,normal-control,normal,0.05,0.0,0.5,0,10.0,119.17811979874136,25.458942703459588,13.35206717130099,870.0651395217185,35.35075791981333,1459.482893339585,100.0,100.0,True,,synthetic_normal_baseline,sim_user,normal_baseline,gpu:1,normal_baseline
30.3,2026-01-01 00:00:30.300000+00:00,,syn-normal-baseline-100,normal-control,normal,0.05,0.0,0.5,0,10.0,119.70359524033357,29.147787142968905,10.311309064276148,944.0616269767819,36.485011133190675,1087.406740284994,100.0,100.0,True,,synthetic_normal_baseline,sim_user,normal_baseline,gpu:1,normal_baseline
30.4,2026-01-01 00:00:30.400000+00:00,,syn-normal-baseline-100,normal-control,normal,0.05,0.0,0.5,0,10.0,119.96920599503892,32.93173151479873,17.16950279791324,1026.3199466230265,37.48804542013943,1678.9955541937582,100.0,100.0,True,,synthetic_normal_baseline,sim_user,normal_baseline,gpu:1,normal_baseline
30.5,2026-01-01 00:00:30.500000+00:00,,syn-normal-baseline-100,normal-control,normal,0.05,0.0,0.5,0,10.0,120.11908242741653,32.71884476525103,14.88198800107471,1032.4896668568845,37.39895262123407,1484.552010233714,100.0,100.0,True,,synthetic_normal_baseline,sim_user,normal_baseline,gpu:1,normal_baseline
30.6,2026-01-01 00:00:30.600000+00:00,,syn-normal-baseline-100,normal-control,normal,0.05,0.0,0.5,0,10.0,119.42177309059342,28.00444770360143,19.230041102861456,956.506045118578,36.125631594491445,1571.7087638554817,100.0,100.0,True,,synthetic_normal_baseline,sim_user,normal_baseline,gpu:1,normal_baseline
30.7,2026-01-01 00:00:30.700000+00:00,,syn-normal-baseline-100,normal-control,normal,0.05,0.0,0.5,0,10.0,119.11772513595947,28.86839085609139,19.381920341381576,891.3257564456329,36.340516007323124,1852.8138237004748,100.0,100.0,True,,synthetic_normal_baseline,sim_user,normal_baseline,gpu:1,normal_baseline
30.8,2026-01-01 00:00:30.800000+00:00,,syn-normal-baseline-100,normal-control,normal,0.05,0.0,0.5,0,10.0,117.9756814345271,15.358865447541408,6.52734390697268,661.0649690632443,32.61429173534428,955.0420979011227,100.0,100.0,True,,synthetic_normal_baseline,sim_user,normal_baseline,gpu:1,normal_baseline
30.9,2026-01-01 00:00:30.900000+00:00,,syn-normal-baseline-100,normal-control,normal,0.05,0.0,0.5,0,10.0,118.35087064418597,17.432566161462034,14.823634155454354,686.7861544123643,33.18231986273572,1367.5113287239942,100.0,100.0,True,,synthetic_normal_baseline,sim_user,normal_baseline,gpu:1,normal_baseline
31.0,2026-01-01 00:00:31+00:00,,syn-normal-baseline-100,normal-control,normal,0.05,0.0,0.5,0,10.0,118.9302417477693,21.348902921197247,10.50224541646723,740.6598586276988,34.31196423198391,1047.225791887709,100.0,100.0,True,,synthetic_normal_baseline,sim_user,normal_baseline,gpu:1,normal_baseline
31.1,2026-01-01 00:00:31.100000+00:00,,syn-normal-baseline-100,normal-control,normal,0.05,0.0,0.5,0,10.0,119.50951605516262,29.885376833459013,17.740012151605175,1000.276028901858,36.490616723839345,1538.7367976886255,100.0,100.0,True,,synthetic_normal_baseline,sim_user,normal_baseline,gpu:1,normal_baseline
31.2,2026-01-01 00:00:31.200000+00:00,,syn-normal-baseline-100,normal-control,normal,0.05,0.0,0.5,0,10.0,119.93834721272061,31.963486369613513,23.41901624991956,1014.2192016233206,36.91978688635253,1981.1485642824266,100.0,100.0,True,,synthetic_normal_baseline,sim_user,normal_baseline,gpu:1,normal_baseline
31.3,2026-01-01 00:00:31.300000+00:00,,syn-normal-baseline-100,normal-control,normal,0.05,0.0,0.5,0,10.0,120.03577650971332,33.953867238131366,21.52780510106494,1062.6707519111633,37.48779689236579,1890.922341010482,100.0,100.0,True,,synthetic_normal_baseline,sim_user,normal_baseline,gpu:1,normal_baseline
31.4,2026-01-01 00:00:31.400000+00:00,,syn-normal-baseline-100,normal-control,normal,0.05,0.0,0.5,0,10.0,118.37915183006547,15.663513617562574,7.8798904055110555,649.7247452202164,32.48479471344909,863.9917860772842,100.0,100.0,True,,synthetic_normal_baseline,sim_user,normal_baseline,gpu:1,normal_baseline
31.5,2026-01-01 00:00:31.500000+00:00,,syn-normal-baseline-100,normal-control,normal,0.05,0.0,0.5,0,10.0,118.60552850459612,20.072600400122862,11.85988208157363,742.9935194188852,33.749912608363005,1383.2689441056466,100.0,100.0,True,,synthetic_normal_baseline,sim_user,normal_baseline,gpu:1,normal_baseline
31.6,2026-01-01 00:00:31.600000+00:00,,syn-normal-baseline-100,normal-control,normal,0.05,0.0,0.5,0,10.0,118.8280600852412,22.95114031561714,23.486041037133756,734.0182388495757,34.5533521741332,2078.731950950136,100.0,100.0,True,,synthetic_normal_baseline,sim_user,normal_baseline,gpu:1,normal_baseline
31.7,2026-01-01 00:00:31.700000+00:00,,syn-normal-baseline-100,normal-control,normal,0.05,0.0,0.5,0,10.0,118.91412419090844,24.555040781397487,12.847310756804221,819.4704209352368,35.02552970914521,1243.8297282717242,100.0,100.0,True,,synthetic_normal_baseline,sim_user,normal_baseline,gpu:1,normal_baseline
31.8,2026-01-01 00:00:31.800000+00:00,,syn-normal-baseline-100,normal-control,normal,0.05,0.0,0.5,0,10.0,117.67165495863642,13.329424576485918,9.113923586900281,573.7057839374268,31.832899760616932,881.7523648313817,100.0,100.0,True,,synthetic_normal_baseline,sim_user,normal_baseline,gpu:1,normal_baseline
31.9,2026-01-01 00:00:31.900000+00:00,,syn-normal-baseline-100,normal-control,normal,0.05,0.0,0.5,0,10.0,116.69117079337764,3.8307156356088647,0.0,241.1837741794625,29.210393885503578,431.61046644851575,100.0,100.0,True,,synthetic_normal_baseline,sim_user,normal_baseline,gpu:1,normal_baseline
32.0,2026-01-01 00:00:32+00:00,,syn-normal-baseline-100,normal-control,normal,0.05,0.0,0.5,0,10.0,117.11902291218117,10.613629276492507,8.293308602579947,466.2710444554788,31.18881503640928,1003.3484163363423,100.0,100.0,True,,synthetic_normal_baseline,sim_user,normal_baseline,gpu:1,normal_baseline
32.1,2026-01-01 00:00:32.100000+00:00,,syn-normal-baseline-100,normal-control,normal,0.05,0.0,0.5,0,10.0,116.44202726287449,2.187422691914935,0.0,210.0,28.858156987948636,531.4410247634605,100.0,100.0,True,,synthetic_normal_baseline,sim_user,normal_baseline,gpu:1,normal_baseline
32.2,2026-01-01 00:00:32.200000+00:00,,syn-normal-baseline-100,normal-control,normal,0.05,0.0,0.5,0,10.0,116.70667792668151,0.3537453851142702,3.8776627042418825,268.0936159286538,28.21747854472793,575.9581266420108,100.0,100.0,True,,synthetic_normal_baseline,sim_user,normal_baseline,gpu:1,normal_baseline
32.3,2026-01-01 00:00:32.300000+00:00,,syn-normal-baseline-100,normal-control,normal,0.05,0.0,0.5,0,10.0,118.57091784401504,17.99183136112088,6.793955323817473,664.4414103715965,32.77957769053703,865.676683706727,100.0,100.0,True,,synthetic_normal_baseline,sim_user,normal_baseline,gpu:1,normal_baseline
32.4,2026-01-01 00:00:32.400000+00:00,,syn-normal-baseline-100,normal-control,normal,0.05,0.0,0.5,0,10.0,119.46434614933507,28.126026886813058,18.363221552669025,930.2997817005248,35.78906674109032,1895.7772921066162,100.0,100.0,True,,synthetic_normal_baseline,sim_user,normal_baseline,gpu:1,normal_baseline
32.5,2026-01-01 00:00:32.500000+00:00,,syn-normal-baseline-100,normal-control,normal,0.05,0.0,0.5,0,10.0,118.97479968413019,24.471293183064105,13.958871624278963,841.219999024354,34.48026450122093,1373.0506939499994,100.0,100.0,True,,synthetic_normal_baseline,sim_user,normal_baseline,gpu:1,normal_baseline
32.6,2026-01-01 00:00:32.600000+00:00,,syn-normal-baseline-100,normal-control,normal,0.05,0.0,0.5,0,10.0,119.67767994212966,27.394212545083942,16.71663242715478,920.1867383020248,35.211235436076244,1590.189751473111,100.0,100.0,True,,synthetic_normal_baseline,sim_user,normal_baseline,gpu:1,normal_baseline
32.7,2026-01-01 00:00:32.700000+00:00,,syn-normal-baseline-100,normal-control,normal,0.05,0.0,0.5,0,10.0,121.26737485822183,41.31116321714401,25.045863263817406,1198.7851270782016,38.89545049634479,2298.4975873203994,100.0,100.0,True,,synthetic_normal_baseline,sim_user,normal_baseline,gpu:1,normal_baseline
32.8,2026-01-01 00:00:32.800000+00:00,,syn-normal-baseline-100,normal-control,normal,0.05,0.0,0.5,0,10.0,123.2348982552852,61.390328164424524,37.18622226711857,1779.636317977595,44.40916926948923,3092.5463164790153,100.0,100.0,True,,synthetic_normal_baseline,sim_user,normal_baseline,gpu:1,normal_baseline
32.9,2026-01-01 00:00:32.900000+00:00,,syn-normal-baseline-100,normal-control,normal,0.05,0.0,0.5,0,10.0,123.31868014724152,61.89969455009153,30.897712671669282,1729.5162467297355,44.64319134166433,2510.247546311717,100.0,100.0,True,,synthetic_normal_baseline,sim_user,normal_baseline,gpu:1,normal_baseline
33.0,2026-01-01 00:00:33+00:00,,syn-normal-baseline-100,normal-control,normal,0.05,0.0,0.5,0,10.0,123.26387402469022,61.6492568349513,26.750318818581384,1741.3323505427538,44.65346978427457,2352.7678321594144,100.0,100.0,True,,synthetic_normal_baseline,sim_user,normal_baseline,gpu:1,normal_baseline
33.1,2026-01-01 00:00:33.100000+00:00,,syn-normal-baseline-100,normal-control,normal,0.05,0.0,0.5,0,10.0,123.20630222322595,61.843234087397065,33.81045952487399,1826.7265263883655,44.75421951528418,2664.432402802169,100.0,100.0,True,,synthetic_normal_baseline,sim_user,normal_baseline,gpu:1,normal_baseline
33.2,2026-01-01 00:00:33.200000+00:00,,syn-normal-baseline-100,normal-control,normal,0.05,0.0,0.5,0,10.0,122.98378182172414,58.622746485379174,35.360761696394576,1645.2189922384064,44.09000548197881,2808.87098550608,100.0,100.0,True,,synthetic_normal_baseline,sim_user,normal_baseline,gpu:1,normal_baseline
33.3,2026-01-01 00:00:33.300000+00:00,,syn-normal-baseline-100,normal-control,normal,0.05,0.0,0.5,0,10.0,121.76637598126734,46.454844045815946,21.353080756194814,1389.4349184927835,40.651912363647014,1905.1154538505646,100.0,100.0,True,,synthetic_normal_baseline,sim_user,normal_baseline,gpu:1,normal_baseline
33.4,2026-01-01 00:00:33.400000+00:00,,syn-normal-baseline-100,normal-control,normal,0.05,0.0,0.5,0,10.0,122.24385113120302,54.69377640188884,34.587908772621454,1613.7316761505683,43.39803723561472,2954.831060860023,100.0,100.0,True,,synthetic_normal_baseline,sim_user,normal_baseline,gpu:1,normal_baseline
33.5,2026-01-01 00:00:33.500000+00:00,,syn-normal-baseline-100,normal-control,normal,0.05,0.0,0.5,0,10.0,121.21320840080968,45.368842038008616,21.661179447225983,1312.831845480383,40.571016536138046,1954.2132661682585,100.0,100.0,True,,synthetic_normal_baseline,sim_user,normal_baseline,gpu:1,normal_baseline
33.6,2026-01-01 00:00:33.600000+00:00,,syn-normal-baseline-100,normal-control,normal,0.05,0.0,0.5,0,10.0,120.82237055899932,43.38669643502059,24.744436684861267,1298.3178291277081,40.3324432809205,2233.933561311796,100.0,100.0,True,,synthetic_normal_baseline,sim_user,normal_baseline,gpu:1,normal_baseline
33.7,2026-01-01 00:00:33.700000+00:00,,syn-normal-baseline-100,normal-control,normal,0.05,0.0,0.5,0,10.0,119.93364546423149,33.250899837231565,18.689497018514693,1040.3420766742806,37.63672461783901,1767.9002005323862,100.0,100.0,True,,synthetic_normal_baseline,sim_user,normal_baseline,gpu:1,normal_baseline
33.8,2026-01-01 00:00:33.800000+00:00,,syn-normal-baseline-100,normal-control,normal,0.05,0.0,0.5,0,10.0,119.45747933516695,28.52894919859633,16.29518209252896,936.8355835336624,36.40836235372238,1586.8646474838815,100.0,100.0,True,,synthetic_normal_baseline,sim_user,normal_baseline,gpu:1,normal_baseline
33.9,2026-01-01 00:00:33.900000+00:00,,syn-normal-baseline-100,normal-control,normal,0.05,0.0,0.5,0,10.0,119.10788898753628,25.735070111034606,19.93186380223888,892.8845014568004,35.797180789450344,1864.9477744795188,100.0,100.0,True,,synthetic_normal_baseline,sim_user,normal_baseline,gpu:1,normal_baseline
34.0,2026-01-01 00:00:34+00:00,,syn-normal-baseline-100,normal-control,normal,0.05,0.0,0.5,0,10.0,118.09139153289938,17.187440946083164,5.107570722343776,662.5860826904991,33.50275105215395,806.5100363224485,100.0,100.0,True,,synthetic_normal_baseline,sim_user,normal_baseline,gpu:1,normal_baseline
34.1,2026-01-01 00:00:34.100000+00:00,,syn-normal-baseline-100,normal-control,normal,0.05,0.0,0.5,0,10.0,118.0858482295876,12.848300071634554,3.5502856752590617,551.4463711707716,32.327434824109915,791.2442178201695,100.0,100.0,True,,synthetic_normal_baseline,sim_user,normal_baseline,gpu:1,normal_baseline
34.2,2026-01-01 00:00:34.200000+00:00,,syn-normal-baseline-100,normal-control,normal,0.05,0.0,0.5,0,10.0,119.010505780515,24.186785769152817,11.644503201535187,748.7758108296465,35.602148089263665,1276.0439365063312,100.0,100.0,True,,synthetic_normal_baseline,sim_user,normal_baseline,gpu:1,normal_baseline
34.3,2026-01-01 00:00:34.300000+00:00,,syn-normal-baseline-100,normal-control,normal,0.05,0.0,0.5,0,10.0,118.88440237510898,22.710588908300075,13.671904484652915,774.4346425281359,34.81534593801911,1494.750320138856,100.0,100.0,True,,synthetic_normal_baseline,sim_user,normal_baseline,gpu:1,normal_baseline
34.4,2026-01-01 00:00:34.400000+00:00,,syn-normal-baseline-100,normal-control,normal,0.05,0.0,0.5,0,10.0,119.84306904942042,32.41313009062998,14.610079054893806,1062.6453158265758,37.64796370959948,1485.74435698146,100.0,100.0,True,,synthetic_normal_baseline,sim_user,normal_baseline,gpu:1,normal_baseline
34.5,2026-01-01 00:00:34.500000+00:00,,syn-normal-baseline-100,normal-control,normal,0.05,0.0,0.5,0,10.0,120.29639691727488,36.19714783188684,25.37197678415647,1107.0261728498233,38.81918372459459,2007.1160104479686,100.0,100.0,True,,synthetic_normal_baseline,sim_user,normal_baseline,gpu:1,normal_baseline
34.6,2026-01-01 00:00:34.600000+00:00,,syn-normal-baseline-100,normal-control,normal,0.05,0.0,0.5,0,10.0,119.87592899893903,31.326039848522786,17.569171538048238,987.5709669125454,37.320234760420654,1643.181553949651,100.0,100.0,True,,synthetic_normal_baseline,sim_user,normal_baseline,gpu:1,normal_baseline
34.7,2026-01-01 00:00:34.700000+00:00,,syn-normal-baseline-100,normal-control,normal,0.05,0.0,0.5,0,10.0,121.21268274927763,42.57492751705622,23.41296084567688,1297.3785285782062,40.10309242580859,2119.6342929600823,100.0,100.0,True,,synthetic_normal_baseline,sim_user,normal_baseline,gpu:1,normal_baseline
34.8,2026-01-01 00:00:34.800000+00:00,,syn-normal-baseline-100,normal-control,normal,0.05,0.0,0.5,0,10.0,121.98131000042412,47.396998457959214,24.471777165420885,1389.669668121968,41.27001232205263,2160.3297202525723,100.0,100.0,True,,synthetic_normal_baseline,sim_user,normal_baseline,gpu:1,normal_baseline
34.9,2026-01-01 00:00:34.900000+00:00,,syn-normal-baseline-100,normal-control,normal,0.05,0.0,0.5,0,10.0,122.89423525866246,58.47526707771037,36.04907007920884,1667.7993696243632,44.4209363557086,3003.8914563038534,100.0,100.0,True,,synthetic_normal_baseline,sim_user,normal_baseline,gpu:1,normal_baseline
35.0,2026-01-01 00:00:35+00:00,,syn-normal-baseline-100,normal-control,normal,0.05,0.0,0.5,0,10.0,122.09434445428384,50.09534025680447,33.25943113944137,1470.134237161232,42.0876644772368,2746.5077744785176,100.0,100.0,True,,synthetic_normal_baseline,sim_user,normal_baseline,gpu:1,normal_baseline
35.1,2026-01-01 00:00:35.100000+00:00,,syn-normal-baseline-100,normal-control,normal,0.05,0.0,0.5,0,10.0,121.79742340309441,47.775967107117665,16.67176777719107,1358.9372045959763,41.122545520322994,1498.9157882611194,100.0,100.0,True,,synthetic_normal_baseline,sim_user,normal_baseline,gpu:1,normal_baseline
35.2,2026-01-01 00:00:35.200000+00:00,,syn-normal-baseline-100,normal-control,normal,0.05,0.0,0.5,0,10.0,122.63819889582459,57.86923900938866,34.0750594709105,1664.272101079593,44.116686307615986,3001.5363786554108,100.0,100.0,True,,synthetic_normal_baseline,sim_user,normal_baseline,gpu:1,normal_baseline
35.3,2026-01-01 00:00:35.300000+00:00,,syn-normal-baseline-100,normal-control,normal,0.05,0.0,0.5,0,10.0,120.58435800731291,40.14819873206876,17.900785746336005,1154.5140078902293,39.545378504652206,1583.140791369988,100.0,100.0,True,,synthetic_normal_baseline,sim_user,normal_baseline,gpu:1,normal_baseline
35.4,2026-01-01 00:00:35.400000+00:00,,syn-normal-baseline-100,normal-control,normal,0.05,0.0,0.5,0,10.0,120.99937992750779,40.98139796488234,24.291616950755138,1214.5605097070204,39.84095816918328,2282.683322211449,100.0,100.0,True,,synthetic_normal_baseline,sim_user,normal_baseline,gpu:1,normal_baseline
35.5,2026-01-01 00:00:35.500000+00:00,,syn-normal-baseline-100,normal-control,normal,0.05,0.0,0.5,0,10.0,121.63841699562846,50.49369787106771,28.64603791184554,1410.9536971398697,42.6019195027941,2461.291982651299,100.0,100.0,True,,synthetic_normal_baseline,sim_user,normal_baseline,gpu:1,normal_baseline
35.6,2026-01-01 00:00:35.600000+00:00,,syn-normal-baseline-100,normal-control,normal,0.05,0.0,0.5,0,10.0,120.23820653585852,36.5003138350913,21.404815160249242,1085.643732401213,38.97830972015839,1791.6450179385993,100.0,100.0,True,,synthetic_normal_baseline,sim_user,normal_baseline,gpu:1,normal_baseline
35.7,2026-01-01 00:00:35.700000+00:00,,syn-normal-baseline-100,normal-control,normal,0.05,0.0,0.5,0,10.0,120.80502760087033,40.01974559651172,21.705105332241907,1179.0186191408848,39.888298261913,2043.8514170285787,100.0,100.0,True,,synthetic_normal_baseline,sim_user,normal_baseline,gpu:1,normal_baseline
35.8,2026-01-01 00:00:35.800000+00:00,,syn-normal-baseline-100,normal-control,normal,0.05,0.0,0.5,0,10.0,120.89514376184941,38.88340779198227,19.708877587179572,1218.101300228654,39.37433119909631,1658.3991293397733,100.0,100.0,True,,synthetic_normal_baseline,sim_user,normal_baseline,gpu:1,normal_baseline
35.9,2026-01-01 00:00:35.900000+00:00,,syn-normal-baseline-100,normal-control,normal,0.05,0.0,0.5,0,10.0,120.62113832964542,36.53500443134571,23.39232870231129,1155.9500700528672,38.53368979105795,2078.417861902516,100.0,100.0,True,,synthetic_normal_baseline,sim_user,normal_baseline,gpu:1,normal_baseline
36.0,2026-01-01 00:00:36+00:00,,syn-normal-baseline-100,normal-control,normal,0.05,0.0,0.5,0,10.0,120.72867718898587,41.10707614397473,18.99562616394715,1228.8771878796806,40.0601263552741,1706.4359498454185,100.0,100.0,True,,synthetic_normal_baseline,sim_user,normal_baseline,gpu:1,normal_baseline
36.1,2026-01-01 00:00:36.100000+00:00,,syn-normal-baseline-100,normal-control,normal,0.05,0.0,0.5,0,10.0,119.3350005448033,23.300210525070522,18.694396558641593,778.5079186747591,34.982828493416235,1592.469369766359,100.0,100.0,True,,synthetic_normal_baseline,sim_user,normal_baseline,gpu:1,normal_baseline
36.2,2026-01-01 00:00:36.200000+00:00,,syn-normal-baseline-100,normal-control,normal,0.05,0.0,0.5,0,10.0,119.79931171961488,34.64186641845028,22.099587127350183,1099.6131621179131,37.98343040966424,1993.3456108191308,100.0,100.0,True,,synthetic_normal_baseline,sim_user,normal_baseline,gpu:1,normal_baseline
36.3,2026-01-01 00:00:36.300000+00:00,,syn-normal-baseline-100,normal-control,normal,0.05,0.0,0.5,0,10.0,119.92740873526466,33.67955691595344,13.542442557579072,997.6168224744979,37.29958101421384,1283.7749979254634,100.0,100.0,True,,synthetic_normal_baseline,sim_user,normal_baseline,gpu:1,normal_baseline
36.4,2026-01-01 00:00:36.400000+00:00,,syn-normal-baseline-100,normal-control,normal,0.05,0.0,0.5,0,10.0,119.50072884676575,27.90894841153864,8.98592290597413,924.2896152948985,35.76655963505343,1154.9107338657288,100.0,100.0,True,,synthetic_normal_baseline,sim_user,normal_baseline,gpu:1,normal_baseline
36.5,2026-01-01 00:00:36.500000+00:00,,syn-normal-baseline-100,normal-control,normal,0.05,0.0,0.5,0,10.0,119.5811317532377,32.549933899587614,24.492873210346307,1001.917860455556,37.08576425493172,2072.8782917582375,100.0,100.0,True,,synthetic_normal_baseline,sim_user,normal_baseline,gpu:1,normal_baseline
36.6,2026-01-01 00:00:36.600000+00:00,,syn-normal-baseline-100,normal-control,normal,0.05,0.0,0.5,0,10.0,119.00102784208048,24.775696153856195,13.281772562638405,863.7325572335158,34.837209190022705,1148.2760936950701,100.0,100.0,True,,synthetic_normal_baseline,sim_user,normal_baseline,gpu:1,normal_baseline
36.7,2026-01-01 00:00:36.700000+00:00,,syn-normal-baseline-100,normal-control,normal,0.05,0.0,0.5,0,10.0,119.19939898613465,23.477986424223403,8.821771013999097,821.8895396769714,34.74956263374199,1187.8105019363625,100.0,100.0,True,,synthetic_normal_baseline,sim_user,normal_baseline,gpu:1,normal_baseline
36.8,2026-01-01 00:00:36.800000+00:00,,syn-normal-baseline-100,normal-control,normal,0.05,0.0,0.5,0,10.0,119.54879390382852,27.63545894734176,18.99458814567473,887.7234416574761,36.131673816031324,1669.4811294850563,100.0,100.0,True,,synthetic_normal_baseline,sim_user,normal_baseline,gpu:1,normal_baseline
36.9,2026-01-01 00:00:36.900000+00:00,,syn-normal-baseline-100,normal-control,normal,0.05,0.0,0.5,0,10.0,119.30042164951983,24.64304857201909,14.102227839241499,833.3967442605237,35.10748376888739,1516.728249559732,100.0,100.0,True,,synthetic_normal_baseline,sim_user,normal_baseline,gpu:1,normal_baseline
37.0,2026-01-01 00:00:37+00:00,,syn-normal-baseline-100,normal-control,normal,0.05,0.0,0.5,0,10.0,118.6888127309745,19.13592885057771,12.56259796302138,668.0904464628262,33.54689704905344,1131.6958207501523,100.0,100.0,True,,synthetic_normal_baseline,sim_user,normal_baseline,gpu:1,normal_baseline
37.1,2026-01-01 00:00:37.100000+00:00,,syn-normal-baseline-100,normal-control,normal,0.05,0.0,0.5,0,10.0,120.09570005220888,37.57509712570808,20.837246297340545,1084.3690204451486,38.570094389281685,1905.1976862904455,100.0,100.0,True,,synthetic_normal_baseline,sim_user,normal_baseline,gpu:1,normal_baseline
37.2,2026-01-01 00:00:37.200000+00:00,,syn-normal-baseline-100,normal-control,normal,0.05,0.0,0.5,0,10.0,118.59529916315374,20.943374930302753,12.03652510434292,802.5002686255032,34.20555355211257,1441.8104596121314,100.0,100.0,True,,synthetic_normal_baseline,sim_user,normal_baseline,gpu:1,normal_baseline
37.3,2026-01-01 00:00:37.300000+00:00,,syn-normal-baseline-100,normal-control,normal,0.05,0.0,0.5,0,10.0,119.10984362315273,24.788544207882467,16.189234105384916,857.5040406531768,34.86343133146333,1627.6268907535764,100.0,100.0,True,,synthetic_normal_baseline,sim_user,normal_baseline,gpu:1,normal_baseline
37.4,2026-01-01 00:00:37.400000+00:00,,syn-normal-baseline-100,normal-control,normal,0.05,0.0,0.5,0,10.0,119.22762860601517,27.76949510000223,18.729506688959916,925.1045069688199,35.76228034117835,1666.3124073542594,100.0,100.0,True,,synthetic_normal_baseline,sim_user,normal_baseline,gpu:1,normal_baseline
37.5,2026-01-01 00:00:37.500000+00:00,,syn-normal-baseline-100,normal-control,normal,0.05,0.0,0.5,0,10.0,117.75476521305998,14.652950976442455,0.5220987853778842,559.0416346680479,32.0507926480194,260.8416438309624,100.0,100.0,True,,synthetic_normal_baseline,sim_user,normal_baseline,gpu:1,normal_baseline
37.6,2026-01-01 00:00:37.600000+00:00,,syn-normal-baseline-100,normal-control,normal,0.05,0.0,0.5,0,10.0,116.93684575232768,5.068213366565081,2.510032630372557,322.00292577264645,29.04137395088776,587.3300664603262,100.0,100.0,True,,synthetic_normal_baseline,sim_user,normal_baseline,gpu:1,normal_baseline
37.7,2026-01-01 00:00:37.700000+00:00,,syn-normal-baseline-100,normal-control,normal,0.05,0.0,0.5,0,10.0,118.38619946483351,16.892030009058576,12.183854600102677,598.2881163043385,32.17637123256553,1230.25555172479,100.0,100.0,True,,synthetic_normal_baseline,sim_user,normal_baseline,gpu:1,normal_baseline
37.8,2026-01-01 00:00:37.800000+00:00,,syn-normal-baseline-100,normal-control,normal,0.05,0.0,0.5,0,10.0,118.63576868515955,17.092206322884664,13.606342642860461,681.4194995275597,32.29562455310911,1456.2619405196742,100.0,100.0,True,,synthetic_normal_baseline,sim_user,normal_baseline,gpu:1,normal_baseline
37.9,2026-01-01 00:00:37.900000+00:00,,syn-normal-baseline-100,normal-control,normal,0.05,0.0,0.5,0,10.0,120.27951763303241,37.036652971978825,19.074044734846435,1097.791835632632,37.95601487273771,1793.8307149459558,100.0,100.0,True,,synthetic_normal_baseline,sim_user,normal_baseline,gpu:1,normal_baseline
38.0,2026-01-01 00:00:38+00:00,,syn-normal-baseline-100,normal-control,normal,0.05,0.0,0.5,0,10.0,118.06280939659439,15.591034820258013,8.318740095100175,584.093318368516,31.966441067031806,965.8752527955605,100.0,100.0,True,,synthetic_normal_baseline,sim_user,normal_baseline,gpu:1,normal_baseline
38.1,2026-01-01 00:00:38.100000+00:00,,syn-normal-baseline-100,normal-control,normal,0.05,0.0,0.5,0,10.0,117.70039120319377,14.790799854643991,5.05618340775744,557.4867946286558,31.598918030946216,870.0090247118958,100.0,100.0,True,,synthetic_normal_baseline,sim_user,normal_baseline,gpu:1,normal_baseline
38.2,2026-01-01 00:00:38.200000+00:00,,syn-normal-baseline-100,normal-control,normal,0.05,0.0,0.5,0,10.0,117.74893505243425,13.43808544829089,0.5991600395358541,480.71731330555485,31.479949795174566,469.01913784688213,100.0,100.0,True,,synthetic_normal_baseline,sim_user,normal_baseline,gpu:1,normal_baseline
38.3,2026-01-01 00:00:38.300000+00:00,,syn-normal-baseline-100,normal-control,normal,0.05,0.0,0.5,0,10.0,116.46784210674666,0.0,0.0,210.0,27.503801546288802,653.7595661055085,100.0,100.0,True,,synthetic_normal_baseline,sim_user,normal_baseline,gpu:1,normal_baseline
38.4,2026-01-01 00:00:38.400000+00:00,,syn-normal-baseline-100,normal-control,normal,0.05,0.0,0.5,0,10.0,118.1135998379574,15.285170368363291,10.522334765819114,665.3674661368874,32.01070554428794,1115.6751673299138,100.0,100.0,True,,synthetic_normal_baseline,sim_user,normal_baseline,gpu:1,normal_baseline
38.5,2026-01-01 00:00:38.500000+00:00,,syn-normal-baseline-100,normal-control,normal,0.05,0.0,0.5,0,10.0,118.21117812325296,20.37553289403997,10.895806916059058,744.2152022339825,33.459522797708715,1215.4891790804306,100.0,100.0,True,,synthetic_normal_baseline,sim_user,normal_baseline,gpu:1,normal_baseline
38.6,2026-01-01 00:00:38.600000+00:00,,syn-normal-baseline-100,normal-control,normal,0.05,0.0,0.5,0,10.0,116.81861557053922,4.159516179105783,6.79984084543139,280.6335902686888,28.823403079532483,734.4365390931034,100.0,100.0,True,,synthetic_normal_baseline,sim_user,normal_baseline,gpu:1,normal_baseline
38.7,2026-01-01 00:00:38.700000+00:00,,syn-normal-baseline-100,normal-control,normal,0.05,0.0,0.5,0,10.0,118.2186417377405,18.436161418699452,7.828252586776571,647.210589440973,32.82020662438522,1047.784366926492,100.0,100.0,True,,synthetic_normal_baseline,sim_user,normal_baseline,gpu:1,normal_baseline
38.8,2026-01-01 00:00:38.800000+00:00,,syn-normal-baseline-100,normal-control,normal,0.05,0.0,0.5,0,10.0,117.56776022648927,7.06541456639373,5.692442096858291,445.32486748574746,29.49436587608652,834.0230856544941,100.0,100.0,True,,synthetic_normal_baseline,sim_user,normal_baseline,gpu:1,normal_baseline
38.9,2026-01-01 00:00:38.900000+00:00,,syn-normal-baseline-100,normal-control,normal,0.05,0.0,0.5,0,10.0,119.92997899904579,30.561438821138186,16.04752377912524,975.3415771906878,36.19007668475139,1630.1267102288152,100.0,100.0,True,,synthetic_normal_baseline,sim_user,normal_baseline,gpu:1,normal_baseline
39.0,2026-01-01 00:00:39+00:00,,syn-normal-baseline-100,normal-control,normal,0.05,0.0,0.5,0,10.0,120.2397751403555,36.77513326195627,21.822854614332847,1080.8359952413434,37.795340518229104,1860.6246155755848,100.0,100.0,True,,synthetic_normal_baseline,sim_user,normal_baseline,gpu:1,normal_baseline
39.1,2026-01-01 00:00:39.100000+00:00,,syn-normal-baseline-100,normal-control,normal,0.05,0.0,0.5,0,10.0,119.88923989471118,28.00142825480976,12.401443288086668,859.6986858695997,35.412630610216226,1245.157204724458,100.0,100.0,True,,synthetic_normal_baseline,sim_user,normal_baseline,gpu:1,normal_baseline
39.2,2026-01-01 00:00:39.200000+00:00,,syn-normal-baseline-100,normal-control,normal,0.05,0.0,0.5,0,10.0,121.9125055111129,51.378119498609344,27.667457614420982,1538.7073839450838,42.14013570013115,2309.3595629408446,100.0,100.0,True,,synthetic_normal_baseline,sim_user,normal_baseline,gpu:1,normal_baseline
39.3,2026-01-01 00:00:39.300000+00:00,,syn-normal-baseline-100,normal-control,normal,0.05,0.0,0.5,0,10.0,121.97641321369115,48.79810025556022,26.53289384581112,1445.9436582270446,41.47420109965029,2235.5242860488374,100.0,100.0,True,,synthetic_normal_baseline,sim_user,normal_baseline,gpu:1,normal_baseline
39.4,2026-01-01 00:00:39.400000+00:00,,syn-normal-baseline-100,normal-control,normal,0.05,0.0,0.5,0,10.0,122.19287817877462,50.44046571338498,28.615347184850936,1521.6896122693963,41.83887966311101,2308.334273332755,100.0,100.0,True,,synthetic_normal_baseline,sim_user,normal_baseline,gpu:1,normal_baseline
39.5,2026-01-01 00:00:39.500000+00:00,,syn-normal-baseline-100,normal-control,normal,0.05,0.0,0.5,0,10.0,121.11590362622029,45.31627195956677,32.517501999977185,1332.926596612143,40.85866938598433,2782.299520408447,100.0,100.0,True,,synthetic_normal_baseline,sim_user,normal_baseline,gpu:1,normal_baseline
39.6,2026-01-01 00:00:39.600000+00:00,,syn-normal-baseline-100,normal-control,normal,0.05,0.0,0.5,0,10.0,121.36111928348554,43.50882377835313,18.970382626988346,1244.6230194304896,40.457048033933575,1671.5542974895257,100.0,100.0,True,,synthetic_normal_baseline,sim_user,normal_baseline,gpu:1,normal_baseline
39.7,2026-01-01 00:00:39.700000+00:00,,syn-normal-baseline-100,normal-control,normal,0.05,0.0,0.5,0,10.0,121.3744502645592,46.88960521146468,29.17045304672568,1367.5564327801544,41.5409526276224,2474.116819902995,100.0,100.0,True,,synthetic_normal_baseline,sim_user,normal_baseline,gpu:1,normal_baseline
39.8,2026-01-01 00:00:39.800000+00:00,,syn-normal-baseline-100,normal-control,normal,0.05,0.0,0.5,0,10.0,121.53587442036181,45.301527868385094,22.20179424856437,1366.4694538266663,41.01047529423178,2182.1126998637237,100.0,100.0,True,,synthetic_normal_baseline,sim_user,normal_baseline,gpu:1,normal_baseline
39.9,2026-01-01 00:00:39.900000+00:00,,syn-normal-baseline-100,normal-control,normal,0.05,0.0,0.5,0,10.0,121.29171969772159,44.77025071837165,25.014805105202086,1370.733603365225,40.7688212069425,2246.9933850290367,100.0,100.0,True,,synthetic_normal_baseline,sim_user,normal_baseline,gpu:1,normal_baseline
40.0,2026-01-01 00:00:40+00:00,,syn-normal-baseline-100,normal-control,normal,0.05,0.0,0.5,0,10.0,120.77879126472564,41.72136688613924,21.8607246267403,1292.4866059703934,39.67019279151927,1987.7115149425483,100.0,100.0,True,,synthetic_normal_baseline,sim_user,normal_baseline,gpu:1,normal_baseline
40.1,2026-01-01 00:00:40.100000+00:00,,syn-normal-baseline-100,normal-control,normal,0.05,0.0,0.5,0,10.0,120.17025883308943,36.58652117534231,20.057553894337794,1157.0240619127458,38.40842980629706,1796.104430560313,100.0,100.0,True,,synthetic_normal_baseline,sim_user,normal_baseline,gpu:1,normal_baseline
40.2,2026-01-01 00:00:40.200000+00:00,,syn-normal-baseline-100,normal-control,normal,0.05,0.0,0.5,0,10.0,119.44073978532325,27.640703666846733,21.22536924577434,863.5481674849674,35.83180867627856,2032.923870038077,100.0,100.0,True,,synthetic_normal_baseline,sim_user,normal_baseline,gpu:1,normal_baseline
40.3,2026-01-01 00:00:40.300000+00:00,,syn-normal-baseline-100,normal-control,normal,0.05,0.0,0.5,0,10.0,120.94157456244116,36.44833095525423,18.886561515018066,1156.332462330534,38.352474623200564,1737.1509016554342,100.0,100.0,True,,synthetic_normal_baseline,sim_user,normal_baseline,gpu:1,normal_baseline
40.4,2026-01-01 00:00:40.400000+00:00,,syn-normal-baseline-100,normal-control,normal,0.05,0.0,0.5,0,10.0,121.32993520674873,47.89259052390713,33.292517758716826,1407.268543736715,41.484065522784995,3091.795479772184,100.0,100.0,True,,synthetic_normal_baseline,sim_user,normal_baseline,gpu:1,normal_baseline
40.5,2026-01-01 00:00:40.500000+00:00,,syn-normal-baseline-100,normal-control,normal,0.05,0.0,0.5,0,10.0,119.81159652673756,30.222921013541523,12.3074814721102,956.7076129596762,36.42413395174718,1395.960984281479,100.0,100.0,True,,synthetic_normal_baseline,sim_user,normal_baseline,gpu:1,normal_baseline
40.6,2026-01-01 00:00:40.600000+00:00,,syn-normal-baseline-100,normal-control,normal,0.05,0.0,0.5,0,10.0,120.38185623758498,38.83756904689424,21.631298382675055,1173.218714459626,38.65798960514106,1928.5952267384173,100.0,100.0,True,,synthetic_normal_baseline,sim_user,normal_baseline,gpu:1,normal_baseline
40.7,2026-01-01 00:00:40.700000+00:00,,syn-normal-baseline-100,normal-control,normal,0.05,0.0,0.5,0,10.0,119.82616625709719,29.86557349638869,14.865366816392394,1005.1696410957254,36.060464871964804,1595.5023615655728,100.0,100.0,True,,synthetic_normal_baseline,sim_user,normal_baseline,gpu:1,normal_baseline
40.8,2026-01-01 00:00:40.800000+00:00,,syn-normal-baseline-100,normal-control,normal,0.05,0.0,0.5,0,10.0,120.39750638378423,35.54123091952254,15.007082812605987,1151.1244184671548,37.834295699469074,1611.842191934378,100.0,100.0,True,,synthetic_normal_baseline,sim_user,normal_baseline,gpu:1,normal_baseline
40.9,2026-01-01 00:00:40.900000+00:00,,syn-normal-baseline-100,normal-control,normal,0.05,0.0,0.5,0,10.0,120.82276316176697,40.27392790578604,23.545045749784922,1220.493451038378,39.28248133410386,2008.6669688779075,100.0,100.0,True,,synthetic_normal_baseline,sim_user,normal_baseline,gpu:1,normal_baseline
41.0,2026-01-01 00:00:41+00:00,,syn-normal-baseline-100,normal-control,normal,0.05,0.0,0.5,0,10.0,121.44328149702683,45.34595894190539,22.36770906580339,1381.685878502631,40.754781286992774,2149.2185490795514,100.0,100.0,True,,synthetic_normal_baseline,sim_user,normal_baseline,gpu:1,normal_baseline
41.1,2026-01-01 00:00:41.100000+00:00,,syn-normal-baseline-100,normal-control,normal,0.05,0.0,0.5,0,10.0,121.09254201873222,46.3487072055176,28.66023796676515,1312.6643857288507,40.95882414957669,2428.3882321829988,100.0,100.0,True,,synthetic_normal_baseline,sim_user,normal_baseline,gpu:1,normal_baseline
41.2,2026-01-01 00:00:41.200000+00:00,,syn-normal-baseline-100,normal-control,normal,0.05,0.0,0.5,0,10.0,119.40061077612046,24.361124325818885,10.262051225061189,815.6816586006497,35.05133708405595,1165.6135945577157,100.0,100.0,True,,synthetic_normal_baseline,sim_user,normal_baseline,gpu:1,normal_baseline
41.3,2026-01-01 00:00:41.300000+00:00,,syn-normal-baseline-100,normal-control,normal,0.05,0.0,0.5,0,10.0,120.48455548531679,36.06730887955897,20.781267920288506,1034.269191791725,38.00798154656889,2036.0262871080265,100.0,100.0,True,,synthetic_normal_baseline,sim_user,normal_baseline,gpu:1,normal_baseline
41.4,2026-01-01 00:00:41.400000+00:00,,syn-normal-baseline-100,normal-control,normal,0.05,0.0,0.5,0,10.0,121.3130791459332,44.846450671166295,25.653579289757186,1344.6640538535871,40.51518791832936,2056.861333317567,100.0,100.0,True,,synthetic_normal_baseline,sim_user,normal_baseline,gpu:1,normal_baseline
41.5,2026-01-01 00:00:41.500000+00:00,,syn-normal-baseline-100,normal-control,normal,0.05,0.0,0.5,0,10.0,120.15459562021854,35.21605779607949,26.46942316386132,1128.0835424783147,38.14973623983677,2470.7830337903024,100.0,100.0,True,,synthetic_normal_baseline,sim_user,normal_baseline,gpu:1,normal_baseline
41.6,2026-01-01 00:00:41.600000+00:00,,syn-normal-baseline-100,normal-control,normal,0.05,0.0,0.5,0,10.0,121.11815979285969,42.69073828400732,25.20747203660284,1315.3245824416824,40.189636041729074,2187.8701167973436,100.0,100.0,True,,synthetic_normal_baseline,sim_user,normal_baseline,gpu:1,normal_baseline
41.7,2026-01-01 00:00:41.700000+00:00,,syn-normal-baseline-100,normal-control,normal,0.05,0.0,0.5,0,10.0,120.84400471796366,40.656886927413815,19.974483857947387,1257.5761638997612,39.66232775976665,1739.841985721939,100.0,100.0,True,,synthetic_normal_baseline,sim_user,normal_baseline,gpu:1,normal_baseline
41.8,2026-01-01 00:00:41.800000+00:00,,syn-normal-baseline-100,normal-control,normal,0.05,0.0,0.5,0,10.0,120.27683907904155,37.44053580012699,14.100679120202233,1179.9713944161622,38.87003063336919,1440.456359281068,100.0,100.0,True,,synthetic_normal_baseline,sim_user,normal_baseline,gpu:1,normal_baseline
41.9,2026-01-01 00:00:41.900000+00:00,,syn-normal-baseline-100,normal-control,normal,0.05,0.0,0.5,0,10.0,119.3456505220924,26.254114122585417,13.930993552348838,811.8604478144068,35.3824776873756,1622.1277683529572,100.0,100.0,True,,synthetic_normal_baseline,sim_user,normal_baseline,gpu:1,normal_baseline
42.0,2026-01-01 00:00:42+00:00,,syn-normal-baseline-100,normal-control,normal,0.05,0.0,0.5,0,10.0,118.9672726292868,22.995596728451744,17.442051656084693,769.4011844217446,34.60067596113332,1714.9849523122002,100.0,100.0,True,,synthetic_normal_baseline,sim_user,normal_baseline,gpu:1,normal_baseline
42.1,2026-01-01 00:00:42.100000+00:00,,syn-normal-baseline-100,normal-control,normal,0.05,0.0,0.5,0,10.0,118.69985845557133,21.586488496685348,14.068910464081142,804.8220058417184,33.96709581874776,1463.3082830516712,100.0,100.0,True,,synthetic_normal_baseline,sim_user,normal_baseline,gpu:1,normal_baseline
42.2,2026-01-01 00:00:42.200000+00:00,,syn-normal-baseline-100,normal-control,normal,0.05,0.0,0.5,0,10.0,118.54452408791268,21.868609843732866,8.947878643295638,743.4587335975248,33.77636583190206,1174.4538344973466,100.0,100.0,True,,synthetic_normal_baseline,sim_user,normal_baseline,gpu:1,normal_baseline
42.3,2026-01-01 00:00:42.300000+00:00,,syn-normal-baseline-100,normal-control,normal,0.05,0.0,0.5,0,10.0,118.3829398718899,16.17180233724993,9.438410061452913,595.6704826414414,32.296153605650034,1076.784525522263,100.0,100.0,True,,synthetic_normal_baseline,sim_user,normal_baseline,gpu:1,normal_baseline
42.4,2026-01-01 00:00:42.400000+00:00,,syn-normal-baseline-100,normal-control,normal,0.05,0.0,0.5,0,10.0,119.83087771060552,35.32277629133091,21.64745173248959,1128.07818552079,37.51359175082708,1930.2612812065431,100.0,100.0,True,,synthetic_normal_baseline,sim_user,normal_baseline,gpu:1,normal_baseline
42.5,2026-01-01 00:00:42.500000+00:00,,syn-normal-baseline-100,normal-control,normal,0.05,0.0,0.5,0,10.0,118.2894939424381,17.541746745693608,8.611775566516739,683.0633363989442,32.86234795322471,1024.8278164806377,100.0,100.0,True,,synthetic_normal_baseline,sim_user,normal_baseline,gpu:1,normal_baseline
42.6,2026-01-01 00:00:42.600000+00:00,,syn-normal-baseline-100,normal-control,normal,0.05,0.0,0.5,0,10.0,118.32122679879093,17.25949990576205,9.725135210879897,637.2393545874363,32.99312919565334,1012.9583701703821,100.0,100.0,True,,synthetic_normal_baseline,sim_user,normal_baseline,gpu:1,normal_baseline
42.7,2026-01-01 00:00:42.700000+00:00,,syn-normal-baseline-100,normal-control,normal,0.05,0.0,0.5,0,10.0,119.04027371576196,24.012508005075023,12.7862933716545,796.54086289654,34.74364658838576,1466.0212357264397,100.0,100.0,True,,synthetic_normal_baseline,sim_user,normal_baseline,gpu:1,normal_baseline
42.8,2026-01-01 00:00:42.800000+00:00,,syn-normal-baseline-100,normal-control,normal,0.05,0.0,0.5,0,10.0,117.99396471541304,13.49448250672615,7.769985777167749,559.8285995355575,31.9899595968405,962.9201455872823,100.0,100.0,True,,synthetic_normal_baseline,sim_user,normal_baseline,gpu:1,normal_baseline
42.9,2026-01-01 00:00:42.900000+00:00,,syn-normal-baseline-100,normal-control,normal,0.05,0.0,0.5,0,10.0,118.60723732730548,19.097050610266052,14.465274857009966,719.2688063680746,33.50407769663399,1492.860008529681,100.0,100.0,True,,synthetic_normal_baseline,sim_user,normal_baseline,gpu:1,normal_baseline
43.0,2026-01-01 00:00:43+00:00,,syn-normal-baseline-100,normal-control,normal,0.05,0.0,0.5,0,10.0,119.93314834575249,31.7267784492673,7.704860415534119,974.8324834055223,37.16592559573951,1008.6211661728321,100.0,100.0,True,,synthetic_normal_baseline,sim_user,normal_baseline,gpu:1,normal_baseline
43.1,2026-01-01 00:00:43.100000+00:00,,syn-normal-baseline-100,normal-control,normal,0.05,0.0,0.5,0,10.0,121.25206910012776,44.66874430071422,13.884203553931895,1383.1409020104845,40.83422896548787,1419.4085601832628,100.0,100.0,True,,synthetic_normal_baseline,sim_user,normal_baseline,gpu:1,normal_baseline
43.2,2026-01-01 00:00:43.200000+00:00,,syn-normal-baseline-100,normal-control,normal,0.05,0.0,0.5,0,10.0,120.79445980993766,41.25468732060754,26.878899155780804,1233.0017380232935,39.79794289911104,2157.2458377400294,100.0,100.0,True,,synthetic_normal_baseline,sim_user,normal_baseline,gpu:1,normal_baseline
43.3,2026-01-01 00:00:43.300000+00:00,,syn-normal-baseline-100,normal-control,normal,0.05,0.0,0.5,0,10.0,119.3727603946553,26.758816069656746,13.000801931853614,858.025140953257,35.71982644097185,1365.5402530277488,100.0,100.0,True,,synthetic_normal_baseline,sim_user,normal_baseline,gpu:1,normal_baseline
43.4,2026-01-01 00:00:43.400000+00:00,,syn-normal-baseline-100,normal-control,normal,0.05,0.0,0.5,0,10.0,119.22375852830997,25.671620753250195,18.597671698765375,872.1259201955147,35.027946203651545,1768.133727001024,100.0,100.0,True,,synthetic_normal_baseline,sim_user,normal_baseline,gpu:1,normal_baseline
43.5,2026-01-01 00:00:43.500000+00:00,,syn-normal-baseline-100,normal-control,normal,0.05,0.0,0.5,0,10.0,120.2526638129495,36.02699897843886,25.727186079180928,1051.0097009395479,37.95754418433807,2237.2980542518235,100.0,100.0,True,,synthetic_normal_baseline,sim_user,normal_baseline,gpu:1,normal_baseline
43.6,2026-01-01 00:00:43.600000+00:00,,syn-normal-baseline-100,normal-control,normal,0.05,0.0,0.5,0,10.0,121.30531581911895,40.3529430928984,20.433790676248734,1252.2435157638006,39.20770067372535,1730.5292538056456,100.0,100.0,True,,synthetic_normal_baseline,sim_user,normal_baseline,gpu:1,normal_baseline
43.7,2026-01-01 00:00:43.700000+00:00,,syn-normal-baseline-100,normal-control,normal,0.05,0.0,0.5,0,10.0,122.4606785132047,53.748039003411705,28.7858190353945,1609.3634883023567,42.56820498052719,2512.0273454644016,100.0,100.0,True,,synthetic_normal_baseline,sim_user,normal_baseline,gpu:1,normal_baseline
43.8,2026-01-01 00:00:43.800000+00:00,,syn-normal-baseline-100,normal-control,normal,0.05,0.0,0.5,0,10.0,121.56602095381626,48.520322853599794,30.923271470853905,1443.9832515577896,41.05903333508227,2426.7246641067545,100.0,100.0,True,,synthetic_normal_baseline,sim_user,normal_baseline,gpu:1,normal_baseline
43.9,2026-01-01 00:00:43.900000+00:00,,syn-normal-baseline-100,normal-control,normal,0.05,0.0,0.5,0,10.0,120.9608184621691,44.52150371357601,28.828410837384304,1311.4344650329158,39.81995593207447,2528.6639809876733,100.0,100.0,True,,synthetic_normal_baseline,sim_user,normal_baseline,gpu:1,normal_baseline
44.0,2026-01-01 00:00:44+00:00,,syn-normal-baseline-100,normal-control,normal,0.05,0.0,0.5,0,10.0,120.37608105015711,35.76241920039638,21.11003370367656,1100.176784688634,37.481275414601264,1902.3430660970412,100.0,100.0,True,,synthetic_normal_baseline,sim_user,normal_baseline,gpu:1,normal_baseline
44.1,2026-01-01 00:00:44.100000+00:00,,syn-normal-baseline-100,normal-control,normal,0.05,0.0,0.5,0,10.0,121.11444703192882,39.741479183884415,25.06301264915729,1155.451149031413,38.767523819894095,2252.0531965905657,100.0,100.0,True,,synthetic_normal_baseline,sim_user,normal_baseline,gpu:1,normal_baseline
44.2,2026-01-01 00:00:44.200000+00:00,,syn-normal-baseline-100,normal-control,normal,0.05,0.0,0.5,0,10.0,122.2873366108128,51.37716592957522,27.003531319055547,1482.7571932919923,41.81580967507204,2297.6523758477206,100.0,100.0,True,,synthetic_normal_baseline,sim_user,normal_baseline,gpu:1,normal_baseline
44.3,2026-01-01 00:00:44.300000+00:00,,syn-normal-baseline-100,normal-control,normal,0.05,0.0,0.5,0,10.0,124.34564584723614,72.80656754993387,41.74725422801685,2048.216215819638,48.03613751230706,3636.7629382497553,100.0,100.0,True,,synthetic_normal_baseline,sim_user,normal_baseline,gpu:1,normal_baseline
44.4,2026-01-01 00:00:44.400000+00:00,,syn-normal-baseline-100,normal-control,normal,0.05,0.0,0.5,0,10.0,123.50943691246987,67.19320365282223,35.29239425889435,1923.4049405830913,46.28710481673451,2974.3487075026737,100.0,100.0,True,,synthetic_normal_baseline,sim_user,normal_baseline,gpu:1,normal_baseline
44.5,2026-01-01 00:00:44.500000+00:00,,syn-normal-baseline-100,normal-control,normal,0.05,0.0,0.5,0,10.0,124.06819294778606,67.57977448169285,40.191260991168576,1893.4691187011333,46.548001951037314,3197.7961776612547,100.0,100.0,True,,synthetic_normal_baseline,sim_user,normal_baseline,gpu:1,normal_baseline
44.6,2026-01-01 00:00:44.600000+00:00,,syn-normal-baseline-100,normal-control,normal,0.05,0.0,0.5,0,10.0,123.45994226069796,59.65773455368844,29.996408974611505,1725.6836742654527,44.90817081349898,2595.7247766724163,100.0,100.0,True,,synthetic_normal_baseline,sim_user,normal_baseline,gpu:1,normal_baseline
44.7,2026-01-01 00:00:44.700000+00:00,,syn-normal-baseline-100,normal-control,normal,0.05,0.0,0.5,0,10.0,125.45523500459724,80.15195621537471,44.057125461610596,2244.5488529143554,50.48619579142332,3404.1182881371824,100.0,100.0,True,,synthetic_normal_baseline,sim_user,normal_baseline,gpu:1,normal_baseline
44.8,2026-01-01 00:00:44.800000+00:00,,syn-normal-baseline-100,normal-control,normal,0.05,0.0,0.5,0,10.0,126.10699607590372,87.02441895565777,48.8152777913159,2416.039050627405,52.51606444096391,3742.9002604797274,100.0,100.0,True,,synthetic_normal_baseline,sim_user,normal_baseline,gpu:1,normal_baseline
44.9,2026-01-01 00:00:44.900000+00:00,,syn-normal-baseline-100,normal-control,normal,0.05,0.0,0.5,0,10.0,126.13609408338012,87.51362923142938,39.06049123315236,2371.0947646973436,52.90083821890018,3343.4720048617337,100.0,100.0,True,,synthetic_normal_baseline,sim_user,normal_baseline,gpu:1,normal_baseline
45.0,2026-01-01 00:00:45+00:00,,syn-normal-baseline-100,normal-control,normal,0.05,0.0,0.5,0,10.0,125.01418831735934,76.79792297523885,48.39276412349369,2134.7373515984737,49.89520307685596,3752.5696918337403,100.0,100.0,True,,synthetic_normal_baseline,sim_user,normal_baseline,gpu:1,normal_baseline
45.1,2026-01-01 00:00:45.100000+00:00,,syn-normal-baseline-100,normal-control,normal,0.05,0.0,0.5,0,10.0,124.67430381528064,78.08001159726864,36.489719872231454,2140.5434713640243,50.4771716388208,2943.3094411994534,100.0,100.0,True,,synthetic_normal_baseline,sim_user,normal_baseline,gpu:1,normal_baseline
45.2,2026-01-01 00:00:45.200000+00:00,,syn-normal-baseline-100,normal-control,normal,0.05,0.0,0.5,0,10.0,122.2261286363545,52.07009273205293,27.3814493224846,1506.3057798676916,43.15449632588295,2506.8069250993376,100.0,100.0,True,,synthetic_normal_baseline,sim_user,normal_baseline,gpu:1,normal_baseline
45.3,2026-01-01 00:00:45.300000+00:00,,syn-normal-baseline-100,normal-control,normal,0.05,0.0,0.5,0,10.0,122.2577532284461,58.10499207616649,30.325490441986847,1657.9079009777715,44.71225170218163,2533.0351530701328,100.0,100.0,True,,synthetic_normal_baseline,sim_user,normal_baseline,gpu:1,normal_baseline
45.4,2026-01-01 00:00:45.400000+00:00,,syn-normal-baseline-100,normal-control,normal,0.05,0.0,0.5,0,10.0,120.52929262797687,35.32047967006956,18.782333209750927,1102.4745843730684,38.30407378360655,1716.6318784328535,100.0,100.0,True,,synthetic_normal_baseline,sim_user,normal_baseline,gpu:1,normal_baseline
45.5,2026-01-01 00:00:45.500000+00:00,,syn-normal-baseline-100,normal-control,normal,0.05,0.0,0.5,0,10.0,121.63246172997518,49.92728022117038,19.271888582670925,1520.4122606050062,42.09375498598289,1801.6948524378927,100.0,100.0,True,,synthetic_normal_baseline,sim_user,normal_baseline,gpu:1,normal_baseline
45.6,2026-01-01 00:00:45.600000+00:00,,syn-normal-baseline-100,normal-control,normal,0.05,0.0,0.5,0,10.0,119.83184406527654,33.74607735113614,21.089417495010085,999.4368776016414,37.54890662568399,1896.4107586962507,100.0,100.0,True,,synthetic_normal_baseline,sim_user,normal_baseline,gpu:1,normal_baseline
45.7,2026-01-01 00:00:45.700000+00:00,,syn-normal-baseline-100,normal-control,normal,0.05,0.0,0.5,0,10.0,118.58795992335929,22.448002066204836,13.788947707293989,777.1611261591062,34.32752748996009,1356.3850798933308,100.0,100.0,True,,synthetic_normal_baseline,sim_user,normal_baseline,gpu:1,normal_baseline
45.8,2026-01-01 00:00:45.800000+00:00,,syn-normal-baseline-100,normal-control,normal,0.05,0.0,0.5,0,10.0,116.58172712438422,1.9803560860023062,2.0277414725815786,265.1006431150904,28.695670674715103,606.1777933536822,100.0,100.0,True,,synthetic_normal_baseline,sim_user,normal_baseline,gpu:1,normal_baseline
45.9,2026-01-01 00:00:45.900000+00:00,,syn-normal-baseline-100,normal-control,normal,0.05,0.0,0.5,0,10.0,117.13851074436124,8.047442341219089,6.203816101677436,389.08307185208304,30.074383603251828,842.2165138974126,100.0,100.0,True,,synthetic_normal_baseline,sim_user,normal_baseline,gpu:1,normal_baseline
46.0,2026-01-01 00:00:46+00:00,,syn-normal-baseline-100,normal-control,normal,0.05,0.0,0.5,0,10.0,116.52627827084628,0.6624663783547171,5.55130024233381,211.15746701567545,27.922518380674617,810.085117653414,100.0,100.0,True,,synthetic_normal_baseline,sim_user,normal_baseline,gpu:1,normal_baseline
46.1,2026-01-01 00:00:46.100000+00:00,,syn-normal-baseline-100,normal-control,normal,0.05,0.0,0.5,0,10.0,118.02120499253336,16.002623171465892,7.69573784548393,601.6282921843858,32.121715719442946,935.9334462910355,100.0,100.0,True,,synthetic_normal_baseline,sim_user,normal_baseline,gpu:1,normal_baseline
46.2,2026-01-01 00:00:46.200000+00:00,,syn-normal-baseline-100,normal-control,normal,0.05,0.0,0.5,0,10.0,117.61887917568347,13.025293421000175,4.667774666317284,548.9614301596829,31.6031404991709,886.1800390220038,100.0,100.0,True,,synthetic_normal_baseline,sim_user,normal_baseline,gpu:1,normal_baseline
46.3,2026-01-01 00:00:46.300000+00:00,,syn-normal-baseline-100,normal-control,normal,0.05,0.0,0.5,0,10.0,117.760145005296,14.815317421008924,11.836358931898754,573.5299148856951,31.858346747207385,1113.7514046602091,100.0,100.0,True,,synthetic_normal_baseline,sim_user,normal_baseline,gpu:1,normal_baseline
46.4,2026-01-01 00:00:46.400000+00:00,,syn-normal-baseline-100,normal-control,normal,0.05,0.0,0.5,0,10.0,117.1105030454822,5.636582540434937,0.0,338.93261049376247,29.289985264485185,440.8210707316891,100.0,100.0,True,,synthetic_normal_baseline,sim_user,normal_baseline,gpu:1,normal_baseline
46.5,2026-01-01 00:00:46.500000+00:00,,syn-normal-baseline-100,normal-control,normal,0.05,0.0,0.5,0,10.0,117.89324230030304,13.342449746612306,5.797734918114038,559.9842261828525,31.403109931287332,911.5090644756128,100.0,100.0,True,,synthetic_normal_baseline,sim_user,normal_baseline,gpu:1,normal_baseline
46.6,2026-01-01 00:00:46.600000+00:00,,syn-normal-baseline-100,normal-control,normal,0.05,0.0,0.5,0,10.0,118.2302494816881,13.352993870907385,3.694721717426812,521.3213938862538,31.352362262680902,562.9787145531811,100.0,100.0,True,,synthetic_normal_baseline,sim_user,normal_baseline,gpu:1,normal_baseline
46.7,2026-01-01 00:00:46.700000+00:00,,syn-normal-baseline-100,normal-control,normal,0.05,0.0,0.5,0,10.0,118.86847838203197,23.31676776170402,17.32352554469188,757.1827425042056,34.06935796498269,1659.8103649568216,100.0,100.0,True,,synthetic_normal_baseline,sim_user,normal_baseline,gpu:1,normal_baseline
46.8,2026-01-01 00:00:46.800000+00:00,,syn-normal-baseline-100,normal-control,normal,0.05,0.0,0.5,0,10.0,119.38836213378255,25.559466869697452,13.819209049153184,844.9674281749774,35.23490908352322,1408.015673102675,100.0,100.0,True,,synthetic_normal_baseline,sim_user,normal_baseline,gpu:1,normal_baseline
46.9,2026-01-01 00:00:46.900000+00:00,,syn-normal-baseline-100,normal-control,normal,0.05,0.0,0.5,0,10.0,119.48818411555908,30.619636807946076,20.83731617679403,955.0647479761021,36.83499652744289,1690.4745523775732,100.0,100.0,True,,synthetic_normal_baseline,sim_user,normal_baseline,gpu:1,normal_baseline
47.0,2026-01-01 00:00:47+00:00,,syn-normal-baseline-100,normal-control,normal,0.05,0.0,0.5,0,10.0,119.63150862572596,28.644256966372616,18.097761677853867,914.3043747688856,36.25585415621268,1820.9592693300747,100.0,100.0,True,,synthetic_normal_baseline,sim_user,normal_baseline,gpu:1,normal_baseline
47.1,2026-01-01 00:00:47.100000+00:00,,syn-normal-baseline-100,normal-control,normal,0.05,0.0,0.5,0,10.0,118.33125643002026,19.575535297134095,6.6438236920360785,697.3361489703238,33.49619464367964,845.8849336239408,100.0,100.0,True,,synthetic_normal_baseline,sim_user,normal_baseline,gpu:1,normal_baseline
47.2,2026-01-01 00:00:47.200000+00:00,,syn-normal-baseline-100,normal-control,normal,0.05,0.0,0.5,0,10.0,117.64440830836529,11.871055947963445,6.2129699090958885,478.3974868770252,31.337637070454694,831.375828481953,100.0,100.0,True,,synthetic_normal_baseline,sim_user,normal_baseline,gpu:1,normal_baseline
47.3,2026-01-01 00:00:47.300000+00:00,,syn-normal-baseline-100,normal-control,normal,0.05,0.0,0.5,0,10.0,118.44681690539184,19.47709950012031,6.674464939709566,715.9489599979652,33.34207787930812,889.6610804010757,100.0,100.0,True,,synthetic_normal_baseline,sim_user,normal_baseline,gpu:1,normal_baseline
47.4,2026-01-01 00:00:47.400000+00:00,,syn-normal-baseline-100,normal-control,normal,0.05,0.0,0.5,0,10.0,119.02629084051964,24.097688736630197,5.990055621339184,803.407485587516,34.75795169932,874.4368861116106,100.0,100.0,True,,synthetic_normal_baseline,sim_user,normal_baseline,gpu:1,normal_baseline
47.5,2026-01-01 00:00:47.500000+00:00,,syn-normal-baseline-100,normal-control,normal,0.05,0.0,0.5,0,10.0,117.84930723848399,11.991577280383556,6.6475678949856105,533.1762379762796,31.59089636526396,1018.9323925158609,100.0,100.0,True,,synthetic_normal_baseline,sim_user,normal_baseline,gpu:1,normal_baseline
47.6,2026-01-01 00:00:47.600000+00:00,,syn-normal-baseline-100,normal-control,normal,0.05,0.0,0.5,0,10.0,118.76658273596256,24.000116460758875,8.985804345908562,848.3915799336063,35.09858936818044,1051.8170743801234,100.0,100.0,True,,synthetic_normal_baseline,sim_user,normal_baseline,gpu:1,normal_baseline
47.7,2026-01-01 00:00:47.700000+00:00,,syn-normal-baseline-100,normal-control,normal,0.05,0.0,0.5,0,10.0,118.29827649257403,16.484196300633773,8.522395222736371,642.5268808489631,32.50389301227743,1123.9915381935577,100.0,100.0,True,,synthetic_normal_baseline,sim_user,normal_baseline,gpu:1,normal_baseline
47.8,2026-01-01 00:00:47.800000+00:00,,syn-normal-baseline-100,normal-control,normal,0.05,0.0,0.5,0,10.0,119.05248615435337,27.302607872077626,14.089866720515802,903.0080117050039,35.290859392668985,1387.3929749108067,100.0,100.0,True,,synthetic_normal_baseline,sim_user,normal_baseline,gpu:1,normal_baseline
47.9,2026-01-01 00:00:47.900000+00:00,,syn-normal-baseline-100,normal-control,normal,0.05,0.0,0.5,0,10.0,117.92640115980966,10.07957617237537,11.524675062904105,476.03204836959304,30.559749086254186,1162.2540071345752,100.0,100.0,True,,synthetic_normal_baseline,sim_user,normal_baseline,gpu:1,normal_baseline
48.0,2026-01-01 00:00:48+00:00,,syn-normal-baseline-100,normal-control,normal,0.05,0.0,0.5,0,10.0,119.03752542071275,23.5889042521246,11.377556931264744,818.1654011864673,34.445893059251134,1309.4982367036575,100.0,100.0,True,,synthetic_normal_baseline,sim_user,normal_baseline,gpu:1,normal_baseline
48.1,2026-01-01 00:00:48.100000+00:00,,syn-normal-baseline-100,normal-control,normal,0.05,0.0,0.5,0,10.0,119.48443772101817,30.102534687857922,14.12250435417838,980.0000926577562,36.61383107391285,1629.0410477376527,100.0,100.0,True,,synthetic_normal_baseline,sim_user,normal_baseline,gpu:1,normal_baseline
48.2,2026-01-01 00:00:48.200000+00:00,,syn-normal-baseline-100,normal-control,normal,0.05,0.0,0.5,0,10.0,119.29192329540854,28.483436259647245,15.029171729637303,914.3450889972146,36.13837375931945,1403.0152535195741,100.0,100.0,True,,synthetic_normal_baseline,sim_user,normal_baseline,gpu:1,normal_baseline
48.3,2026-01-01 00:00:48.300000+00:00,,syn-normal-baseline-100,normal-control,normal,0.05,0.0,0.5,0,10.0,119.3681246501936,23.50650869371929,8.465306728428427,770.191548908717,34.8484443276159,1065.9929980586846,100.0,100.0,True,,synthetic_normal_baseline,sim_user,normal_baseline,gpu:1,normal_baseline
48.4,2026-01-01 00:00:48.400000+00:00,,syn-normal-baseline-100,normal-control,normal,0.05,0.0,0.5,0,10.0,120.6051467490576,38.44362356375233,21.585312328489625,1172.9927088607787,38.82800627260964,2117.1288545117764,100.0,100.0,True,,synthetic_normal_baseline,sim_user,normal_baseline,gpu:1,normal_baseline
48.5,2026-01-01 00:00:48.500000+00:00,,syn-normal-baseline-100,normal-control,normal,0.05,0.0,0.5,0,10.0,119.91158426934365,32.44221091767068,19.79364027386641,1067.0272144358726,36.86787209029276,2013.267949285435,100.0,100.0,True,,synthetic_normal_baseline,sim_user,normal_baseline,gpu:1,normal_baseline
48.6,2026-01-01 00:00:48.600000+00:00,,syn-normal-baseline-100,normal-control,normal,0.05,0.0,0.5,0,10.0,120.27137927991733,35.71550925712409,17.386252323072906,1156.6845803624606,37.755551407012426,1714.8144344341313,100.0,100.0,True,,synthetic_normal_baseline,sim_user,normal_baseline,gpu:1,normal_baseline
48.7,2026-01-01 00:00:48.700000+00:00,,syn-normal-baseline-100,normal-control,normal,0.05,0.0,0.5,0,10.0,119.15908991095917,24.841145195256296,8.646025395517622,861.1857641239594,34.99718860358849,934.074224383169,100.0,100.0,True,,synthetic_normal_baseline,sim_user,normal_baseline,gpu:1,normal_baseline
48.8,2026-01-01 00:00:48.800000+00:00,,syn-normal-baseline-100,normal-control,normal,0.05,0.0,0.5,0,10.0,118.93201804272675,22.061254148171706,8.888543308874045,795.7996509751553,34.37216700830399,1030.2709944044423,100.0,100.0,True,,synthetic_normal_baseline,sim_user,normal_baseline,gpu:1,normal_baseline
48.9,2026-01-01 00:00:48.900000+00:00,,syn-normal-baseline-100,normal-control,normal,0.05,0.0,0.5,0,10.0,119.02455229263009,24.81807225152994,16.681790349908905,797.9645105196896,35.12198477297496,1547.4012059692407,100.0,100.0,True,,synthetic_normal_baseline,sim_user,normal_baseline,gpu:1,normal_baseline
49.0,2026-01-01 00:00:49+00:00,,syn-normal-baseline-100,normal-control,normal,0.05,0.0,0.5,0,10.0,118.88744806220748,24.390880345257145,10.344684535486905,824.5424770484549,34.642350495416714,1121.1153875766438,100.0,100.0,True,,synthetic_normal_baseline,sim_user,normal_baseline,gpu:1,normal_baseline
49.1,2026-01-01 00:00:49.100000+00:00,,syn-normal-baseline-100,normal-control,normal,0.05,0.0,0.5,0,10.0,118.62580341006303,22.983409310030996,12.282676762550233,715.5756529596061,34.20981284925222,1129.5327462316545,100.0,100.0,True,,synthetic_normal_baseline,sim_user,normal_baseline,gpu:1,normal_baseline
49.2,2026-01-01 00:00:49.200000+00:00,,syn-normal-baseline-100,normal-control,normal,0.05,0.0,0.5,0,10.0,119.29467917436742,26.585943898206203,11.340474218696334,821.9873630454902,35.064082755415086,1229.6012840096023,100.0,100.0,True,,synthetic_normal_baseline,sim_user,normal_baseline,gpu:1,normal_baseline
49.3,2026-01-01 00:00:49.300000+00:00,,syn-normal-baseline-100,normal-control,normal,0.05,0.0,0.5,0,10.0,119.78134811755629,29.278267893699276,12.640087446626016,1066.4819826125438,35.99488688255669,1249.1755130508252,100.0,100.0,True,,synthetic_normal_baseline,sim_user,normal_baseline,gpu:1,normal_baseline
49.4,2026-01-01 00:00:49.400000+00:00,,syn-normal-baseline-100,normal-control,normal,0.05,0.0,0.5,0,10.0,120.98187725275301,42.72611560671222,26.076307968964834,1297.6798864924028,39.734118235087344,2085.417027175974,100.0,100.0,True,,synthetic_normal_baseline,sim_user,normal_baseline,gpu:1,normal_baseline
49.5,2026-01-01 00:00:49.500000+00:00,,syn-normal-baseline-100,normal-control,normal,0.05,0.0,0.5,0,10.0,120.23551446267797,32.070203721991135,10.328377044219604,1020.1251002843187,36.940265165092136,1118.5685704363505,100.0,100.0,True,,synthetic_normal_baseline,sim_user,normal_baseline,gpu:1,normal_baseline
49.6,2026-01-01 00:00:49.600000+00:00,,syn-normal-baseline-100,normal-control,normal,0.05,0.0,0.5,0,10.0,120.45131198217916,35.273039403051015,24.67481660227107,1064.3097494500485,37.65535623409719,2025.8098855624,100.0,100.0,True,,synthetic_normal_baseline,sim_user,normal_baseline,gpu:1,normal_baseline
49.7,2026-01-01 00:00:49.700000+00:00,,syn-normal-baseline-100,normal-control,normal,0.05,0.0,0.5,0,10.0,120.6939432005518,37.491413255177086,21.37778076096892,1185.2993967625189,38.088620476900715,1844.9581765298751,100.0,100.0,True,,synthetic_normal_baseline,sim_user,normal_baseline,gpu:1,normal_baseline
49.8,2026-01-01 00:00:49.800000+00:00,,syn-normal-baseline-100,normal-control,normal,0.05,0.0,0.5,0,10.0,120.79503306298513,39.63289418531544,24.62578444676532,1221.1079094059455,38.70414584257795,2312.9880135771537,100.0,100.0,True,,synthetic_normal_baseline,sim_user,normal_baseline,gpu:1,normal_baseline
49.9,2026-01-01 00:00:49.900000+00:00,,syn-normal-baseline-100,normal-control,normal,0.05,0.0,0.5,0,10.0,122.20920917084702,52.17309192312378,26.162720283222562,1529.6227151165417,42.52556080491836,2203.8086530369123,100.0,100.0,True,,synthetic_normal_baseline,sim_user,normal_baseline,gpu:1,normal_baseline
50.0,2026-01-01 00:00:50+00:00,,syn-normal-baseline-100,normal-control,normal,0.05,0.0,0.5,0,10.0,123.09752698228681,63.446859324068676,30.063840234721614,1745.6749502365,45.97153484019846,2568.822730977533,100.0,100.0,True,,synthetic_normal_baseline,sim_user,normal_baseline,gpu:1,normal_baseline
50.1,2026-01-01 00:00:50.100000+00:00,,syn-normal-baseline-100,normal-control,normal,0.05,0.0,0.5,0,10.0,122.36671423152826,54.46545221935608,19.886685222718597,1552.2222994827146,43.55875836909895,1896.8956649270658,100.0,100.0,True,,synthetic_normal_baseline,sim_user,normal_baseline,gpu:1,normal_baseline
50.2,2026-01-01 00:00:50.200000+00:00,,syn-normal-baseline-100,normal-control,normal,0.05,0.0,0.5,0,10.0,121.90581781850703,51.15029472746581,25.428036778778402,1530.7419457124004,42.59410061328932,2119.235960685002,100.0,100.0,True,,synthetic_normal_baseline,sim_user,normal_baseline,gpu:1,normal_baseline
50.3,2026-01-01 00:00:50.300000+00:00,,syn-normal-baseline-100,normal-control,normal,0.05,0.0,0.5,0,10.0,120.41790965385789,35.6369058859891,21.906328190384656,1094.1577908548795,38.385169070765876,1975.7496482461452,100.0,100.0,True,,synthetic_normal_baseline,sim_user,normal_baseline,gpu:1,normal_baseline
50.4,2026-01-01 00:00:50.400000+00:00,,syn-normal-baseline-100,normal-control,normal,0.05,0.0,0.5,0,10.0,120.48938216345637,34.90085850718896,19.905034891601268,1137.3104486585153,38.21942574979185,1723.7176989655702,100.0,100.0,True,,synthetic_normal_baseline,sim_user,normal_baseline,gpu:1,normal_baseline
50.5,2026-01-01 00:00:50.500000+00:00,,syn-normal-baseline-100,normal-control,normal,0.05,0.0,0.5,0,10.0,120.8077068558883,39.06592897206747,22.660485631758267,1177.690511448348,39.62472976188611,2045.595664001092,100.0,100.0,True,,synthetic_normal_baseline,sim_user,normal_baseline,gpu:1,normal_baseline
50.6,2026-01-01 00:00:50.600000+00:00,,syn-normal-baseline-100,normal-control,normal,0.05,0.0,0.5,0,10.0,120.56041579482162,36.64634715319757,16.04481549272199,1132.656074344896,39.439101610681675,1595.020954133991,100.0,100.0,True,,synthetic_normal_baseline,sim_user,normal_baseline,gpu:1,normal_baseline
50.7,2026-01-01 00:00:50.700000+00:00,,syn-normal-baseline-100,normal-control,normal,0.05,0.0,0.5,0,10.0,121.20735895215844,47.42142515579163,23.311225495239295,1391.0822160076823,42.384562747727614,2235.751188878184,100.0,100.0,True,,synthetic_normal_baseline,sim_user,normal_baseline,gpu:1,normal_baseline
50.8,2026-01-01 00:00:50.800000+00:00,,syn-normal-baseline-100,normal-control,normal,0.05,0.0,0.5,0,10.0,121.01114406076533,44.534685410740664,28.45334521081353,1387.4220149527684,41.40760499545998,2541.9189537955444,100.0,100.0,True,,synthetic_normal_baseline,sim_user,normal_baseline,gpu:1,normal_baseline
50.9,2026-01-01 00:00:50.900000+00:00,,syn-normal-baseline-100,normal-control,normal,0.05,0.0,0.5,0,10.0,121.41588289273199,46.79228190162155,20.196784965916784,1337.5689306103795,42.17058549426092,2025.3936830005896,100.0,100.0,True,,synthetic_normal_baseline,sim_user,normal_baseline,gpu:1,normal_baseline
51.0,2026-01-01 00:00:51+00:00,,syn-normal-baseline-100,normal-control,normal,0.05,0.0,0.5,0,10.0,120.72727469796453,38.983582991644326,16.504764438682596,1230.7546496255875,39.90599337314921,1608.353225897272,100.0,100.0,True,,synthetic_normal_baseline,sim_user,normal_baseline,gpu:1,normal_baseline
51.1,2026-01-01 00:00:51.100000+00:00,,syn-normal-baseline-100,normal-control,normal,0.05,0.0,0.5,0,10.0,120.8667399042715,37.750500171092796,26.96986336900884,1198.7018300438774,39.578814763765855,2309.258144667017,100.0,100.0,True,,synthetic_normal_baseline,sim_user,normal_baseline,gpu:1,normal_baseline
51.2,2026-01-01 00:00:51.200000+00:00,,syn-normal-baseline-100,normal-control,normal,0.05,0.0,0.5,0,10.0,121.96602350439848,49.165102529433575,29.43254268640795,1437.1586685858258,42.79791752949975,2437.2644827086,100.0,100.0,True,,synthetic_normal_baseline,sim_user,normal_baseline,gpu:1,normal_baseline
51.3,2026-01-01 00:00:51.300000+00:00,,syn-normal-baseline-100,normal-control,normal,0.05,0.0,0.5,0,10.0,121.75306064159219,46.72346749645277,29.287262465143133,1425.8761249581933,42.009548656416584,2354.774792254484,100.0,100.0,True,,synthetic_normal_baseline,sim_user,normal_baseline,gpu:1,normal_baseline
51.4,2026-01-01 00:00:51.400000+00:00,,syn-normal-baseline-100,normal-control,normal,0.05,0.0,0.5,0,10.0,123.08040455322957,57.869255986002386,30.33958481482908,1672.7551338032192,44.88927010774448,2502.762166237716,100.0,100.0,True,,synthetic_normal_baseline,sim_user,normal_baseline,gpu:1,normal_baseline
51.5,2026-01-01 00:00:51.500000+00:00,,syn-normal-baseline-100,normal-control,normal,0.05,0.0,0.5,0,10.0,123.96285463019468,67.84815060941636,33.06488067808945,1874.2617650211007,47.237119482898166,2736.594310767471,100.0,100.0,True,,synthetic_normal_baseline,sim_user,normal_baseline,gpu:1,normal_baseline
51.6,2026-01-01 00:00:51.600000+00:00,,syn-normal-baseline-100,normal-control,normal,0.05,0.0,0.5,0,10.0,123.76216787575112,68.80413722450928,37.016827101678565,1899.5297489174216,47.27738819760771,3007.096864617516,100.0,100.0,True,,synthetic_normal_baseline,sim_user,normal_baseline,gpu:1,normal_baseline
51.7,2026-01-01 00:00:51.700000+00:00,,syn-normal-baseline-100,normal-control,normal,0.05,0.0,0.5,0,10.0,122.97827421684715,62.66622124894428,35.51181200599699,1737.6594472251259,45.40693656656215,2917.2742614643375,100.0,100.0,True,,synthetic_normal_baseline,sim_user,normal_baseline,gpu:1,normal_baseline
51.8,2026-01-01 00:00:51.800000+00:00,,syn-normal-baseline-100,normal-control,normal,0.05,0.0,0.5,0,10.0,121.31511909486512,43.85988865566418,28.9553927691573,1283.0732725935795,40.0007804635447,2445.46212628279,100.0,100.0,True,,synthetic_normal_baseline,sim_user,normal_baseline,gpu:1,normal_baseline
51.9,2026-01-01 00:00:51.900000+00:00,,syn-normal-baseline-100,normal-control,normal,0.05,0.0,0.5,0,10.0,121.31182807147229,44.42913762273197,30.995772123737925,1373.6090176072516,40.361356697564055,2774.10802949377,100.0,100.0,True,,synthetic_normal_baseline,sim_user,normal_baseline,gpu:1,normal_baseline
52.0,2026-01-01 00:00:52+00:00,,syn-normal-baseline-100,normal-control,normal,0.05,0.0,0.5,0,10.0,122.11179200924171,51.75579907421757,26.82959954979992,1446.3819726598165,42.13656351008962,2382.263904097121,100.0,100.0,True,,synthetic_normal_baseline,sim_user,normal_baseline,gpu:1,normal_baseline
52.1,2026-01-01 00:00:52.100000+00:00,,syn-normal-baseline-100,normal-control,normal,0.05,0.0,0.5,0,10.0,122.57916341723562,53.799217191414094,31.90690555061867,1512.0012689651303,42.53622820727888,2769.077056715786,100.0,100.0,True,,synthetic_normal_baseline,sim_user,normal_baseline,gpu:1,normal_baseline
52.2,2026-01-01 00:00:52.200000+00:00,,syn-normal-baseline-100,normal-control,normal,0.05,0.0,0.5,0,10.0,123.15227121955816,62.7387102018723,31.78727915406357,1739.7426617650522,44.94636216135235,2632.692992322235,100.0,100.0,True,,synthetic_normal_baseline,sim_user,normal_baseline,gpu:1,normal_baseline
52.3,2026-01-01 00:00:52.300000+00:00,,syn-normal-baseline-100,normal-control,normal,0.05,0.0,0.5,0,10.0,121.32046690425891,45.38114243575003,23.0116012706252,1347.3663291448197,39.952451818196444,2089.7709164885873,100.0,100.0,True,,synthetic_normal_baseline,sim_user,normal_baseline,gpu:1,normal_baseline
52.4,2026-01-01 00:00:52.400000+00:00,,syn-normal-baseline-100,normal-control,normal,0.05,0.0,0.5,0,10.0,122.65172134979888,55.970344134681724,29.273320825408984,1647.4029326211553,43.14376922966231,2547.2073656554307,100.0,100.0,True,,synthetic_normal_baseline,sim_user,normal_baseline,gpu:1,normal_baseline
52.5,2026-01-01 00:00:52.500000+00:00,,syn-normal-baseline-100,normal-control,normal,0.05,0.0,0.5,0,10.0,122.91723011130192,59.18599147353431,27.656892953346627,1706.7064648917253,44.37903353512715,2348.395750646226,100.0,100.0,True,,synthetic_normal_baseline,sim_user,normal_baseline,gpu:1,normal_baseline
52.6,2026-01-01 00:00:52.600000+00:00,,syn-normal-baseline-100,normal-control,normal,0.05,0.0,0.5,0,10.0,123.21008264565441,59.6703083707406,28.431686980285306,1736.0671283477814,44.64624520356368,2583.1795367338286,100.0,100.0,True,,synthetic_normal_baseline,sim_user,normal_baseline,gpu:1,normal_baseline
52.7,2026-01-01 00:00:52.700000+00:00,,syn-normal-baseline-100,normal-control,normal,0.05,0.0,0.5,0,10.0,122.89050704985938,57.39835199843625,40.84934621218067,1617.8539067170516,43.78438362894911,3259.638212858654,100.0,100.0,True,,synthetic_normal_baseline,sim_user,normal_baseline,gpu:1,normal_baseline
52.8,2026-01-01 00:00:52.800000+00:00,,syn-normal-baseline-100,normal-control,normal,0.05,0.0,0.5,0,10.0,123.4593640033945,65.2978384505712,31.975927129004823,1837.8471099019234,45.78730489288788,2651.4088589598687,100.0,100.0,True,,synthetic_normal_baseline,sim_user,normal_baseline,gpu:1,normal_baseline
52.9,2026-01-01 00:00:52.900000+00:00,,syn-normal-baseline-100,normal-control,normal,0.05,0.0,0.5,0,10.0,123.03800176791765,61.12331722281239,40.20020971790527,1753.0082285740577,44.90060218816917,3262.389393966331,100.0,100.0,True,,synthetic_normal_baseline,sim_user,normal_baseline,gpu:1,normal_baseline
53.0,2026-01-01 00:00:53+00:00,,syn-normal-baseline-100,normal-control,normal,0.05,0.0,0.5,0,10.0,122.62109729811431,55.8791719739384,28.353830344766305,1594.369821581212,43.55823685451939,2391.4507612996554,100.0,100.0,True,,synthetic_normal_baseline,sim_user,normal_baseline,gpu:1,normal_baseline
53.1,2026-01-01 00:00:53.100000+00:00,,syn-normal-baseline-100,normal-control,normal,0.05,0.0,0.5,0,10.0,123.33633370587303,58.82623463828246,34.0635750226457,1668.4924263887715,44.34799923804941,2822.3105055295528,100.0,100.0,True,,synthetic_normal_baseline,sim_user,normal_baseline,gpu:1,normal_baseline
53.2,2026-01-01 00:00:53.200000+00:00,,syn-normal-baseline-100,normal-control,normal,0.05,0.0,0.5,0,10.0,123.1638624103449,65.2281071247095,29.948634025061068,1873.5866594169056,46.347458609492875,2267.2537242036015,100.0,100.0,True,,synthetic_normal_baseline,sim_user,normal_baseline,gpu:1,normal_baseline
53.3,2026-01-01 00:00:53.300000+00:00,,syn-normal-baseline-100,normal-control,normal,0.05,0.0,0.5,0,10.0,122.34322458530845,54.11379824457318,37.72717379862288,1536.4968233525228,42.99181604627314,3024.125682842071,100.0,100.0,True,,synthetic_normal_baseline,sim_user,normal_baseline,gpu:1,normal_baseline
53.4,2026-01-01 00:00:53.400000+00:00,,syn-normal-baseline-100,normal-control,normal,0.05,0.0,0.5,0,10.0,121.80591377868203,50.50722861606071,30.019534308823296,1473.1765305028944,42.084557168380265,2416.357587459335,100.0,100.0,True,,synthetic_normal_baseline,sim_user,normal_baseline,gpu:1,normal_baseline
53.5,2026-01-01 00:00:53.500000+00:00,,syn-normal-baseline-100,normal-control,normal,0.05,0.0,0.5,0,10.0,120.85425070461268,38.45142689039662,15.65901552576658,1120.771665531394,38.81450115718983,1559.8045561444203,100.0,100.0,True,,synthetic_normal_baseline,sim_user,normal_baseline,gpu:1,normal_baseline
53.6,2026-01-01 00:00:53.600000+00:00,,syn-normal-baseline-100,normal-control,normal,0.05,0.0,0.5,0,10.0,121.51675232497698,47.29063222505294,26.06516542778827,1293.7736953807364,41.435076653095074,2307.4694531138825,100.0,100.0,True,,synthetic_normal_baseline,sim_user,normal_baseline,gpu:1,normal_baseline
53.7,2026-01-01 00:00:53.700000+00:00,,syn-normal-baseline-100,normal-control,normal,0.05,0.0,0.5,0,10.0,121.43143032321494,46.59352209459646,28.65399515869011,1398.8067032126671,41.41414849257396,2451.6037373208264,100.0,100.0,True,,synthetic_normal_baseline,sim_user,normal_baseline,gpu:1,normal_baseline
53.8,2026-01-01 00:00:53.800000+00:00,,syn-normal-baseline-100,normal-control,normal,0.05,0.0,0.5,0,10.0,121.18172500891626,43.90862368599041,18.74904327065852,1291.6447061030287,40.47275221234025,1827.568803271727,100.0,100.0,True,,synthetic_normal_baseline,sim_user,normal_baseline,gpu:1,normal_baseline
53.9,2026-01-01 00:00:53.900000+00:00,,syn-normal-baseline-100,normal-control,normal,0.05,0.0,0.5,0,10.0,120.71956315098863,41.67168753193378,28.510781269593604,1286.8418660089276,39.816617435697104,2391.4083121583485,100.0,100.0,True,,synthetic_normal_baseline,sim_user,normal_baseline,gpu:1,normal_baseline
54.0,2026-01-01 00:00:54+00:00,,syn-normal-baseline-100,normal-control,normal,0.05,0.0,0.5,0,10.0,120.33233404563286,32.474423673632636,16.813221892953855,1029.1429730379868,37.30468982703124,1518.5483051459507,100.0,100.0,True,,synthetic_normal_baseline,sim_user,normal_baseline,gpu:1,normal_baseline
54.1,2026-01-01 00:00:54.100000+00:00,,syn-normal-baseline-100,normal-control,normal,0.05,0.0,0.5,0,10.0,123.41372873823747,64.91504406947617,35.56997338834695,1845.351587597392,46.36401174126275,2766.23891439226,100.0,100.0,True,,synthetic_normal_baseline,sim_user,normal_baseline,gpu:1,normal_baseline
54.2,2026-01-01 00:00:54.200000+00:00,,syn-normal-baseline-100,normal-control,normal,0.05,0.0,0.5,0,10.0,123.05887779039475,58.65648338843605,26.287184561469367,1688.6384679993225,44.54486986661901,2211.7288862988908,100.0,100.0,True,,synthetic_normal_baseline,sim_user,normal_baseline,gpu:1,normal_baseline
54.3,2026-01-01 00:00:54.300000+00:00,,syn-normal-baseline-100,normal-control,normal,0.05,0.0,0.5,0,10.0,123.07092059917207,58.531298050067086,30.925359483719483,1645.6235254999758,44.20905929673509,2624.19422800716,100.0,100.0,True,,synthetic_normal_baseline,sim_user,normal_baseline,gpu:1,normal_baseline
54.4,2026-01-01 00:00:54.400000+00:00,,syn-normal-baseline-100,normal-control,normal,0.05,0.0,0.5,0,10.0,124.22537782102671,69.43062495265015,42.86504497567893,1958.7452486727377,47.10804750335471,3549.739651113066,100.0,100.0,True,,synthetic_normal_baseline,sim_user,normal_baseline,gpu:1,normal_baseline
54.5,2026-01-01 00:00:54.500000+00:00,,syn-normal-baseline-100,normal-control,normal,0.05,0.0,0.5,0,10.0,124.83821146716798,75.59921484260944,41.66206575781839,2045.8818524373805,48.913060554282815,3315.6765100781654,100.0,100.0,True,,synthetic_normal_baseline,sim_user,normal_baseline,gpu:1,normal_baseline
54.6,2026-01-01 00:00:54.600000+00:00,,syn-normal-baseline-100,normal-control,normal,0.05,0.0,0.5,0,10.0,124.02879032537125,68.18170217024466,35.23039871693085,1910.3736062863757,46.76702956826493,2891.4468382599143,100.0,100.0,True,,synthetic_normal_baseline,sim_user,normal_baseline,gpu:1,normal_baseline
54.7,2026-01-01 00:00:54.700000+00:00,,syn-normal-baseline-100,normal-control,normal,0.05,0.0,0.5,0,10.0,124.73155943526844,73.05071417883626,36.01517393609923,1967.5808497264088,48.14133437042178,2874.9018739854105,100.0,100.0,True,,synthetic_normal_baseline,sim_user,normal_baseline,gpu:1,normal_baseline
54.8,2026-01-01 00:00:54.800000+00:00,,syn-normal-baseline-100,normal-control,normal,0.05,0.0,0.5,0,10.0,124.06891112499564,69.3143927923267,35.31215621689804,1867.6675952046216,46.78832856848439,2800.4135180972626,100.0,100.0,True,,synthetic_normal_baseline,sim_user,normal_baseline,gpu:1,normal_baseline
54.9,2026-01-01 00:00:54.900000+00:00,,syn-normal-baseline-100,normal-control,normal,0.05,0.0,0.5,0,10.0,123.99732027326706,73.23748930910057,44.4478501904698,2026.3236143161994,47.64063792203995,3673.875599850682,100.0,100.0,True,,synthetic_normal_baseline,sim_user,normal_baseline,gpu:1,normal_baseline
55.0,2026-01-01 00:00:55+00:00,,syn-normal-baseline-100,normal-control,normal,0.05,0.0,0.5,0,10.0,123.33422617433492,63.16676917638607,33.91502472741457,1790.6421218165292,44.99353822282572,3084.7011760198807,100.0,100.0,True,,synthetic_normal_baseline,sim_user,normal_baseline,gpu:1,normal_baseline
55.1,2026-01-01 00:00:55.100000+00:00,,syn-normal-baseline-100,normal-control,normal,0.05,0.0,0.5,0,10.0,122.07160870798216,50.202097706019856,23.38418045606506,1432.509596954034,41.521673069074104,2113.561219024258,100.0,100.0,True,,synthetic_normal_baseline,sim_user,normal_baseline,gpu:1,normal_baseline
55.2,2026-01-01 00:00:55.200000+00:00,,syn-normal-baseline-100,normal-control,normal,0.05,0.0,0.5,0,10.0,122.00274585659227,52.80836692944473,33.46429343929138,1510.3860457716985,42.14992589292669,2863.0883439383483,100.0,100.0,True,,synthetic_normal_baseline,sim_user,normal_baseline,gpu:1,normal_baseline
55.3,2026-01-01 00:00:55.300000+00:00,,syn-normal-baseline-100,normal-control,normal,0.05,0.0,0.5,0,10.0,120.63303342362347,40.37496407340612,22.11574652420512,1254.5468122949148,38.85864277026246,1985.0652822990307,100.0,100.0,True,,synthetic_normal_baseline,sim_user,normal_baseline,gpu:1,normal_baseline
55.4,2026-01-01 00:00:55.400000+00:00,,syn-normal-baseline-100,normal-control,normal,0.05,0.0,0.5,0,10.0,120.91987725529785,39.473277195136106,28.26077637851835,1178.621960870087,38.34440263958676,2634.988134388054,100.0,100.0,True,,synthetic_normal_baseline,sim_user,normal_baseline,gpu:1,normal_baseline
55.5,2026-01-01 00:00:55.500000+00:00,,syn-normal-baseline-100,normal-control,normal,0.05,0.0,0.5,0,10.0,120.95135067353701,43.82402849416179,30.96524210627487,1319.6294673539169,39.42401492361461,2471.839995683608,100.0,100.0,True,,synthetic_normal_baseline,sim_user,normal_baseline,gpu:1,normal_baseline
55.6,2026-01-01 00:00:55.600000+00:00,,syn-normal-baseline-100,normal-control,normal,0.05,0.0,0.5,0,10.0,120.02899644576871,30.620727538320228,17.894971320894722,984.9640181500757,35.727758716463946,1824.5122323977844,100.0,100.0,True,,synthetic_normal_baseline,sim_user,normal_baseline,gpu:1,normal_baseline
55.7,2026-01-01 00:00:55.700000+00:00,,syn-normal-baseline-100,normal-control,normal,0.05,0.0,0.5,0,10.0,121.19390794649685,44.37459290205142,20.209519693382497,1291.214501210905,39.68995595398433,1875.630550976023,100.0,100.0,True,,synthetic_normal_baseline,sim_user,normal_baseline,gpu:1,normal_baseline
55.8,2026-01-01 00:00:55.800000+00:00,,syn-normal-baseline-100,normal-control,normal,0.05,0.0,0.5,0,10.0,121.49607228949525,49.737474351866474,24.88565009837878,1426.0380817574646,41.47656071356869,2251.782932699622,100.0,100.0,True,,synthetic_normal_baseline,sim_user,normal_baseline,gpu:1,normal_baseline
55.9,2026-01-01 00:00:55.900000+00:00,,syn-normal-baseline-100,normal-control,normal,0.05,0.0,0.5,0,10.0,120.6880534560968,36.621831400479955,23.75591922846085,1163.6230078178069,37.52982942260188,2242.6878795423277,100.0,100.0,True,,synthetic_normal_baseline,sim_user,normal_baseline,gpu:1,normal_baseline
56.0,2026-01-01 00:00:56+00:00,,syn-normal-baseline-100,normal-control,normal,0.05,0.0,0.5,0,10.0,120.8203331805715,39.234539616118425,24.583062644690862,1181.665180726331,38.1101055788454,2162.2206765442224,100.0,100.0,True,,synthetic_normal_baseline,sim_user,normal_baseline,gpu:1,normal_baseline
56.1,2026-01-01 00:00:56.100000+00:00,,syn-normal-baseline-100,normal-control,normal,0.05,0.0,0.5,0,10.0,119.7448400583818,29.28123976592826,15.640334540622376,944.0587288027854,35.57673467693281,1561.2320908842376,100.0,100.0,True,,synthetic_normal_baseline,sim_user,normal_baseline,gpu:1,normal_baseline
56.2,2026-01-01 00:00:56.200000+00:00,,syn-normal-baseline-100,normal-control,normal,0.05,0.0,0.5,0,10.0,120.88123859201728,43.370060016615994,26.812074870221686,1312.212495558795,39.24387842977786,2339.0841151480836,100.0,100.0,True,,synthetic_normal_baseline,sim_user,normal_baseline,gpu:1,normal_baseline
56.3,2026-01-01 00:00:56.300000+00:00,,syn-normal-baseline-100,normal-control,normal,0.05,0.0,0.5,0,10.0,119.96404215203728,31.347515561812695,17.418453620645288,994.9449680294972,36.001449347363106,1793.48387376175,100.0,100.0,True,,synthetic_normal_baseline,sim_user,normal_baseline,gpu:1,normal_baseline
56.4,2026-01-01 00:00:56.400000+00:00,,syn-normal-baseline-100,normal-control,normal,0.05,0.0,0.5,0,10.0,120.80907273886352,39.83337557266491,15.134794178958593,1128.6317698572175,38.38555855110856,1497.913535212758,100.0,100.0,True,,synthetic_normal_baseline,sim_user,normal_baseline,gpu:1,normal_baseline
56.5,2026-01-01 00:00:56.500000+00:00,,syn-normal-baseline-100,normal-control,normal,0.05,0.0,0.5,0,10.0,120.41336131714893,37.42099993437451,22.747402657880393,1176.9747386881158,37.84522064446652,2034.970250657398,100.0,100.0,True,,synthetic_normal_baseline,sim_user,normal_baseline,gpu:1,normal_baseline
56.6,2026-01-01 00:00:56.600000+00:00,,syn-normal-baseline-100,normal-control,normal,0.05,0.0,0.5,0,10.0,120.08384140400393,35.73451366560751,18.990560029364783,1119.3082272048664,37.61336532675204,1896.9437204432188,100.0,100.0,True,,synthetic_normal_baseline,sim_user,normal_baseline,gpu:1,normal_baseline
56.7,2026-01-01 00:00:56.700000+00:00,,syn-normal-baseline-100,normal-control,normal,0.05,0.0,0.5,0,10.0,120.30014894204288,37.028477063580794,20.421002818076065,1127.6237593573849,38.079135429055725,1875.915415430396,100.0,100.0,True,,synthetic_normal_baseline,sim_user,normal_baseline,gpu:1,normal_baseline
56.8,2026-01-01 00:00:56.800000+00:00,,syn-normal-baseline-100,normal-control,normal,0.05,0.0,0.5,0,10.0,118.79310563188851,20.722119285712772,9.458099436875248,737.7488178147752,33.57324753839958,1062.6057083957216,100.0,100.0,True,,synthetic_normal_baseline,sim_user,normal_baseline,gpu:1,normal_baseline
56.9,2026-01-01 00:00:56.900000+00:00,,syn-normal-baseline-100,normal-control,normal,0.05,0.0,0.5,0,10.0,119.2536636606613,22.53470237832168,19.227704499947812,797.7018231867124,34.24680122889226,1829.6133440821914,100.0,100.0,True,,synthetic_normal_baseline,sim_user,normal_baseline,gpu:1,normal_baseline
57.0,2026-01-01 00:00:57+00:00,,syn-normal-baseline-100,normal-control,normal,0.05,0.0,0.5,0,10.0,119.52378926002382,30.7893985009561,17.4974405360158,1020.344438819215,36.52270179886463,1728.4582044499155,100.0,100.0,True,,synthetic_normal_baseline,sim_user,normal_baseline,gpu:1,normal_baseline
57.1,2026-01-01 00:00:57.100000+00:00,,syn-normal-baseline-100,normal-control,normal,0.05,0.0,0.5,0,10.0,119.74124888851101,30.814559246522037,12.32517697386627,973.636441413128,36.54173918066985,1514.5112751561537,100.0,100.0,True,,synthetic_normal_baseline,sim_user,normal_baseline,gpu:1,normal_baseline
57.2,2026-01-01 00:00:57.200000+00:00,,syn-normal-baseline-100,normal-control,normal,0.05,0.0,0.5,0,10.0,119.80078281174903,32.47857699581247,17.15345144688323,979.1789807168669,37.0318689737434,1756.9709305730964,100.0,100.0,True,,synthetic_normal_baseline,sim_user,normal_baseline,gpu:1,normal_baseline
57.3,2026-01-01 00:00:57.300000+00:00,,syn-normal-baseline-100,normal-control,normal,0.05,0.0,0.5,0,10.0,118.72322525744868,20.707952967353453,18.800067640799867,746.1664859857041,33.938999765782654,1628.396579265863,100.0,100.0,True,,synthetic_normal_baseline,sim_user,normal_baseline,gpu:1,normal_baseline
57.4,2026-01-01 00:00:57.400000+00:00,,syn-normal-baseline-100,normal-control,normal,0.05,0.0,0.5,0,10.0,118.02216563431193,15.868157322541379,7.219990969557944,535.6039387945941,32.253390612735096,956.3979305317597,100.0,100.0,True,,synthetic_normal_baseline,sim_user,normal_baseline,gpu:1,normal_baseline
57.5,2026-01-01 00:00:57.500000+00:00,,syn-normal-baseline-100,normal-control,normal,0.05,0.0,0.5,0,10.0,118.08470754222604,19.190885068434476,6.852492226557965,751.0227098251839,33.1066505750853,991.3803891779758,100.0,100.0,True,,synthetic_normal_baseline,sim_user,normal_baseline,gpu:1,normal_baseline
57.6,2026-01-01 00:00:57.600000+00:00,,syn-normal-baseline-100,normal-control,normal,0.05,0.0,0.5,0,10.0,117.25506720640577,6.31964420663855,4.044754159200403,354.7580720051234,29.471484528475905,922.0043130853087,100.0,100.0,True,,synthetic_normal_baseline,sim_user,normal_baseline,gpu:1,normal_baseline
57.7,2026-01-01 00:00:57.700000+00:00,,syn-normal-baseline-100,normal-control,normal,0.05,0.0,0.5,0,10.0,118.12660162080512,16.371858876713993,10.630566140180497,566.5358521753639,32.04839725542066,1309.4963247653998,100.0,100.0,True,,synthetic_normal_baseline,sim_user,normal_baseline,gpu:1,normal_baseline
57.8,2026-01-01 00:00:57.800000+00:00,,syn-normal-baseline-100,normal-control,normal,0.05,0.0,0.5,0,10.0,119.1540716325364,22.48858773453507,13.960973637211849,762.3299850997769,33.76269674023276,1476.643982330553,100.0,100.0,True,,synthetic_normal_baseline,sim_user,normal_baseline,gpu:1,normal_baseline
57.9,2026-01-01 00:00:57.900000+00:00,,syn-normal-baseline-100,normal-control,normal,0.05,0.0,0.5,0,10.0,119.53049845257434,31.499476442352115,15.092715760634954,949.0473443011176,36.13799412155212,1499.6583400793022,100.0,100.0,True,,synthetic_normal_baseline,sim_user,normal_baseline,gpu:1,normal_baseline
58.0,2026-01-01 00:00:58+00:00,,syn-normal-baseline-100,normal-control,normal,0.05,0.0,0.5,0,10.0,119.16222119878573,26.013522884598693,13.485355624778576,870.352986396947,35.08807283680106,1521.3894434792755,100.0,100.0,True,,synthetic_normal_baseline,sim_user,normal_baseline,gpu:1,normal_baseline
58.1,2026-01-01 00:00:58.100000+00:00,,syn-normal-baseline-100,normal-control,normal,0.05,0.0,0.5,0,10.0,120.06407252640447,31.51019587894818,16.243683922249506,970.8217311707027,36.47988386454942,1669.2746603105977,100.0,100.0,True,,synthetic_normal_baseline,sim_user,normal_baseline,gpu:1,normal_baseline
58.2,2026-01-01 00:00:58.200000+00:00,,syn-normal-baseline-100,normal-control,normal,0.05,0.0,0.5,0,10.0,120.31712881728065,32.31234471249821,20.802062033391557,1015.2860971657134,36.357393530564465,1864.9753212758574,100.0,100.0,True,,synthetic_normal_baseline,sim_user,normal_baseline,gpu:1,normal_baseline
58.3,2026-01-01 00:00:58.300000+00:00,,syn-normal-baseline-100,normal-control,normal,0.05,0.0,0.5,0,10.0,121.999739604754,50.262919192085455,27.044249178106963,1524.6876275852633,41.76257268515095,2507.8004497129778,100.0,100.0,True,,synthetic_normal_baseline,sim_user,normal_baseline,gpu:1,normal_baseline
58.4,2026-01-01 00:00:58.400000+00:00,,syn-normal-baseline-100,normal-control,normal,0.05,0.0,0.5,0,10.0,122.96117972690843,58.63962484924218,34.48346990354524,1752.773003962212,44.09020524721683,2756.0873818119203,100.0,100.0,True,,synthetic_normal_baseline,sim_user,normal_baseline,gpu:1,normal_baseline
58.5,2026-01-01 00:00:58.500000+00:00,,syn-normal-baseline-100,normal-control,normal,0.05,0.0,0.5,0,10.0,121.95793580132998,49.37891736618481,39.83379952543655,1455.4838660147693,41.44734430466699,3231.192862979822,100.0,100.0,True,,synthetic_normal_baseline,sim_user,normal_baseline,gpu:1,normal_baseline
58.6,2026-01-01 00:00:58.600000+00:00,,syn-normal-baseline-100,normal-control,normal,0.05,0.0,0.5,0,10.0,121.65579235948395,49.80530926454582,28.545414787449154,1434.045033198428,41.59837750726381,2338.1120035547347,100.0,100.0,True,,synthetic_normal_baseline,sim_user,normal_baseline,gpu:1,normal_baseline
58.7,2026-01-01 00:00:58.700000+00:00,,syn-normal-baseline-100,normal-control,normal,0.05,0.0,0.5,0,10.0,119.92231899427803,30.22479550562686,17.603844745952102,979.1019364938237,36.076645697866226,1620.564418697049,100.0,100.0,True,,synthetic_normal_baseline,sim_user,normal_baseline,gpu:1,normal_baseline
58.8,2026-01-01 00:00:58.800000+00:00,,syn-normal-baseline-100,normal-control,normal,0.05,0.0,0.5,0,10.0,120.9339176451107,42.46404973679903,24.05154887230293,1289.0751206784917,39.278707503138804,1979.458518598291,100.0,100.0,True,,synthetic_normal_baseline,sim_user,normal_baseline,gpu:1,normal_baseline
58.9,2026-01-01 00:00:58.900000+00:00,,syn-normal-baseline-100,normal-control,normal,0.05,0.0,0.5,0,10.0,121.67677608022227,50.34424884780915,23.688314564005054,1393.143755413084,41.23996145176528,2296.189083578638,100.0,100.0,True,,synthetic_normal_baseline,sim_user,normal_baseline,gpu:1,normal_baseline
59.0,2026-01-01 00:00:59+00:00,,syn-normal-baseline-100,normal-control,normal,0.05,0.0,0.5,0,10.0,119.72684552315644,29.36921252364363,20.133916114405825,908.0170325916433,35.610172308254455,1837.4227454043428,100.0,100.0,True,,synthetic_normal_baseline,sim_user,normal_baseline,gpu:1,normal_baseline
59.1,2026-01-01 00:00:59.100000+00:00,,syn-normal-baseline-100,normal-control,normal,0.05,0.0,0.5,0,10.0,120.13106266914991,35.76000820099395,17.25333771235729,1094.3001896312262,37.570518478452186,1563.0919018428135,100.0,100.0,True,,synthetic_normal_baseline,sim_user,normal_baseline,gpu:1,normal_baseline
59.2,2026-01-01 00:00:59.200000+00:00,,syn-normal-baseline-100,normal-control,normal,0.05,0.0,0.5,0,10.0,121.34187419851865,47.489597064924766,33.43561463852125,1445.4182979221578,40.59014802301133,2844.579191286219,100.0,100.0,True,,synthetic_normal_baseline,sim_user,normal_baseline,gpu:1,normal_baseline
59.3,2026-01-01 00:00:59.300000+00:00,,syn-normal-baseline-100,normal-control,normal,0.05,0.0,0.5,0,10.0,119.91140195433779,29.401804228399378,14.31236443945985,970.7290455577021,35.74135677635272,1155.4688858010863,100.0,100.0,True,,synthetic_normal_baseline,sim_user,normal_baseline,gpu:1,normal_baseline
59.4,2026-01-01 00:00:59.400000+00:00,,syn-normal-baseline-100,normal-control,normal,0.05,0.0,0.5,0,10.0,121.24709113677086,42.359222925438345,30.019835331994447,1313.1769909881216,39.46017711155167,2504.874732550314,100.0,100.0,True,,synthetic_normal_baseline,sim_user,normal_baseline,gpu:1,normal_baseline
59.5,2026-01-01 00:00:59.500000+00:00,,syn-normal-baseline-100,normal-control,normal,0.05,0.0,0.5,0,10.0,122.06647691673503,48.136776361287254,24.985329774085436,1372.645247499899,41.460514918970524,2282.9908903821974,100.0,100.0,True,,synthetic_normal_baseline,sim_user,normal_baseline,gpu:1,normal_baseline
59.6,2026-01-01 00:00:59.600000+00:00,,syn-normal-baseline-100,normal-control,normal,0.05,0.0,0.5,0,10.0,122.5763968025129,56.0846606089448,34.56188270709948,1612.1141960780828,43.60086158832227,3097.72694765855,100.0,100.0,True,,synthetic_normal_baseline,sim_user,normal_baseline,gpu:1,normal_baseline
59.7,2026-01-01 00:00:59.700000+00:00,,syn-normal-baseline-100,normal-control,normal,0.05,0.0,0.5,0,10.0,122.8427237303153,61.108357374893316,33.052019655848945,1724.541420299329,45.39110756949511,2834.101811163935,100.0,100.0,True,,synthetic_normal_baseline,sim_user,normal_baseline,gpu:1,normal_baseline
59.8,2026-01-01 00:00:59.800000+00:00,,syn-normal-baseline-100,normal-control,normal,0.05,0.0,0.5,0,10.0,121.839022147661,45.889773356584755,31.5723046825587,1368.470564478558,41.17010479178405,2924.9340870957985,100.0,100.0,True,,synthetic_normal_baseline,sim_user,normal_baseline,gpu:1,normal_baseline
59.9,2026-01-01 00:00:59.900000+00:00,,syn-normal-baseline-100,normal-control,normal,0.05,0.0,0.5,0,10.0,122.71466945806561,56.27714980184293,38.98634694386631,1674.3564302821367,43.83026589380075,3161.435968344,100.0,100.0,True,,synthetic_normal_baseline,sim_user,normal_baseline,gpu:1,normal_baseline
60.0,2026-01-01 00:01:00+00:00,,syn-normal-baseline-100,normal-control,normal,0.05,0.0,0.5,0,10.0,122.5219348453666,59.953943504563696,33.33028401832936,1739.9060278572586,45.022286862642126,2766.906534049699,100.0,100.0,True,,synthetic_normal_baseline,sim_user,normal_baseline,gpu:1,normal_baseline
60.1,2026-01-01 00:01:00.100000+00:00,,syn-normal-baseline-100,normal-control,normal,0.05,0.0,0.5,0,10.0,121.59813283884583,45.40200463919589,24.91626821055012,1327.3131056434663,41.0614805554093,2100.066022796527,100.0,100.0,True,,synthetic_normal_baseline,sim_user,normal_baseline,gpu:1,normal_baseline
60.2,2026-01-01 00:01:00.200000+00:00,,syn-normal-baseline-100,normal-control,normal,0.05,0.0,0.5,0,10.0,122.1125766261414,52.33897395320967,28.08105777386264,1533.7114917191714,42.845210404548475,2464.698031144269,100.0,100.0,True,,synthetic_normal_baseline,sim_user,normal_baseline,gpu:1,normal_baseline
60.3,2026-01-01 00:01:00.300000+00:00,,syn-normal-baseline-100,normal-control,normal,0.05,0.0,0.5,0,10.0,121.1864888561704,44.29620065216685,24.381474059060807,1366.530980243142,40.65295686677616,2147.8648782848,100.0,100.0,True,,synthetic_normal_baseline,sim_user,normal_baseline,gpu:1,normal_baseline
60.4,2026-01-01 00:01:00.400000+00:00,,syn-normal-baseline-100,normal-control,normal,0.05,0.0,0.5,0,10.0,120.45004803131756,35.7652476040307,20.47094867510698,1133.8638536580193,38.08642540258835,1913.9227785294956,100.0,100.0,True,,synthetic_normal_baseline,sim_user,normal_baseline,gpu:1,normal_baseline
60.5,2026-01-01 00:01:00.500000+00:00,,syn-normal-baseline-100,normal-control,normal,0.05,0.0,0.5,0,10.0,120.9882879722144,43.225905451784776,25.843561529885108,1289.3545304689608,40.271224098401035,2416.4544851109026,100.0,100.0,True,,synthetic_normal_baseline,sim_user,normal_baseline,gpu:1,normal_baseline
60.6,2026-01-01 00:01:00.600000+00:00,,syn-normal-baseline-100,normal-control,normal,0.05,0.0,0.5,0,10.0,120.67004043669961,39.412176301835494,24.66748793243495,1235.2964595133756,39.20636428884653,2284.7881293816235,100.0,100.0,True,,synthetic_normal_baseline,sim_user,normal_baseline,gpu:1,normal_baseline
60.7,2026-01-01 00:01:00.700000+00:00,,syn-normal-baseline-100,normal-control,normal,0.05,0.0,0.5,0,10.0,119.47851948885035,28.216392422027052,14.46922332656124,885.7196831202914,36.0100630253289,1509.3304241393114,100.0,100.0,True,,synthetic_normal_baseline,sim_user,normal_baseline,gpu:1,normal_baseline
60.8,2026-01-01 00:01:00.800000+00:00,,syn-normal-baseline-100,normal-control,normal,0.05,0.0,0.5,0,10.0,120.14281297411235,33.58098020174776,19.205142602565694,1026.778389977858,37.72287809374015,1869.9208539204153,100.0,100.0,True,,synthetic_normal_baseline,sim_user,normal_baseline,gpu:1,normal_baseline
60.9,2026-01-01 00:01:00.900000+00:00,,syn-normal-baseline-100,normal-control,normal,0.05,0.0,0.5,0,10.0,119.5161627683045,31.332897622267307,16.842005275592822,1021.3449003169358,37.227933503118344,1528.468728429518,100.0,100.0,True,,synthetic_normal_baseline,sim_user,normal_baseline,gpu:1,normal_baseline
61.0,2026-01-01 00:01:01+00:00,,syn-normal-baseline-100,normal-control,normal,0.05,0.0,0.5,0,10.0,117.43745614707089,11.16351645181815,4.318777141056907,499.4838840738236,31.811900483718432,767.3207156985553,100.0,100.0,True,,synthetic_normal_baseline,sim_user,normal_baseline,gpu:1,normal_baseline
61.1,2026-01-01 00:01:01.100000+00:00,,syn-normal-baseline-100,normal-control,normal,0.05,0.0,0.5,0,10.0,117.11329729760409,6.566908417875763,8.682826862409554,339.8560127376646,30.38655092365108,1182.9807385647125,100.0,100.0,True,,synthetic_normal_baseline,sim_user,normal_baseline,gpu:1,normal_baseline
61.2,2026-01-01 00:01:01.200000+00:00,,syn-normal-baseline-100,normal-control,normal,0.05,0.0,0.5,0,10.0,117.83636482420593,13.275811502713882,5.830164575903109,545.9184818240268,32.2212499723189,818.7294469559206,100.0,100.0,True,,synthetic_normal_baseline,sim_user,normal_baseline,gpu:1,normal_baseline
61.3,2026-01-01 00:01:01.300000+00:00,,syn-normal-baseline-100,normal-control,normal,0.05,0.0,0.5,0,10.0,118.81888124276875,23.35193304520145,12.523901266924057,803.5527732151986,34.90979975714919,1384.908765202449,100.0,100.0,True,,synthetic_normal_baseline,sim_user,normal_baseline,gpu:1,normal_baseline
61.4,2026-01-01 00:01:01.400000+00:00,,syn-normal-baseline-100,normal-control,normal,0.05,0.0,0.5,0,10.0,117.84404071794825,15.230636458551514,8.075692117210988,511.97272171530534,32.705632578419674,998.1954122695722,100.0,100.0,True,,synthetic_normal_baseline,sim_user,normal_baseline,gpu:1,normal_baseline
61.5,2026-01-01 00:01:01.500000+00:00,,syn-normal-baseline-100,normal-control,normal,0.05,0.0,0.5,0,10.0,117.30457147632904,6.894580399100899,3.261687628673998,407.8248758435837,30.198018939857437,652.8975064247908,100.0,100.0,True,,synthetic_normal_baseline,sim_user,normal_baseline,gpu:1,normal_baseline
61.6,2026-01-01 00:01:01.600000+00:00,,syn-normal-baseline-100,normal-control,normal,0.05,0.0,0.5,0,10.0,118.937188295726,25.553824616943615,11.713988040417991,825.1062278506446,35.546955827462355,1120.7640549206208,100.0,100.0,True,,synthetic_normal_baseline,sim_user,normal_baseline,gpu:1,normal_baseline
61.7,2026-01-01 00:01:01.700000+00:00,,syn-normal-baseline-100,normal-control,normal,0.05,0.0,0.5,0,10.0,118.30509492409941,15.896654354212927,8.644502230272906,537.1838867130804,32.6676086329159,926.1626763467766,100.0,100.0,True,,synthetic_normal_baseline,sim_user,normal_baseline,gpu:1,normal_baseline
61.8,2026-01-01 00:01:01.800000+00:00,,syn-normal-baseline-100,normal-control,normal,0.05,0.0,0.5,0,10.0,119.8733518166613,28.168603574434982,24.600141645202818,893.1795394881615,35.985833269695995,2183.8339748042113,100.0,100.0,True,,synthetic_normal_baseline,sim_user,normal_baseline,gpu:1,normal_baseline
61.9,2026-01-01 00:01:01.900000+00:00,,syn-normal-baseline-100,normal-control,normal,0.05,0.0,0.5,0,10.0,121.5264619185092,45.3564895377872,22.138258790341002,1340.2955625310985,40.54445116457073,1959.35968835721,100.0,100.0,True,,synthetic_normal_baseline,sim_user,normal_baseline,gpu:1,normal_baseline
62.0,2026-01-01 00:01:02+00:00,,syn-normal-baseline-100,normal-control,normal,0.05,0.0,0.5,0,10.0,120.75113438872218,40.02150998129683,18.931269719693823,1249.5436198805296,39.05553224391675,1634.6668092199209,100.0,100.0,True,,synthetic_normal_baseline,sim_user,normal_baseline,gpu:1,normal_baseline
62.1,2026-01-01 00:01:02.100000+00:00,,syn-normal-baseline-100,normal-control,normal,0.05,0.0,0.5,0,10.0,119.99128601871904,34.75568303121507,22.314287405878073,1038.296025801489,37.54249378727339,2159.051377243304,100.0,100.0,True,,synthetic_normal_baseline,sim_user,normal_baseline,gpu:1,normal_baseline
62.2,2026-01-01 00:01:02.200000+00:00,,syn-normal-baseline-100,normal-control,normal,0.05,0.0,0.5,0,10.0,119.9440890346715,30.104198481103634,10.59944994969764,919.8512490071348,36.3145818376384,1210.2331305586433,100.0,100.0,True,,synthetic_normal_baseline,sim_user,normal_baseline,gpu:1,normal_baseline
62.3,2026-01-01 00:01:02.300000+00:00,,syn-normal-baseline-100,normal-control,normal,0.05,0.0,0.5,0,10.0,119.10168711476166,24.427987746289254,14.88600787082044,832.6466948426806,34.8217146541325,1404.5662885191962,100.0,100.0,True,,synthetic_normal_baseline,sim_user,normal_baseline,gpu:1,normal_baseline
62.4,2026-01-01 00:01:02.400000+00:00,,syn-normal-baseline-100,normal-control,normal,0.05,0.0,0.5,0,10.0,119.91560298967504,34.247301872067304,15.391054260387039,1007.8643213153421,37.56941413556044,1556.2832637571566,100.0,100.0,True,,synthetic_normal_baseline,sim_user,normal_baseline,gpu:1,normal_baseline
62.5,2026-01-01 00:01:02.500000+00:00,,syn-normal-baseline-100,normal-control,normal,0.05,0.0,0.5,0,10.0,119.11922417480338,25.223053062129264,9.540325783043468,916.6761500850201,35.246444905331124,1201.9235284944546,100.0,100.0,True,,synthetic_normal_baseline,sim_user,normal_baseline,gpu:1,normal_baseline
62.6,2026-01-01 00:01:02.600000+00:00,,syn-normal-baseline-100,normal-control,normal,0.05,0.0,0.5,0,10.0,118.56633307190836,22.848073103055597,5.931019278408259,759.6687074207344,34.800506769312975,812.9696701127916,100.0,100.0,True,,synthetic_normal_baseline,sim_user,normal_baseline,gpu:1,normal_baseline
62.7,2026-01-01 00:01:02.700000+00:00,,syn-normal-baseline-100,normal-control,normal,0.05,0.0,0.5,0,10.0,119.32656135871555,28.42553594164526,18.120000604049366,941.7678904021084,36.392865693661655,1754.5048558861731,100.0,100.0,True,,synthetic_normal_baseline,sim_user,normal_baseline,gpu:1,normal_baseline
62.8,2026-01-01 00:01:02.800000+00:00,,syn-normal-baseline-100,normal-control,normal,0.05,0.0,0.5,0,10.0,118.29934712270722,15.277319704529106,3.378092519112272,585.0365846229631,32.973559593855825,963.704260311641,100.0,100.0,True,,synthetic_normal_baseline,sim_user,normal_baseline,gpu:1,normal_baseline
62.9,2026-01-01 00:01:02.900000+00:00,,syn-normal-baseline-100,normal-control,normal,0.05,0.0,0.5,0,10.0,118.86926770398426,21.557911382541352,12.236612365508469,774.807448009741,34.784188831620824,1296.39946380935,100.0,100.0,True,,synthetic_normal_baseline,sim_user,normal_baseline,gpu:1,normal_baseline
63.0,2026-01-01 00:01:03+00:00,,syn-normal-baseline-100,normal-control,normal,0.05,0.0,0.5,0,10.0,119.2068055468787,27.86756002124556,13.504010843433587,896.4194600875743,36.48642540081706,1287.416080870192,100.0,100.0,True,,synthetic_normal_baseline,sim_user,normal_baseline,gpu:1,normal_baseline
63.1,2026-01-01 00:01:03.100000+00:00,,syn-normal-baseline-100,normal-control,normal,0.05,0.0,0.5,0,10.0,118.3992804918631,14.291639253221716,10.872637217319582,550.0564541252118,32.909429205360915,1109.051447710275,100.0,100.0,True,,synthetic_normal_baseline,sim_user,normal_baseline,gpu:1,normal_baseline
63.2,2026-01-01 00:01:03.200000+00:00,,syn-normal-baseline-100,normal-control,normal,0.05,0.0,0.5,0,10.0,120.37808079434761,37.846721015468574,18.733654913390055,1139.1117583368275,39.36340636776875,1724.263736567594,100.0,100.0,True,,synthetic_normal_baseline,sim_user,normal_baseline,gpu:1,normal_baseline
63.3,2026-01-01 00:01:03.300000+00:00,,syn-normal-baseline-100,normal-control,normal,0.05,0.0,0.5,0,10.0,120.08952393719765,33.35388557614687,25.4284032226474,1099.4287551438656,38.562187444675956,2296.4861241543167,100.0,100.0,True,,synthetic_normal_baseline,sim_user,normal_baseline,gpu:1,normal_baseline
63.4,2026-01-01 00:01:03.400000+00:00,,syn-normal-baseline-100,normal-control,normal,0.05,0.0,0.5,0,10.0,118.59788073493971,19.080826170616625,13.734260150331878,704.4642207542704,34.13804287419205,1471.0535451081385,100.0,100.0,True,,synthetic_normal_baseline,sim_user,normal_baseline,gpu:1,normal_baseline
63.5,2026-01-01 00:01:03.500000+00:00,,syn-normal-baseline-100,normal-control,normal,0.05,0.0,0.5,0,10.0,119.96978240764523,37.198422250814204,26.122838434256987,1129.8843593947697,39.26291889768985,2288.337097799662,100.0,100.0,True,,synthetic_normal_baseline,sim_user,normal_baseline,gpu:1,normal_baseline
63.6,2026-01-01 00:01:03.600000+00:00,,syn-normal-baseline-100,normal-control,normal,0.05,0.0,0.5,0,10.0,119.18004200883884,24.083826824680536,8.18181679341346,813.6107459202118,35.50886818198785,1452.8194055285394,100.0,100.0,True,,synthetic_normal_baseline,sim_user,normal_baseline,gpu:1,normal_baseline
63.7,2026-01-01 00:01:03.700000+00:00,,syn-normal-baseline-100,normal-control,normal,0.05,0.0,0.5,0,10.0,120.39661780107959,35.023609282362614,20.868067692696478,1122.1382533759547,38.25833178677694,1903.3824892355294,100.0,100.0,True,,synthetic_normal_baseline,sim_user,normal_baseline,gpu:1,normal_baseline
63.8,2026-01-01 00:01:03.800000+00:00,,syn-normal-baseline-100,normal-control,normal,0.05,0.0,0.5,0,10.0,121.15827952564374,42.2560265774961,28.091893006379625,1304.04043473956,40.25808270871243,2390.8175357429755,100.0,100.0,True,,synthetic_normal_baseline,sim_user,normal_baseline,gpu:1,normal_baseline
63.9,2026-01-01 00:01:03.900000+00:00,,syn-normal-baseline-100,normal-control,normal,0.05,0.0,0.5,0,10.0,120.34320398717422,35.21801144274026,22.17810831412631,1069.839979463327,38.124780306586594,2053.4113541466995,100.0,100.0,True,,synthetic_normal_baseline,sim_user,normal_baseline,gpu:1,normal_baseline
64.0,2026-01-01 00:01:04+00:00,,syn-normal-baseline-100,normal-control,normal,0.05,0.0,0.5,0,10.0,121.0664532686022,43.16572604063157,18.362645376568427,1244.003658861215,40.15637838137825,1782.7686304423876,100.0,100.0,True,,synthetic_normal_baseline,sim_user,normal_baseline,gpu:1,normal_baseline
64.1,2026-01-01 00:01:04.100000+00:00,,syn-normal-baseline-100,normal-control,normal,0.05,0.0,0.5,0,10.0,120.40009056330744,37.17033445707328,14.504840477117183,1165.3597110589906,38.344897319260355,1504.5823727215236,100.0,100.0,True,,synthetic_normal_baseline,sim_user,normal_baseline,gpu:1,normal_baseline
64.2,2026-01-01 00:01:04.200000+00:00,,syn-normal-baseline-100,normal-control,normal,0.05,0.0,0.5,0,10.0,119.41080874307362,23.042005299906293,9.336960167961744,809.3027466513863,34.07750351990125,1046.7128343848433,100.0,100.0,True,,synthetic_normal_baseline,sim_user,normal_baseline,gpu:1,normal_baseline
64.3,2026-01-01 00:01:04.300000+00:00,,syn-normal-baseline-100,normal-control,normal,0.05,0.0,0.5,0,10.0,121.040604068819,44.20395186009504,21.05554667394656,1337.0854793196174,40.17019400329497,1930.9274373360715,100.0,100.0,True,,synthetic_normal_baseline,sim_user,normal_baseline,gpu:1,normal_baseline
64.4,2026-01-01 00:01:04.400000+00:00,,syn-normal-baseline-100,normal-control,normal,0.05,0.0,0.5,0,10.0,120.70162096184725,41.123012620532485,25.807646904740697,1285.0361186373837,38.97770056062874,2314.913814057893,100.0,100.0,True,,synthetic_normal_baseline,sim_user,normal_baseline,gpu:1,normal_baseline
64.5,2026-01-01 00:01:04.500000+00:00,,syn-normal-baseline-100,normal-control,normal,0.05,0.0,0.5,0,10.0,119.30383042299748,28.798134563167082,16.989506359567283,901.3659894868729,35.385772219739145,1478.1941669717662,100.0,100.0,True,,synthetic_normal_baseline,sim_user,normal_baseline,gpu:1,normal_baseline
64.6,2026-01-01 00:01:04.600000+00:00,,syn-normal-baseline-100,normal-control,normal,0.05,0.0,0.5,0,10.0,117.96283213154173,16.378037698029523,2.2762780178281714,622.608362525427,31.79651830954161,869.5243555641863,100.0,100.0,True,,synthetic_normal_baseline,sim_user,normal_baseline,gpu:1,normal_baseline
64.7,2026-01-01 00:01:04.700000+00:00,,syn-normal-baseline-100,normal-control,normal,0.05,0.0,0.5,0,10.0,118.03100704438695,12.916256623279216,8.359734904381355,543.452572115818,30.866800496491766,946.9771476946728,100.0,100.0,True,,synthetic_normal_baseline,sim_user,normal_baseline,gpu:1,normal_baseline
64.8,2026-01-01 00:01:04.800000+00:00,,syn-normal-baseline-100,normal-control,normal,0.05,0.0,0.5,0,10.0,119.74026220039505,32.202459920723335,19.249026123053586,1020.1941317351335,36.45473587683884,2017.827101188615,100.0,100.0,True,,synthetic_normal_baseline,sim_user,normal_baseline,gpu:1,normal_baseline
64.9,2026-01-01 00:01:04.900000+00:00,,syn-normal-baseline-100,normal-control,normal,0.05,0.0,0.5,0,10.0,118.86106029998194,22.200258394613066,14.295685959829335,731.1270668472612,33.603419167039796,1499.505827344855,100.0,100.0,True,,synthetic_normal_baseline,sim_user,normal_baseline,gpu:1,normal_baseline
65.0,2026-01-01 00:01:05+00:00,,syn-normal-baseline-100,normal-control,normal,0.05,0.0,0.5,0,10.0,119.30255410933626,24.7636754922196,11.93825417639994,870.8262813372253,34.19358998558902,1249.2337748600169,100.0,100.0,True,,synthetic_normal_baseline,sim_user,normal_baseline,gpu:1,normal_baseline
65.1,2026-01-01 00:01:05.100000+00:00,,syn-normal-baseline-100,normal-control,normal,0.05,0.0,0.5,0,10.0,120.01988157451649,33.169417627551155,14.080623848052554,1074.3692457339687,36.54228322527088,1414.5761522214873,100.0,100.0,True,,synthetic_normal_baseline,sim_user,normal_baseline,gpu:1,normal_baseline
65.2,2026-01-01 00:01:05.200000+00:00,,syn-normal-baseline-100,normal-control,normal,0.05,0.0,0.5,0,10.0,120.88179331902809,41.821230090978034,17.931805709339905,1273.1521481668897,38.867874811576016,1619.8423366985612,100.0,100.0,True,,synthetic_normal_baseline,sim_user,normal_baseline,gpu:1,normal_baseline
65.3,2026-01-01 00:01:05.300000+00:00,,syn-normal-baseline-100,normal-control,normal,0.05,0.0,0.5,0,10.0,120.62345527901631,36.257416131637065,20.84127837423227,1131.7942942663942,37.210476677657056,1942.3444879271374,100.0,100.0,True,,synthetic_normal_baseline,sim_user,normal_baseline,gpu:1,normal_baseline
65.4,2026-01-01 00:01:05.400000+00:00,,syn-normal-baseline-100,normal-control,normal,0.05,0.0,0.5,0,10.0,120.08113652898204,31.459972200267096,10.551183789724703,999.5782547599292,35.827852923490084,1196.2824100456796,100.0,100.0,True,,synthetic_normal_baseline,sim_user,normal_baseline,gpu:1,normal_baseline
65.5,2026-01-01 00:01:05.500000+00:00,,syn-normal-baseline-100,normal-control,normal,0.05,0.0,0.5,0,10.0,120.23082890223887,36.0873346645606,15.499510019643585,1061.417931920027,37.53059624902148,1484.3570844651128,100.0,100.0,True,,synthetic_normal_baseline,sim_user,normal_baseline,gpu:1,normal_baseline
65.6,2026-01-01 00:01:05.600000+00:00,,syn-normal-baseline-100,normal-control,normal,0.05,0.0,0.5,0,10.0,120.65266243474784,40.5902584484071,26.16465202339177,1208.6635852983547,38.90268398129391,2221.877607670309,100.0,100.0,True,,synthetic_normal_baseline,sim_user,normal_baseline,gpu:1,normal_baseline
65.7,2026-01-01 00:01:05.700000+00:00,,syn-normal-baseline-100,normal-control,normal,0.05,0.0,0.5,0,10.0,120.86731488902373,39.25750734169066,25.61597677589024,1150.2745171061642,38.420248786477714,2143.5027142322347,100.0,100.0,True,,synthetic_normal_baseline,sim_user,normal_baseline,gpu:1,normal_baseline
65.8,2026-01-01 00:01:05.800000+00:00,,syn-normal-baseline-100,normal-control,normal,0.05,0.0,0.5,0,10.0,122.11577523152305,51.51528823392951,30.678222120859267,1528.5007278621054,41.82731573550255,2624.25025291095,100.0,100.0,True,,synthetic_normal_baseline,sim_user,normal_baseline,gpu:1,normal_baseline
65.9,2026-01-01 00:01:05.900000+00:00,,syn-normal-baseline-100,normal-control,normal,0.05,0.0,0.5,0,10.0,121.83039637433767,48.65510136677244,24.192226071088474,1391.0956380265611,41.020061496423985,2021.211194601541,100.0,100.0,True,,synthetic_normal_baseline,sim_user,normal_baseline,gpu:1,normal_baseline
66.0,2026-01-01 00:01:06+00:00,,syn-normal-baseline-100,normal-control,normal,0.05,0.0,0.5,0,10.0,121.23214758840294,46.18064058050938,30.452547948798834,1332.2233369746316,40.155344664079955,2782.6946964880703,100.0,100.0,True,,synthetic_normal_baseline,sim_user,normal_baseline,gpu:1,normal_baseline
66.1,2026-01-01 00:01:06.100000+00:00,,syn-normal-baseline-100,normal-control,normal,0.05,0.0,0.5,0,10.0,120.81468764832077,40.46910720285973,14.647753849515786,1267.159743284675,38.42028492444523,1480.9848576094746,100.0,100.0,True,,synthetic_normal_baseline,sim_user,normal_baseline,gpu:1,normal_baseline
66.2,2026-01-01 00:01:06.200000+00:00,,syn-normal-baseline-100,normal-control,normal,0.05,0.0,0.5,0,10.0,120.5413227537971,33.92412016464909,13.826061876184443,1037.2506690015477,36.94157875777965,1452.189432346917,100.0,100.0,True,,synthetic_normal_baseline,sim_user,normal_baseline,gpu:1,normal_baseline
66.3,2026-01-01 00:01:06.300000+00:00,,syn-normal-baseline-100,normal-control,normal,0.05,0.0,0.5,0,10.0,121.58358647376774,44.83011884519454,23.300092796368002,1364.4037173671825,40.08497692450706,2217.7373018439534,100.0,100.0,True,,synthetic_normal_baseline,sim_user,normal_baseline,gpu:1,normal_baseline
66.4,2026-01-01 00:01:06.400000+00:00,,syn-normal-baseline-100,normal-control,normal,0.05,0.0,0.5,0,10.0,121.68502464926492,49.85891868651155,29.25848481541172,1423.1062781670503,41.279558856747066,2581.711764925768,100.0,100.0,True,,synthetic_normal_baseline,sim_user,normal_baseline,gpu:1,normal_baseline
66.5,2026-01-01 00:01:06.500000+00:00,,syn-normal-baseline-100,normal-control,normal,0.05,0.0,0.5,0,10.0,121.08819259881685,44.97977522222824,18.629880590904115,1395.5049152490567,40.10796551032861,1658.8678395499996,100.0,100.0,True,,synthetic_normal_baseline,sim_user,normal_baseline,gpu:1,normal_baseline
66.6,2026-01-01 00:01:06.600000+00:00,,syn-normal-baseline-100,normal-control,normal,0.05,0.0,0.5,0,10.0,119.57772237707721,31.912392766448477,20.489554935361802,1042.6987687314065,36.57540004280502,1789.6495129688858,100.0,100.0,True,,synthetic_normal_baseline,sim_user,normal_baseline,gpu:1,normal_baseline
66.7,2026-01-01 00:01:06.700000+00:00,,syn-normal-baseline-100,normal-control,normal,0.05,0.0,0.5,0,10.0,118.4222147920201,18.894531882648067,9.068715884303222,654.4398729597407,32.95226382334488,1090.2870152669252,100.0,100.0,True,,synthetic_normal_baseline,sim_user,normal_baseline,gpu:1,normal_baseline
66.8,2026-01-01 00:01:06.800000+00:00,,syn-normal-baseline-100,normal-control,normal,0.05,0.0,0.5,0,10.0,119.87725225555896,30.063315587471337,15.39419307035183,885.0129164591058,36.43659349159725,1600.795477360484,100.0,100.0,True,,synthetic_normal_baseline,sim_user,normal_baseline,gpu:1,normal_baseline
66.9,2026-01-01 00:01:06.900000+00:00,,syn-normal-baseline-100,normal-control,normal,0.05,0.0,0.5,0,10.0,120.41246449585016,37.87898616430899,18.238668773250218,1193.740042159326,38.843536835046685,1822.0846821059783,100.0,100.0,True,,synthetic_normal_baseline,sim_user,normal_baseline,gpu:1,normal_baseline
67.0,2026-01-01 00:01:07+00:00,,syn-normal-baseline-100,normal-control,normal,0.05,0.0,0.5,0,10.0,120.76113169434339,39.18843131508326,26.260241236321235,1196.0881553836948,39.426651056409334,2181.3901059583723,100.0,100.0,True,,synthetic_normal_baseline,sim_user,normal_baseline,gpu:1,normal_baseline
67.1,2026-01-01 00:01:07.100000+00:00,,syn-normal-baseline-100,normal-control,normal,0.05,0.0,0.5,0,10.0,120.99072476840284,40.91576865017034,18.910490958263757,1187.6182490630727,39.80899387918669,1676.3238911072474,100.0,100.0,True,,synthetic_normal_baseline,sim_user,normal_baseline,gpu:1,normal_baseline
67.2,2026-01-01 00:01:07.200000+00:00,,syn-normal-baseline-100,normal-control,normal,0.05,0.0,0.5,0,10.0,121.43438022017568,43.85125959079441,17.5501162466103,1362.5958457842705,40.779511406889064,1529.9218225845225,100.0,100.0,True,,synthetic_normal_baseline,sim_user,normal_baseline,gpu:1,normal_baseline
67.3,2026-01-01 00:01:07.300000+00:00,,syn-normal-baseline-100,normal-control,normal,0.05,0.0,0.5,0,10.0,122.01478770024053,50.904384773557624,29.181768725227563,1479.4363515664,42.76301359228208,2552.593684842789,100.0,100.0,True,,synthetic_normal_baseline,sim_user,normal_baseline,gpu:1,normal_baseline
67.4,2026-01-01 00:01:07.400000+00:00,,syn-normal-baseline-100,normal-control,normal,0.05,0.0,0.5,0,10.0,123.2823317859398,59.31796156626674,34.96505410305549,1709.0051863074423,44.72069597622353,2897.7179610369876,100.0,100.0,True,,synthetic_normal_baseline,sim_user,normal_baseline,gpu:1,normal_baseline
67.5,2026-01-01 00:01:07.500000+00:00,,syn-normal-baseline-100,normal-control,normal,0.05,0.0,0.5,0,10.0,124.13257980698833,67.61764390851282,37.821384844978546,1953.0802871825788,47.08885416405891,3181.6368488179423,100.0,100.0,True,,synthetic_normal_baseline,sim_user,normal_baseline,gpu:1,normal_baseline
67.6,2026-01-01 00:01:07.600000+00:00,,syn-normal-baseline-100,normal-control,normal,0.05,0.0,0.5,0,10.0,124.5908536296268,76.30993827668233,31.800335453576835,2212.2386420307084,49.50850442616013,2741.894548505143,100.0,100.0,True,,synthetic_normal_baseline,sim_user,normal_baseline,gpu:1,normal_baseline
67.7,2026-01-01 00:01:07.700000+00:00,,syn-normal-baseline-100,normal-control,normal,0.05,0.0,0.5,0,10.0,123.39488032398417,61.92055369680171,35.88339293522521,1692.2426126580829,45.46080807876109,2988.871509505641,100.0,100.0,True,,synthetic_normal_baseline,sim_user,normal_baseline,gpu:1,normal_baseline
67.8,2026-01-01 00:01:07.800000+00:00,,syn-normal-baseline-100,normal-control,normal,0.05,0.0,0.5,0,10.0,123.12133054902482,62.2212358170908,32.06654947976515,1819.8942977821323,45.479361142454046,2658.4895528796756,100.0,100.0,True,,synthetic_normal_baseline,sim_user,normal_baseline,gpu:1,normal_baseline
67.9,2026-01-01 00:01:07.900000+00:00,,syn-normal-baseline-100,normal-control,normal,0.05,0.0,0.5,0,10.0,123.09380850786457,59.93823113354371,28.43032707525108,1685.9582764359684,44.570573438020915,2446.3663926905456,100.0,100.0,True,,synthetic_normal_baseline,sim_user,normal_baseline,gpu:1,normal_baseline
68.0,2026-01-01 00:01:08+00:00,,syn-normal-baseline-100,normal-control,normal,0.05,0.0,0.5,0,10.0,122.40529172855308,54.41201086278091,32.39168607934164,1601.3869348639728,43.274432500068485,2553.0002932307557,100.0,100.0,True,,synthetic_normal_baseline,sim_user,normal_baseline,gpu:1,normal_baseline
68.1,2026-01-01 00:01:08.100000+00:00,,syn-normal-baseline-100,normal-control,normal,0.05,0.0,0.5,0,10.0,121.10554473500977,42.76449685856215,28.74881082246797,1225.086576229382,39.8236458260064,2515.5464185437786,100.0,100.0,True,,synthetic_normal_baseline,sim_user,normal_baseline,gpu:1,normal_baseline
68.2,2026-01-01 00:01:08.200000+00:00,,syn-normal-baseline-100,normal-control,normal,0.05,0.0,0.5,0,10.0,121.15680940270312,47.32840367183365,21.54094013208591,1338.3977222103938,40.99096830724149,1784.0642347776845,100.0,100.0,True,,synthetic_normal_baseline,sim_user,normal_baseline,gpu:1,normal_baseline
68.3,2026-01-01 00:01:08.300000+00:00,,syn-normal-baseline-100,normal-control,normal,0.05,0.0,0.5,0,10.0,119.96473885683206,33.33740643908572,17.91441805058394,1021.2579865266449,37.0554442730634,1679.6807117561625,100.0,100.0,True,,synthetic_normal_baseline,sim_user,normal_baseline,gpu:1,normal_baseline
68.4,2026-01-01 00:01:08.400000+00:00,,syn-normal-baseline-100,normal-control,normal,0.05,0.0,0.5,0,10.0,118.91955213002511,24.160427354544552,9.654194580368173,790.766972947939,34.43703462990197,1168.9055328291067,100.0,100.0,True,,synthetic_normal_baseline,sim_user,normal_baseline,gpu:1,normal_baseline
68.5,2026-01-01 00:01:08.500000+00:00,,syn-normal-baseline-100,normal-control,normal,0.05,0.0,0.5,0,10.0,118.91686662856033,23.925730150582673,13.387778816913183,769.5270736162058,34.38917960641632,1439.369413694211,100.0,100.0,True,,synthetic_normal_baseline,sim_user,normal_baseline,gpu:1,normal_baseline
68.6,2026-01-01 00:01:08.600000+00:00,,syn-normal-baseline-100,normal-control,normal,0.05,0.0,0.5,0,10.0,118.79132010168756,21.509286460172838,11.145389327961954,747.7016773451753,33.80900644422091,1207.6930694996975,100.0,100.0,True,,synthetic_normal_baseline,sim_user,normal_baseline,gpu:1,normal_baseline
68.7,2026-01-01 00:01:08.700000+00:00,,syn-normal-baseline-100,normal-control,normal,0.05,0.0,0.5,0,10.0,118.04225170353513,18.45859162239874,12.691421175418045,664.3651266767854,32.86967084818428,1293.0844171706626,100.0,100.0,True,,synthetic_normal_baseline,sim_user,normal_baseline,gpu:1,normal_baseline
68.8,2026-01-01 00:01:08.800000+00:00,,syn-normal-baseline-100,normal-control,normal,0.05,0.0,0.5,0,10.0,115.81455467873418,0.0,0.0,210.0,27.796301774640373,405.79466159328143,100.0,100.0,True,,synthetic_normal_baseline,sim_user,normal_baseline,gpu:1,normal_baseline
68.9,2026-01-01 00:01:08.900000+00:00,,syn-normal-baseline-100,normal-control,normal,0.05,0.0,0.5,0,10.0,116.58627078194172,0.4691897412932766,0.0,244.31125145929556,27.778470557051268,292.220609640464,100.0,100.0,True,,synthetic_normal_baseline,sim_user,normal_baseline,gpu:1,normal_baseline
69.0,2026-01-01 00:01:09+00:00,,syn-normal-baseline-100,normal-control,normal,0.05,0.0,0.5,0,10.0,117.60637530532179,12.825433766325547,8.626603191584252,546.2525369761125,31.415009297879262,1116.1330229957186,100.0,100.0,True,,synthetic_normal_baseline,sim_user,normal_baseline,gpu:1,normal_baseline
69.1,2026-01-01 00:01:09.100000+00:00,,syn-normal-baseline-100,normal-control,normal,0.05,0.0,0.5,0,10.0,117.990774285453,16.524290025869472,10.008176755932258,604.4734682258994,32.616233163741185,1103.6945678217785,100.0,100.0,True,,synthetic_normal_baseline,sim_user,normal_baseline,gpu:1,normal_baseline
69.2,2026-01-01 00:01:09.200000+00:00,,syn-normal-baseline-100,normal-control,normal,0.05,0.0,0.5,0,10.0,116.7832894739857,2.841381566186238,6.379021955277862,266.63285161638044,29.136374062845658,840.6770029077536,100.0,100.0,True,,synthetic_normal_baseline,sim_user,normal_baseline,gpu:1,normal_baseline
69.3,2026-01-01 00:01:09.300000+00:00,,syn-normal-baseline-100,normal-control,normal,0.05,0.0,0.5,0,10.0,118.36422835850993,19.3765864151197,5.759187982674845,706.459019624173,33.617684676571656,841.0965371442197,100.0,100.0,True,,synthetic_normal_baseline,sim_user,normal_baseline,gpu:1,normal_baseline
69.4,2026-01-01 00:01:09.400000+00:00,,syn-normal-baseline-100,normal-control,normal,0.05,0.0,0.5,0,10.0,118.25477789211928,17.855127436571337,9.857308787276054,683.3690532929558,33.18841007566092,968.6509571316317,100.0,100.0,True,,synthetic_normal_baseline,sim_user,normal_baseline,gpu:1,normal_baseline
69.5,2026-01-01 00:01:09.500000+00:00,,syn-normal-baseline-100,normal-control,normal,0.05,0.0,0.5,0,10.0,118.56376792067654,17.305132509020765,16.342238647940547,600.8689783285557,32.908029836223996,1560.7612949474055,100.0,100.0,True,,synthetic_normal_baseline,sim_user,normal_baseline,gpu:1,normal_baseline
69.6,2026-01-01 00:01:09.600000+00:00,,syn-normal-baseline-100,normal-control,normal,0.05,0.0,0.5,0,10.0,120.94100583551497,36.70478608302254,19.284770489476994,1066.299096566225,38.419428799069486,1843.0483138877926,100.0,100.0,True,,synthetic_normal_baseline,sim_user,normal_baseline,gpu:1,normal_baseline
69.7,2026-01-01 00:01:09.700000+00:00,,syn-normal-baseline-100,normal-control,normal,0.05,0.0,0.5,0,10.0,122.34989453133919,53.79016890711361,32.92241685847089,1596.5913190797185,43.569101626864594,2799.1145559729566,100.0,100.0,True,,synthetic_normal_baseline,sim_user,normal_baseline,gpu:1,normal_baseline
69.8,2026-01-01 00:01:09.800000+00:00,,syn-normal-baseline-100,normal-control,normal,0.05,0.0,0.5,0,10.0,122.00172704830509,50.10242720215838,29.029480339629135,1423.3873343739692,42.49246753908301,2568.3390325198834,100.0,100.0,True,,synthetic_normal_baseline,sim_user,normal_baseline,gpu:1,normal_baseline
69.9,2026-01-01 00:01:09.900000+00:00,,syn-normal-baseline-100,normal-control,normal,0.05,0.0,0.5,0,10.0,121.71407572782387,49.30485434023708,29.406677697801253,1374.1890299485733,42.32973463246707,2422.5077628482336,100.0,100.0,True,,synthetic_normal_baseline,sim_user,normal_baseline,gpu:1,normal_baseline
70.0,2026-01-01 00:01:10+00:00,,syn-normal-baseline-100,normal-control,normal,0.05,0.0,0.5,0,10.0,120.18776909828628,31.795990981833775,14.584430953301137,1025.0432722349435,37.25389975726148,1430.10181999151,100.0,100.0,True,,synthetic_normal_baseline,sim_user,normal_baseline,gpu:1,normal_baseline
70.1,2026-01-01 00:01:10.100000+00:00,,syn-normal-baseline-100,normal-control,normal,0.05,0.0,0.5,0,10.0,121.0295126290479,44.10171735329385,19.651655520112275,1318.2476545171182,40.41189405543738,1783.099244922302,100.0,100.0,True,,synthetic_normal_baseline,sim_user,normal_baseline,gpu:1,normal_baseline
70.2,2026-01-01 00:01:10.200000+00:00,,syn-normal-baseline-100,normal-control,normal,0.05,0.0,0.5,0,10.0,119.25847051277394,26.738717542618176,8.846514520418143,836.1848441748198,35.73451519991198,998.4883279891615,100.0,100.0,True,,synthetic_normal_baseline,sim_user,normal_baseline,gpu:1,normal_baseline
70.3,2026-01-01 00:01:10.300000+00:00,,syn-normal-baseline-100,normal-control,normal,0.05,0.0,0.5,0,10.0,118.46226857210388,20.5665173701107,7.911982026089516,712.6190483800355,34.20601434071955,1039.1260030597855,100.0,100.0,True,,synthetic_normal_baseline,sim_user,normal_baseline,gpu:1,normal_baseline
70.4,2026-01-01 00:01:10.400000+00:00,,syn-normal-baseline-100,normal-control,normal,0.05,0.0,0.5,0,10.0,116.94903109215943,10.550109528288932,7.658520702865716,507.7193634190529,31.256930020863688,902.7957869924164,100.0,100.0,True,,synthetic_normal_baseline,sim_user,normal_baseline,gpu:1,normal_baseline
70.5,2026-01-01 00:01:10.500000+00:00,,syn-normal-baseline-100,normal-control,normal,0.05,0.0,0.5,0,10.0,116.16750185753077,0.0,4.8034484321044495,210.0,28.336063317509176,695.5131463013468,100.0,100.0,True,,synthetic_normal_baseline,sim_user,normal_baseline,gpu:1,normal_baseline
70.6,2026-01-01 00:01:10.600000+00:00,,syn-normal-baseline-100,normal-control,normal,0.05,0.0,0.5,0,10.0,116.10972236544383,0.0,0.0,222.04013450994967,27.909375779412812,573.3465892976203,100.0,100.0,True,,synthetic_normal_baseline,sim_user,normal_baseline,gpu:1,normal_baseline
70.7,2026-01-01 00:01:10.700000+00:00,,syn-normal-baseline-100,normal-control,normal,0.05,0.0,0.5,0,10.0,117.04251253988764,6.590228468324703,4.498446263844732,354.6834722370382,29.616346170386322,729.8553755933675,100.0,100.0,True,,synthetic_normal_baseline,sim_user,normal_baseline,gpu:1,normal_baseline
70.8,2026-01-01 00:01:10.800000+00:00,,syn-normal-baseline-100,normal-control,normal,0.05,0.0,0.5,0,10.0,116.94888841929784,3.74532359830048,5.206707914461853,314.1915562241269,28.92076251586309,757.4656663023893,100.0,100.0,True,,synthetic_normal_baseline,sim_user,normal_baseline,gpu:1,normal_baseline
70.9,2026-01-01 00:01:10.900000+00:00,,syn-normal-baseline-100,normal-control,normal,0.05,0.0,0.5,0,10.0,117.65440590207864,12.534298086732903,0.1794239238098161,509.892976558955,31.68661766698355,362.1706503660196,100.0,100.0,True,,synthetic_normal_baseline,sim_user,normal_baseline,gpu:1,normal_baseline
71.0,2026-01-01 00:01:11+00:00,,syn-normal-baseline-100,normal-control,normal,0.05,0.0,0.5,0,10.0,117.23680390995685,6.171296020288905,2.2122564977619854,371.8578631453423,30.04638504791769,664.8131402693974,100.0,100.0,True,,synthetic_normal_baseline,sim_user,normal_baseline,gpu:1,normal_baseline
71.1,2026-01-01 00:01:11.100000+00:00,,syn-normal-baseline-100,normal-control,normal,0.05,0.0,0.5,0,10.0,117.58467024794994,9.955429443121648,10.257619637434395,438.29187012656837,30.903382860740606,1079.2628115321347,100.0,100.0,True,,synthetic_normal_baseline,sim_user,normal_baseline,gpu:1,normal_baseline
71.2,2026-01-01 00:01:11.200000+00:00,,syn-normal-baseline-100,normal-control,normal,0.05,0.0,0.5,0,10.0,119.46859331656682,24.681197732658653,15.156175451007682,880.910116053838,34.803924215265866,1632.533529080828,100.0,100.0,True,,synthetic_normal_baseline,sim_user,normal_baseline,gpu:1,normal_baseline
71.3,2026-01-01 00:01:11.300000+00:00,,syn-normal-baseline-100,normal-control,normal,0.05,0.0,0.5,0,10.0,118.79777767842378,24.104742466276395,13.35200751728475,825.1209501127137,34.88761289823512,1472.23595843173,100.0,100.0,True,,synthetic_normal_baseline,sim_user,normal_baseline,gpu:1,normal_baseline
71.4,2026-01-01 00:01:11.400000+00:00,,syn-normal-baseline-100,normal-control,normal,0.05,0.0,0.5,0,10.0,119.13184272940602,25.19931098169734,14.881689802184134,860.2732984521708,35.18712442131783,1438.824914387511,100.0,100.0,True,,synthetic_normal_baseline,sim_user,normal_baseline,gpu:1,normal_baseline
71.5,2026-01-01 00:01:11.500000+00:00,,syn-normal-baseline-100,normal-control,normal,0.05,0.0,0.5,0,10.0,119.99135630298734,35.26060821751688,18.936729110518794,1055.317341616885,38.24277745815394,1738.6066137792286,100.0,100.0,True,,synthetic_normal_baseline,sim_user,normal_baseline,gpu:1,normal_baseline
71.6,2026-01-01 00:01:11.600000+00:00,,syn-normal-baseline-100,normal-control,normal,0.05,0.0,0.5,0,10.0,118.8695742805851,22.02208707655346,16.987178005937995,764.9118002842799,34.62402927964393,1697.9863226035127,100.0,100.0,True,,synthetic_normal_baseline,sim_user,normal_baseline,gpu:1,normal_baseline
71.7,2026-01-01 00:01:11.700000+00:00,,syn-normal-baseline-100,normal-control,normal,0.05,0.0,0.5,0,10.0,119.3454492551006,26.472299234546593,16.321832908052226,860.9447795876815,35.80326257736204,1563.5310269867186,100.0,100.0,True,,synthetic_normal_baseline,sim_user,normal_baseline,gpu:1,normal_baseline
71.8,2026-01-01 00:01:11.800000+00:00,,syn-normal-baseline-100,normal-control,normal,0.05,0.0,0.5,0,10.0,120.65599001387992,37.09511547185855,19.56010512397227,1179.688409290835,38.5793676723403,1840.4434364403553,100.0,100.0,True,,synthetic_normal_baseline,sim_user,normal_baseline,gpu:1,normal_baseline
71.9,2026-01-01 00:01:11.900000+00:00,,syn-normal-baseline-100,normal-control,normal,0.05,0.0,0.5,0,10.0,121.14006699312917,40.78295754955011,26.83429138644562,1236.0593917466258,39.54689670683493,2241.5545681281783,100.0,100.0,True,,synthetic_normal_baseline,sim_user,normal_baseline,gpu:1,normal_baseline
72.0,2026-01-01 00:01:12+00:00,,syn-normal-baseline-100,normal-control,normal,0.05,0.0,0.5,0,10.0,120.39441795029148,39.77102888910952,26.704287402664768,1222.0825850379076,39.50420050031812,2147.5385987050095,100.0,100.0,True,,synthetic_normal_baseline,sim_user,normal_baseline,gpu:1,normal_baseline
72.1,2026-01-01 00:01:12.100000+00:00,,syn-normal-baseline-100,normal-control,normal,0.05,0.0,0.5,0,10.0,118.76155915321236,16.588257013381167,10.527999913911392,629.1632582780767,33.248698132915905,1284.1252876034168,100.0,100.0,True,,synthetic_normal_baseline,sim_user,normal_baseline,gpu:1,normal_baseline
72.2,2026-01-01 00:01:12.200000+00:00,,syn-normal-baseline-100,normal-control,normal,0.05,0.0,0.5,0,10.0,121.50657848260317,48.40262453516584,28.93378542533541,1327.5210115789032,41.69696930721252,2386.718905160959,100.0,100.0,True,,synthetic_normal_baseline,sim_user,normal_baseline,gpu:1,normal_baseline
72.3,2026-01-01 00:01:12.300000+00:00,,syn-normal-baseline-100,normal-control,normal,0.05,0.0,0.5,0,10.0,120.00074781267425,35.2504354185481,17.936873015881922,1097.502492532483,37.75352372394177,1740.938831457424,100.0,100.0,True,,synthetic_normal_baseline,sim_user,normal_baseline,gpu:1,normal_baseline
72.4,2026-01-01 00:01:12.400000+00:00,,syn-normal-baseline-100,normal-control,normal,0.05,0.0,0.5,0,10.0,120.03688501685245,32.28680908955008,16.108716426506366,1068.715340934766,36.87403840024603,1748.9108596963436,100.0,100.0,True,,synthetic_normal_baseline,sim_user,normal_baseline,gpu:1,normal_baseline
72.5,2026-01-01 00:01:12.500000+00:00,,syn-normal-baseline-100,normal-control,normal,0.05,0.0,0.5,0,10.0,120.0516196133718,33.6153018620656,20.948136588123404,1022.8617728587598,37.39224588075776,1807.2408376517412,100.0,100.0,True,,synthetic_normal_baseline,sim_user,normal_baseline,gpu:1,normal_baseline
72.6,2026-01-01 00:01:12.600000+00:00,,syn-normal-baseline-100,normal-control,normal,0.05,0.0,0.5,0,10.0,120.44868814999721,39.891776006995364,25.66865038951048,1208.8511539152435,39.21437021397951,2244.5337769218095,100.0,100.0,True,,synthetic_normal_baseline,sim_user,normal_baseline,gpu:1,normal_baseline
72.7,2026-01-01 00:01:12.700000+00:00,,syn-normal-baseline-100,normal-control,normal,0.05,0.0,0.5,0,10.0,119.05068667563042,24.741737700660583,8.493635086900806,834.9353595429957,35.026581456441036,878.4093223723919,100.0,100.0,True,,synthetic_normal_baseline,sim_user,normal_baseline,gpu:1,normal_baseline
72.8,2026-01-01 00:01:12.800000+00:00,,syn-normal-baseline-100,normal-control,normal,0.05,0.0,0.5,0,10.0,118.5841431307633,16.56506520469057,9.881142396663078,610.1907462510774,32.592559800357606,1153.6497844925116,100.0,100.0,True,,synthetic_normal_baseline,sim_user,normal_baseline,gpu:1,normal_baseline
72.9,2026-01-01 00:01:12.900000+00:00,,syn-normal-baseline-100,normal-control,normal,0.05,0.0,0.5,0,10.0,119.75134378118507,29.34201464355698,14.26476183158273,976.5363354536238,35.970442106479425,1431.1342829494133,100.0,100.0,True,,synthetic_normal_baseline,sim_user,normal_baseline,gpu:1,normal_baseline
73.0,2026-01-01 00:01:13+00:00,,syn-normal-baseline-100,normal-control,normal,0.05,0.0,0.5,0,10.0,118.78970911286115,25.065404654533193,10.88455369674375,850.2698038100415,34.72075225232907,1324.040717758199,100.0,100.0,True,,synthetic_normal_baseline,sim_user,normal_baseline,gpu:1,normal_baseline
73.1,2026-01-01 00:01:13.100000+00:00,,syn-normal-baseline-100,normal-control,normal,0.05,0.0,0.5,0,10.0,118.3181221220103,16.464407824280293,4.383367698212065,663.3597154368427,32.611184357861944,828.6394746768859,100.0,100.0,True,,synthetic_normal_baseline,sim_user,normal_baseline,gpu:1,normal_baseline
73.2,2026-01-01 00:01:13.200000+00:00,,syn-normal-baseline-100,normal-control,normal,0.05,0.0,0.5,0,10.0,117.51966315692594,14.021518991647273,2.6658217237681106,519.1718208473443,32.21564293608567,629.4871652955356,100.0,100.0,True,,synthetic_normal_baseline,sim_user,normal_baseline,gpu:1,normal_baseline
73.3,2026-01-01 00:01:13.300000+00:00,,syn-normal-baseline-100,normal-control,normal,0.05,0.0,0.5,0,10.0,116.65266713255923,3.2267390741864532,0.0,290.9969106611566,29.369677804996634,434.6276821817978,100.0,100.0,True,,synthetic_normal_baseline,sim_user,normal_baseline,gpu:1,normal_baseline
73.4,2026-01-01 00:01:13.400000+00:00,,syn-normal-baseline-100,normal-control,normal,0.05,0.0,0.5,0,10.0,116.1961602669926,1.6495570930807544,1.4167227093544321,314.98482271255455,28.550082697596256,793.2096620616841,100.0,100.0,True,,synthetic_normal_baseline,sim_user,normal_baseline,gpu:1,normal_baseline
73.5,2026-01-01 00:01:13.500000+00:00,,syn-normal-baseline-100,normal-control,normal,0.05,0.0,0.5,0,10.0,115.94030017053257,0.0,1.376026866060407,210.0,27.96184674865224,519.2631875236934,100.0,100.0,True,,synthetic_normal_baseline,sim_user,normal_baseline,gpu:1,normal_baseline
73.6,2026-01-01 00:01:13.600000+00:00,,syn-normal-baseline-100,normal-control,normal,0.05,0.0,0.5,0,10.0,117.14281117797262,6.934377786202181,6.820368627671746,382.04760858435975,30.10655182356361,891.023471605656,100.0,100.0,True,,synthetic_normal_baseline,sim_user,normal_baseline,gpu:1,normal_baseline
73.7,2026-01-01 00:01:13.700000+00:00,,syn-normal-baseline-100,normal-control,normal,0.05,0.0,0.5,0,10.0,117.61480141628059,11.730328411404576,3.930036164458314,507.15729830637423,31.568467485471768,804.983313198337,100.0,100.0,True,,synthetic_normal_baseline,sim_user,normal_baseline,gpu:1,normal_baseline
73.8,2026-01-01 00:01:13.800000+00:00,,syn-normal-baseline-100,normal-control,normal,0.05,0.0,0.5,0,10.0,117.6214573778569,8.140087569962917,0.0,409.9702530851154,30.733947482337445,464.8552963221167,100.0,100.0,True,,synthetic_normal_baseline,sim_user,normal_baseline,gpu:1,normal_baseline
73.9,2026-01-01 00:01:13.900000+00:00,,syn-normal-baseline-100,normal-control,normal,0.05,0.0,0.5,0,10.0,119.24304727288362,27.5493518581739,14.040800405462623,939.0370579731634,36.17836243702107,1461.8781923918891,100.0,100.0,True,,synthetic_normal_baseline,sim_user,normal_baseline,gpu:1,normal_baseline
74.0,2026-01-01 00:01:14+00:00,,syn-normal-baseline-100,normal-control,normal,0.05,0.0,0.5,0,10.0,119.16653499042567,21.365381597399477,24.199777807969333,717.0804600178232,34.3783768691065,2233.6191089948097,100.0,100.0,True,,synthetic_normal_baseline,sim_user,normal_baseline,gpu:1,normal_baseline
74.1,2026-01-01 00:01:14.100000+00:00,,syn-normal-baseline-100,normal-control,normal,0.05,0.0,0.5,0,10.0,121.20750779783947,43.13599483040345,21.97960288984564,1250.5490707566757,40.21781808312727,2020.4620521346276,100.0,100.0,True,,synthetic_normal_baseline,sim_user,normal_baseline,gpu:1,normal_baseline
74.2,2026-01-01 00:01:14.200000+00:00,,syn-normal-baseline-100,normal-control,normal,0.05,0.0,0.5,0,10.0,120.93395815615638,38.67632128042208,16.751133652740876,1234.32031684155,38.72667502046337,1609.2030341635452,100.0,100.0,True,,synthetic_normal_baseline,sim_user,normal_baseline,gpu:1,normal_baseline
74.3,2026-01-01 00:01:14.300000+00:00,,syn-normal-baseline-100,normal-control,normal,0.05,0.0,0.5,0,10.0,122.47243782324821,54.857963787498875,24.032426644708085,1597.292855327667,43.70321338990402,2088.2089211894727,100.0,100.0,True,,synthetic_normal_baseline,sim_user,normal_baseline,gpu:1,normal_baseline
74.4,2026-01-01 00:01:14.400000+00:00,,syn-normal-baseline-100,normal-control,normal,0.05,0.0,0.5,0,10.0,121.55015446773129,48.7779149387282,27.44457066300206,1401.674906260956,42.04575361058399,2280.2561107417378,100.0,100.0,True,,synthetic_normal_baseline,sim_user,normal_baseline,gpu:1,normal_baseline
74.5,2026-01-01 00:01:14.500000+00:00,,syn-normal-baseline-100,normal-control,normal,0.05,0.0,0.5,0,10.0,120.59469559144586,38.03655445699592,26.119867673596396,1164.2805780413228,38.9099588808653,2307.122988512833,100.0,100.0,True,,synthetic_normal_baseline,sim_user,normal_baseline,gpu:1,normal_baseline
74.6,2026-01-01 00:01:14.600000+00:00,,syn-normal-baseline-100,normal-control,normal,0.05,0.0,0.5,0,10.0,122.08602307718091,50.20280257987635,26.06128058095692,1450.0584855916163,42.19863715383188,2145.2174565553087,100.0,100.0,True,,synthetic_normal_baseline,sim_user,normal_baseline,gpu:1,normal_baseline
74.7,2026-01-01 00:01:14.700000+00:00,,syn-normal-baseline-100,normal-control,normal,0.05,0.0,0.5,0,10.0,122.44050428967026,54.44866069663795,36.10924169936464,1572.572645380059,43.447637449386235,3061.5426505120586,100.0,100.0,True,,synthetic_normal_baseline,sim_user,normal_baseline,gpu:1,normal_baseline
74.8,2026-01-01 00:01:14.800000+00:00,,syn-normal-baseline-100,normal-control,normal,0.05,0.0,0.5,0,10.0,122.75531166050025,57.525288744303175,28.923777575560194,1648.8450716102864,44.19958402602908,2506.1041647524244,100.0,100.0,True,,synthetic_normal_baseline,sim_user,normal_baseline,gpu:1,normal_baseline
74.9,2026-01-01 00:01:14.900000+00:00,,syn-normal-baseline-100,normal-control,normal,0.05,0.0,0.5,0,10.0,122.72862772602926,58.12229754583171,28.104955788830843,1712.8918662854903,44.35852187225369,2472.425855593213,100.0,100.0,True,,synthetic_normal_baseline,sim_user,normal_baseline,gpu:1,normal_baseline
75.0,2026-01-01 00:01:15+00:00,,syn-normal-baseline-100,normal-control,normal,0.05,0.0,0.5,0,10.0,122.34939332190001,52.13556141227483,27.285408087785104,1539.54648398906,42.84303789025939,2378.941025166236,100.0,100.0,True,,synthetic_normal_baseline,sim_user,normal_baseline,gpu:1,normal_baseline
75.1,2026-01-01 00:01:15.100000+00:00,,syn-normal-baseline-100,normal-control,normal,0.05,0.0,0.5,0,10.0,123.99482974665635,69.61525595999734,43.015403849744715,1998.2360786443944,47.84372624450247,3499.8022070606344,100.0,100.0,True,,synthetic_normal_baseline,sim_user,normal_baseline,gpu:1,normal_baseline
75.2,2026-01-01 00:01:15.200000+00:00,,syn-normal-baseline-100,normal-control,normal,0.05,0.0,0.5,0,10.0,123.25095594154931,58.78636953833751,30.689081331734997,1700.2721182562896,44.44957960770297,2571.262425303684,100.0,100.0,True,,synthetic_normal_baseline,sim_user,normal_baseline,gpu:1,normal_baseline
75.3,2026-01-01 00:01:15.300000+00:00,,syn-normal-baseline-100,normal-control,normal,0.05,0.0,0.5,0,10.0,122.911560790025,57.619632681597835,29.525043305493764,1640.258925441523,43.938831212939675,2495.7745654960036,100.0,100.0,True,,synthetic_normal_baseline,sim_user,normal_baseline,gpu:1,normal_baseline
75.4,2026-01-01 00:01:15.400000+00:00,,syn-normal-baseline-100,normal-control,normal,0.05,0.0,0.5,0,10.0,122.88589003261976,62.21480910829664,33.95698369450936,1787.8786846589196,45.125916390077606,2784.3741214101274,100.0,100.0,True,,synthetic_normal_baseline,sim_user,normal_baseline,gpu:1,normal_baseline
75.5,2026-01-01 00:01:15.500000+00:00,,syn-normal-baseline-100,normal-control,normal,0.05,0.0,0.5,0,10.0,121.52596296144534,46.44972922201854,30.69291681753472,1369.9097312042502,40.87774613245686,2848.237402916056,100.0,100.0,True,,synthetic_normal_baseline,sim_user,normal_baseline,gpu:1,normal_baseline
75.6,2026-01-01 00:01:15.600000+00:00,,syn-normal-baseline-100,normal-control,normal,0.05,0.0,0.5,0,10.0,121.01377671133085,43.12322563540899,25.459877812001828,1321.839609961314,39.85420105235435,2337.7146958500875,100.0,100.0,True,,synthetic_normal_baseline,sim_user,normal_baseline,gpu:1,normal_baseline
75.7,2026-01-01 00:01:15.700000+00:00,,syn-normal-baseline-100,normal-control,normal,0.05,0.0,0.5,0,10.0,120.12497371239172,34.82433058715682,20.33502873227352,1087.7191739649984,37.43730240076735,1876.3976058762833,100.0,100.0,True,,synthetic_normal_baseline,sim_user,normal_baseline,gpu:1,normal_baseline
75.8,2026-01-01 00:01:15.800000+00:00,,syn-normal-baseline-100,normal-control,normal,0.05,0.0,0.5,0,10.0,120.6911795884489,39.46254035025287,14.519588212922155,1161.843081766258,38.60673086948469,1419.2407058037002,100.0,100.0,True,,synthetic_normal_baseline,sim_user,normal_baseline,gpu:1,normal_baseline
75.9,2026-01-01 00:01:15.900000+00:00,,syn-normal-baseline-100,normal-control,normal,0.05,0.0,0.5,0,10.0,120.8689008598634,44.33963551302901,23.20840240393245,1313.8409723635896,39.99456971555405,2115.742954762247,100.0,100.0,True,,synthetic_normal_baseline,sim_user,normal_baseline,gpu:1,normal_baseline
76.0,2026-01-01 00:01:16+00:00,,syn-normal-baseline-100,normal-control,normal,0.05,0.0,0.5,0,10.0,120.62543190903402,38.406813141124196,22.516326734604935,1102.6522031482684,38.14103077780537,1916.5804127932672,100.0,100.0,True,,synthetic_normal_baseline,sim_user,normal_baseline,gpu:1,normal_baseline
76.1,2026-01-01 00:01:16.100000+00:00,,syn-normal-baseline-100,normal-control,normal,0.05,0.0,0.5,0,10.0,120.76398684520944,36.38024985524177,22.861508682609873,1190.4547321750167,37.774525589181415,2157.8562809068076,100.0,100.0,True,,synthetic_normal_baseline,sim_user,normal_baseline,gpu:1,normal_baseline
76.2,2026-01-01 00:01:16.200000+00:00,,syn-normal-baseline-100,normal-control,normal,0.05,0.0,0.5,0,10.0,121.05659931822585,41.58995175190935,25.993896461293115,1304.5565314501998,39.39223257844362,2357.9432476952434,100.0,100.0,True,,synthetic_normal_baseline,sim_user,normal_baseline,gpu:1,normal_baseline
76.3,2026-01-01 00:01:16.300000+00:00,,syn-normal-baseline-100,normal-control,normal,0.05,0.0,0.5,0,10.0,121.04227869520162,42.27997039297741,17.922276679417653,1244.1835764542593,39.545526857177904,1715.6284296681647,100.0,100.0,True,,synthetic_normal_baseline,sim_user,normal_baseline,gpu:1,normal_baseline
76.4,2026-01-01 00:01:16.400000+00:00,,syn-normal-baseline-100,normal-control,normal,0.05,0.0,0.5,0,10.0,120.71190781849653,37.912296242315186,25.449884584650867,1116.8252074311144,38.47608631369887,2226.2074928417073,100.0,100.0,True,,synthetic_normal_baseline,sim_user,normal_baseline,gpu:1,normal_baseline
76.5,2026-01-01 00:01:16.500000+00:00,,syn-normal-baseline-100,normal-control,normal,0.05,0.0,0.5,0,10.0,120.85949524744424,39.12999604916682,18.34521135117658,1240.8778932845003,38.58645266586391,1842.2129818691485,100.0,100.0,True,,synthetic_normal_baseline,sim_user,normal_baseline,gpu:1,normal_baseline
76.6,2026-01-01 00:01:16.600000+00:00,,syn-normal-baseline-100,normal-control,normal,0.05,0.0,0.5,0,10.0,121.7605700700594,50.5890768912704,33.268558136711846,1439.767356934693,42.02391456263936,2910.6104671311004,100.0,100.0,True,,synthetic_normal_baseline,sim_user,normal_baseline,gpu:1,normal_baseline
76.7,2026-01-01 00:01:16.700000+00:00,,syn-normal-baseline-100,normal-control,normal,0.05,0.0,0.5,0,10.0,119.72774089663761,31.710131414919278,9.261507921426391,1024.5564296462453,36.96374463905439,1303.0963450224856,100.0,100.0,True,,synthetic_normal_baseline,sim_user,normal_baseline,gpu:1,normal_baseline
76.8,2026-01-01 00:01:16.800000+00:00,,syn-normal-baseline-100,normal-control,normal,0.05,0.0,0.5,0,10.0,119.24605494830895,29.652753821172595,19.181412509324907,1036.5392265016874,36.450965301505455,1744.025273319966,100.0,100.0,True,,synthetic_normal_baseline,sim_user,normal_baseline,gpu:1,normal_baseline
76.9,2026-01-01 00:01:16.900000+00:00,,syn-normal-baseline-100,normal-control,normal,0.05,0.0,0.5,0,10.0,119.22845893295201,26.808510355345174,15.31056104695565,885.5319265405111,35.73370666634533,1344.1710496347566,100.0,100.0,True,,synthetic_normal_baseline,sim_user,normal_baseline,gpu:1,normal_baseline
77.0,2026-01-01 00:01:17+00:00,,syn-normal-baseline-100,normal-control,normal,0.05,0.0,0.5,0,10.0,118.29273284226392,16.00530284895945,17.8520067660873,632.0249400209973,32.47882173308516,1608.0199384822577,100.0,100.0,True,,synthetic_normal_baseline,sim_user,normal_baseline,gpu:1,normal_baseline
77.1,2026-01-01 00:01:17.100000+00:00,,syn-normal-baseline-100,normal-control,normal,0.05,0.0,0.5,0,10.0,119.52804559408973,28.401427855266064,15.467782807053553,963.0220060585883,35.68692273877005,1261.4137492699965,100.0,100.0,True,,synthetic_normal_baseline,sim_user,normal_baseline,gpu:1,normal_baseline
77.2,2026-01-01 00:01:17.200000+00:00,,syn-normal-baseline-100,normal-control,normal,0.05,0.0,0.5,0,10.0,119.69268533678297,29.682354880461798,7.384641626937368,968.2335450521836,35.98342386690468,806.3993684105438,100.0,100.0,True,,synthetic_normal_baseline,sim_user,normal_baseline,gpu:1,normal_baseline
77.3,2026-01-01 00:01:17.300000+00:00,,syn-normal-baseline-100,normal-control,normal,0.05,0.0,0.5,0,10.0,118.77386923028658,21.687926670552795,14.22819522373171,723.0474572728302,33.55087372673531,1477.3858113978079,100.0,100.0,True,,synthetic_normal_baseline,sim_user,normal_baseline,gpu:1,normal_baseline
77.4,2026-01-01 00:01:17.400000+00:00,,syn-normal-baseline-100,normal-control,normal,0.05,0.0,0.5,0,10.0,118.37532127197179,20.469324327949145,9.606010941548975,726.1513675607279,33.33576809964024,1313.070581304634,100.0,100.0,True,,synthetic_normal_baseline,sim_user,normal_baseline,gpu:1,normal_baseline
77.5,2026-01-01 00:01:17.500000+00:00,,syn-normal-baseline-100,normal-control,normal,0.05,0.0,0.5,0,10.0,118.77185432856128,18.787633994121133,7.567797540021444,804.5400607188897,32.911124615568795,1143.5534924409462,100.0,100.0,True,,synthetic_normal_baseline,sim_user,normal_baseline,gpu:1,normal_baseline
77.6,2026-01-01 00:01:17.600000+00:00,,syn-normal-baseline-100,normal-control,normal,0.05,0.0,0.5,0,10.0,119.497406197799,28.284195159921193,21.36170011843458,932.6869915040153,35.36829464781714,1947.1325966200743,100.0,100.0,True,,synthetic_normal_baseline,sim_user,normal_baseline,gpu:1,normal_baseline
77.7,2026-01-01 00:01:17.700000+00:00,,syn-normal-baseline-100,normal-control,normal,0.05,0.0,0.5,0,10.0,119.64690321040298,33.047260829110414,21.55957159238666,1050.8212619801386,36.663215036918125,2091.870837869915,100.0,100.0,True,,synthetic_normal_baseline,sim_user,normal_baseline,gpu:1,normal_baseline
77.8,2026-01-01 00:01:17.800000+00:00,,syn-normal-baseline-100,normal-control,normal,0.05,0.0,0.5,0,10.0,118.53352768118096,18.02492331804986,11.09397695115943,667.1130220279758,32.352487508441996,1144.9502215682044,100.0,100.0,True,,synthetic_normal_baseline,sim_user,normal_baseline,gpu:1,normal_baseline
77.9,2026-01-01 00:01:17.900000+00:00,,syn-normal-baseline-100,normal-control,normal,0.05,0.0,0.5,0,10.0,118.52961083020034,21.74839180069013,12.636350939939389,762.1280617951323,33.50644822651048,1184.0169724706727,100.0,100.0,True,,synthetic_normal_baseline,sim_user,normal_baseline,gpu:1,normal_baseline
78.0,2026-01-01 00:01:18+00:00,,syn-normal-baseline-100,normal-control,normal,0.05,0.0,0.5,0,10.0,118.81001596948101,22.720292311710807,14.610524545085333,759.3749705979013,33.85112107314057,1493.1965615345864,100.0,100.0,True,,synthetic_normal_baseline,sim_user,normal_baseline,gpu:1,normal_baseline
78.1,2026-01-01 00:01:18.100000+00:00,,syn-normal-baseline-100,normal-control,normal,0.05,0.0,0.5,0,10.0,119.42108036068475,24.59010376652794,21.440239429547866,832.6120227086516,34.52902654681114,1925.7237834682344,100.0,100.0,True,,synthetic_normal_baseline,sim_user,normal_baseline,gpu:1,normal_baseline
78.2,2026-01-01 00:01:18.200000+00:00,,syn-normal-baseline-100,normal-control,normal,0.05,0.0,0.5,0,10.0,120.81364429004505,38.03434830953124,31.63319770249734,1203.026954527063,38.15065259431297,2552.064868733292,100.0,100.0,True,,synthetic_normal_baseline,sim_user,normal_baseline,gpu:1,normal_baseline
78.3,2026-01-01 00:01:18.300000+00:00,,syn-normal-baseline-100,normal-control,normal,0.05,0.0,0.5,0,10.0,121.3372102640739,47.13116882979584,24.74234591316312,1303.9165205575996,40.68134035612142,2183.999552851674,100.0,100.0,True,,synthetic_normal_baseline,sim_user,normal_baseline,gpu:1,normal_baseline
78.4,2026-01-01 00:01:18.400000+00:00,,syn-normal-baseline-100,normal-control,normal,0.05,0.0,0.5,0,10.0,119.87298774518551,30.434036984802727,12.465882943735462,974.4952657420279,35.809635278426036,1320.8748958100748,100.0,100.0,True,,synthetic_normal_baseline,sim_user,normal_baseline,gpu:1,normal_baseline
78.5,2026-01-01 00:01:18.500000+00:00,,syn-normal-baseline-100,normal-control,normal,0.05,0.0,0.5,0,10.0,119.69667963317733,30.446437741986795,9.980795879887374,977.7397234563782,35.88981595324052,1119.1666431811334,100.0,100.0,True,,synthetic_normal_baseline,sim_user,normal_baseline,gpu:1,normal_baseline
78.6,2026-01-01 00:01:18.600000+00:00,,syn-normal-baseline-100,normal-control,normal,0.05,0.0,0.5,0,10.0,120.27351334153627,35.095981369190625,15.247578741290187,1081.8655091043229,36.94883650782603,1613.498163620413,100.0,100.0,True,,synthetic_normal_baseline,sim_user,normal_baseline,gpu:1,normal_baseline
78.7,2026-01-01 00:01:18.700000+00:00,,syn-normal-baseline-100,normal-control,normal,0.05,0.0,0.5,0,10.0,118.93198938012648,21.439943376039544,12.582678761909674,732.7526879960791,33.29710565096182,1378.72635702531,100.0,100.0,True,,synthetic_normal_baseline,sim_user,normal_baseline,gpu:1,normal_baseline
78.8,2026-01-01 00:01:18.800000+00:00,,syn-normal-baseline-100,normal-control,normal,0.05,0.0,0.5,0,10.0,120.35119314776705,38.25521514960581,16.514125218402157,1156.9931373624704,38.0247856416319,1717.2525890627926,100.0,100.0,True,,synthetic_normal_baseline,sim_user,normal_baseline,gpu:1,normal_baseline
78.9,2026-01-01 00:01:18.900000+00:00,,syn-normal-baseline-100,normal-control,normal,0.05,0.0,0.5,0,10.0,119.80398707992617,33.10163703515043,17.876789397918866,1094.2889400936226,36.49583613187635,1679.0188907238066,100.0,100.0,True,,synthetic_normal_baseline,sim_user,normal_baseline,gpu:1,normal_baseline
79.0,2026-01-01 00:01:19+00:00,,syn-normal-baseline-100,normal-control,normal,0.05,0.0,0.5,0,10.0,119.49390946264181,29.39412583143947,15.25084135967736,935.0793305338525,35.187912635969305,1466.8298206948257,100.0,100.0,True,,synthetic_normal_baseline,sim_user,normal_baseline,gpu:1,normal_baseline
79.1,2026-01-01 00:01:19.100000+00:00,,syn-normal-baseline-100,normal-control,normal,0.05,0.0,0.5,0,10.0,119.21193214139522,25.83032175322933,22.413304553411727,865.1731779428179,34.4685309451832,2031.1253737778673,100.0,100.0,True,,synthetic_normal_baseline,sim_user,normal_baseline,gpu:1,normal_baseline
79.2,2026-01-01 00:01:19.200000+00:00,,syn-normal-baseline-100,normal-control,normal,0.05,0.0,0.5,0,10.0,118.64381718913612,19.575320828665667,10.858667779840516,702.6485444356822,32.62479327546923,1126.8918646197376,100.0,100.0,True,,synthetic_normal_baseline,sim_user,normal_baseline,gpu:1,normal_baseline
79.3,2026-01-01 00:01:19.300000+00:00,,syn-normal-baseline-100,normal-control,normal,0.05,0.0,0.5,0,10.0,118.62371293395711,19.161349272213908,12.750123441124874,664.0985398842621,32.52024022305875,1377.4772182311851,100.0,100.0,True,,synthetic_normal_baseline,sim_user,normal_baseline,gpu:1,normal_baseline
79.4,2026-01-01 00:01:19.400000+00:00,,syn-normal-baseline-100,normal-control,normal,0.05,0.0,0.5,0,10.0,119.15873371622403,27.550603981265336,19.27816622905384,940.7286931418731,34.96201449008561,1902.9294871845786,100.0,100.0,True,,synthetic_normal_baseline,sim_user,normal_baseline,gpu:1,normal_baseline
79.5,2026-01-01 00:01:19.500000+00:00,,syn-normal-baseline-100,normal-control,normal,0.05,0.0,0.5,0,10.0,118.82531577911833,18.6169104481669,2.390834116212525,636.5245173317273,32.68269466995457,618.9943252307928,100.0,100.0,True,,synthetic_normal_baseline,sim_user,normal_baseline,gpu:1,normal_baseline
79.6,2026-01-01 00:01:19.600000+00:00,,syn-normal-baseline-100,normal-control,normal,0.05,0.0,0.5,0,10.0,121.04756472054743,43.891502606581426,28.3258391689775,1346.2827291416054,39.75716858980934,2310.0305439502736,100.0,100.0,True,,synthetic_normal_baseline,sim_user,normal_baseline,gpu:1,normal_baseline
79.7,2026-01-01 00:01:19.700000+00:00,,syn-normal-baseline-100,normal-control,normal,0.05,0.0,0.5,0,10.0,120.57509060662407,38.53911509225355,22.17985503657194,1213.5372999832787,38.18606463814309,2038.8259792231802,100.0,100.0,True,,synthetic_normal_baseline,sim_user,normal_baseline,gpu:1,normal_baseline
79.8,2026-01-01 00:01:19.800000+00:00,,syn-normal-baseline-100,normal-control,normal,0.05,0.0,0.5,0,10.0,120.70561324531525,39.92538920564343,24.598242327167338,1219.453050549866,38.96951805845358,2258.7854665570303,100.0,100.0,True,,synthetic_normal_baseline,sim_user,normal_baseline,gpu:1,normal_baseline
79.9,2026-01-01 00:01:19.900000+00:00,,syn-normal-baseline-100,normal-control,normal,0.05,0.0,0.5,0,10.0,119.86314933158839,31.723656740640276,16.57002893601657,953.598740897161,36.81160145838765,1427.937260353119,100.0,100.0,True,,synthetic_normal_baseline,sim_user,normal_baseline,gpu:1,normal_baseline
80.0,2026-01-01 00:01:20+00:00,,syn-normal-baseline-100,normal-control,normal,0.05,0.0,0.5,0,10.0,120.44854368505494,34.7608361719256,24.407771747558698,1135.418763432651,37.63456772448769,2080.067882686016,100.0,100.0,True,,synthetic_normal_baseline,sim_user,normal_baseline,gpu:1,normal_baseline
80.1,2026-01-01 00:01:20.100000+00:00,,syn-normal-baseline-100,normal-control,normal,0.05,0.0,0.5,0,10.0,121.45990019619808,43.73332192386153,23.27693215555426,1323.1923726822522,40.27122518920673,1976.7979420700785,100.0,100.0,True,,synthetic_normal_baseline,sim_user,normal_baseline,gpu:1,normal_baseline
80.2,2026-01-01 00:01:20.200000+00:00,,syn-normal-baseline-100,normal-control,normal,0.05,0.0,0.5,0,10.0,123.2498244033796,60.55097025604816,34.73054644716492,1757.2249097343965,45.18449245690795,2897.60046202623,100.0,100.0,True,,synthetic_normal_baseline,sim_user,normal_baseline,gpu:1,normal_baseline
80.3,2026-01-01 00:01:20.300000+00:00,,syn-normal-baseline-100,normal-control,normal,0.05,0.0,0.5,0,10.0,124.01284265527819,68.29568704581395,44.59399503290948,1952.5763248832407,47.377731156911096,3472.7882016349176,100.0,100.0,True,,synthetic_normal_baseline,sim_user,normal_baseline,gpu:1,normal_baseline
80.4,2026-01-01 00:01:20.400000+00:00,,syn-normal-baseline-100,normal-control,normal,0.05,0.0,0.5,0,10.0,123.75482649307456,67.67744941247781,43.144638320994076,1889.1045835456052,47.24459077313475,3361.9974479875955,100.0,100.0,True,,synthetic_normal_baseline,sim_user,normal_baseline,gpu:1,normal_baseline
80.5,2026-01-01 00:01:20.500000+00:00,,syn-normal-baseline-100,normal-control,normal,0.05,0.0,0.5,0,10.0,122.19515426686606,52.34335036315156,23.982888680164343,1512.591096262849,42.71524433907456,1989.7571943597668,100.0,100.0,True,,synthetic_normal_baseline,sim_user,normal_baseline,gpu:1,normal_baseline
80.6,2026-01-01 00:01:20.600000+00:00,,syn-normal-baseline-100,normal-control,normal,0.05,0.0,0.5,0,10.0,123.0711040270101,60.39639842364687,31.021502385157035,1656.5446247603618,45.263987448085864,2653.4267222668636,100.0,100.0,True,,synthetic_normal_baseline,sim_user,normal_baseline,gpu:1,normal_baseline
80.7,2026-01-01 00:01:20.700000+00:00,,syn-normal-baseline-100,normal-control,normal,0.05,0.0,0.5,0,10.0,122.11567197729262,49.52450255946824,27.313509406269574,1426.6311137999717,42.113919750373235,2585.603672347016,100.0,100.0,True,,synthetic_normal_baseline,sim_user,normal_baseline,gpu:1,normal_baseline
80.8,2026-01-01 00:01:20.800000+00:00,,syn-normal-baseline-100,normal-control,normal,0.05,0.0,0.5,0,10.0,122.8676261403832,59.318340356675286,31.630108030774714,1698.6846942486163,44.91774811184396,2727.3074807718926,100.0,100.0,True,,synthetic_normal_baseline,sim_user,normal_baseline,gpu:1,normal_baseline
80.9,2026-01-01 00:01:20.900000+00:00,,syn-normal-baseline-100,normal-control,normal,0.05,0.0,0.5,0,10.0,122.97810527833971,59.54913540760402,33.011161898110494,1694.4502461288223,44.94699386895433,2818.4085051587585,100.0,100.0,True,,synthetic_normal_baseline,sim_user,normal_baseline,gpu:1,normal_baseline
81.0,2026-01-01 00:01:21+00:00,,syn-normal-baseline-100,normal-control,normal,0.05,0.0,0.5,0,10.0,123.19058748174494,63.98700520110911,39.11114701497028,1782.555917710856,46.172931686815396,3184.5705080055386,100.0,100.0,True,,synthetic_normal_baseline,sim_user,normal_baseline,gpu:1,normal_baseline
81.1,2026-01-01 00:01:21.100000+00:00,,syn-normal-baseline-100,normal-control,normal,0.05,0.0,0.5,0,10.0,121.27339159792243,45.842702884812184,28.2664436553821,1332.1329656503979,41.10899247575125,2382.4631017013,100.0,100.0,True,,synthetic_normal_baseline,sim_user,normal_baseline,gpu:1,normal_baseline
81.2,2026-01-01 00:01:21.200000+00:00,,syn-normal-baseline-100,normal-control,normal,0.05,0.0,0.5,0,10.0,119.97274124996761,32.776766473532106,20.743298585097545,1041.6863998070962,37.26419504057575,1864.3460741409144,100.0,100.0,True,,synthetic_normal_baseline,sim_user,normal_baseline,gpu:1,normal_baseline
81.3,2026-01-01 00:01:21.300000+00:00,,syn-normal-baseline-100,normal-control,normal,0.05,0.0,0.5,0,10.0,120.72010511619065,36.899828892650646,24.39398334497806,1154.9316165825614,38.300505235121605,2142.318412865421,100.0,100.0,True,,synthetic_normal_baseline,sim_user,normal_baseline,gpu:1,normal_baseline
81.4,2026-01-01 00:01:21.400000+00:00,,syn-normal-baseline-100,normal-control,normal,0.05,0.0,0.5,0,10.0,121.92968999017333,52.688206864026256,24.546361005248063,1546.0501388323758,42.991487549873455,1988.0041465142938,100.0,100.0,True,,synthetic_normal_baseline,sim_user,normal_baseline,gpu:1,normal_baseline
81.5,2026-01-01 00:01:21.500000+00:00,,syn-normal-baseline-100,normal-control,normal,0.05,0.0,0.5,0,10.0,122.943533642162,56.4329969648008,29.223307154471986,1668.1053709206512,44.02025254136403,2454.72571544087,100.0,100.0,True,,synthetic_normal_baseline,sim_user,normal_baseline,gpu:1,normal_baseline
81.6,2026-01-01 00:01:21.600000+00:00,,syn-normal-baseline-100,normal-control,normal,0.05,0.0,0.5,0,10.0,123.0216237214714,59.57155004867746,38.016904312031514,1663.3788389403164,44.74442347007042,3030.2913919820207,100.0,100.0,True,,synthetic_normal_baseline,sim_user,normal_baseline,gpu:1,normal_baseline
81.7,2026-01-01 00:01:21.700000+00:00,,syn-normal-baseline-100,normal-control,normal,0.05,0.0,0.5,0,10.0,121.70887593848659,49.684526034234004,23.530126435230397,1500.620208879558,42.00362093833552,2129.6756540700985,100.0,100.0,True,,synthetic_normal_baseline,sim_user,normal_baseline,gpu:1,normal_baseline
81.8,2026-01-01 00:01:21.800000+00:00,,syn-normal-baseline-100,normal-control,normal,0.05,0.0,0.5,0,10.0,120.23081448741877,36.5598812158996,15.081291356239987,1115.184279065245,38.27951061918204,1535.91111102151,100.0,100.0,True,,synthetic_normal_baseline,sim_user,normal_baseline,gpu:1,normal_baseline
81.9,2026-01-01 00:01:21.900000+00:00,,syn-normal-baseline-100,normal-control,normal,0.05,0.0,0.5,0,10.0,119.09735331061279,23.033603677905027,10.926710644328297,808.1635212586841,34.56392006942314,1296.8341137455714,100.0,100.0,True,,synthetic_normal_baseline,sim_user,normal_baseline,gpu:1,normal_baseline
82.0,2026-01-01 00:01:22+00:00,,syn-normal-baseline-100,normal-control,normal,0.05,0.0,0.5,0,10.0,119.53540025173011,26.99402626369384,10.247227325578834,909.2987066841655,35.50066846674647,1251.70901610312,100.0,100.0,True,,synthetic_normal_baseline,sim_user,normal_baseline,gpu:1,normal_baseline
82.1,2026-01-01 00:01:22.100000+00:00,,syn-normal-baseline-100,normal-control,normal,0.05,0.0,0.5,0,10.0,120.38223984546838,38.540545993507806,19.64100880237164,1192.045774266033,38.719818148648464,1774.178860073177,100.0,100.0,True,,synthetic_normal_baseline,sim_user,normal_baseline,gpu:1,normal_baseline
82.2,2026-01-01 00:01:22.200000+00:00,,syn-normal-baseline-100,normal-control,normal,0.05,0.0,0.5,0,10.0,119.81043524298063,32.7054226049925,22.914385382734604,1001.2010551951164,36.98590086693819,1983.5836730170993,100.0,100.0,True,,synthetic_normal_baseline,sim_user,normal_baseline,gpu:1,normal_baseline
82.3,2026-01-01 00:01:22.300000+00:00,,syn-normal-baseline-100,normal-control,normal,0.05,0.0,0.5,0,10.0,119.15028184860492,31.826827802503928,18.001417899395783,987.7154086156677,36.60775134408593,1786.3667177770394,100.0,100.0,True,,synthetic_normal_baseline,sim_user,normal_baseline,gpu:1,normal_baseline
82.4,2026-01-01 00:01:22.400000+00:00,,syn-normal-baseline-100,normal-control,normal,0.05,0.0,0.5,0,10.0,116.57190338272102,1.8712469715366122,1.1899629737089457,252.89522899144583,28.063269673722715,581.1157969110749,100.0,100.0,True,,synthetic_normal_baseline,sim_user,normal_baseline,gpu:1,normal_baseline
82.5,2026-01-01 00:01:22.500000+00:00,,syn-normal-baseline-100,normal-control,normal,0.05,0.0,0.5,0,10.0,117.2933231430251,6.3699217250848745,0.0,389.875361832086,29.32688771117426,399.7348051129554,100.0,100.0,True,,synthetic_normal_baseline,sim_user,normal_baseline,gpu:1,normal_baseline
82.6,2026-01-01 00:01:22.600000+00:00,,syn-normal-baseline-100,normal-control,normal,0.05,0.0,0.5,0,10.0,118.04491614040147,13.740287417498557,2.1901942973159523,540.3868871517814,31.29218237912383,683.6246495814972,100.0,100.0,True,,synthetic_normal_baseline,sim_user,normal_baseline,gpu:1,normal_baseline
82.7,2026-01-01 00:01:22.700000+00:00,,syn-normal-baseline-100,normal-control,normal,0.05,0.0,0.5,0,10.0,119.45981628695166,26.52891316146453,19.470636815558137,867.9153190792556,34.84618311061391,1844.451527824779,100.0,100.0,True,,synthetic_normal_baseline,sim_user,normal_baseline,gpu:1,normal_baseline
82.8,2026-01-01 00:01:22.800000+00:00,,syn-normal-baseline-100,normal-control,normal,0.05,0.0,0.5,0,10.0,119.81293407798543,30.501739100661744,8.92931732805994,1009.9244594048841,35.8688402760951,1050.9965692956973,100.0,100.0,True,,synthetic_normal_baseline,sim_user,normal_baseline,gpu:1,normal_baseline
82.9,2026-01-01 00:01:22.900000+00:00,,syn-normal-baseline-100,normal-control,normal,0.05,0.0,0.5,0,10.0,119.67754913259301,30.757025420329597,12.521601499965719,978.2972768376933,35.82272358197026,1468.4304799988392,100.0,100.0,True,,synthetic_normal_baseline,sim_user,normal_baseline,gpu:1,normal_baseline
83.0,2026-01-01 00:01:23+00:00,,syn-normal-baseline-100,normal-control,normal,0.05,0.0,0.5,0,10.0,120.27832683119512,35.931480263294524,26.4264996192605,1114.4214191184335,37.817807764878545,2314.826879195686,100.0,100.0,True,,synthetic_normal_baseline,sim_user,normal_baseline,gpu:1,normal_baseline
83.1,2026-01-01 00:01:23.100000+00:00,,syn-normal-baseline-100,normal-control,normal,0.05,0.0,0.5,0,10.0,120.87588602387147,39.88783913752665,21.883799864905104,1194.1189981355778,39.09210766603315,2101.217988476744,100.0,100.0,True,,synthetic_normal_baseline,sim_user,normal_baseline,gpu:1,normal_baseline
83.2,2026-01-01 00:01:23.200000+00:00,,syn-normal-baseline-100,normal-control,normal,0.05,0.0,0.5,0,10.0,122.14335774137535,49.83214508267797,22.58224698274797,1467.438762936325,41.91766198753431,2057.977083557349,100.0,100.0,True,,synthetic_normal_baseline,sim_user,normal_baseline,gpu:1,normal_baseline
83.3,2026-01-01 00:01:23.300000+00:00,,syn-normal-baseline-100,normal-control,normal,0.05,0.0,0.5,0,10.0,122.02691015015412,50.948564452373574,33.280049399540886,1423.3425307383538,42.332129075436306,2834.7403051044816,100.0,100.0,True,,synthetic_normal_baseline,sim_user,normal_baseline,gpu:1,normal_baseline
83.4,2026-01-01 00:01:23.400000+00:00,,syn-normal-baseline-100,normal-control,normal,0.05,0.0,0.5,0,10.0,122.49459887781283,53.35567203638839,27.89885237514691,1573.7037180933348,42.96474680117761,2463.919773055072,100.0,100.0,True,,synthetic_normal_baseline,sim_user,normal_baseline,gpu:1,normal_baseline
83.5,2026-01-01 00:01:23.500000+00:00,,syn-normal-baseline-100,normal-control,normal,0.05,0.0,0.5,0,10.0,123.76883627210023,67.21070098975852,37.25801213498811,1881.5500375928987,46.924970939884375,3040.7325056133745,100.0,100.0,True,,synthetic_normal_baseline,sim_user,normal_baseline,gpu:1,normal_baseline
83.6,2026-01-01 00:01:23.600000+00:00,,syn-normal-baseline-100,normal-control,normal,0.05,0.0,0.5,0,10.0,123.30508117450859,60.65754456755538,37.89508215291988,1718.0908206767579,45.09870557356513,3179.544776356793,100.0,100.0,True,,synthetic_normal_baseline,sim_user,normal_baseline,gpu:1,normal_baseline
83.7,2026-01-01 00:01:23.700000+00:00,,syn-normal-baseline-100,normal-control,normal,0.05,0.0,0.5,0,10.0,122.92448583131154,56.85492934308903,29.060832810313144,1651.2916792900737,44.12509839475559,2523.241822378546,100.0,100.0,True,,synthetic_normal_baseline,sim_user,normal_baseline,gpu:1,normal_baseline
83.8,2026-01-01 00:01:23.800000+00:00,,syn-normal-baseline-100,normal-control,normal,0.05,0.0,0.5,0,10.0,123.24212794518789,63.21473630445182,27.04243635367561,1753.683151081194,46.1535240604927,2271.344510923812,100.0,100.0,True,,synthetic_normal_baseline,sim_user,normal_baseline,gpu:1,normal_baseline
83.9,2026-01-01 00:01:23.900000+00:00,,syn-normal-baseline-100,normal-control,normal,0.05,0.0,0.5,0,10.0,122.85430831951653,59.877598640887776,33.18441967348919,1756.6513716162322,44.7805293009011,2916.514641513659,100.0,100.0,True,,synthetic_normal_baseline,sim_user,normal_baseline,gpu:1,normal_baseline
84.0,2026-01-01 00:01:24+00:00,,syn-normal-baseline-100,normal-control,normal,0.05,0.0,0.5,0,10.0,122.13466660745537,54.515767308859814,35.91472948287869,1670.9757537971261,43.202856307251444,2848.3861464078655,100.0,100.0,True,,synthetic_normal_baseline,sim_user,normal_baseline,gpu:1,normal_baseline
84.1,2026-01-01 00:01:24.100000+00:00,,syn-normal-baseline-100,normal-control,normal,0.05,0.0,0.5,0,10.0,121.131993063593,40.785066080086054,24.156976850720163,1205.2839608352406,39.42742880996288,2231.3670063279847,100.0,100.0,True,,synthetic_normal_baseline,sim_user,normal_baseline,gpu:1,normal_baseline
84.2,2026-01-01 00:01:24.200000+00:00,,syn-normal-baseline-100,normal-control,normal,0.05,0.0,0.5,0,10.0,122.41037996722704,55.64947106217682,32.45247194046718,1645.163201807095,43.472001288820316,2686.5387517650793,100.0,100.0,True,,synthetic_normal_baseline,sim_user,normal_baseline,gpu:1,normal_baseline
84.3,2026-01-01 00:01:24.300000+00:00,,syn-normal-baseline-100,normal-control,normal,0.05,0.0,0.5,0,10.0,123.03658288202995,61.83944665551774,30.745618957416024,1761.049823336884,45.340243718367326,2723.569066368622,100.0,100.0,True,,synthetic_normal_baseline,sim_user,normal_baseline,gpu:1,normal_baseline
84.4,2026-01-01 00:01:24.400000+00:00,,syn-normal-baseline-100,normal-control,normal,0.05,0.0,0.5,0,10.0,123.13416689211648,60.361279029123345,34.45671538417325,1747.1094028949333,44.93210625164734,3075.7081508856268,100.0,100.0,True,,synthetic_normal_baseline,sim_user,normal_baseline,gpu:1,normal_baseline
84.5,2026-01-01 00:01:24.500000+00:00,,syn-normal-baseline-100,normal-control,normal,0.05,0.0,0.5,0,10.0,122.38034553528284,51.56303204062285,35.2742238891237,1500.8734540596195,42.52951535757442,3068.7451732211816,100.0,100.0,True,,synthetic_normal_baseline,sim_user,normal_baseline,gpu:1,normal_baseline
84.6,2026-01-01 00:01:24.600000+00:00,,syn-normal-baseline-100,normal-control,normal,0.05,0.0,0.5,0,10.0,121.90529453068757,49.04281049935193,32.29773033595721,1444.3725108798997,41.95877974644683,2651.6631117044053,100.0,100.0,True,,synthetic_normal_baseline,sim_user,normal_baseline,gpu:1,normal_baseline
84.7,2026-01-01 00:01:24.700000+00:00,,syn-normal-baseline-100,normal-control,normal,0.05,0.0,0.5,0,10.0,123.10939625058819,60.909784853880346,33.138920767779865,1718.9452247295624,44.87639834977988,2773.6762548280603,100.0,100.0,True,,synthetic_normal_baseline,sim_user,normal_baseline,gpu:1,normal_baseline
84.8,2026-01-01 00:01:24.800000+00:00,,syn-normal-baseline-100,normal-control,normal,0.05,0.0,0.5,0,10.0,123.63558316110785,64.43763714238953,40.24337722194157,1789.0052118724684,45.83193540969177,3205.190591739462,100.0,100.0,True,,synthetic_normal_baseline,sim_user,normal_baseline,gpu:1,normal_baseline
84.9,2026-01-01 00:01:24.900000+00:00,,syn-normal-baseline-100,normal-control,normal,0.05,0.0,0.5,0,10.0,123.50287221112774,63.27431486885505,33.90494871491856,1787.8208989802358,45.49708300720604,2916.98548874478,100.0,100.0,True,,synthetic_normal_baseline,sim_user,normal_baseline,gpu:1,normal_baseline
85.0,2026-01-01 00:01:25+00:00,,syn-normal-baseline-100,normal-control,normal,0.05,0.0,0.5,0,10.0,122.34421463348478,55.045332292057495,36.44677075068619,1584.0990087873256,43.39362369170873,2894.924206983927,100.0,100.0,True,,synthetic_normal_baseline,sim_user,normal_baseline,gpu:1,normal_baseline
85.1,2026-01-01 00:01:25.100000+00:00,,syn-normal-baseline-100,normal-control,normal,0.05,0.0,0.5,0,10.0,122.67543253530087,59.807531892020435,27.676287372079535,1730.706522696578,44.928185408523206,2487.180217806636,100.0,100.0,True,,synthetic_normal_baseline,sim_user,normal_baseline,gpu:1,normal_baseline
85.2,2026-01-01 00:01:25.200000+00:00,,syn-normal-baseline-100,normal-control,normal,0.05,0.0,0.5,0,10.0,121.05121608604267,45.05804424028679,25.480242590300776,1305.276356822104,40.990493209380304,2242.664280056131,100.0,100.0,True,,synthetic_normal_baseline,sim_user,normal_baseline,gpu:1,normal_baseline
85.3,2026-01-01 00:01:25.300000+00:00,,syn-normal-baseline-100,normal-control,normal,0.05,0.0,0.5,0,10.0,119.48182409754969,26.68966692534803,5.527247033391081,820.8906059247976,35.74929603553649,711.7969534366908,100.0,100.0,True,,synthetic_normal_baseline,sim_user,normal_baseline,gpu:1,normal_baseline
85.4,2026-01-01 00:01:25.400000+00:00,,syn-normal-baseline-100,normal-control,normal,0.05,0.0,0.5,0,10.0,119.93002271738851,29.065102792945794,14.8190201180634,913.9292846776902,36.46308225963899,1478.8350867491542,100.0,100.0,True,,synthetic_normal_baseline,sim_user,normal_baseline,gpu:1,normal_baseline
85.5,2026-01-01 00:01:25.500000+00:00,,syn-normal-baseline-100,normal-control,normal,0.05,0.0,0.5,0,10.0,121.07676900623584,45.529796148768845,37.87000370731035,1311.5658511880256,40.50279975235277,3135.4416457267907,100.0,100.0,True,,synthetic_normal_baseline,sim_user,normal_baseline,gpu:1,normal_baseline
85.6,2026-01-01 00:01:25.600000+00:00,,syn-normal-baseline-100,normal-control,normal,0.05,0.0,0.5,0,10.0,118.90131624805517,26.29885756365534,13.691333103367912,878.0182583077504,35.39753839371642,1499.901503609803,100.0,100.0,True,,synthetic_normal_baseline,sim_user,normal_baseline,gpu:1,normal_baseline
85.7,2026-01-01 00:01:25.700000+00:00,,syn-normal-baseline-100,normal-control,normal,0.05,0.0,0.5,0,10.0,117.11001629369987,7.919629232740631,10.665107265267768,453.39208956013334,30.22173092907376,1229.858064113806,100.0,100.0,True,,synthetic_normal_baseline,sim_user,normal_baseline,gpu:1,normal_baseline
85.8,2026-01-01 00:01:25.800000+00:00,,syn-normal-baseline-100,normal-control,normal,0.05,0.0,0.5,0,10.0,117.13201423656517,5.008963554688112,5.069042916459822,301.72468814802835,29.532567912631205,742.1754840720998,100.0,100.0,True,,synthetic_normal_baseline,sim_user,normal_baseline,gpu:1,normal_baseline
85.9,2026-01-01 00:01:25.900000+00:00,,syn-normal-baseline-100,normal-control,normal,0.05,0.0,0.5,0,10.0,118.23600276104294,20.708363894505887,17.793163555250963,713.3607865625648,33.84948668718726,1702.491264846555,100.0,100.0,True,,synthetic_normal_baseline,sim_user,normal_baseline,gpu:1,normal_baseline
86.0,2026-01-01 00:01:26+00:00,,syn-normal-baseline-100,normal-control,normal,0.05,0.0,0.5,0,10.0,116.22300203249054,0.0,0.0,210.0,27.77511607954498,370.88424495623946,100.0,100.0,True,,synthetic_normal_baseline,sim_user,normal_baseline,gpu:1,normal_baseline
86.1,2026-01-01 00:01:26.100000+00:00,,syn-normal-baseline-100,normal-control,normal,0.05,0.0,0.5,0,10.0,118.07996634802019,14.797120527814512,6.3271478227981035,533.068189328052,31.52390497308594,1006.8250242437645,100.0,100.0,True,,synthetic_normal_baseline,sim_user,normal_baseline,gpu:1,normal_baseline
86.2,2026-01-01 00:01:26.200000+00:00,,syn-normal-baseline-100,normal-control,normal,0.05,0.0,0.5,0,10.0,119.38056619341477,27.163444809304163,14.696847682489445,866.8488098238098,34.949086037794885,1453.8633693293075,100.0,100.0,True,,synthetic_normal_baseline,sim_user,normal_baseline,gpu:1,normal_baseline
86.3,2026-01-01 00:01:26.300000+00:00,,syn-normal-baseline-100,normal-control,normal,0.05,0.0,0.5,0,10.0,119.87317320130728,32.0164358211892,18.065175290773638,1002.2816990063761,36.26645337353303,1654.3152655199776,100.0,100.0,True,,synthetic_normal_baseline,sim_user,normal_baseline,gpu:1,normal_baseline
86.4,2026-01-01 00:01:26.400000+00:00,,syn-normal-baseline-100,normal-control,normal,0.05,0.0,0.5,0,10.0,120.22244994601715,31.656293956346136,17.67139015772269,1001.3951118088678,36.33780217961703,1517.7796769716133,100.0,100.0,True,,synthetic_normal_baseline,sim_user,normal_baseline,gpu:1,normal_baseline
86.5,2026-01-01 00:01:26.500000+00:00,,syn-normal-baseline-100,normal-control,normal,0.05,0.0,0.5,0,10.0,119.8873124342657,29.40452490199998,18.344872259294,972.3897364769665,35.71118460831725,1655.8629134150526,100.0,100.0,True,,synthetic_normal_baseline,sim_user,normal_baseline,gpu:1,normal_baseline
86.6,2026-01-01 00:01:26.600000+00:00,,syn-normal-baseline-100,normal-control,normal,0.05,0.0,0.5,0,10.0,120.77707823639474,39.522355768512405,18.550966765563096,1187.9560551565585,38.724748836291106,1774.7874325778355,100.0,100.0,True,,synthetic_normal_baseline,sim_user,normal_baseline,gpu:1,normal_baseline
86.7,2026-01-01 00:01:26.700000+00:00,,syn-normal-baseline-100,normal-control,normal,0.05,0.0,0.5,0,10.0,121.14743031445867,42.8535073980056,26.21341358786857,1360.499933553009,39.59841298338541,2346.557171404499,100.0,100.0,True,,synthetic_normal_baseline,sim_user,normal_baseline,gpu:1,normal_baseline
86.8,2026-01-01 00:01:26.800000+00:00,,syn-normal-baseline-100,normal-control,normal,0.05,0.0,0.5,0,10.0,121.18678895557578,40.04612298183108,27.452229511628495,1251.4628269328164,38.48158369544663,2403.4547356346716,100.0,100.0,True,,synthetic_normal_baseline,sim_user,normal_baseline,gpu:1,normal_baseline
86.9,2026-01-01 00:01:26.900000+00:00,,syn-normal-baseline-100,normal-control,normal,0.05,0.0,0.5,0,10.0,122.4269263474328,58.36862227516938,28.778761125099624,1681.2983647555593,43.66221010746078,2492.1726287778274,100.0,100.0,True,,synthetic_normal_baseline,sim_user,normal_baseline,gpu:1,normal_baseline
87.0,2026-01-01 00:01:27+00:00,,syn-normal-baseline-100,normal-control,normal,0.05,0.0,0.5,0,10.0,121.28457739149138,46.258575037850456,21.4864368663986,1405.5556144988402,40.27887294555383,2050.914702426193,100.0,100.0,True,,synthetic_normal_baseline,sim_user,normal_baseline,gpu:1,normal_baseline
87.1,2026-01-01 00:01:27.100000+00:00,,syn-normal-baseline-100,normal-control,normal,0.05,0.0,0.5,0,10.0,121.52996986555054,47.126137413349376,29.33517677517991,1429.342715795669,40.91593102280374,2466.2401800806088,100.0,100.0,True,,synthetic_normal_baseline,sim_user,normal_baseline,gpu:1,normal_baseline
87.2,2026-01-01 00:01:27.200000+00:00,,syn-normal-baseline-100,normal-control,normal,0.05,0.0,0.5,0,10.0,121.89396075350737,50.44303900423956,28.55380736525519,1518.1821505721432,41.61077443827868,2438.9705134738224,100.0,100.0,True,,synthetic_normal_baseline,sim_user,normal_baseline,gpu:1,normal_baseline
87.3,2026-01-01 00:01:27.300000+00:00,,syn-normal-baseline-100,normal-control,normal,0.05,0.0,0.5,0,10.0,121.12206724229175,38.38759016905336,24.80762561450977,1087.9606711858694,38.547840401450294,2350.881921849135,100.0,100.0,True,,synthetic_normal_baseline,sim_user,normal_baseline,gpu:1,normal_baseline
87.4,2026-01-01 00:01:27.400000+00:00,,syn-normal-baseline-100,normal-control,normal,0.05,0.0,0.5,0,10.0,123.22962256634518,60.81768944427074,29.353459480938852,1750.8900180273704,44.662898045972746,2634.5584293607694,100.0,100.0,True,,synthetic_normal_baseline,sim_user,normal_baseline,gpu:1,normal_baseline
87.5,2026-01-01 00:01:27.500000+00:00,,syn-normal-baseline-100,normal-control,normal,0.05,0.0,0.5,0,10.0,122.87509399795017,58.676347552080884,30.75756108551229,1660.193091402217,43.888621229123025,2596.567424055291,100.0,100.0,True,,synthetic_normal_baseline,sim_user,normal_baseline,gpu:1,normal_baseline
87.6,2026-01-01 00:01:27.600000+00:00,,syn-normal-baseline-100,normal-control,normal,0.05,0.0,0.5,0,10.0,122.66108526256744,55.98901587509229,32.75502653015482,1597.5521473154947,43.12742281003995,2910.865598132285,100.0,100.0,True,,synthetic_normal_baseline,sim_user,normal_baseline,gpu:1,normal_baseline
87.7,2026-01-01 00:01:27.700000+00:00,,syn-normal-baseline-100,normal-control,normal,0.05,0.0,0.5,0,10.0,122.81029953941002,57.72872617837665,29.30765151768755,1660.8730170656265,43.81730739330968,2481.868330027418,100.0,100.0,True,,synthetic_normal_baseline,sim_user,normal_baseline,gpu:1,normal_baseline
87.8,2026-01-01 00:01:27.800000+00:00,,syn-normal-baseline-100,normal-control,normal,0.05,0.0,0.5,0,10.0,122.57883712727,56.248008113945126,32.20647670425407,1618.3326960367092,43.56257399919396,2656.9210496523187,100.0,100.0,True,,synthetic_normal_baseline,sim_user,normal_baseline,gpu:1,normal_baseline
87.9,2026-01-01 00:01:27.900000+00:00,,syn-normal-baseline-100,normal-control,normal,0.05,0.0,0.5,0,10.0,122.05930996104259,53.657452558168316,29.906820426648764,1561.011132558659,42.77784874001519,2558.978466917182,100.0,100.0,True,,synthetic_normal_baseline,sim_user,normal_baseline,gpu:1,normal_baseline
88.0,2026-01-01 00:01:28+00:00,,syn-normal-baseline-100,normal-control,normal,0.05,0.0,0.5,0,10.0,121.22111438973106,45.561952985172276,21.92371745470013,1325.5169568588108,40.20610676568268,2168.6695009938276,100.0,100.0,True,,synthetic_normal_baseline,sim_user,normal_baseline,gpu:1,normal_baseline
88.1,2026-01-01 00:01:28.100000+00:00,,syn-normal-baseline-100,normal-control,normal,0.05,0.0,0.5,0,10.0,120.72191924463002,38.04780149424744,19.74192771344429,1174.0606828221605,38.32727922973399,1796.4197454687421,100.0,100.0,True,,synthetic_normal_baseline,sim_user,normal_baseline,gpu:1,normal_baseline
88.2,2026-01-01 00:01:28.200000+00:00,,syn-normal-baseline-100,normal-control,normal,0.05,0.0,0.5,0,10.0,119.44343220153368,30.273994790694317,12.93969521223745,992.8734101452851,36.1016615109577,1273.1483664978773,100.0,100.0,True,,synthetic_normal_baseline,sim_user,normal_baseline,gpu:1,normal_baseline
88.3,2026-01-01 00:01:28.300000+00:00,,syn-normal-baseline-100,normal-control,normal,0.05,0.0,0.5,0,10.0,118.65134826829244,20.380944775832056,6.316670911024029,746.4115424205112,33.525407700359324,933.7500522735724,100.0,100.0,True,,synthetic_normal_baseline,sim_user,normal_baseline,gpu:1,normal_baseline
88.4,2026-01-01 00:01:28.400000+00:00,,syn-normal-baseline-100,normal-control,normal,0.05,0.0,0.5,0,10.0,118.4204658352173,19.724519146429987,8.173617499214622,687.2042853750893,33.7111284513764,818.2373638803977,100.0,100.0,True,,synthetic_normal_baseline,sim_user,normal_baseline,gpu:1,normal_baseline
88.5,2026-01-01 00:01:28.500000+00:00,,syn-normal-baseline-100,normal-control,normal,0.05,0.0,0.5,0,10.0,119.29874731364315,27.520552344871124,21.42413528565499,900.0209992272933,35.98962338441195,1968.033130052226,100.0,100.0,True,,synthetic_normal_baseline,sim_user,normal_baseline,gpu:1,normal_baseline
88.6,2026-01-01 00:01:28.600000+00:00,,syn-normal-baseline-100,normal-control,normal,0.05,0.0,0.5,0,10.0,119.18843759436342,25.886326214555815,14.02655182819831,869.0327165498899,35.34357527329314,1616.2558088516002,100.0,100.0,True,,synthetic_normal_baseline,sim_user,normal_baseline,gpu:1,normal_baseline
88.7,2026-01-01 00:01:28.700000+00:00,,syn-normal-baseline-100,normal-control,normal,0.05,0.0,0.5,0,10.0,118.69731235624126,21.308313584415608,13.146647015997647,721.1476333343722,33.922411530616415,1460.0502688999472,100.0,100.0,True,,synthetic_normal_baseline,sim_user,normal_baseline,gpu:1,normal_baseline
88.8,2026-01-01 00:01:28.800000+00:00,,syn-normal-baseline-100,normal-control,normal,0.05,0.0,0.5,0,10.0,119.13346358805106,25.980587036506584,12.063246234804245,829.0526094379196,35.28463670461042,1370.8093286290114,100.0,100.0,True,,synthetic_normal_baseline,sim_user,normal_baseline,gpu:1,normal_baseline
88.9,2026-01-01 00:01:28.900000+00:00,,syn-normal-baseline-100,normal-control,normal,0.05,0.0,0.5,0,10.0,119.04374243822527,25.338968766919326,12.262683460392283,870.272189546701,35.318355876961185,1313.031836333931,100.0,100.0,True,,synthetic_normal_baseline,sim_user,normal_baseline,gpu:1,normal_baseline
89.0,2026-01-01 00:01:29+00:00,,syn-normal-baseline-100,normal-control,normal,0.05,0.0,0.5,0,10.0,119.18797092711081,21.020384834293303,11.677677496268606,826.9658840258772,34.082412279108496,1286.5934115567431,100.0,100.0,True,,synthetic_normal_baseline,sim_user,normal_baseline,gpu:1,normal_baseline
89.1,2026-01-01 00:01:29.100000+00:00,,syn-normal-baseline-100,normal-control,normal,0.05,0.0,0.5,0,10.0,119.43553988288411,27.829869050584282,7.93054337442486,857.6901235802901,35.94853372410901,1023.8308682749046,100.0,100.0,True,,synthetic_normal_baseline,sim_user,normal_baseline,gpu:1,normal_baseline
89.2,2026-01-01 00:01:29.200000+00:00,,syn-normal-baseline-100,normal-control,normal,0.05,0.0,0.5,0,10.0,119.26232825542468,24.942725365943904,7.637813980817193,853.0483133022286,34.99930903132536,938.0311205677901,100.0,100.0,True,,synthetic_normal_baseline,sim_user,normal_baseline,gpu:1,normal_baseline
89.3,2026-01-01 00:01:29.300000+00:00,,syn-normal-baseline-100,normal-control,normal,0.05,0.0,0.5,0,10.0,119.13610658659196,28.51387404352964,11.27572137243107,929.3587885695856,35.67535944386145,1314.1216586520245,100.0,100.0,True,,synthetic_normal_baseline,sim_user,normal_baseline,gpu:1,normal_baseline
89.4,2026-01-01 00:01:29.400000+00:00,,syn-normal-baseline-100,normal-control,normal,0.05,0.0,0.5,0,10.0,119.07634605281714,25.276972343928332,19.057662235165957,854.8753049408876,34.54329562566639,1756.0732033170525,100.0,100.0,True,,synthetic_normal_baseline,sim_user,normal_baseline,gpu:1,normal_baseline
89.5,2026-01-01 00:01:29.500000+00:00,,syn-normal-baseline-100,normal-control,normal,0.05,0.0,0.5,0,10.0,119.46550710067702,26.795748254486217,17.439718167592723,801.7300814733879,35.037269330718864,1565.640163687456,100.0,100.0,True,,synthetic_normal_baseline,sim_user,normal_baseline,gpu:1,normal_baseline
89.6,2026-01-01 00:01:29.600000+00:00,,syn-normal-baseline-100,normal-control,normal,0.05,0.0,0.5,0,10.0,119.79790739842267,32.081884642605154,12.453276671685767,1004.9071887235995,36.47097103437389,1389.9229198946218,100.0,100.0,True,,synthetic_normal_baseline,sim_user,normal_baseline,gpu:1,normal_baseline
89.7,2026-01-01 00:01:29.700000+00:00,,syn-normal-baseline-100,normal-control,normal,0.05,0.0,0.5,0,10.0,119.41622727131316,28.14319126308329,12.61651757838365,920.105057213426,35.61061731010867,1379.61419033086,100.0,100.0,True,,synthetic_normal_baseline,sim_user,normal_baseline,gpu:1,normal_baseline
89.8,2026-01-01 00:01:29.800000+00:00,,syn-normal-baseline-100,normal-control,normal,0.05,0.0,0.5,0,10.0,119.25111326151587,27.555043313875153,17.701803413548642,901.6898446665857,35.36736967639599,1866.4867854745862,100.0,100.0,True,,synthetic_normal_baseline,sim_user,normal_baseline,gpu:1,normal_baseline
89.9,2026-01-01 00:01:29.900000+00:00,,syn-normal-baseline-100,normal-control,normal,0.05,0.0,0.5,0,10.0,118.53502573502459,16.147763049671717,7.562738709209564,570.8344833064026,32.22415640389326,1005.3072586627238,100.0,100.0,True,,synthetic_normal_baseline,sim_user,normal_baseline,gpu:1,normal_baseline
90.0,2026-01-01 00:01:30+00:00,,syn-normal-baseline-100,normal-control,normal,0.05,0.0,0.5,0,10.0,119.2695743943891,25.882930967148805,21.374885228459714,873.1350473339666,35.23058393406697,1960.0665264574843,100.0,100.0,True,,synthetic_normal_baseline,sim_user,normal_baseline,gpu:1,normal_baseline
90.1,2026-01-01 00:01:30.100000+00:00,,syn-normal-baseline-100,normal-control,normal,0.05,0.0,0.5,0,10.0,118.63656304263071,19.182479529417655,12.34217601382978,715.6406090945509,33.344767643042815,1169.4922739057042,100.0,100.0,True,,synthetic_normal_baseline,sim_user,normal_baseline,gpu:1,normal_baseline
90.2,2026-01-01 00:01:30.200000+00:00,,syn-normal-baseline-100,normal-control,normal,0.05,0.0,0.5,0,10.0,120.04864860256087,36.1824537795378,18.759409286585807,1072.5497900600972,38.18861897576009,1938.6472043127767,100.0,100.0,True,,synthetic_normal_baseline,sim_user,normal_baseline,gpu:1,normal_baseline
90.3,2026-01-01 00:01:30.300000+00:00,,syn-normal-baseline-100,normal-control,normal,0.05,0.0,0.5,0,10.0,118.40306601133915,20.654247130797224,12.749163195596713,761.542424612246,34.10301531037021,1279.2912543477903,100.0,100.0,True,,synthetic_normal_baseline,sim_user,normal_baseline,gpu:1,normal_baseline
90.4,2026-01-01 00:01:30.400000+00:00,,syn-normal-baseline-100,normal-control,normal,0.05,0.0,0.5,0,10.0,118.1810052266469,16.746233031064193,13.092342715292311,560.8372284846754,33.08345528141874,1292.6220140744792,100.0,100.0,True,,synthetic_normal_baseline,sim_user,normal_baseline,gpu:1,normal_baseline
90.5,2026-01-01 00:01:30.500000+00:00,,syn-normal-baseline-100,normal-control,normal,0.05,0.0,0.5,0,10.0,118.89804770069631,23.19805086082997,14.266059447268736,794.2910115624542,35.07935383452594,1424.939128237429,100.0,100.0,True,,synthetic_normal_baseline,sim_user,normal_baseline,gpu:1,normal_baseline
90.6,2026-01-01 00:01:30.600000+00:00,,syn-normal-baseline-100,normal-control,normal,0.05,0.0,0.5,0,10.0,119.33025063334608,26.908450147174516,13.094014004437268,877.767218927583,35.81597229344873,1383.2753157120126,100.0,100.0,True,,synthetic_normal_baseline,sim_user,normal_baseline,gpu:1,normal_baseline
90.7,2026-01-01 00:01:30.700000+00:00,,syn-normal-baseline-100,normal-control,normal,0.05,0.0,0.5,0,10.0,119.35367618897254,26.288821910528718,18.821191316568516,897.345604233595,35.52924143160674,1749.2967405903012,100.0,100.0,True,,synthetic_normal_baseline,sim_user,normal_baseline,gpu:1,normal_baseline
90.8,2026-01-01 00:01:30.800000+00:00,,syn-normal-baseline-100,normal-control,normal,0.05,0.0,0.5,0,10.0,120.07757262114579,31.61731224840756,21.802657517679556,998.7589274923606,36.79706369831627,1783.7608694792402,100.0,100.0,True,,synthetic_normal_baseline,sim_user,normal_baseline,gpu:1,normal_baseline
90.9,2026-01-01 00:01:30.900000+00:00,,syn-normal-baseline-100,normal-control,normal,0.05,0.0,0.5,0,10.0,120.31544377159658,32.978373555858,19.211622539823004,1004.6254018376129,36.923662250295514,1892.7960872010308,100.0,100.0,True,,synthetic_normal_baseline,sim_user,normal_baseline,gpu:1,normal_baseline
91.0,2026-01-01 00:01:31+00:00,,syn-normal-baseline-100,normal-control,normal,0.05,0.0,0.5,0,10.0,120.51446537242873,39.5686962454711,26.137950552389057,1204.4493307970608,39.023365760705175,2415.7304981198013,100.0,100.0,True,,synthetic_normal_baseline,sim_user,normal_baseline,gpu:1,normal_baseline
91.1,2026-01-01 00:01:31.100000+00:00,,syn-normal-baseline-100,normal-control,normal,0.05,0.0,0.5,0,10.0,120.3575635777516,33.9023747925129,23.070980297132976,1028.3778386308616,37.42392899791966,1988.7390366707975,100.0,100.0,True,,synthetic_normal_baseline,sim_user,normal_baseline,gpu:1,normal_baseline
91.2,2026-01-01 00:01:31.200000+00:00,,syn-normal-baseline-100,normal-control,normal,0.05,0.0,0.5,0,10.0,121.45501592611075,46.234834043756265,28.58625441059188,1311.8038048641745,40.73500014205608,2465.2636704728434,100.0,100.0,True,,synthetic_normal_baseline,sim_user,normal_baseline,gpu:1,normal_baseline
91.3,2026-01-01 00:01:31.300000+00:00,,syn-normal-baseline-100,normal-control,normal,0.05,0.0,0.5,0,10.0,121.92665252299491,51.10992720180529,22.9690612505398,1457.409169485824,41.94627973464596,1955.718417206644,100.0,100.0,True,,synthetic_normal_baseline,sim_user,normal_baseline,gpu:1,normal_baseline
91.4,2026-01-01 00:01:31.400000+00:00,,syn-normal-baseline-100,normal-control,normal,0.05,0.0,0.5,0,10.0,121.37193076137594,45.77005398062408,18.586003678103467,1331.8280400224,40.336816032745574,1826.3701831490862,100.0,100.0,True,,synthetic_normal_baseline,sim_user,normal_baseline,gpu:1,normal_baseline
91.5,2026-01-01 00:01:31.500000+00:00,,syn-normal-baseline-100,normal-control,normal,0.05,0.0,0.5,0,10.0,119.70217131622958,30.17724468685197,17.384929911176815,959.0220656003287,36.29600570785917,1599.905126849845,100.0,100.0,True,,synthetic_normal_baseline,sim_user,normal_baseline,gpu:1,normal_baseline
91.6,2026-01-01 00:01:31.600000+00:00,,syn-normal-baseline-100,normal-control,normal,0.05,0.0,0.5,0,10.0,119.43115402169312,29.126820568445396,19.090783427277568,956.2069780453882,35.924476606891915,1683.3512700122342,100.0,100.0,True,,synthetic_normal_baseline,sim_user,normal_baseline,gpu:1,normal_baseline
91.7,2026-01-01 00:01:31.700000+00:00,,syn-normal-baseline-100,normal-control,normal,0.05,0.0,0.5,0,10.0,118.58731343067461,19.514696661707813,10.699341743235857,717.258407755192,33.25854749038307,1183.0570795416515,100.0,100.0,True,,synthetic_normal_baseline,sim_user,normal_baseline,gpu:1,normal_baseline
91.8,2026-01-01 00:01:31.800000+00:00,,syn-normal-baseline-100,normal-control,normal,0.05,0.0,0.5,0,10.0,119.66307299240334,27.965049657292653,11.834100208326136,877.5836284392453,35.64325874135685,1293.5714858702659,100.0,100.0,True,,synthetic_normal_baseline,sim_user,normal_baseline,gpu:1,normal_baseline
91.9,2026-01-01 00:01:31.900000+00:00,,syn-normal-baseline-100,normal-control,normal,0.05,0.0,0.5,0,10.0,119.76737639127604,32.6730256235266,19.511814414552024,946.9136435090156,36.7744521336628,1938.0065627055922,100.0,100.0,True,,synthetic_normal_baseline,sim_user,normal_baseline,gpu:1,normal_baseline
92.0,2026-01-01 00:01:32+00:00,,syn-normal-baseline-100,normal-control,normal,0.05,0.0,0.5,0,10.0,119.79108390502587,32.323006652149004,13.952277655776275,1018.4925828097681,36.70910284980187,1384.4776055167883,100.0,100.0,True,,synthetic_normal_baseline,sim_user,normal_baseline,gpu:1,normal_baseline
92.1,2026-01-01 00:01:32.100000+00:00,,syn-normal-baseline-100,normal-control,normal,0.05,0.0,0.5,0,10.0,119.5390375883332,31.17233012952191,14.160290664280337,997.9447129821748,36.44825626125267,1518.5624469400602,100.0,100.0,True,,synthetic_normal_baseline,sim_user,normal_baseline,gpu:1,normal_baseline
92.2,2026-01-01 00:01:32.200000+00:00,,syn-normal-baseline-100,normal-control,normal,0.05,0.0,0.5,0,10.0,118.98371920134171,24.136535350730806,13.378422064048472,858.4952957689626,34.61263397893204,1542.6906442258537,100.0,100.0,True,,synthetic_normal_baseline,sim_user,normal_baseline,gpu:1,normal_baseline
92.3,2026-01-01 00:01:32.300000+00:00,,syn-normal-baseline-100,normal-control,normal,0.05,0.0,0.5,0,10.0,119.16588235741864,21.788759371152256,14.848042639354908,752.2449683594713,33.861697016735384,1407.9868251192916,100.0,100.0,True,,synthetic_normal_baseline,sim_user,normal_baseline,gpu:1,normal_baseline
92.4,2026-01-01 00:01:32.400000+00:00,,syn-normal-baseline-100,normal-control,normal,0.05,0.0,0.5,0,10.0,120.88769634432495,39.55970804486278,24.634200522747168,1152.6544319420489,38.56672911649254,2276.930657449875,100.0,100.0,True,,synthetic_normal_baseline,sim_user,normal_baseline,gpu:1,normal_baseline
92.5,2026-01-01 00:01:32.500000+00:00,,syn-normal-baseline-100,normal-control,normal,0.05,0.0,0.5,0,10.0,120.4924777485456,35.722682846321206,18.64668374139021,1071.542014419234,37.52003743810613,1822.3133063698695,100.0,100.0,True,,synthetic_normal_baseline,sim_user,normal_baseline,gpu:1,normal_baseline
92.6,2026-01-01 00:01:32.600000+00:00,,syn-normal-baseline-100,normal-control,normal,0.05,0.0,0.5,0,10.0,121.7635734522993,50.057811532866275,27.518740486098604,1405.2672613311897,41.93373956721044,2391.43805343563,100.0,100.0,True,,synthetic_normal_baseline,sim_user,normal_baseline,gpu:1,normal_baseline
92.7,2026-01-01 00:01:32.700000+00:00,,syn-normal-baseline-100,normal-control,normal,0.05,0.0,0.5,0,10.0,120.01846987674045,31.33437305920992,23.363917159368896,965.5676536618981,36.54787951617833,1916.156106409138,100.0,100.0,True,,synthetic_normal_baseline,sim_user,normal_baseline,gpu:1,normal_baseline
92.8,2026-01-01 00:01:32.800000+00:00,,syn-normal-baseline-100,normal-control,normal,0.05,0.0,0.5,0,10.0,120.11510254080382,35.73459305071492,12.452869940309416,1181.034342120541,37.68943682549216,1433.9400631429376,100.0,100.0,True,,synthetic_normal_baseline,sim_user,normal_baseline,gpu:1,normal_baseline
92.9,2026-01-01 00:01:32.900000+00:00,,syn-normal-baseline-100,normal-control,normal,0.05,0.0,0.5,0,10.0,119.00753260829323,24.82832655017031,14.797534700663347,870.3103494403691,34.75550705264856,1627.6531490362695,100.0,100.0,True,,synthetic_normal_baseline,sim_user,normal_baseline,gpu:1,normal_baseline
93.0,2026-01-01 00:01:33+00:00,,syn-normal-baseline-100,normal-control,normal,0.05,0.0,0.5,0,10.0,119.34659684567983,27.851384581728425,17.934593684976782,901.4331374572822,35.730143625062325,1878.6130257184686,100.0,100.0,True,,synthetic_normal_baseline,sim_user,normal_baseline,gpu:1,normal_baseline
93.1,2026-01-01 00:01:33.100000+00:00,,syn-normal-baseline-100,normal-control,normal,0.05,0.0,0.5,0,10.0,118.60358196460604,21.413844583034745,15.861432842854022,755.9436695101773,34.021033455521724,1537.3739412648602,100.0,100.0,True,,synthetic_normal_baseline,sim_user,normal_baseline,gpu:1,normal_baseline
93.2,2026-01-01 00:01:33.200000+00:00,,syn-normal-baseline-100,normal-control,normal,0.05,0.0,0.5,0,10.0,119.59598162407023,30.65305502507494,17.37478535199516,975.8179537824047,36.67249236114088,1674.385811468588,100.0,100.0,True,,synthetic_normal_baseline,sim_user,normal_baseline,gpu:1,normal_baseline
93.3,2026-01-01 00:01:33.300000+00:00,,syn-normal-baseline-100,normal-control,normal,0.05,0.0,0.5,0,10.0,118.54121583546221,18.19431988130514,8.592203853117677,635.0749263751633,33.477160070161474,979.0909140388667,100.0,100.0,True,,synthetic_normal_baseline,sim_user,normal_baseline,gpu:1,normal_baseline
93.4,2026-01-01 00:01:33.400000+00:00,,syn-normal-baseline-100,normal-control,normal,0.05,0.0,0.5,0,10.0,121.02515907367845,44.11702935372486,30.282640649036686,1277.8299577812725,40.79776497945389,2496.2967670876224,100.0,100.0,True,,synthetic_normal_baseline,sim_user,normal_baseline,gpu:1,normal_baseline
93.5,2026-01-01 00:01:33.500000+00:00,,syn-normal-baseline-100,normal-control,normal,0.05,0.0,0.5,0,10.0,120.6659538890185,35.382972561974846,18.52131586173379,1083.4335586333875,38.087270066191905,1810.051345771213,100.0,100.0,True,,synthetic_normal_baseline,sim_user,normal_baseline,gpu:1,normal_baseline
93.6,2026-01-01 00:01:33.600000+00:00,,syn-normal-baseline-100,normal-control,normal,0.05,0.0,0.5,0,10.0,122.33872643952553,51.57847749135166,28.673741109353255,1457.1590520189018,42.922805001666426,2419.58871612858,100.0,100.0,True,,synthetic_normal_baseline,sim_user,normal_baseline,gpu:1,normal_baseline
93.7,2026-01-01 00:01:33.700000+00:00,,syn-normal-baseline-100,normal-control,normal,0.05,0.0,0.5,0,10.0,123.07280161155617,57.84809526165341,39.25323206243059,1668.4267908932313,45.02452612271879,3090.169515146796,100.0,100.0,True,,synthetic_normal_baseline,sim_user,normal_baseline,gpu:1,normal_baseline
93.8,2026-01-01 00:01:33.800000+00:00,,syn-normal-baseline-100,normal-control,normal,0.05,0.0,0.5,0,10.0,124.1786699420136,70.31730033232527,40.27462669400595,1969.3194593234425,48.34790071853506,3277.057418455785,100.0,100.0,True,,synthetic_normal_baseline,sim_user,normal_baseline,gpu:1,normal_baseline
93.9,2026-01-01 00:01:33.900000+00:00,,syn-normal-baseline-100,normal-control,normal,0.05,0.0,0.5,0,10.0,123.21707564617547,58.90845762276959,31.620332534534057,1687.7972411685514,45.23741048358689,2630.516393997136,100.0,100.0,True,,synthetic_normal_baseline,sim_user,normal_baseline,gpu:1,normal_baseline
94.0,2026-01-01 00:01:34+00:00,,syn-normal-baseline-100,normal-control,normal,0.05,0.0,0.5,0,10.0,122.85845397116698,60.982942817851495,31.609116626201143,1728.2411093931821,45.70677463593884,2645.944824235118,100.0,100.0,True,,synthetic_normal_baseline,sim_user,normal_baseline,gpu:1,normal_baseline
94.1,2026-01-01 00:01:34.100000+00:00,,syn-normal-baseline-100,normal-control,normal,0.05,0.0,0.5,0,10.0,122.29154234826132,50.67057988729414,31.34881049078043,1511.1432189243324,42.83576270686196,2569.071742263222,100.0,100.0,True,,synthetic_normal_baseline,sim_user,normal_baseline,gpu:1,normal_baseline
94.2,2026-01-01 00:01:34.200000+00:00,,syn-normal-baseline-100,normal-control,normal,0.05,0.0,0.5,0,10.0,123.39675589612558,67.40379411765889,28.84096070878583,1917.4756975110884,47.116926679243946,2575.73006243573,100.0,100.0,True,,synthetic_normal_baseline,sim_user,normal_baseline,gpu:1,normal_baseline
94.3,2026-01-01 00:01:34.300000+00:00,,syn-normal-baseline-100,normal-control,normal,0.05,0.0,0.5,0,10.0,121.53342115953059,47.4104677380734,24.066863772708675,1412.6148988819843,41.64263170986644,2115.666311752457,100.0,100.0,True,,synthetic_normal_baseline,sim_user,normal_baseline,gpu:1,normal_baseline
94.4,2026-01-01 00:01:34.400000+00:00,,syn-normal-baseline-100,normal-control,normal,0.05,0.0,0.5,0,10.0,120.93378804611001,42.70466396448296,23.63665508531618,1257.2900191851938,40.51528703186945,2165.1922659485585,100.0,100.0,True,,synthetic_normal_baseline,sim_user,normal_baseline,gpu:1,normal_baseline
94.5,2026-01-01 00:01:34.500000+00:00,,syn-normal-baseline-100,normal-control,normal,0.05,0.0,0.5,0,10.0,120.25011400747108,35.81863609177534,20.663928105384745,1157.7696086300907,38.16170945226001,2028.8548549980153,100.0,100.0,True,,synthetic_normal_baseline,sim_user,normal_baseline,gpu:1,normal_baseline
94.6,2026-01-01 00:01:34.600000+00:00,,syn-normal-baseline-100,normal-control,normal,0.05,0.0,0.5,0,10.0,120.1210008731194,35.78021390246942,11.535060900651859,1080.125585269833,37.828559671027065,1245.2720231919388,100.0,100.0,True,,synthetic_normal_baseline,sim_user,normal_baseline,gpu:1,normal_baseline
94.7,2026-01-01 00:01:34.700000+00:00,,syn-normal-baseline-100,normal-control,normal,0.05,0.0,0.5,0,10.0,120.1251947789295,32.57263104228761,16.202378183778965,1051.8600342695254,36.98918452693592,1594.5153115818923,100.0,100.0,True,,synthetic_normal_baseline,sim_user,normal_baseline,gpu:1,normal_baseline
94.8,2026-01-01 00:01:34.800000+00:00,,syn-normal-baseline-100,normal-control,normal,0.05,0.0,0.5,0,10.0,120.3849004911686,33.47588626468496,20.17859371241719,1111.8748056052402,37.10790815894852,1946.5157318643492,100.0,100.0,True,,synthetic_normal_baseline,sim_user,normal_baseline,gpu:1,normal_baseline
94.9,2026-01-01 00:01:34.900000+00:00,,syn-normal-baseline-100,normal-control,normal,0.05,0.0,0.5,0,10.0,121.5300946302801,47.85831761750739,22.175240387355764,1413.107841511475,41.4015223618626,2052.4840117229155,100.0,100.0,True,,synthetic_normal_baseline,sim_user,normal_baseline,gpu:1,normal_baseline
95.0,2026-01-01 00:01:35+00:00,,syn-normal-baseline-100,normal-control,normal,0.05,0.0,0.5,0,10.0,121.75358258412167,49.359766559285994,23.790760753811522,1439.5162425854833,41.84065528182324,2108.0969644392567,100.0,100.0,True,,synthetic_normal_baseline,sim_user,normal_baseline,gpu:1,normal_baseline
95.1,2026-01-01 00:01:35.100000+00:00,,syn-normal-baseline-100,normal-control,normal,0.05,0.0,0.5,0,10.0,121.18814337791687,42.81972225127899,17.053240642438926,1260.03451597614,40.32366256418946,1767.3113163321311,100.0,100.0,True,,synthetic_normal_baseline,sim_user,normal_baseline,gpu:1,normal_baseline
95.2,2026-01-01 00:01:35.200000+00:00,,syn-normal-baseline-100,normal-control,normal,0.05,0.0,0.5,0,10.0,121.71102578567283,47.13896818263497,30.966663363002194,1441.0182431346939,41.670087327825264,2382.6349698021286,100.0,100.0,True,,synthetic_normal_baseline,sim_user,normal_baseline,gpu:1,normal_baseline
95.3,2026-01-01 00:01:35.300000+00:00,,syn-normal-baseline-100,normal-control,normal,0.05,0.0,0.5,0,10.0,121.48620930104705,45.40446464102476,30.449557837761155,1361.849115250548,41.123037364884816,2568.698225656481,100.0,100.0,True,,synthetic_normal_baseline,sim_user,normal_baseline,gpu:1,normal_baseline
95.4,2026-01-01 00:01:35.400000+00:00,,syn-normal-baseline-100,normal-control,normal,0.05,0.0,0.5,0,10.0,121.63854579769058,47.371810084607965,31.51333911488962,1386.8396758341523,41.870684368753714,2793.4791496054454,100.0,100.0,True,,synthetic_normal_baseline,sim_user,normal_baseline,gpu:1,normal_baseline
95.5,2026-01-01 00:01:35.500000+00:00,,syn-normal-baseline-100,normal-control,normal,0.05,0.0,0.5,0,10.0,121.35967614273149,46.445402938563674,22.793644115474354,1444.2546843388784,41.595762591380314,2086.812876201707,100.0,100.0,True,,synthetic_normal_baseline,sim_user,normal_baseline,gpu:1,normal_baseline
95.6,2026-01-01 00:01:35.600000+00:00,,syn-normal-baseline-100,normal-control,normal,0.05,0.0,0.5,0,10.0,121.55074721276866,45.61149911002168,25.428061990913974,1320.175058177383,41.3850407927606,2235.6627789934664,100.0,100.0,True,,synthetic_normal_baseline,sim_user,normal_baseline,gpu:1,normal_baseline
95.7,2026-01-01 00:01:35.700000+00:00,,syn-normal-baseline-100,normal-control,normal,0.05,0.0,0.5,0,10.0,121.54034942098937,46.8483294784782,28.07557744055588,1287.0379033100087,41.50724903717856,2612.373317516784,100.0,100.0,True,,synthetic_normal_baseline,sim_user,normal_baseline,gpu:1,normal_baseline
95.8,2026-01-01 00:01:35.800000+00:00,,syn-normal-baseline-100,normal-control,normal,0.05,0.0,0.5,0,10.0,120.5608094297906,40.192928754822304,27.65510941923981,1216.0493836998328,39.44119487053522,2429.433061184935,100.0,100.0,True,,synthetic_normal_baseline,sim_user,normal_baseline,gpu:1,normal_baseline
95.9,2026-01-01 00:01:35.900000+00:00,,syn-normal-baseline-100,normal-control,normal,0.05,0.0,0.5,0,10.0,119.9217039979026,31.909293099187515,14.151275296554015,970.9649495059195,37.09327062586251,1499.0905766758797,100.0,100.0,True,,synthetic_normal_baseline,sim_user,normal_baseline,gpu:1,normal_baseline
96.0,2026-01-01 00:01:36+00:00,,syn-normal-baseline-100,normal-control,normal,0.05,0.0,0.5,0,10.0,119.69313734645812,31.531317604001558,21.29571702606767,974.5053442790561,36.836068666035935,2007.7166936822937,100.0,100.0,True,,synthetic_normal_baseline,sim_user,normal_baseline,gpu:1,normal_baseline
96.1,2026-01-01 00:01:36.100000+00:00,,syn-normal-baseline-100,normal-control,normal,0.05,0.0,0.5,0,10.0,120.18635438873751,33.352344715113915,20.182162926038167,1029.9917581410098,37.10770961096567,1736.4306926024851,100.0,100.0,True,,synthetic_normal_baseline,sim_user,normal_baseline,gpu:1,normal_baseline
96.2,2026-01-01 00:01:36.200000+00:00,,syn-normal-baseline-100,normal-control,normal,0.05,0.0,0.5,0,10.0,120.86219681349492,40.49496673800696,26.240993517764995,1272.7213643047976,39.006936293761285,2276.7694053370683,100.0,100.0,True,,synthetic_normal_baseline,sim_user,normal_baseline,gpu:1,normal_baseline
96.3,2026-01-01 00:01:36.300000+00:00,,syn-normal-baseline-100,normal-control,normal,0.05,0.0,0.5,0,10.0,120.53032418700285,37.00449526781615,23.960540017641403,1156.9378870406892,37.864925159920766,2180.3647569671098,100.0,100.0,True,,synthetic_normal_baseline,sim_user,normal_baseline,gpu:1,normal_baseline
96.4,2026-01-01 00:01:36.400000+00:00,,syn-normal-baseline-100,normal-control,normal,0.05,0.0,0.5,0,10.0,119.95849484701652,34.96845700552651,17.46002178097409,1021.4530746167134,37.46529702542695,1769.8345406888052,100.0,100.0,True,,synthetic_normal_baseline,sim_user,normal_baseline,gpu:1,normal_baseline
96.5,2026-01-01 00:01:36.500000+00:00,,syn-normal-baseline-100,normal-control,normal,0.05,0.0,0.5,0,10.0,119.18033367574732,25.194749316300314,15.575099492462016,785.6859890879026,34.35928076865239,1652.797011738134,100.0,100.0,True,,synthetic_normal_baseline,sim_user,normal_baseline,gpu:1,normal_baseline
96.6,2026-01-01 00:01:36.600000+00:00,,syn-normal-baseline-100,normal-control,normal,0.05,0.0,0.5,0,10.0,119.26428581857722,24.33556252413738,11.643149645124119,864.6642471153662,34.402122313626435,1286.7016613133828,100.0,100.0,True,,synthetic_normal_baseline,sim_user,normal_baseline,gpu:1,normal_baseline
96.7,2026-01-01 00:01:36.700000+00:00,,syn-normal-baseline-100,normal-control,normal,0.05,0.0,0.5,0,10.0,119.93029180739568,32.853160906562,12.572274775986276,984.8274335104404,36.47571016754965,1328.4920931461313,100.0,100.0,True,,synthetic_normal_baseline,sim_user,normal_baseline,gpu:1,normal_baseline
96.8,2026-01-01 00:01:36.800000+00:00,,syn-normal-baseline-100,normal-control,normal,0.05,0.0,0.5,0,10.0,119.82566649448398,30.397670615453997,17.750376990801563,961.0435860473485,35.93299977116325,1691.4688736501234,100.0,100.0,True,,synthetic_normal_baseline,sim_user,normal_baseline,gpu:1,normal_baseline
96.9,2026-01-01 00:01:36.900000+00:00,,syn-normal-baseline-100,normal-control,normal,0.05,0.0,0.5,0,10.0,122.43885059139961,56.624102637336655,24.485811387189454,1651.4492005431305,43.20496274832329,2216.708528269189,100.0,100.0,True,,synthetic_normal_baseline,sim_user,normal_baseline,gpu:1,normal_baseline
97.0,2026-01-01 00:01:37+00:00,,syn-normal-baseline-100,normal-control,normal,0.05,0.0,0.5,0,10.0,121.0131465799444,42.490284833765394,29.426846256977193,1247.4651533018357,39.00060956708408,2447.9623319343596,100.0,100.0,True,,synthetic_normal_baseline,sim_user,normal_baseline,gpu:1,normal_baseline
97.1,2026-01-01 00:01:37.100000+00:00,,syn-normal-baseline-100,normal-control,normal,0.05,0.0,0.5,0,10.0,120.87834583895726,39.63823047750687,24.906157798470602,1166.4160353606858,38.02142636157635,2190.825098926402,100.0,100.0,True,,synthetic_normal_baseline,sim_user,normal_baseline,gpu:1,normal_baseline
97.2,2026-01-01 00:01:37.200000+00:00,,syn-normal-baseline-100,normal-control,normal,0.05,0.0,0.5,0,10.0,121.72289835764204,45.545145115354195,23.617586385893915,1338.1970606186794,40.03876740177863,2173.1055707146334,100.0,100.0,True,,synthetic_normal_baseline,sim_user,normal_baseline,gpu:1,normal_baseline
97.3,2026-01-01 00:01:37.300000+00:00,,syn-normal-baseline-100,normal-control,normal,0.05,0.0,0.5,0,10.0,123.27023102495625,61.11490462200051,36.15782413524398,1711.458257379983,44.34386746963305,3091.110001512696,100.0,100.0,True,,synthetic_normal_baseline,sim_user,normal_baseline,gpu:1,normal_baseline
97.4,2026-01-01 00:01:37.400000+00:00,,syn-normal-baseline-100,normal-control,normal,0.05,0.0,0.5,0,10.0,123.16707905830482,59.73261603478452,31.652806910473537,1709.9569414406608,44.212683033984334,2906.5291265320493,100.0,100.0,True,,synthetic_normal_baseline,sim_user,normal_baseline,gpu:1,normal_baseline
97.5,2026-01-01 00:01:37.500000+00:00,,syn-normal-baseline-100,normal-control,normal,0.05,0.0,0.5,0,10.0,123.51589444342375,62.89741466427285,35.49822578996538,1827.8571245603885,45.110315577091356,3074.479678786264,100.0,100.0,True,,synthetic_normal_baseline,sim_user,normal_baseline,gpu:1,normal_baseline
97.6,2026-01-01 00:01:37.600000+00:00,,syn-normal-baseline-100,normal-control,normal,0.05,0.0,0.5,0,10.0,123.44660895191215,62.77961241066864,30.587546198026672,1787.3058557000525,45.498440353730196,2606.090644038683,100.0,100.0,True,,synthetic_normal_baseline,sim_user,normal_baseline,gpu:1,normal_baseline
97.7,2026-01-01 00:01:37.700000+00:00,,syn-normal-baseline-100,normal-control,normal,0.05,0.0,0.5,0,10.0,124.7523689820269,80.60686429906994,48.57741235437364,2208.9419065205825,50.813614127095335,3911.1651967111416,100.0,100.0,True,,synthetic_normal_baseline,sim_user,normal_baseline,gpu:1,normal_baseline
97.8,2026-01-01 00:01:37.800000+00:00,,syn-normal-baseline-100,normal-control,normal,0.05,0.0,0.5,0,10.0,122.08563697470437,49.30935349939193,22.549861938498754,1400.2414204636643,42.116638511217076,2204.46305615103,100.0,100.0,True,,synthetic_normal_baseline,sim_user,normal_baseline,gpu:1,normal_baseline
97.9,2026-01-01 00:01:37.900000+00:00,,syn-normal-baseline-100,normal-control,normal,0.05,0.0,0.5,0,10.0,122.80582877632422,57.502949499670365,28.458458656103673,1615.5012383898188,45.007751362928616,2573.49767939252,100.0,100.0,True,,synthetic_normal_baseline,sim_user,normal_baseline,gpu:1,normal_baseline
98.0,2026-01-01 00:01:38+00:00,,syn-normal-baseline-100,normal-control,normal,0.05,0.0,0.5,0,10.0,122.16934391428504,53.27447148138011,40.403348442107244,1470.8977178656723,44.21852211558145,3222.169867479019,100.0,100.0,True,,synthetic_normal_baseline,sim_user,normal_baseline,gpu:1,normal_baseline
98.1,2026-01-01 00:01:38.100000+00:00,,syn-normal-baseline-100,normal-control,normal,0.05,0.0,0.5,0,10.0,122.10351841209743,53.46047558561315,32.53084777731851,1592.3436581199578,44.153844177206686,2725.6177959265947,100.0,100.0,True,,synthetic_normal_baseline,sim_user,normal_baseline,gpu:1,normal_baseline
98.2,2026-01-01 00:01:38.200000+00:00,,syn-normal-baseline-100,normal-control,normal,0.05,0.0,0.5,0,10.0,120.83243830900675,39.840431364880565,18.92668588194221,1217.708751932681,40.52798656223658,1733.770436239746,100.0,100.0,True,,synthetic_normal_baseline,sim_user,normal_baseline,gpu:1,normal_baseline
98.3,2026-01-01 00:01:38.300000+00:00,,syn-normal-baseline-100,normal-control,normal,0.05,0.0,0.5,0,10.0,121.97096337107168,50.49246727993624,31.08685460682607,1513.2876980890203,43.36002204102196,2468.1852537832438,100.0,100.0,True,,synthetic_normal_baseline,sim_user,normal_baseline,gpu:1,normal_baseline
98.4,2026-01-01 00:01:38.400000+00:00,,syn-normal-baseline-100,normal-control,normal,0.05,0.0,0.5,0,10.0,121.39970545080782,44.49033285324106,19.477742990865234,1311.3372372173965,41.44629902372066,1728.4700600131762,100.0,100.0,True,,synthetic_normal_baseline,sim_user,normal_baseline,gpu:1,normal_baseline
98.5,2026-01-01 00:01:38.500000+00:00,,syn-normal-baseline-100,normal-control,normal,0.05,0.0,0.5,0,10.0,121.4884918903706,49.85708577175547,27.10270336840935,1542.6527577806721,42.982853215827504,2254.185923229753,100.0,100.0,True,,synthetic_normal_baseline,sim_user,normal_baseline,gpu:1,normal_baseline
98.6,2026-01-01 00:01:38.600000+00:00,,syn-normal-baseline-100,normal-control,normal,0.05,0.0,0.5,0,10.0,120.06462053657049,32.292031646177264,14.372306259207548,1061.3798016792011,37.62664697422477,1383.4893623558557,100.0,100.0,True,,synthetic_normal_baseline,sim_user,normal_baseline,gpu:1,normal_baseline
98.7,2026-01-01 00:01:38.700000+00:00,,syn-normal-baseline-100,normal-control,normal,0.05,0.0,0.5,0,10.0,120.67180096253814,39.31093919962191,19.08156853373536,1180.9550912965394,39.5570321178248,1647.045751317198,100.0,100.0,True,,synthetic_normal_baseline,sim_user,normal_baseline,gpu:1,normal_baseline
98.8,2026-01-01 00:01:38.800000+00:00,,syn-normal-baseline-100,normal-control,normal,0.05,0.0,0.5,0,10.0,120.05057464896389,31.89830941825399,17.663035405542168,979.237266427219,37.219908421107064,1733.111175510048,100.0,100.0,True,,synthetic_normal_baseline,sim_user,normal_baseline,gpu:1,normal_baseline
98.9,2026-01-01 00:01:38.900000+00:00,,syn-normal-baseline-100,normal-control,normal,0.05,0.0,0.5,0,10.0,119.34898491000368,28.821907537997603,18.29760868430582,873.4746157346973,36.28690418219332,1822.879062402734,100.0,100.0,True,,synthetic_normal_baseline,sim_user,normal_baseline,gpu:1,normal_baseline
99.0,2026-01-01 00:01:39+00:00,,syn-normal-baseline-100,normal-control,normal,0.05,0.0,0.5,0,10.0,117.59771678099324,10.89734124884508,10.293931145043278,447.862143125823,31.304401805147602,1327.7080895833546,100.0,100.0,True,,synthetic_normal_baseline,sim_user,normal_baseline,gpu:1,normal_baseline
99.1,2026-01-01 00:01:39.100000+00:00,,syn-normal-baseline-100,normal-control,normal,0.05,0.0,0.5,0,10.0,117.88540042352143,17.911480735901623,9.170534942197115,664.7504293473443,33.3835358002906,1004.3781963146774,100.0,100.0,True,,synthetic_normal_baseline,sim_user,normal_baseline,gpu:1,normal_baseline
99.2,2026-01-01 00:01:39.200000+00:00,,syn-normal-baseline-100,normal-control,normal,0.05,0.0,0.5,0,10.0,117.54774264512211,10.738995275978427,0.0,409.43231477694496,31.515124625995064,665.3224605884668,100.0,100.0,True,,synthetic_normal_baseline,sim_user,normal_baseline,gpu:1,normal_baseline
99.3,2026-01-01 00:01:39.300000+00:00,,syn-normal-baseline-100,normal-control,normal,0.05,0.0,0.5,0,10.0,118.63403547754078,20.971930401832914,12.818260175874267,762.430875380948,34.39840808791386,1372.8391332054064,100.0,100.0,True,,synthetic_normal_baseline,sim_user,normal_baseline,gpu:1,normal_baseline
99.4,2026-01-01 00:01:39.400000+00:00,,syn-normal-baseline-100,normal-control,normal,0.05,0.0,0.5,0,10.0,119.00547703752565,24.231543975888613,14.028648299413138,856.9353066974404,35.15547349412465,1335.0478560270012,100.0,100.0,True,,synthetic_normal_baseline,sim_user,normal_baseline,gpu:1,normal_baseline
99.5,2026-01-01 00:01:39.500000+00:00,,syn-normal-baseline-100,normal-control,normal,0.05,0.0,0.5,0,10.0,119.7130718456768,31.09025418239446,22.562814211517793,997.3458495693017,36.82699374154044,2059.66927797254,100.0,100.0,True,,synthetic_normal_baseline,sim_user,normal_baseline,gpu:1,normal_baseline
99.6,2026-01-01 00:01:39.600000+00:00,,syn-normal-baseline-100,normal-control,normal,0.05,0.0,0.5,0,10.0,119.49830489704917,27.35519409569392,16.67994645983021,891.0378005060725,35.87859824152009,1697.8589170808561,100.0,100.0,True,,synthetic_normal_baseline,sim_user,normal_baseline,gpu:1,normal_baseline
99.7,2026-01-01 00:01:39.700000+00:00,,syn-normal-baseline-100,normal-control,normal,0.05,0.0,0.5,0,10.0,119.82492982713924,27.85299473368142,23.3249641308315,878.7853232682701,35.84686383825268,2103.1562973996383,100.0,100.0,True,,synthetic_normal_baseline,sim_user,normal_baseline,gpu:1,normal_baseline
99.8,2026-01-01 00:01:39.800000+00:00,,syn-normal-baseline-100,normal-control,normal,0.05,0.0,0.5,0,10.0,121.36533577688063,40.90872060610805,27.070943092726722,1312.1557810037593,39.30030118551623,2181.989264388272,100.0,100.0,True,,synthetic_normal_baseline,sim_user,normal_baseline,gpu:1,normal_baseline
99.9,2026-01-01 00:01:39.900000+00:00,,syn-normal-baseline-100,normal-control,normal,0.05,0.0,0.5,0,10.0,123.54014134663414,62.86524344094145,33.98572989843317,1770.5836141210343,45.495347712503865,2949.45584849441,100.0,100.0,True,,synthetic_normal_baseline,sim_user,normal_baseline,gpu:1,normal_baseline
100.0,2026-01-01 00:01:40+00:00,,syn-normal-baseline-100,normal-control,normal,0.05,0.0,0.5,0,10.0,124.65634079353977,75.12859458286135,43.51640302837434,2139.1330447880323,48.674635937844634,3442.888896300969,100.0,100.0,True,,synthetic_normal_baseline,sim_user,normal_baseline,gpu:1,normal_baseline
100.1,2026-01-01 00:01:40.100000+00:00,,syn-normal-baseline-100,normal-control,normal,0.05,0.0,0.5,0,10.0,124.2397385180364,71.54903828029734,39.659866946223815,2016.9593212802529,47.7726337651736,3360.914815448069,100.0,100.0,True,,synthetic_normal_baseline,sim_user,normal_baseline,gpu:1,normal_baseline
100.2,2026-01-01 00:01:40.200000+00:00,,syn-normal-baseline-100,normal-control,normal,0.05,0.0,0.5,0,10.0,122.6312667249035,56.462443809106915,39.05644416875071,1674.5669690647298,43.5552854250798,3118.647106775757,100.0,100.0,True,,synthetic_normal_baseline,sim_user,normal_baseline,gpu:1,normal_baseline
100.3,2026-01-01 00:01:40.300000+00:00,,syn-normal-baseline-100,normal-control,normal,0.05,0.0,0.5,0,10.0,121.93751254741566,51.569833785396156,24.581238229057256,1540.8170922280262,42.04397472047005,2216.6467157685233,100.0,100.0,True,,synthetic_normal_baseline,sim_user,normal_baseline,gpu:1,normal_baseline
100.4,2026-01-01 00:01:40.400000+00:00,,syn-normal-baseline-100,normal-control,normal,0.05,0.0,0.5,0,10.0,119.69172978705501,30.262411632364227,16.14846574282447,935.8050053044052,36.19214537091963,1683.5042554564252,100.0,100.0,True,,synthetic_normal_baseline,sim_user,normal_baseline,gpu:1,normal_baseline
100.5,2026-01-01 00:01:40.500000+00:00,,syn-normal-baseline-100,normal-control,normal,0.05,0.0,0.5,0,10.0,120.40474116776753,36.13042081414203,22.744692324285506,1129.475041609711,37.66632706798073,2142.4124291618314,100.0,100.0,True,,synthetic_normal_baseline,sim_user,normal_baseline,gpu:1,normal_baseline
100.6,2026-01-01 00:01:40.600000+00:00,,syn-normal-baseline-100,normal-control,normal,0.05,0.0,0.5,0,10.0,120.46834245589157,38.007561190175636,16.78220797180783,1154.5486797500844,38.66438839514949,1562.1599223287476,100.0,100.0,True,,synthetic_normal_baseline,sim_user,normal_baseline,gpu:1,normal_baseline
100.7,2026-01-01 00:01:40.700000+00:00,,syn-normal-baseline-100,normal-control,normal,0.05,0.0,0.5,0,10.0,121.00993634609475,44.376702210610006,28.472360895216397,1353.8102142955358,40.568057979727136,2403.993897073737,100.0,100.0,True,,synthetic_normal_baseline,sim_user,normal_baseline,gpu:1,normal_baseline
100.8,2026-01-01 00:01:40.800000+00:00,,syn-normal-baseline-100,normal-control,normal,0.05,0.0,0.5,0,10.0,120.98923332488894,44.276032794649616,18.107810767457494,1280.4660638202029,40.4599711151269,1720.0927016669664,100.0,100.0,True,,synthetic_normal_baseline,sim_user,normal_baseline,gpu:1,normal_baseline
100.9,2026-01-01 00:01:40.900000+00:00,,syn-normal-baseline-100,normal-control,normal,0.05,0.0,0.5,0,10.0,119.93371386525833,33.26419617313087,23.24149279578244,1037.2821303473215,37.38602502521073,2226.2133547202034,100.0,100.0,True,,synthetic_normal_baseline,sim_user,normal_baseline,gpu:1,normal_baseline
101.0,2026-01-01 00:01:41+00:00,,syn-normal-baseline-100,normal-control,normal,0.05,0.0,0.5,0,10.0,120.08156410980237,30.963322990085942,18.744145780906994,964.9005702266342,36.79135292988906,1854.3851661740882,100.0,100.0,True,,synthetic_normal_baseline,sim_user,normal_baseline,gpu:1,normal_baseline
101.1,2026-01-01 00:01:41.100000+00:00,,syn-normal-baseline-100,normal-control,normal,0.05,0.0,0.5,0,10.0,120.94589103727142,39.886950363007585,21.43382019962513,1216.067423900693,39.56109057217764,2012.0435362201858,100.0,100.0,True,,synthetic_normal_baseline,sim_user,normal_baseline,gpu:1,normal_baseline
101.2,2026-01-01 00:01:41.200000+00:00,,syn-normal-baseline-100,normal-control,normal,0.05,0.0,0.5,0,10.0,120.36704369322659,31.326453358288163,17.353992708205602,940.9980392170788,37.47849729311984,1495.0141137732526,100.0,100.0,True,,synthetic_normal_baseline,sim_user,normal_baseline,gpu:1,normal_baseline
101.3,2026-01-01 00:01:41.300000+00:00,,syn-normal-baseline-100,normal-control,normal,0.05,0.0,0.5,0,10.0,122.25168351615515,54.41704784476299,25.3205929389904,1579.4716740338433,44.02869049795136,2368.768341481319,100.0,100.0,True,,synthetic_normal_baseline,sim_user,normal_baseline,gpu:1,normal_baseline
101.4,2026-01-01 00:01:41.400000+00:00,,syn-normal-baseline-100,normal-control,normal,0.05,0.0,0.5,0,10.0,121.68040229164917,47.29191034389633,29.828169334639295,1371.795981098218,42.25943022533322,2599.052226279971,100.0,100.0,True,,synthetic_normal_baseline,sim_user,normal_baseline,gpu:1,normal_baseline
101.5,2026-01-01 00:01:41.500000+00:00,,syn-normal-baseline-100,normal-control,normal,0.05,0.0,0.5,0,10.0,121.85676413365584,51.572769289557904,31.76437223518763,1519.5088119913485,43.11689019241871,2537.504357377669,100.0,100.0,True,,synthetic_normal_baseline,sim_user,normal_baseline,gpu:1,normal_baseline
101.6,2026-01-01 00:01:41.600000+00:00,,syn-normal-baseline-100,normal-control,normal,0.05,0.0,0.5,0,10.0,122.05871562891058,53.33409497920871,24.9278920755259,1526.0727054713207,43.44859868900703,2088.9786801272803,100.0,100.0,True,,synthetic_normal_baseline,sim_user,normal_baseline,gpu:1,normal_baseline
101.7,2026-01-01 00:01:41.700000+00:00,,syn-normal-baseline-100,normal-control,normal,0.05,0.0,0.5,0,10.0,120.54285883142421,37.27065377196108,22.21372120384585,1127.2051113577013,38.79785641808246,2172.7921268228024,100.0,100.0,True,,synthetic_normal_baseline,sim_user,normal_baseline,gpu:1,normal_baseline
101.8,2026-01-01 00:01:41.800000+00:00,,syn-normal-baseline-100,normal-control,normal,0.05,0.0,0.5,0,10.0,119.63785987231726,31.1634025674699,16.99793596615128,986.3595368262385,36.79943639679698,1718.066374066462,100.0,100.0,True,,synthetic_normal_baseline,sim_user,normal_baseline,gpu:1,normal_baseline
101.9,2026-01-01 00:01:41.900000+00:00,,syn-normal-baseline-100,normal-control,normal,0.05,0.0,0.5,0,10.0,119.81541718147858,31.267440188908466,17.365201520531425,985.7644147713382,37.100231461737906,1682.0162338242894,100.0,100.0,True,,synthetic_normal_baseline,sim_user,normal_baseline,gpu:1,normal_baseline
102.0,2026-01-01 00:01:42+00:00,,syn-normal-baseline-100,normal-control,normal,0.05,0.0,0.5,0,10.0,120.65116234493651,35.615741576792814,14.761531372096833,1006.8537531154589,38.17500875384244,1477.2757611827244,100.0,100.0,True,,synthetic_normal_baseline,sim_user,normal_baseline,gpu:1,normal_baseline
102.1,2026-01-01 00:01:42.100000+00:00,,syn-normal-baseline-100,normal-control,normal,0.05,0.0,0.5,0,10.0,122.05194338322993,51.47051016110253,35.70807216031234,1518.8856871378596,42.16794319083516,2897.339005330353,100.0,100.0,True,,synthetic_normal_baseline,sim_user,normal_baseline,gpu:1,normal_baseline
102.2,2026-01-01 00:01:42.200000+00:00,,syn-normal-baseline-100,normal-control,normal,0.05,0.0,0.5,0,10.0,121.83822000341225,49.147417961656025,31.546121817932708,1437.5086473318506,41.64785997690105,2592.692474859335,100.0,100.0,True,,synthetic_normal_baseline,sim_user,normal_baseline,gpu:1,normal_baseline
102.3,2026-01-01 00:01:42.300000+00:00,,syn-normal-baseline-100,normal-control,normal,0.05,0.0,0.5,0,10.0,121.90936723880476,49.79009441545443,25.47655464601288,1443.7506404066667,41.345176118043995,2190.1292853702216,100.0,100.0,True,,synthetic_normal_baseline,sim_user,normal_baseline,gpu:1,normal_baseline
102.4,2026-01-01 00:01:42.400000+00:00,,syn-normal-baseline-100,normal-control,normal,0.05,0.0,0.5,0,10.0,121.93922057708949,52.88774918885142,29.59396510343429,1536.1730852212424,41.94833551025782,2590.9180700328834,100.0,100.0,True,,synthetic_normal_baseline,sim_user,normal_baseline,gpu:1,normal_baseline
102.5,2026-01-01 00:01:42.500000+00:00,,syn-normal-baseline-100,normal-control,normal,0.05,0.0,0.5,0,10.0,120.94714214334824,39.226992610913555,29.486931382263574,1164.4206349080246,38.21823276353789,2561.3052253402857,100.0,100.0,True,,synthetic_normal_baseline,sim_user,normal_baseline,gpu:1,normal_baseline
102.6,2026-01-01 00:01:42.600000+00:00,,syn-normal-baseline-100,normal-control,normal,0.05,0.0,0.5,0,10.0,121.38152249092084,41.76816436631128,23.300291429521582,1260.2094308290104,38.88408221756191,2042.675285792621,100.0,100.0,True,,synthetic_normal_baseline,sim_user,normal_baseline,gpu:1,normal_baseline
102.7,2026-01-01 00:01:42.700000+00:00,,syn-normal-baseline-100,normal-control,normal,0.05,0.0,0.5,0,10.0,123.22251555871239,62.524113397951915,34.213926591133415,1713.070774867316,44.85023263926707,2781.8021812595484,100.0,100.0,True,,synthetic_normal_baseline,sim_user,normal_baseline,gpu:1,normal_baseline
102.8,2026-01-01 00:01:42.800000+00:00,,syn-normal-baseline-100,normal-control,normal,0.05,0.0,0.5,0,10.0,122.24733898073913,54.689203152922985,32.305285832926394,1537.5283325316009,42.37221746709245,2637.9914295173603,100.0,100.0,True,,synthetic_normal_baseline,sim_user,normal_baseline,gpu:1,normal_baseline
102.9,2026-01-01 00:01:42.900000+00:00,,syn-normal-baseline-100,normal-control,normal,0.05,0.0,0.5,0,10.0,120.57883120360236,39.1960368761994,24.715862649079448,1190.0758197821656,38.07566692434918,2431.39677715019,100.0,100.0,True,,synthetic_normal_baseline,sim_user,normal_baseline,gpu:1,normal_baseline
103.0,2026-01-01 00:01:43+00:00,,syn-normal-baseline-100,normal-control,normal,0.05,0.0,0.5,0,10.0,120.17526021487744,34.689864773818094,19.007666091523237,1016.5861915808916,36.930282506381545,1651.5439481366404,100.0,100.0,True,,synthetic_normal_baseline,sim_user,normal_baseline,gpu:1,normal_baseline
103.1,2026-01-01 00:01:43.100000+00:00,,syn-normal-baseline-100,normal-control,normal,0.05,0.0,0.5,0,10.0,119.6322254304495,30.389306340353944,17.337613026527453,971.0620360751226,35.74643652575153,1617.2812032847894,100.0,100.0,True,,synthetic_normal_baseline,sim_user,normal_baseline,gpu:1,normal_baseline
103.2,2026-01-01 00:01:43.200000+00:00,,syn-normal-baseline-100,normal-control,normal,0.05,0.0,0.5,0,10.0,118.83053386164704,23.401687386752194,17.271964664844536,857.4980167428416,34.18075076330688,1700.3855895557374,100.0,100.0,True,,synthetic_normal_baseline,sim_user,normal_baseline,gpu:1,normal_baseline
103.3,2026-01-01 00:01:43.300000+00:00,,syn-normal-baseline-100,normal-control,normal,0.05,0.0,0.5,0,10.0,119.04167717429263,24.99264062357472,12.036439130741782,882.5431051261207,34.75897764269084,1055.8599612848632,100.0,100.0,True,,synthetic_normal_baseline,sim_user,normal_baseline,gpu:1,normal_baseline
103.4,2026-01-01 00:01:43.400000+00:00,,syn-normal-baseline-100,normal-control,normal,0.05,0.0,0.5,0,10.0,118.17054215475771,16.651373751752793,6.88357735901257,657.8074234790796,32.52354429019184,982.1581573764541,100.0,100.0,True,,synthetic_normal_baseline,sim_user,normal_baseline,gpu:1,normal_baseline
103.5,2026-01-01 00:01:43.500000+00:00,,syn-normal-baseline-100,normal-control,normal,0.05,0.0,0.5,0,10.0,117.70521867311905,15.674930736590468,8.849196965749952,578.6288101202332,32.43017637002698,1216.8549460195832,100.0,100.0,True,,synthetic_normal_baseline,sim_user,normal_baseline,gpu:1,normal_baseline
103.6,2026-01-01 00:01:43.600000+00:00,,syn-normal-baseline-100,normal-control,normal,0.05,0.0,0.5,0,10.0,116.47480419933324,1.5682659733714157,0.0,219.26734804419343,28.557825828975773,398.392256546767,100.0,100.0,True,,synthetic_normal_baseline,sim_user,normal_baseline,gpu:1,normal_baseline
103.7,2026-01-01 00:01:43.700000+00:00,,syn-normal-baseline-100,normal-control,normal,0.05,0.0,0.5,0,10.0,116.23439887331173,0.0,0.0,211.32584048430155,28.03196863491165,503.8966030859357,100.0,100.0,True,,synthetic_normal_baseline,sim_user,normal_baseline,gpu:1,normal_baseline
103.8,2026-01-01 00:01:43.800000+00:00,,syn-normal-baseline-100,normal-control,normal,0.05,0.0,0.5,0,10.0,116.80720432679087,5.549332769445764,4.5736245090575895,380.4395089192026,29.518402507309414,840.9554160553511,100.0,100.0,True,,synthetic_normal_baseline,sim_user,normal_baseline,gpu:1,normal_baseline
103.9,2026-01-01 00:01:43.900000+00:00,,syn-normal-baseline-100,normal-control,normal,0.05,0.0,0.5,0,10.0,116.54487135952051,1.8394162644647092,0.0,268.3752858231907,28.680830295923094,456.0856429441037,100.0,100.0,True,,synthetic_normal_baseline,sim_user,normal_baseline,gpu:1,normal_baseline
104.0,2026-01-01 00:01:44+00:00,,syn-normal-baseline-100,normal-control,normal,0.05,0.0,0.5,0,10.0,116.15534170188346,0.0,1.0520477125685612,210.0,28.18995006735747,565.1906073298204,100.0,100.0,True,,synthetic_normal_baseline,sim_user,normal_baseline,gpu:1,normal_baseline
104.1,2026-01-01 00:01:44.100000+00:00,,syn-normal-baseline-100,normal-control,normal,0.05,0.0,0.5,0,10.0,115.83986365683286,0.0,0.0,210.0,28.095897908970166,474.25727847745264,100.0,100.0,True,,synthetic_normal_baseline,sim_user,normal_baseline,gpu:1,normal_baseline
104.2,2026-01-01 00:01:44.200000+00:00,,syn-normal-baseline-100,normal-control,normal,0.05,0.0,0.5,0,10.0,116.80662784425303,3.1578113266293966,1.490358905682263,360.11742684231854,29.130805035912882,526.0679062928656,100.0,100.0,True,,synthetic_normal_baseline,sim_user,normal_baseline,gpu:1,normal_baseline
104.3,2026-01-01 00:01:44.300000+00:00,,syn-normal-baseline-100,normal-control,normal,0.05,0.0,0.5,0,10.0,117.69946604567046,11.20414876868646,0.0,411.1489037156024,31.417817991095518,568.893773649876,100.0,100.0,True,,synthetic_normal_baseline,sim_user,normal_baseline,gpu:1,normal_baseline
104.4,2026-01-01 00:01:44.400000+00:00,,syn-normal-baseline-100,normal-control,normal,0.05,0.0,0.5,0,10.0,118.0691326154602,15.113347219366972,1.714333505216878,538.4926591575978,32.574790410306285,509.9442317473371,100.0,100.0,True,,synthetic_normal_baseline,sim_user,normal_baseline,gpu:1,normal_baseline
104.5,2026-01-01 00:01:44.500000+00:00,,syn-normal-baseline-100,normal-control,normal,0.05,0.0,0.5,0,10.0,118.80628234982396,20.897762089527166,4.647514875189237,764.7574198614793,34.00088241308063,732.153280422206,100.0,100.0,True,,synthetic_normal_baseline,sim_user,normal_baseline,gpu:1,normal_baseline
104.6,2026-01-01 00:01:44.600000+00:00,,syn-normal-baseline-100,normal-control,normal,0.05,0.0,0.5,0,10.0,119.52136966498482,27.958760066462975,20.037138704274543,922.2013640259232,36.01368670903832,1851.7372093246026,100.0,100.0,True,,synthetic_normal_baseline,sim_user,normal_baseline,gpu:1,normal_baseline
104.7,2026-01-01 00:01:44.700000+00:00,,syn-normal-baseline-100,normal-control,normal,0.05,0.0,0.5,0,10.0,119.8852331709587,31.23338192747806,15.443264443417371,947.189144376589,36.826549522543246,1519.178144193557,100.0,100.0,True,,synthetic_normal_baseline,sim_user,normal_baseline,gpu:1,normal_baseline
104.8,2026-01-01 00:01:44.800000+00:00,,syn-normal-baseline-100,normal-control,normal,0.05,0.0,0.5,0,10.0,119.86707629509736,29.241789737514424,16.636107853672925,983.8454316578978,36.195377102567676,1690.1012920627463,100.0,100.0,True,,synthetic_normal_baseline,sim_user,normal_baseline,gpu:1,normal_baseline
104.9,2026-01-01 00:01:44.900000+00:00,,syn-normal-baseline-100,normal-control,normal,0.05,0.0,0.5,0,10.0,120.52755051433093,34.73759322017511,21.954125780398932,1039.437230083903,37.36615270432847,1898.55153429908,100.0,100.0,True,,synthetic_normal_baseline,sim_user,normal_baseline,gpu:1,normal_baseline
105.0,2026-01-01 00:01:45+00:00,,syn-normal-baseline-100,normal-control,normal,0.05,0.0,0.5,0,10.0,121.13157321113745,46.72434829256695,28.972090871871437,1376.2083955873318,41.00938107262355,2400.4658782515585,100.0,100.0,True,,synthetic_normal_baseline,sim_user,normal_baseline,gpu:1,normal_baseline
105.1,2026-01-01 00:01:45.100000+00:00,,syn-normal-baseline-100,normal-control,normal,0.05,0.0,0.5,0,10.0,120.8739944757136,40.81567896144266,19.793416856858705,1227.6870376783888,39.30910333930007,1900.5022976911962,100.0,100.0,True,,synthetic_normal_baseline,sim_user,normal_baseline,gpu:1,normal_baseline
105.2,2026-01-01 00:01:45.200000+00:00,,syn-normal-baseline-100,normal-control,normal,0.05,0.0,0.5,0,10.0,120.54180901292631,36.75729799645595,13.411853588261199,1137.2535665258931,37.853578688376196,1394.1229412265905,100.0,100.0,True,,synthetic_normal_baseline,sim_user,normal_baseline,gpu:1,normal_baseline
105.3,2026-01-01 00:01:45.300000+00:00,,syn-normal-baseline-100,normal-control,normal,0.05,0.0,0.5,0,10.0,121.10522577466632,43.435197591630846,20.733002569614555,1290.24443718651,39.792623163314595,2006.3199991359002,100.0,100.0,True,,synthetic_normal_baseline,sim_user,normal_baseline,gpu:1,normal_baseline
105.4,2026-01-01 00:01:45.400000+00:00,,syn-normal-baseline-100,normal-control,normal,0.05,0.0,0.5,0,10.0,121.10139476765981,42.78099082839807,22.358905387278504,1309.209738889138,39.81752830817046,2065.0785960227954,100.0,100.0,True,,synthetic_normal_baseline,sim_user,normal_baseline,gpu:1,normal_baseline
105.5,2026-01-01 00:01:45.500000+00:00,,syn-normal-baseline-100,normal-control,normal,0.05,0.0,0.5,0,10.0,119.74637604971765,30.985405493087036,14.980710996776097,975.8356875904747,36.50119511581022,1416.9113160055765,100.0,100.0,True,,synthetic_normal_baseline,sim_user,normal_baseline,gpu:1,normal_baseline
105.6,2026-01-01 00:01:45.600000+00:00,,syn-normal-baseline-100,normal-control,normal,0.05,0.0,0.5,0,10.0,120.39894334468171,35.59681879391195,18.714620293352574,1076.6238725767616,38.04872533713633,1607.546589970714,100.0,100.0,True,,synthetic_normal_baseline,sim_user,normal_baseline,gpu:1,normal_baseline
105.7,2026-01-01 00:01:45.700000+00:00,,syn-normal-baseline-100,normal-control,normal,0.05,0.0,0.5,0,10.0,120.79652537853194,39.21647451275246,13.39241611624,1164.3390839405376,39.12609236796652,1403.2576380133646,100.0,100.0,True,,synthetic_normal_baseline,sim_user,normal_baseline,gpu:1,normal_baseline
105.8,2026-01-01 00:01:45.800000+00:00,,syn-normal-baseline-100,normal-control,normal,0.05,0.0,0.5,0,10.0,119.80059572752823,30.297850144091527,13.570823693605476,904.6578326030767,37.055503841052435,1386.6708796493867,100.0,100.0,True,,synthetic_normal_baseline,sim_user,normal_baseline,gpu:1,normal_baseline
105.9,2026-01-01 00:01:45.900000+00:00,,syn-normal-baseline-100,normal-control,normal,0.05,0.0,0.5,0,10.0,121.06668998397835,45.393616332727156,19.78988072792773,1332.0206131525003,41.16865446220977,1993.9352569404718,100.0,100.0,True,,synthetic_normal_baseline,sim_user,normal_baseline,gpu:1,normal_baseline
106.0,2026-01-01 00:01:46+00:00,,syn-normal-baseline-100,normal-control,normal,0.05,0.0,0.5,0,10.0,120.59562034451021,37.42510504473158,24.45642735872305,1206.1488032876862,38.81481349928837,2189.5613265103816,100.0,100.0,True,,synthetic_normal_baseline,sim_user,normal_baseline,gpu:1,normal_baseline
106.1,2026-01-01 00:01:46.100000+00:00,,syn-normal-baseline-100,normal-control,normal,0.05,0.0,0.5,0,10.0,120.98454407055621,42.25506977729317,18.825276024877116,1262.7885704586251,40.30261595853483,1951.8016828523234,100.0,100.0,True,,synthetic_normal_baseline,sim_user,normal_baseline,gpu:1,normal_baseline
106.2,2026-01-01 00:01:46.200000+00:00,,syn-normal-baseline-100,normal-control,normal,0.05,0.0,0.5,0,10.0,120.25976868796857,36.152773625010646,11.998592010002465,1165.0322120775447,38.296809640251475,1400.7156935923833,100.0,100.0,True,,synthetic_normal_baseline,sim_user,normal_baseline,gpu:1,normal_baseline
106.3,2026-01-01 00:01:46.300000+00:00,,syn-normal-baseline-100,normal-control,normal,0.05,0.0,0.5,0,10.0,119.32376002400646,23.42827587915279,13.981170971501713,769.4663562104851,34.69651303009245,1412.2516318038838,100.0,100.0,True,,synthetic_normal_baseline,sim_user,normal_baseline,gpu:1,normal_baseline
106.4,2026-01-01 00:01:46.400000+00:00,,syn-normal-baseline-100,normal-control,normal,0.05,0.0,0.5,0,10.0,120.4334455185678,38.85190481009042,26.313844821484757,1194.0628902422065,38.88521730885873,2389.7062506311445,100.0,100.0,True,,synthetic_normal_baseline,sim_user,normal_baseline,gpu:1,normal_baseline
106.5,2026-01-01 00:01:46.500000+00:00,,syn-normal-baseline-100,normal-control,normal,0.05,0.0,0.5,0,10.0,119.38710151500725,28.087725160262206,18.671695625003338,923.8275842714204,35.537241922587,1824.992540665426,100.0,100.0,True,,synthetic_normal_baseline,sim_user,normal_baseline,gpu:1,normal_baseline
106.6,2026-01-01 00:01:46.600000+00:00,,syn-normal-baseline-100,normal-control,normal,0.05,0.0,0.5,0,10.0,119.88658556122482,28.403203130900124,18.51372921757192,825.5223340172952,35.60448585937023,2008.118669880021,100.0,100.0,True,,synthetic_normal_baseline,sim_user,normal_baseline,gpu:1,normal_baseline
106.7,2026-01-01 00:01:46.700000+00:00,,syn-normal-baseline-100,normal-control,normal,0.05,0.0,0.5,0,10.0,121.47251803213915,48.47466473309577,28.763814936383703,1382.1785515507208,41.087891690428826,2434.7728261292773,100.0,100.0,True,,synthetic_normal_baseline,sim_user,normal_baseline,gpu:1,normal_baseline
106.8,2026-01-01 00:01:46.800000+00:00,,syn-normal-baseline-100,normal-control,normal,0.05,0.0,0.5,0,10.0,121.212558546917,45.2348770555951,24.8309360498625,1293.6552523151383,40.09146172701782,2049.34322274519,100.0,100.0,True,,synthetic_normal_baseline,sim_user,normal_baseline,gpu:1,normal_baseline
106.9,2026-01-01 00:01:46.900000+00:00,,syn-normal-baseline-100,normal-control,normal,0.05,0.0,0.5,0,10.0,120.70512195340795,39.53359005939016,20.95482281625238,1211.6506750567146,38.741771095123575,1892.288039748128,100.0,100.0,True,,synthetic_normal_baseline,sim_user,normal_baseline,gpu:1,normal_baseline
107.0,2026-01-01 00:01:47+00:00,,syn-normal-baseline-100,normal-control,normal,0.05,0.0,0.5,0,10.0,120.41035348597762,35.14270460215442,14.784485863024805,1034.5641800748801,37.43780356304428,1612.509895651147,100.0,100.0,True,,synthetic_normal_baseline,sim_user,normal_baseline,gpu:1,normal_baseline
107.1,2026-01-01 00:01:47.100000+00:00,,syn-normal-baseline-100,normal-control,normal,0.05,0.0,0.5,0,10.0,120.6789912957001,36.95006205961542,21.31003938375783,1167.1384829092503,38.20317194132952,1751.0645353009456,100.0,100.0,True,,synthetic_normal_baseline,sim_user,normal_baseline,gpu:1,normal_baseline
107.2,2026-01-01 00:01:47.200000+00:00,,syn-normal-baseline-100,normal-control,normal,0.05,0.0,0.5,0,10.0,121.08386603904198,41.89424409214223,27.327107680556473,1257.5206199643767,39.40553917891661,2382.537915944497,100.0,100.0,True,,synthetic_normal_baseline,sim_user,normal_baseline,gpu:1,normal_baseline
107.3,2026-01-01 00:01:47.300000+00:00,,syn-normal-baseline-100,normal-control,normal,0.05,0.0,0.5,0,10.0,121.08180770048995,41.28878756393927,26.335708361209665,1211.1556437899194,39.41584314186482,2410.5952850168824,100.0,100.0,True,,synthetic_normal_baseline,sim_user,normal_baseline,gpu:1,normal_baseline
107.4,2026-01-01 00:01:47.400000+00:00,,syn-normal-baseline-100,normal-control,normal,0.05,0.0,0.5,0,10.0,121.60694753122712,48.67685303840586,21.549368372832152,1382.501927244033,41.52788505090934,2123.098556949497,100.0,100.0,True,,synthetic_normal_baseline,sim_user,normal_baseline,gpu:1,normal_baseline
107.5,2026-01-01 00:01:47.500000+00:00,,syn-normal-baseline-100,normal-control,normal,0.05,0.0,0.5,0,10.0,121.08896701241093,43.501481023843695,28.18529595594348,1374.4050837445252,39.99503533055484,2667.766980972123,100.0,100.0,True,,synthetic_normal_baseline,sim_user,normal_baseline,gpu:1,normal_baseline
107.6,2026-01-01 00:01:47.600000+00:00,,syn-normal-baseline-100,normal-control,normal,0.05,0.0,0.5,0,10.0,120.6638311265306,40.74007888919576,21.400627261874067,1254.8875261210317,39.30158709886386,1906.1383315524167,100.0,100.0,True,,synthetic_normal_baseline,sim_user,normal_baseline,gpu:1,normal_baseline
107.7,2026-01-01 00:01:47.700000+00:00,,syn-normal-baseline-100,normal-control,normal,0.05,0.0,0.5,0,10.0,121.54944132584029,46.60975917380834,27.246328418209664,1374.323903644857,40.86861092042337,2322.6780319937166,100.0,100.0,True,,synthetic_normal_baseline,sim_user,normal_baseline,gpu:1,normal_baseline
107.8,2026-01-01 00:01:47.800000+00:00,,syn-normal-baseline-100,normal-control,normal,0.05,0.0,0.5,0,10.0,121.49464990938985,45.43922507854346,27.792170781161836,1405.1163378723918,40.616158404078924,2529.7079526057723,100.0,100.0,True,,synthetic_normal_baseline,sim_user,normal_baseline,gpu:1,normal_baseline
107.9,2026-01-01 00:01:47.900000+00:00,,syn-normal-baseline-100,normal-control,normal,0.05,0.0,0.5,0,10.0,121.81638999661325,48.040532022788256,22.51558566309543,1402.2726187462054,41.49476719458036,2132.7812772110633,100.0,100.0,True,,synthetic_normal_baseline,sim_user,normal_baseline,gpu:1,normal_baseline
108.0,2026-01-01 00:01:48+00:00,,syn-normal-baseline-100,normal-control,normal,0.05,0.0,0.5,0,10.0,121.8356059209497,48.11157206678764,25.338549210046246,1435.978394239068,41.502332531276295,2148.4054442233128,100.0,100.0,True,,synthetic_normal_baseline,sim_user,normal_baseline,gpu:1,normal_baseline
108.1,2026-01-01 00:01:48.100000+00:00,,syn-normal-baseline-100,normal-control,normal,0.05,0.0,0.5,0,10.0,122.68536104790184,55.660926152680936,32.865622851578074,1591.3139078098093,43.738391250252086,2814.347246987921,100.0,100.0,True,,synthetic_normal_baseline,sim_user,normal_baseline,gpu:1,normal_baseline
108.2,2026-01-01 00:01:48.200000+00:00,,syn-normal-baseline-100,normal-control,normal,0.05,0.0,0.5,0,10.0,123.36373634728405,62.48879341858004,30.075367245601768,1796.67813042334,45.719707063004975,2608.0703669825407,100.0,100.0,True,,synthetic_normal_baseline,sim_user,normal_baseline,gpu:1,normal_baseline
108.3,2026-01-01 00:01:48.300000+00:00,,syn-normal-baseline-100,normal-control,normal,0.05,0.0,0.5,0,10.0,123.20470441674146,60.863620697380654,31.05784034411303,1751.1950798806274,45.23361697152183,2696.301061219513,100.0,100.0,True,,synthetic_normal_baseline,sim_user,normal_baseline,gpu:1,normal_baseline
108.4,2026-01-01 00:01:48.400000+00:00,,syn-normal-baseline-100,normal-control,normal,0.05,0.0,0.5,0,10.0,123.75412906954735,65.14646705757583,36.814232300429765,1882.0337368772482,46.25197249892539,2964.251054664887,100.0,100.0,True,,synthetic_normal_baseline,sim_user,normal_baseline,gpu:1,normal_baseline
108.5,2026-01-01 00:01:48.500000+00:00,,syn-normal-baseline-100,normal-control,normal,0.05,0.0,0.5,0,10.0,124.18195968467755,73.65281508718866,32.42616845317545,2093.0069870871725,48.389512988820286,2624.3551944535952,100.0,100.0,True,,synthetic_normal_baseline,sim_user,normal_baseline,gpu:1,normal_baseline
108.6,2026-01-01 00:01:48.600000+00:00,,syn-normal-baseline-100,normal-control,normal,0.05,0.0,0.5,0,10.0,121.72798941475723,47.980898489142724,19.60010181568772,1413.6788509616126,41.4060637928212,1862.6705937989109,100.0,100.0,True,,synthetic_normal_baseline,sim_user,normal_baseline,gpu:1,normal_baseline
108.7,2026-01-01 00:01:48.700000+00:00,,syn-normal-baseline-100,normal-control,normal,0.05,0.0,0.5,0,10.0,120.81918182031815,40.59541977419706,19.740276451994824,1211.7831266086275,38.858457625873505,1774.363552171439,100.0,100.0,True,,synthetic_normal_baseline,sim_user,normal_baseline,gpu:1,normal_baseline
108.8,2026-01-01 00:01:48.800000+00:00,,syn-normal-baseline-100,normal-control,normal,0.05,0.0,0.5,0,10.0,119.96272235243815,32.15663805589168,11.630844558369017,1021.258342304057,36.35396577074319,1285.1099301479494,100.0,100.0,True,,synthetic_normal_baseline,sim_user,normal_baseline,gpu:1,normal_baseline
108.9,2026-01-01 00:01:48.900000+00:00,,syn-normal-baseline-100,normal-control,normal,0.05,0.0,0.5,0,10.0,120.1787870469799,36.41219513150378,16.701628912972232,1148.695147625574,37.612383817472136,1511.1019501725143,100.0,100.0,True,,synthetic_normal_baseline,sim_user,normal_baseline,gpu:1,normal_baseline
109.0,2026-01-01 00:01:49+00:00,,syn-normal-baseline-100,normal-control,normal,0.05,0.0,0.5,0,10.0,119.01348268417426,26.117898122770445,19.085034330532004,886.9402601942213,34.68506299137507,1844.283355025304,100.0,100.0,True,,synthetic_normal_baseline,sim_user,normal_baseline,gpu:1,normal_baseline
109.1,2026-01-01 00:01:49.100000+00:00,,syn-normal-baseline-100,normal-control,normal,0.05,0.0,0.5,0,10.0,117.37779750720183,10.532623602245273,6.966360686853355,448.8320296586939,30.01609265943392,848.8362124335292,100.0,100.0,True,,synthetic_normal_baseline,sim_user,normal_baseline,gpu:1,normal_baseline
109.2,2026-01-01 00:01:49.200000+00:00,,syn-normal-baseline-100,normal-control,normal,0.05,0.0,0.5,0,10.0,116.89225915590438,8.224865412599407,7.748197081532644,424.3212226602686,29.696751291964723,1026.0429139555208,100.0,100.0,True,,synthetic_normal_baseline,sim_user,normal_baseline,gpu:1,normal_baseline
109.3,2026-01-01 00:01:49.300000+00:00,,syn-normal-baseline-100,normal-control,normal,0.05,0.0,0.5,0,10.0,116.16669739532908,1.1780465046893636,0.0,241.18843970347822,28.159047815298052,487.146492411983,100.0,100.0,True,,synthetic_normal_baseline,sim_user,normal_baseline,gpu:1,normal_baseline
109.4,2026-01-01 00:01:49.400000+00:00,,syn-normal-baseline-100,normal-control,normal,0.05,0.0,0.5,0,10.0,115.67588956110129,0.0,2.8285749119854597,262.8675692409165,28.06363108274513,572.8507355732042,100.0,100.0,True,,synthetic_normal_baseline,sim_user,normal_baseline,gpu:1,normal_baseline
109.5,2026-01-01 00:01:49.500000+00:00,,syn-normal-baseline-100,normal-control,normal,0.05,0.0,0.5,0,10.0,116.60138601428562,1.165686461769646,0.0,305.8529373358563,28.265006592244042,255.60176934717984,100.0,100.0,True,,synthetic_normal_baseline,sim_user,normal_baseline,gpu:1,normal_baseline
109.6,2026-01-01 00:01:49.600000+00:00,,syn-normal-baseline-100,normal-control,normal,0.05,0.0,0.5,0,10.0,117.30260743303381,7.783501639911745,8.885497248783036,377.4163157595317,30.562577059271703,1098.268329851255,100.0,100.0,True,,synthetic_normal_baseline,sim_user,normal_baseline,gpu:1,normal_baseline
109.7,2026-01-01 00:01:49.700000+00:00,,syn-normal-baseline-100,normal-control,normal,0.05,0.0,0.5,0,10.0,118.0351143242057,16.227403096717858,6.414887105261146,596.72292329022,33.173784658160635,915.933510505325,100.0,100.0,True,,synthetic_normal_baseline,sim_user,normal_baseline,gpu:1,normal_baseline
109.8,2026-01-01 00:01:49.800000+00:00,,syn-normal-baseline-100,normal-control,normal,0.05,0.0,0.5,0,10.0,117.80132618819296,12.470118657519114,7.841950628903113,567.43572602456,32.05016457088124,1067.6742153558557,100.0,100.0,True,,synthetic_normal_baseline,sim_user,normal_baseline,gpu:1,normal_baseline
109.9,2026-01-01 00:01:49.900000+00:00,,syn-normal-baseline-100,normal-control,normal,0.05,0.0,0.5,0,10.0,117.7546821915703,10.385158355459017,7.340035652685126,474.3504412270576,31.766555170219387,1078.2614862850232,100.0,100.0,True,,synthetic_normal_baseline,sim_user,normal_baseline,gpu:1,normal_baseline
110.0,2026-01-01 00:01:50+00:00,,syn-normal-baseline-100,normal-control,normal,0.05,0.0,0.5,0,10.0,117.90915738851673,13.645703527661073,14.592886461649549,564.6934050943776,32.967549961889304,1389.111108687407,100.0,100.0,True,,synthetic_normal_baseline,sim_user,normal_baseline,gpu:1,normal_baseline
110.1,2026-01-01 00:01:50.100000+00:00,,syn-normal-baseline-100,normal-control,normal,0.05,0.0,0.5,0,10.0,118.25998899420811,17.810656740285577,11.622413669119945,675.6794365991663,33.90529163909604,1318.4750598861417,100.0,100.0,True,,synthetic_normal_baseline,sim_user,normal_baseline,gpu:1,normal_baseline
110.2,2026-01-01 00:01:50.200000+00:00,,syn-normal-baseline-100,normal-control,normal,0.05,0.0,0.5,0,10.0,118.62072017804103,20.810218933328688,7.791440935289085,682.2327320955488,34.40773941883257,828.9599203672867,100.0,100.0,True,,synthetic_normal_baseline,sim_user,normal_baseline,gpu:1,normal_baseline
110.3,2026-01-01 00:01:50.300000+00:00,,syn-normal-baseline-100,normal-control,normal,0.05,0.0,0.5,0,10.0,118.25734290546005,18.115689335710236,10.716290971745815,621.1948183394651,33.697703176129764,1109.8201166072834,100.0,100.0,True,,synthetic_normal_baseline,sim_user,normal_baseline,gpu:1,normal_baseline
110.4,2026-01-01 00:01:50.400000+00:00,,syn-normal-baseline-100,normal-control,normal,0.05,0.0,0.5,0,10.0,117.78402555689594,13.440050784462949,14.824076589959684,587.0362326959986,32.54056364432884,1349.2760734631956,100.0,100.0,True,,synthetic_normal_baseline,sim_user,normal_baseline,gpu:1,normal_baseline
110.5,2026-01-01 00:01:50.500000+00:00,,syn-normal-baseline-100,normal-control,normal,0.05,0.0,0.5,0,10.0,118.41722870190884,19.5667652257526,7.700377797038726,713.5272003531459,33.90485240436711,986.0267468280964,100.0,100.0,True,,synthetic_normal_baseline,sim_user,normal_baseline,gpu:1,normal_baseline
110.6,2026-01-01 00:01:50.600000+00:00,,syn-normal-baseline-100,normal-control,normal,0.05,0.0,0.5,0,10.0,119.42162831207887,27.45005898438895,8.809445778995363,938.4741525996825,36.076095385941045,1047.1819946821413,100.0,100.0,True,,synthetic_normal_baseline,sim_user,normal_baseline,gpu:1,normal_baseline
110.7,2026-01-01 00:01:50.700000+00:00,,syn-normal-baseline-100,normal-control,normal,0.05,0.0,0.5,0,10.0,120.50035901153423,35.541868948386025,16.90448901710591,1099.0755239386945,38.23032044718401,1525.6397797265577,100.0,100.0,True,,synthetic_normal_baseline,sim_user,normal_baseline,gpu:1,normal_baseline
110.8,2026-01-01 00:01:50.800000+00:00,,syn-normal-baseline-100,normal-control,normal,0.05,0.0,0.5,0,10.0,120.65731821761125,35.8112537702505,22.944211240492155,1133.324292950436,37.989178791147786,2056.8413751297167,100.0,100.0,True,,synthetic_normal_baseline,sim_user,normal_baseline,gpu:1,normal_baseline
110.9,2026-01-01 00:01:50.900000+00:00,,syn-normal-baseline-100,normal-control,normal,0.05,0.0,0.5,0,10.0,121.05734308183483,41.77259530727089,16.023406613114638,1275.4572397952772,39.68143442731219,1515.180034025982,100.0,100.0,True,,synthetic_normal_baseline,sim_user,normal_baseline,gpu:1,normal_baseline
111.0,2026-01-01 00:01:51+00:00,,syn-normal-baseline-100,normal-control,normal,0.05,0.0,0.5,0,10.0,120.91356233898625,41.7135810568763,18.482360863085226,1247.3025954306765,39.8072196130577,1679.9302178097466,100.0,100.0,True,,synthetic_normal_baseline,sim_user,normal_baseline,gpu:1,normal_baseline
111.1,2026-01-01 00:01:51.100000+00:00,,syn-normal-baseline-100,normal-control,normal,0.05,0.0,0.5,0,10.0,120.67238612929903,37.36441429640457,29.486496334906917,1190.6040488911394,38.66907074047032,2498.7835077271693,100.0,100.0,True,,synthetic_normal_baseline,sim_user,normal_baseline,gpu:1,normal_baseline
111.2,2026-01-01 00:01:51.200000+00:00,,syn-normal-baseline-100,normal-control,normal,0.05,0.0,0.5,0,10.0,121.29096763309988,42.78490994772044,22.11809273438941,1278.8516918306325,40.05465521217012,1997.8384844733419,100.0,100.0,True,,synthetic_normal_baseline,sim_user,normal_baseline,gpu:1,normal_baseline
111.3,2026-01-01 00:01:51.300000+00:00,,syn-normal-baseline-100,normal-control,normal,0.05,0.0,0.5,0,10.0,120.4508136529674,38.27403784571621,19.88538809260533,1207.3727775298553,38.65110670198215,1909.076575590222,100.0,100.0,True,,synthetic_normal_baseline,sim_user,normal_baseline,gpu:1,normal_baseline
111.4,2026-01-01 00:01:51.400000+00:00,,syn-normal-baseline-100,normal-control,normal,0.05,0.0,0.5,0,10.0,120.75135779620544,42.65347426721345,24.116924540187426,1227.0986028272944,39.90360840083068,2074.3700497497093,100.0,100.0,True,,synthetic_normal_baseline,sim_user,normal_baseline,gpu:1,normal_baseline
111.5,2026-01-01 00:01:51.500000+00:00,,syn-normal-baseline-100,normal-control,normal,0.05,0.0,0.5,0,10.0,120.18961008196165,37.29089430374694,20.98437387182573,1153.1151840782438,38.207369740453416,1974.6571770630992,100.0,100.0,True,,synthetic_normal_baseline,sim_user,normal_baseline,gpu:1,normal_baseline
111.6,2026-01-01 00:01:51.600000+00:00,,syn-normal-baseline-100,normal-control,normal,0.05,0.0,0.5,0,10.0,118.94253355466316,22.615447637525854,9.496956982394508,866.6002335198942,34.26355153449914,966.1441616475655,100.0,100.0,True,,synthetic_normal_baseline,sim_user,normal_baseline,gpu:1,normal_baseline
111.7,2026-01-01 00:01:51.700000+00:00,,syn-normal-baseline-100,normal-control,normal,0.05,0.0,0.5,0,10.0,119.65249943821962,28.369886860153255,14.192383315526202,964.0636951150472,36.15644681660157,1265.6601751113183,100.0,100.0,True,,synthetic_normal_baseline,sim_user,normal_baseline,gpu:1,normal_baseline
111.8,2026-01-01 00:01:51.800000+00:00,,syn-normal-baseline-100,normal-control,normal,0.05,0.0,0.5,0,10.0,119.70506896593365,29.71169568197501,9.424385876853375,900.7291480956837,36.49871388384782,1127.565955675971,100.0,100.0,True,,synthetic_normal_baseline,sim_user,normal_baseline,gpu:1,normal_baseline
111.9,2026-01-01 00:01:51.900000+00:00,,syn-normal-baseline-100,normal-control,normal,0.05,0.0,0.5,0,10.0,119.84747406525192,31.821693273699335,19.202574108953257,961.1913793656519,37.02482996491477,1555.8426960154095,100.0,100.0,True,,synthetic_normal_baseline,sim_user,normal_baseline,gpu:1,normal_baseline
112.0,2026-01-01 00:01:52+00:00,,syn-normal-baseline-100,normal-control,normal,0.05,0.0,0.5,0,10.0,120.69995272245693,39.457231508965044,22.14951297040409,1194.2581944664635,39.16073121205558,2210.0594461340206,100.0,100.0,True,,synthetic_normal_baseline,sim_user,normal_baseline,gpu:1,normal_baseline
112.1,2026-01-01 00:01:52.100000+00:00,,syn-normal-baseline-100,normal-control,normal,0.05,0.0,0.5,0,10.0,119.62674952642078,25.952172289882757,22.487756659778267,875.0857804248886,35.4455854428176,1997.8130569415753,100.0,100.0,True,,synthetic_normal_baseline,sim_user,normal_baseline,gpu:1,normal_baseline
112.2,2026-01-01 00:01:52.200000+00:00,,syn-normal-baseline-100,normal-control,normal,0.05,0.0,0.5,0,10.0,120.48729080036425,39.48937374304323,18.62401301449103,1174.3228712307473,39.31437546176268,1670.7033761865139,100.0,100.0,True,,synthetic_normal_baseline,sim_user,normal_baseline,gpu:1,normal_baseline
112.3,2026-01-01 00:01:52.300000+00:00,,syn-normal-baseline-100,normal-control,normal,0.05,0.0,0.5,0,10.0,119.33644754973068,28.800003004799105,13.538334541575237,897.7881039002202,36.36607172168806,1377.5366197852695,100.0,100.0,True,,synthetic_normal_baseline,sim_user,normal_baseline,gpu:1,normal_baseline
112.4,2026-01-01 00:01:52.400000+00:00,,syn-normal-baseline-100,normal-control,normal,0.05,0.0,0.5,0,10.0,118.55440321489674,19.486885665093272,7.6737782366878395,642.2439689128657,33.79514816056811,1130.1253835630619,100.0,100.0,True,,synthetic_normal_baseline,sim_user,normal_baseline,gpu:1,normal_baseline
112.5,2026-01-01 00:01:52.500000+00:00,,syn-normal-baseline-100,normal-control,normal,0.05,0.0,0.5,0,10.0,119.03918546129121,25.576551685196506,12.512718661744854,818.7069277935973,35.19462012586631,1262.1184682915296,100.0,100.0,True,,synthetic_normal_baseline,sim_user,normal_baseline,gpu:1,normal_baseline
112.6,2026-01-01 00:01:52.600000+00:00,,syn-normal-baseline-100,normal-control,normal,0.05,0.0,0.5,0,10.0,118.62494653512496,19.690640476681285,13.102337978231771,631.948029957884,33.438765155586935,1428.1145091700582,100.0,100.0,True,,synthetic_normal_baseline,sim_user,normal_baseline,gpu:1,normal_baseline
112.7,2026-01-01 00:01:52.700000+00:00,,syn-normal-baseline-100,normal-control,normal,0.05,0.0,0.5,0,10.0,120.24621482963613,34.792765407771164,22.988887961004234,1060.5460187678627,37.48822445664488,2343.881092676873,100.0,100.0,True,,synthetic_normal_baseline,sim_user,normal_baseline,gpu:1,normal_baseline
112.8,2026-01-01 00:01:52.800000+00:00,,syn-normal-baseline-100,normal-control,normal,0.05,0.0,0.5,0,10.0,119.69814549215911,33.09490351671623,16.339078608830334,1072.1508601678174,37.053020835824384,1556.4926687135337,100.0,100.0,True,,synthetic_normal_baseline,sim_user,normal_baseline,gpu:1,normal_baseline
112.9,2026-01-01 00:01:52.900000+00:00,,syn-normal-baseline-100,normal-control,normal,0.05,0.0,0.5,0,10.0,119.24382943726307,23.714961668189463,12.266902310187026,817.3329123659571,34.65842706135607,1201.3818383582445,100.0,100.0,True,,synthetic_normal_baseline,sim_user,normal_baseline,gpu:1,normal_baseline
113.0,2026-01-01 00:01:53+00:00,,syn-normal-baseline-100,normal-control,normal,0.05,0.0,0.5,0,10.0,119.86232182904132,30.559717914249834,13.782171904803901,959.0528473990181,36.34459937911988,1416.20142522403,100.0,100.0,True,,synthetic_normal_baseline,sim_user,normal_baseline,gpu:1,normal_baseline
113.1,2026-01-01 00:01:53.100000+00:00,,syn-normal-baseline-100,normal-control,normal,0.05,0.0,0.5,0,10.0,120.47939557045892,35.96894501395667,23.299841353428796,1190.8932734330324,37.93616648723651,2164.1646184845767,100.0,100.0,True,,synthetic_normal_baseline,sim_user,normal_baseline,gpu:1,normal_baseline
113.2,2026-01-01 00:01:53.200000+00:00,,syn-normal-baseline-100,normal-control,normal,0.05,0.0,0.5,0,10.0,120.70948511150604,38.261993031565396,16.52657314383144,1162.9495807592386,38.70749327583319,1632.1274649158527,100.0,100.0,True,,synthetic_normal_baseline,sim_user,normal_baseline,gpu:1,normal_baseline
113.3,2026-01-01 00:01:53.300000+00:00,,syn-normal-baseline-100,normal-control,normal,0.05,0.0,0.5,0,10.0,120.72089803423444,39.5730878505809,18.31246235648043,1181.438589371069,39.162792205678834,1803.9592420389852,100.0,100.0,True,,synthetic_normal_baseline,sim_user,normal_baseline,gpu:1,normal_baseline
113.4,2026-01-01 00:01:53.400000+00:00,,syn-normal-baseline-100,normal-control,normal,0.05,0.0,0.5,0,10.0,120.14088363572807,33.80843920685476,17.899397195640297,1062.8821259447373,37.54415769257597,1570.1258940649027,100.0,100.0,True,,synthetic_normal_baseline,sim_user,normal_baseline,gpu:1,normal_baseline
113.5,2026-01-01 00:01:53.500000+00:00,,syn-normal-baseline-100,normal-control,normal,0.05,0.0,0.5,0,10.0,120.02982207020588,36.636374961910704,20.181778282374797,1179.8411187268596,38.185849816754384,2010.0800454163866,100.0,100.0,True,,synthetic_normal_baseline,sim_user,normal_baseline,gpu:1,normal_baseline
113.6,2026-01-01 00:01:53.600000+00:00,,syn-normal-baseline-100,normal-control,normal,0.05,0.0,0.5,0,10.0,118.15512488041986,15.165183832080192,2.7583307712202094,566.2820181801548,32.29189209197476,515.2334688259758,100.0,100.0,True,,synthetic_normal_baseline,sim_user,normal_baseline,gpu:1,normal_baseline
113.7,2026-01-01 00:01:53.700000+00:00,,syn-normal-baseline-100,normal-control,normal,0.05,0.0,0.5,0,10.0,118.34342561939619,20.081364446266964,8.435328486596543,804.7282963033564,33.6082519062618,841.7417458192647,100.0,100.0,True,,synthetic_normal_baseline,sim_user,normal_baseline,gpu:1,normal_baseline
113.8,2026-01-01 00:01:53.800000+00:00,,syn-normal-baseline-100,normal-control,normal,0.05,0.0,0.5,0,10.0,116.34145042864935,0.609979369446172,0.0,210.0,28.123942893599693,395.4541063831942,100.0,100.0,True,,synthetic_normal_baseline,sim_user,normal_baseline,gpu:1,normal_baseline
113.9,2026-01-01 00:01:53.900000+00:00,,syn-normal-baseline-100,normal-control,normal,0.05,0.0,0.5,0,10.0,116.38417440926192,2.498871328399771,3.202453933124085,261.4076664553464,28.797334995168704,862.4385081644625,100.0,100.0,True,,synthetic_normal_baseline,sim_user,normal_baseline,gpu:1,normal_baseline
114.0,2026-01-01 00:01:54+00:00,,syn-normal-baseline-100,normal-control,normal,0.05,0.0,0.5,0,10.0,115.53186437707694,0.0,0.0,254.0982074010092,27.96142516246317,337.87970328496976,100.0,100.0,True,,synthetic_normal_baseline,sim_user,normal_baseline,gpu:1,normal_baseline
114.1,2026-01-01 00:01:54.100000+00:00,,syn-normal-baseline-100,normal-control,normal,0.05,0.0,0.5,0,10.0,115.42501492834742,0.0,0.0,210.0,27.893851354121544,476.7111482504887,100.0,100.0,True,,synthetic_normal_baseline,sim_user,normal_baseline,gpu:1,normal_baseline
114.2,2026-01-01 00:01:54.200000+00:00,,syn-normal-baseline-100,normal-control,normal,0.05,0.0,0.5,0,10.0,115.06494930700153,0.0,7.157090594502207,260.8693679974913,28.11866845900172,960.536191955019,100.0,100.0,True,,synthetic_normal_baseline,sim_user,normal_baseline,gpu:1,normal_baseline
114.3,2026-01-01 00:01:54.300000+00:00,,syn-normal-baseline-100,normal-control,normal,0.05,0.0,0.5,0,10.0,116.15153046094586,0.0,3.4828594025564135,237.13179265827722,28.445304968909625,491.116927561441,100.0,100.0,True,,synthetic_normal_baseline,sim_user,normal_baseline,gpu:1,normal_baseline
114.4,2026-01-01 00:01:54.400000+00:00,,syn-normal-baseline-100,normal-control,normal,0.05,0.0,0.5,0,10.0,116.20948999117927,0.0,7.926553768616855,210.0,28.830068197141724,935.2860782104156,100.0,100.0,True,,synthetic_normal_baseline,sim_user,normal_baseline,gpu:1,normal_baseline
114.5,2026-01-01 00:01:54.500000+00:00,,syn-normal-baseline-100,normal-control,normal,0.05,0.0,0.5,0,10.0,116.80215984167921,4.094586715839622,8.78712732464125,316.06501696965785,30.037669024559804,1028.49601834506,100.0,100.0,True,,synthetic_normal_baseline,sim_user,normal_baseline,gpu:1,normal_baseline
114.6,2026-01-01 00:01:54.600000+00:00,,syn-normal-baseline-100,normal-control,normal,0.05,0.0,0.5,0,10.0,118.02864684532305,11.368341416997481,8.542743141778933,508.77684499808385,32.26451103093072,1064.7869473477251,100.0,100.0,True,,synthetic_normal_baseline,sim_user,normal_baseline,gpu:1,normal_baseline
114.7,2026-01-01 00:01:54.700000+00:00,,syn-normal-baseline-100,normal-control,normal,0.05,0.0,0.5,0,10.0,118.8544313498647,22.349787233735857,15.868336470229561,804.3704183879796,35.0717988051116,1576.092591851861,100.0,100.0,True,,synthetic_normal_baseline,sim_user,normal_baseline,gpu:1,normal_baseline
114.8,2026-01-01 00:01:54.800000+00:00,,syn-normal-baseline-100,normal-control,normal,0.05,0.0,0.5,0,10.0,119.1655606719194,23.861863090699156,5.736367234000936,893.9452742319436,35.214232853392346,920.3631837129421,100.0,100.0,True,,synthetic_normal_baseline,sim_user,normal_baseline,gpu:1,normal_baseline
114.9,2026-01-01 00:01:54.900000+00:00,,syn-normal-baseline-100,normal-control,normal,0.05,0.0,0.5,0,10.0,118.8821613547516,22.602451035826565,7.170657265863747,803.4321383255281,35.04810225269798,915.2522713254953,100.0,100.0,True,,synthetic_normal_baseline,sim_user,normal_baseline,gpu:1,normal_baseline
115.0,2026-01-01 00:01:55+00:00,,syn-normal-baseline-100,normal-control,normal,0.05,0.0,0.5,0,10.0,118.52943600584156,18.467612626998356,8.525667978159742,658.9235888911107,33.534525423894536,1263.1079405472365,100.0,100.0,True,,synthetic_normal_baseline,sim_user,normal_baseline,gpu:1,normal_baseline
115.1,2026-01-01 00:01:55.100000+00:00,,syn-normal-baseline-100,normal-control,normal,0.05,0.0,0.5,0,10.0,118.59613712070633,22.8198442605531,15.672137168764294,813.7252649622252,34.52815068102036,1711.9644331174363,100.0,100.0,True,,synthetic_normal_baseline,sim_user,normal_baseline,gpu:1,normal_baseline
115.2,2026-01-01 00:01:55.200000+00:00,,syn-normal-baseline-100,normal-control,normal,0.05,0.0,0.5,0,10.0,119.08787475140423,24.593256695803333,13.677890309000654,865.9075501514772,34.968540937586205,1492.9919151475924,100.0,100.0,True,,synthetic_normal_baseline,sim_user,normal_baseline,gpu:1,normal_baseline
115.3,2026-01-01 00:01:55.300000+00:00,,syn-normal-baseline-100,normal-control,normal,0.05,0.0,0.5,0,10.0,118.759305759733,21.86385267398563,9.16508683723185,729.1814952492895,34.142474090197474,1100.3383251668147,100.0,100.0,True,,synthetic_normal_baseline,sim_user,normal_baseline,gpu:1,normal_baseline
115.4,2026-01-01 00:01:55.400000+00:00,,syn-normal-baseline-100,normal-control,normal,0.05,0.0,0.5,0,10.0,119.36040105046538,29.77492212233224,11.127080876390078,991.7654739239601,36.13449028378204,1213.7458500719172,100.0,100.0,True,,synthetic_normal_baseline,sim_user,normal_baseline,gpu:1,normal_baseline
115.5,2026-01-01 00:01:55.500000+00:00,,syn-normal-baseline-100,normal-control,normal,0.05,0.0,0.5,0,10.0,118.92164537309476,21.52548226945908,16.784434755445048,750.7620694452592,33.515538245983,1603.6871795513948,100.0,100.0,True,,synthetic_normal_baseline,sim_user,normal_baseline,gpu:1,normal_baseline
115.6,2026-01-01 00:01:55.600000+00:00,,syn-normal-baseline-100,normal-control,normal,0.05,0.0,0.5,0,10.0,120.56834363088478,38.02282081667269,16.114958461832234,1150.2124070294003,38.30533418210065,1534.7425990951133,100.0,100.0,True,,synthetic_normal_baseline,sim_user,normal_baseline,gpu:1,normal_baseline
115.7,2026-01-01 00:01:55.700000+00:00,,syn-normal-baseline-100,normal-control,normal,0.05,0.0,0.5,0,10.0,120.34165996183347,33.12611903245686,18.469490653245057,1066.3942915238702,37.33175403419526,1705.5123140590106,100.0,100.0,True,,synthetic_normal_baseline,sim_user,normal_baseline,gpu:1,normal_baseline
115.8,2026-01-01 00:01:55.800000+00:00,,syn-normal-baseline-100,normal-control,normal,0.05,0.0,0.5,0,10.0,120.3851704901573,34.47015355358537,18.872017136312042,1002.8467501223641,37.38843514286618,1883.0423943307405,100.0,100.0,True,,synthetic_normal_baseline,sim_user,normal_baseline,gpu:1,normal_baseline
115.9,2026-01-01 00:01:55.900000+00:00,,syn-normal-baseline-100,normal-control,normal,0.05,0.0,0.5,0,10.0,120.20032487248191,33.03736022469969,16.51947318387495,975.2886778903938,37.43430124024859,1430.751932535996,100.0,100.0,True,,synthetic_normal_baseline,sim_user,normal_baseline,gpu:1,normal_baseline
116.0,2026-01-01 00:01:56+00:00,,syn-normal-baseline-100,normal-control,normal,0.05,0.0,0.5,0,10.0,121.70810226225753,51.0579573699871,28.253983882946095,1507.124980827675,42.30701330129061,2443.013164905119,100.0,100.0,True,,synthetic_normal_baseline,sim_user,normal_baseline,gpu:1,normal_baseline
116.1,2026-01-01 00:01:56.100000+00:00,,syn-normal-baseline-100,normal-control,normal,0.05,0.0,0.5,0,10.0,120.99088815583302,39.97346499887722,22.492805241017155,1234.664175655205,39.147829973532566,1890.9455646375168,100.0,100.0,True,,synthetic_normal_baseline,sim_user,normal_baseline,gpu:1,normal_baseline
116.2,2026-01-01 00:01:56.200000+00:00,,syn-normal-baseline-100,normal-control,normal,0.05,0.0,0.5,0,10.0,122.48392594145805,55.69887210901828,36.54673938660094,1566.5845493052448,43.328968203625585,3113.627213907422,100.0,100.0,True,,synthetic_normal_baseline,sim_user,normal_baseline,gpu:1,normal_baseline
116.3,2026-01-01 00:01:56.300000+00:00,,syn-normal-baseline-100,normal-control,normal,0.05,0.0,0.5,0,10.0,123.0762965028813,60.415355980997326,29.14650498828265,1680.0804891998125,44.772596868339015,2624.2408267328756,100.0,100.0,True,,synthetic_normal_baseline,sim_user,normal_baseline,gpu:1,normal_baseline
116.4,2026-01-01 00:01:56.400000+00:00,,syn-normal-baseline-100,normal-control,normal,0.05,0.0,0.5,0,10.0,122.97945451376161,61.36273565256404,32.18657968284406,1782.7109095405,45.18790037372045,2594.36890170808,100.0,100.0,True,,synthetic_normal_baseline,sim_user,normal_baseline,gpu:1,normal_baseline
116.5,2026-01-01 00:01:56.500000+00:00,,syn-normal-baseline-100,normal-control,normal,0.05,0.0,0.5,0,10.0,122.04663510292596,50.056076469072885,23.045006964906214,1430.2534250629822,41.94238210284048,1971.7935762095462,100.0,100.0,True,,synthetic_normal_baseline,sim_user,normal_baseline,gpu:1,normal_baseline
116.6,2026-01-01 00:01:56.600000+00:00,,syn-normal-baseline-100,normal-control,normal,0.05,0.0,0.5,0,10.0,122.61083883022906,52.771588885630344,34.02801089354825,1565.617826930241,42.66625640766137,2770.552422687834,100.0,100.0,True,,synthetic_normal_baseline,sim_user,normal_baseline,gpu:1,normal_baseline
116.7,2026-01-01 00:01:56.700000+00:00,,syn-normal-baseline-100,normal-control,normal,0.05,0.0,0.5,0,10.0,122.64517703778168,53.35167301012896,31.98452967671274,1539.6076698554687,42.907075086373396,2855.5119410489206,100.0,100.0,True,,synthetic_normal_baseline,sim_user,normal_baseline,gpu:1,normal_baseline
116.8,2026-01-01 00:01:56.800000+00:00,,syn-normal-baseline-100,normal-control,normal,0.05,0.0,0.5,0,10.0,123.22280789821868,63.55404641536268,35.692700021337636,1803.9792392192203,45.67212368394,2863.5645390154773,100.0,100.0,True,,synthetic_normal_baseline,sim_user,normal_baseline,gpu:1,normal_baseline
116.9,2026-01-01 00:01:56.900000+00:00,,syn-normal-baseline-100,normal-control,normal,0.05,0.0,0.5,0,10.0,122.25337287677925,53.59564233560041,29.716937384098248,1519.7212899094163,42.8588208790412,2538.991281359099,100.0,100.0,True,,synthetic_normal_baseline,sim_user,normal_baseline,gpu:1,normal_baseline
117.0,2026-01-01 00:01:57+00:00,,syn-normal-baseline-100,normal-control,normal,0.05,0.0,0.5,0,10.0,122.34624077341905,56.108610866992244,29.740708051537116,1646.8778787467659,43.524293197838794,2419.41271647394,100.0,100.0,True,,synthetic_normal_baseline,sim_user,normal_baseline,gpu:1,normal_baseline
117.1,2026-01-01 00:01:57.100000+00:00,,syn-normal-baseline-100,normal-control,normal,0.05,0.0,0.5,0,10.0,120.22060828516685,38.01145194918366,22.232716258087166,1198.313385437643,38.36738397260221,1974.3919761895438,100.0,100.0,True,,synthetic_normal_baseline,sim_user,normal_baseline,gpu:1,normal_baseline
117.2,2026-01-01 00:01:57.200000+00:00,,syn-normal-baseline-100,normal-control,normal,0.05,0.0,0.5,0,10.0,117.96424587663347,16.16119462790686,12.203895594334263,639.4032787952144,32.232531132136046,1263.3123456410497,100.0,100.0,True,,synthetic_normal_baseline,sim_user,normal_baseline,gpu:1,normal_baseline
117.3,2026-01-01 00:01:57.300000+00:00,,syn-normal-baseline-100,normal-control,normal,0.05,0.0,0.5,0,10.0,118.50653977864607,20.09721069806345,13.797745274621576,696.796099446704,33.32187722052015,1550.6744148269959,100.0,100.0,True,,synthetic_normal_baseline,sim_user,normal_baseline,gpu:1,normal_baseline
117.4,2026-01-01 00:01:57.400000+00:00,,syn-normal-baseline-100,normal-control,normal,0.05,0.0,0.5,0,10.0,118.89288280567459,24.626417894620385,13.443686528077807,829.4008508563653,34.524399523749466,1347.0994982370723,100.0,100.0,True,,synthetic_normal_baseline,sim_user,normal_baseline,gpu:1,normal_baseline
117.5,2026-01-01 00:01:57.500000+00:00,,syn-normal-baseline-100,normal-control,normal,0.05,0.0,0.5,0,10.0,118.20591908803421,14.992293725412495,11.619560675570103,550.4918862919792,31.868835219714807,1196.4612318558018,100.0,100.0,True,,synthetic_normal_baseline,sim_user,normal_baseline,gpu:1,normal_baseline
117.6,2026-01-01 00:01:57.600000+00:00,,syn-normal-baseline-100,normal-control,normal,0.05,0.0,0.5,0,10.0,118.69802895154855,21.139092049835057,11.266475211628546,747.4125816601486,33.66538943844635,1227.7318847400177,100.0,100.0,True,,synthetic_normal_baseline,sim_user,normal_baseline,gpu:1,normal_baseline
117.7,2026-01-01 00:01:57.700000+00:00,,syn-normal-baseline-100,normal-control,normal,0.05,0.0,0.5,0,10.0,118.88318867122796,23.325015998924208,3.4315461388014583,828.2457942638189,34.51580042987675,670.770710490538,100.0,100.0,True,,synthetic_normal_baseline,sim_user,normal_baseline,gpu:1,normal_baseline
117.8,2026-01-01 00:01:57.800000+00:00,,syn-normal-baseline-100,normal-control,normal,0.05,0.0,0.5,0,10.0,117.81698556751759,15.721315165869512,13.007181127990549,586.0261931213321,32.515608371830005,1458.812926136739,100.0,100.0,True,,synthetic_normal_baseline,sim_user,normal_baseline,gpu:1,normal_baseline
117.9,2026-01-01 00:01:57.900000+00:00,,syn-normal-baseline-100,normal-control,normal,0.05,0.0,0.5,0,10.0,116.74185883832247,1.5340287604049991,0.0,223.908537658739,28.57210713684474,504.36044536078174,100.0,100.0,True,,synthetic_normal_baseline,sim_user,normal_baseline,gpu:1,normal_baseline
118.0,2026-01-01 00:01:58+00:00,,syn-normal-baseline-100,normal-control,normal,0.05,0.0,0.5,0,10.0,118.51896569922877,16.608238484516097,6.750946057812369,581.1177396409768,32.84144944560945,776.4570225961884,100.0,100.0,True,,synthetic_normal_baseline,sim_user,normal_baseline,gpu:1,normal_baseline
118.1,2026-01-01 00:01:58.100000+00:00,,syn-normal-baseline-100,normal-control,normal,0.05,0.0,0.5,0,10.0,120.37281212978722,38.501746111066936,23.175575403834515,1175.60364990899,39.03507595786725,2014.5654120244137,100.0,100.0,True,,synthetic_normal_baseline,sim_user,normal_baseline,gpu:1,normal_baseline
118.2,2026-01-01 00:01:58.200000+00:00,,syn-normal-baseline-100,normal-control,normal,0.05,0.0,0.5,0,10.0,120.66051135379128,39.78039532539778,21.59810260701205,1198.713300906383,39.570584204318195,1821.8581764559278,100.0,100.0,True,,synthetic_normal_baseline,sim_user,normal_baseline,gpu:1,normal_baseline
118.3,2026-01-01 00:01:58.300000+00:00,,syn-normal-baseline-100,normal-control,normal,0.05,0.0,0.5,0,10.0,120.58010897505447,37.075671798366244,18.923255054353383,1130.6754766759861,38.887803113768996,1798.2767472005926,100.0,100.0,True,,synthetic_normal_baseline,sim_user,normal_baseline,gpu:1,normal_baseline
118.4,2026-01-01 00:01:58.400000+00:00,,syn-normal-baseline-100,normal-control,normal,0.05,0.0,0.5,0,10.0,121.66033638109917,46.1766120363142,24.819517858408954,1445.191215819436,40.90962436989054,2192.130928972596,100.0,100.0,True,,synthetic_normal_baseline,sim_user,normal_baseline,gpu:1,normal_baseline
118.5,2026-01-01 00:01:58.500000+00:00,,syn-normal-baseline-100,normal-control,normal,0.05,0.0,0.5,0,10.0,121.0434481614404,41.86517641394313,25.559224138190107,1324.7305814527674,39.67048337462347,2133.1716579085023,100.0,100.0,True,,synthetic_normal_baseline,sim_user,normal_baseline,gpu:1,normal_baseline
118.6,2026-01-01 00:01:58.600000+00:00,,syn-normal-baseline-100,normal-control,normal,0.05,0.0,0.5,0,10.0,120.11739011335733,30.740539090105727,17.045043072256902,934.5925124617544,36.241666389996006,1484.5590303895383,100.0,100.0,True,,synthetic_normal_baseline,sim_user,normal_baseline,gpu:1,normal_baseline
118.7,2026-01-01 00:01:58.700000+00:00,,syn-normal-baseline-100,normal-control,normal,0.05,0.0,0.5,0,10.0,119.22235137006676,24.582080880207037,12.90480925346037,736.5257599429763,34.51106445206839,1418.6913668874117,100.0,100.0,True,,synthetic_normal_baseline,sim_user,normal_baseline,gpu:1,normal_baseline
118.8,2026-01-01 00:01:58.800000+00:00,,syn-normal-baseline-100,normal-control,normal,0.05,0.0,0.5,0,10.0,118.7998665065226,24.564215289645066,8.858552397253977,801.7977222168412,34.8106035800118,1012.0817706903982,100.0,100.0,True,,synthetic_normal_baseline,sim_user,normal_baseline,gpu:1,normal_baseline
118.9,2026-01-01 00:01:58.900000+00:00,,syn-normal-baseline-100,normal-control,normal,0.05,0.0,0.5,0,10.0,116.88448298871232,8.113226465749943,8.284963598355285,387.2800057267562,30.299148088836024,1005.561603171714,100.0,100.0,True,,synthetic_normal_baseline,sim_user,normal_baseline,gpu:1,normal_baseline
119.0,2026-01-01 00:01:59+00:00,,syn-normal-baseline-100,normal-control,normal,0.05,0.0,0.5,0,10.0,116.63103480774441,7.185558813510957,0.0,426.304513405305,30.009651629250843,531.4814634046311,100.0,100.0,True,,synthetic_normal_baseline,sim_user,normal_baseline,gpu:1,normal_baseline
119.1,2026-01-01 00:01:59.100000+00:00,,syn-normal-baseline-100,normal-control,normal,0.05,0.0,0.5,0,10.0,116.01381455890952,0.0,0.0,236.2291976191658,27.831725027900255,622.3243356207724,100.0,100.0,True,,synthetic_normal_baseline,sim_user,normal_baseline,gpu:1,normal_baseline
119.2,2026-01-01 00:01:59.200000+00:00,,syn-normal-baseline-100,normal-control,normal,0.05,0.0,0.5,0,10.0,114.74592653323602,0.0,1.6298091887673596,210.0,27.649469164124582,546.8398966882987,100.0,100.0,True,,synthetic_normal_baseline,sim_user,normal_baseline,gpu:1,normal_baseline
119.3,2026-01-01 00:01:59.300000+00:00,,syn-normal-baseline-100,normal-control,normal,0.05,0.0,0.5,0,10.0,112.8251631338305,0.0,0.0,262.4987986292431,27.803306339442262,457.7307249785111,100.0,100.0,True,,synthetic_normal_baseline,sim_user,normal_baseline,gpu:1,normal_baseline
119.4,2026-01-01 00:01:59.400000+00:00,,syn-normal-baseline-100,normal-control,normal,0.05,0.0,0.5,0,10.0,114.40592387780005,0.0,1.3911333671651,272.5254397460834,27.798887024876848,492.55305404473256,100.0,100.0,True,,synthetic_normal_baseline,sim_user,normal_baseline,gpu:1,normal_baseline
119.5,2026-01-01 00:01:59.500000+00:00,,syn-normal-baseline-100,normal-control,normal,0.05,0.0,0.5,0,10.0,116.18861082284326,0.0,0.0,210.0,27.79839741973339,397.2673578440383,100.0,100.0,True,,synthetic_normal_baseline,sim_user,normal_baseline,gpu:1,normal_baseline
119.6,2026-01-01 00:01:59.600000+00:00,,syn-normal-baseline-100,normal-control,normal,0.05,0.0,0.5,0,10.0,117.3090198093957,6.859974867803491,3.05198607907678,361.5866711519542,29.68657108170854,622.0719114015913,100.0,100.0,True,,synthetic_normal_baseline,sim_user,normal_baseline,gpu:1,normal_baseline
119.7,2026-01-01 00:01:59.700000+00:00,,syn-normal-baseline-100,normal-control,normal,0.05,0.0,0.5,0,10.0,118.43106059453503,15.646333893121062,11.292609566953931,592.0580901486842,31.828570690836546,1271.5973353340828,100.0,100.0,True,,synthetic_normal_baseline,sim_user,normal_baseline,gpu:1,normal_baseline
119.8,2026-01-01 00:01:59.800000+00:00,,syn-normal-baseline-100,normal-control,normal,0.05,0.0,0.5,0,10.0,120.62931530419651,39.55843983601025,26.502653888873667,1192.8670019154488,38.35362321979346,2255.0709608428456,100.0,100.0,True,,synthetic_normal_baseline,sim_user,normal_baseline,gpu:1,normal_baseline
119.9,2026-01-01 00:01:59.900000+00:00,,syn-normal-baseline-100,normal-control,normal,0.05,0.0,0.5,0,10.0,120.39922132060923,37.74030207764365,19.40705428124497,1179.4588117842125,37.87220545586695,1743.7180800145645,100.0,100.0,True,,synthetic_normal_baseline,sim_user,normal_baseline,gpu:1,normal_baseline
